date,bh_ret,aware_gross,aware_net,blind_gross,blind_net,aware_position,blind_position
2011-05-02,-0.0017542491090454,-0.0,-0.0,-0.0,-0.0,0.0,0.0
2011-05-03,-0.0033850263710526,-0.0,-0.0,-0.0,-0.0,0.0,0.0
2011-05-04,-0.006878914252832,-0.0,-0.0,-0.0,-0.0,0.0,0.0
2011-05-05,-0.0091112171806946,-0.0,-0.0,-0.0,-0.0,0.0,0.0
2011-05-06,0.0038126429958769,0.004620005456019473,0.004375132660409611,0.004620005456019473,0.004375132660409611,1.2117592601813696,1.2117592601813696
2011-05-09,0.0045338701019312,0.005711487037258483,0.005698799236484842,0.005711487037258483,0.005698799236484842,1.2597376874175723,1.2597376874175723
2011-05-10,0.0080416160096632,0.0,-0.0002519475374835145,0.0,-0.0002519475374835145,0.0,0.0
2011-05-11,-0.0111736896878857,-0.0,-0.0,-0.0,-0.0,0.0,0.0
2011-05-12,0.0048834936721675,0.0,0.0,0.0,0.0,0.0,0.0
2011-05-13,-0.0081000470454251,-0.0,-0.0,-0.0,-0.0,0.0,0.0
2011-05-16,-0.006223718638096,-0.0,-0.0,-0.0,-0.0,0.0,0.0
2011-05-17,-0.0003686285233301,-0.0,-0.0,-0.0,-0.0,0.0,0.0
2011-05-18,0.0087652719837034,0.0,0.0,0.0,0.0,0.0,0.0
2011-05-19,0.0021755725891674,0.0,0.0,0.0,0.0,0.0,0.0
2011-05-20,-0.0077179746126141,-0.0,-0.0,-0.0,-0.0,0.0,0.0
2011-05-23,-0.0119972648409882,-0.0,-0.0,-0.0,-0.0,0.0,0.0
2011-05-24,-0.0008277226453321,-0.0,-0.0,-0.0,-0.0,0.0,0.0
2011-05-25,0.0031781131566699,0.0,0.0,0.0,0.0,0.0,0.0
2011-05-26,0.0039453227676986,0.0,0.0,0.0,0.0,0.0,0.0
2011-05-27,0.0040726153187664,0.0,0.0,0.0,0.0,0.0,0.0
2011-05-31,0.0105370148563679,0.0,0.0,0.0,0.0,0.0,0.0
2011-06-01,-0.0230482257006405,-0.0,-0.0,-0.0,-0.0,0.0,0.0
2011-06-02,-0.0012255861140477,-0.0,-0.0,-0.0,-0.0,0.0,0.0
2011-06-03,-0.0097814926651915,-0.0,-0.0,-0.0,-0.0,0.0,0.0
2011-06-06,-0.0108185160137219,-0.009595715749021669,-0.00977311005590906,-0.009595715749021669,-0.00977311005590906,0.8869715344369536,0.8869715344369536
2011-06-07,-0.0009568650426681,-0.000794172196805574,-0.0008055718939220564,-0.000794172196805574,-0.0008055718939220564,0.8299730488545417,0.8299730488545417
2011-06-08,-0.0041956644216076,-0.0,-0.00016599460977090834,-0.003612094694538661,-0.0036182823344222503,0.0,0.8609112482724869
2011-06-09,0.0073504093289917,0.0,0.0,0.00634988255338793,0.0063492885053104756,0.0,0.8638814886597591
2011-06-10,-0.0140784828818461,-0.0,-0.0,-0.0,-0.00017277629773195183,0.0,0.0
2011-06-13,0.0006685325595015,-0.0005435574725123235,-0.000706169589091248,0.0,0.0,-0.8130605828946225,0.0
2011-06-14,0.0125329134851073,-0.01068951366555222,-0.01069748460898172,0.0,0.0,-0.8529153000421197,0.0
2011-06-15,-0.0175855695072577,-0.0,-0.00017058306000842393,-0.0,-0.0,0.0,0.0
2011-06-16,0.0017527979756826,-0.001355329216582089,-0.001509976727063641,0.0,0.0,-0.7732375524077594,0.0
2011-06-17,0.0030403902917992,-0.0024659243606538696,-0.0024734878904657414,0.0,0.0,-0.811055201467118,0.0
2011-06-20,0.0053806890901588,-0.004569100215101961,-0.00457672244852282,0.0,0.0,-0.8491663685714116,0.0
2011-06-21,0.0133341790614638,0.0,-0.00016983327371428232,0.0,0.0,0.0,0.0
2011-06-22,-0.0064894598444071,-0.0,-0.0,-0.0,-0.0,0.0,0.0
2011-06-23,-0.0028319928581943,-0.0,-0.0,-0.0,-0.0,0.0,0.0
2011-06-24,-0.011795077176858,-0.0,-0.0,-0.0,-0.0,0.0,0.0
2011-06-27,0.0091425366557302,0.0,0.0,0.0,0.0,0.0,0.0
2011-06-28,0.0128612927359972,0.0,0.0,0.0,0.0,0.0,0.0
2011-06-29,0.0082486335349125,0.0,0.0,0.0,0.0,0.0,0.0
2011-06-30,0.010068371595163,-0.00950259523924481,-0.009691356552818298,-0.00950259523924481,-0.009691356552818298,-0.9438065678674397,-0.9438065678674397
2011-07-01,0.0143068691060825,-0.014013273797028675,-0.014020408226865197,-0.014013273797028675,-0.014020408226865197,-0.9794787170500495,-0.9794787170500495
2011-07-05,-0.0013370725450787,0.0013525828817835476,0.001346020483173814,0.0013525828817835476,0.001346020483173814,-1.0116002207673291,-1.0116002207673291
2011-07-06,0.0010010578196055,-0.001039935340124057,-0.0010458449222395104,-0.001039935340124057,-0.0010458449222395104,-1.0388364385724271,-1.0388364385724271
2011-07-07,0.0103995828920924,-0.011287812066527158,-0.011298143580820258,-0.011287812066527158,-0.011298143580820258,-1.0854100768897326,-1.0854100768897326
2011-07-08,-0.0069854581069357,0.007840895769142134,0.007832027974019572,0.007840895769142134,0.007832027974019572,-1.122459779890039,-1.122459779890039
2011-07-11,-0.0182561669365739,0.01950030025543485,0.01948862673794102,0.01950030025543485,0.01948862673794102,-1.0681486602956334,-1.0681486602956334
2011-07-12,-0.0044433698298371,0.003953911143941947,0.003918250444187606,0.003953911143941947,0.003918250444187606,-0.889845161523929,-0.889845161523929
2011-07-13,0.003101027109122,-0.0027560626004837557,-0.002756280036075536,-0.0027560626004837557,-0.002756280036075536,-0.8887579835650276,-0.8887579835650276
2011-07-14,-0.006738782369335,0.006259406419080592,0.006251385391719427,0.006259406419080592,0.006251385391719427,-0.9288631203708522,-0.9288631203708522
2011-07-15,0.0055390555402832,0.0,-0.00018577262407417044,0.0,-0.00018577262407417044,0.0,0.0
2011-07-18,-0.0081631175393681,-0.0,-0.0,-0.0,-0.0,0.0,0.0
2011-07-19,0.0161771496468432,0.0,0.0,0.0,0.0,0.0,0.0
2011-07-20,-0.0006710584073994,-0.0,-0.0,-0.0,-0.0,0.0,0.0
2011-07-21,0.0134552627862651,0.0,0.0,0.0,0.0,0.0,0.0
2011-07-22,0.0009074395131127,-0.0009048594321507126,-0.0011042907813646923,-0.0009048594321507126,-0.0011042907813646923,-0.9971567460698981,-0.9971567460698981
2011-07-25,-0.0056589952232437,0.005898839471671015,0.005889289696789243,0.005898839471671015,0.005889289696789243,-1.0423828328114115,-1.0423828328114115
2011-07-26,-0.0041134200623291,0.004177487773520235,0.0041719408448767925,0.004177487773520235,0.0041719408448767925,-1.0155752902014241,-1.0155752902014241
2011-07-27,-0.0205177248072914,0.020713669018689384,0.020712350269618172,0.020713669018689384,0.020712350269618172,-1.0095499970507622,-1.0095499970507622
2011-07-28,-0.0032392071555049,0.0026899986238890362,0.0026541785653039092,0.0026899986238890362,0.0026541785653039092,-0.8304497041251263,-0.8304497041251263
2011-07-29,-0.006471427287173,0.005451796263661137,0.005449397986300751,0.005451796263661137,0.005449397986300751,-0.8424410909270555,-0.8424410909270555
2011-08-01,-0.0041408608662312,0.003427902212166308,0.003424978707353467,0.003427902212166308,0.003424978707353467,-0.8278235668628512,-0.8278235668628512
2011-08-02,-0.0258889091906242,0.021559276606880107,0.021558289099391337,0.021559276606880107,0.021558289099391337,-0.8327611043067009,-0.8327611043067009
2011-08-03,0.0050031459527177,-0.003402815099980846,-0.0034333403037557692,-0.003402815099980846,-0.0034333403037557692,-0.6801350854320856,-0.6801350854320856
2011-08-04,-0.0490016550437415,0.03494263450720302,0.03493604334342999,0.03494263450720302,0.03493604334342999,-0.7130909042972396,-0.7130909042972396
2011-08-05,-0.0005750829892727,0.0002869786858942825,0.0002441647737221142,-0.0002869786858942825,-0.0005294011354410101,-0.4990213434363982,0.4990213434363982
2011-08-08,-0.0689583693926243,0.03620215072934237,0.03619695787861338,-0.03620215072934237,-0.036207343580071355,-0.5249855970813385,0.5249855970813385
2011-08-09,0.0463174410633877,-0.016746401855249983,-0.016779087545231573,0.016746401855249983,0.016713716165268393,-0.3615571471733878,0.3615571471733878
2011-08-10,-0.0451567970274746,-0.01698588984733474,-0.01713343198827006,-0.01698588984733474,-0.016988809129400706,0.3761535575032054,0.3761535575032054
2011-08-11,0.0452505943637717,-0.014722414701035181,-0.014862716004018802,0.014722414701035181,0.01471225458101752,-0.32535295741490117,0.32535295741490117
2011-08-12,0.0052478750672761,0.0017859058688952595,0.0016527732200652383,0.0017859058688952595,0.001782914403031199,0.34031028673520436,0.34031028673520436
2011-08-15,0.0215507279760336,0.007792422725356609,0.007788167757181148,0.0,-6.806205734704088e-05,0.3615851276125105,0.0
2011-08-16,-0.0097862751776203,-0.0037311689025239154,-0.0037351049729915306,0.0037311689025239154,0.003654915806533798,0.38126547995058657,-0.38126547995058657
2011-08-17,0.0009469381398128,0.00036634619205271166,0.00036522439381264524,-0.00036634619205271166,-0.0003674679902927781,0.3868744711509186,-0.3868744711509186
2011-08-18,-0.0456185989323634,-0.018726552952466176,-0.018731278575966626,0.018726552952466176,0.018721827328965726,0.4105025886531758,-0.4105025886531758
2011-08-19,-0.0151227561282079,0.005258768905764139,0.005107120630188554,0.005258768905764139,0.005246216145878453,-0.34773878922474705,-0.34773878922474705
2011-08-22,0.0002580078732243,-8.950597824440758e-05,-8.967137412818128e-05,-8.950597824440758e-05,-8.967137412818128e-05,-0.34691180980587855,-0.34691180980587855
2011-08-23,0.0337102483864741,-0.012430070667468048,-0.012434434844096337,-0.012430070667468048,-0.012434434844096337,-0.36873269294733196,-0.36873269294733196
2011-08-24,0.0130346513685468,0.0,-7.37465385894664e-05,-0.005041382566996446,-0.00504498957511037,0.0,-0.3867677335169492
2011-08-25,-0.0156879347379614,-0.0,-0.0,0.006408865001889027,0.006404514167372867,0.0,-0.40852190609774547
2011-08-26,0.015008418274915,0.0,0.0,-0.006018342505855004,-0.006019847329791238,0.0,-0.4009977864165762
2011-08-29,0.0278875050121643,0.0,0.0,-0.011794318415385915,-0.011798703824812538,0.0,-0.4229248335496965
2011-08-30,0.0023442750237698,0.0,0.0,0.0,-8.45849667099393e-05,0.0,0.0
2011-08-31,0.0049099087120705,0.0,0.0,0.0,0.0,0.0,0.0
2011-09-01,-0.0119424607923042,-0.0,-0.0,-0.0,-0.0,0.0,0.0
2011-09-02,-0.0256070172917528,-0.0,-0.0,-0.0,-0.0,0.0,0.0
2011-09-06,-0.0074640764576097,0.003315239981444845,0.0032264080944653132,-0.0,-0.0,-0.444159434897659,0.0
2011-09-07,0.028243824959147,-0.012758503949254563,-0.012760017502155847,0.0,0.0,-0.45172719940408124,0.0
2011-09-08,-0.0106688903873024,-0.0,-9.034543988081625e-05,-0.0,-0.0,0.0,0.0
2011-09-09,-0.0270685625109621,-0.0,-0.0,-0.0,-0.0,0.0,0.0
2011-09-12,0.0069415681820235,-0.0029667097805605213,-0.003052186425110189,0.0,0.0,-0.42738322274833745,0.0
2011-09-13,0.0090787261803537,-0.004100430045147284,-0.004105283915334818,0.0,0.0,-0.4516525736860074,0.0
2011-09-14,0.0133897605182307,0.0,-9.033051473720148e-05,0.0,0.0,0.0,0.0
2011-09-15,0.0170410467181048,0.0,0.0,0.0,0.0,0.0,0.0
2011-09-16,0.005690475561936,0.0,0.0,0.0,0.0,0.0,0.0
2011-09-19,-0.0098509486880802,-0.0,-0.0,-0.0,-0.0,0.0,0.0
2011-09-20,-0.0016623864527245,-0.0,-0.0,-0.0,-0.0,0.0,0.0
2011-09-21,-0.0298309950871473,-0.0,-0.0,-0.0,-0.0,0.0,0.0
2011-09-22,-0.0324024567592298,-0.0,-0.0,-0.0,-0.0,0.0,0.0
2011-09-23,0.0060635888294697,0.002606451982144908,0.002520481377757049,0.002606451982144908,0.002520481377757049,0.4298530219392958,0.4298530219392958
2011-09-26,0.0230680212969689,0.010481118875879042,0.01047621806359055,0.010481118875879042,0.01047621806359055,0.4543570833817569,0.4543570833817569
2011-09-27,0.0106316653572946,0.0,-9.087141667635139e-05,0.0,-9.087141667635139e-05,0.0,0.0
2011-09-28,-0.0209081958526953,-0.0,-0.0,-0.0,-0.0,0.0,0.0
2011-09-29,0.0080814864353593,0.0,0.0,0.0,0.0,0.0,0.0
2011-09-30,-0.0252912744788664,-0.0,-0.0,-0.0,-0.0,0.0,0.0
2011-10-03,-0.028863602903784,-0.0,-0.0,-0.0,-0.0,0.0,0.0
2011-10-04,0.0222393061311541,-0.00906185388132637,-0.009143347915608599,0.0,0.0,-0.40747017141114866,0.0
2011-10-05,0.0177079189455113,-0.007586182972474108,-0.0075903701861783565,0.0,0.0,-0.42840623993239446,0.0
2011-10-06,0.0181381684664803,0.0,-8.56812479864789e-05,0.0,0.0,0.0,0.0
2011-10-07,-0.0081968111876227,0.00388257855798812,0.0037878446799197592,0.00388257855798812,0.0037878446799197592,-0.47366939034180366,-0.47366939034180366
2011-10-10,0.0335556439192883,-0.016041281804429548,-0.01604215796348647,-0.016041281804429548,-0.01604215796348647,-0.47805018562641177,-0.47805018562641177
2011-10-11,0.000543855637253,-0.0002708145309841409,-0.00027479508828645984,-0.0002708145309841409,-0.00027479508828645984,-0.49795297213800654,-0.49795297213800654
2011-10-12,0.0097470469376377,-0.005131563704002499,-0.005137267846264577,-0.005131563704002499,-0.005137267846264577,-0.526473683448393,-0.526473683448393
2011-10-13,-0.0029781023951365,0.0016492583499292813,0.0016437940776189563,0.0016492583499292813,0.0016437940776189563,-0.5537950450000186,-0.5537950450000186
2011-10-14,0.0172309488024779,0.0,-0.00011075900900000373,0.0,-0.00011075900900000373,0.0,0.0
2011-10-17,-0.0195599375994488,-0.0,-0.0,-0.0,-0.0,0.0,0.0
2011-10-18,0.0202130493803105,0.0,0.0,0.0,0.0,0.0,0.0
2011-10-19,-0.0127298187870259,-0.0,-0.0,-0.0,-0.0,0.0,0.0
2011-10-20,0.0045438398210837,0.0,0.0,0.0,0.0,0.0,0.0
2011-10-21,0.0186340674924343,0.0,0.0,0.0,0.0,0.0,0.0
2011-10-24,0.0127908066803721,0.0,0.0,0.0,0.0,0.0,0.0
2011-10-25,-0.0202483461993816,-0.0,-0.0,-0.0,-0.0,0.0,0.0
2011-10-26,0.010481430544087,0.0,0.0,0.0,0.0,0.0,0.0
2011-10-27,0.033716591168134,0.0,0.0,0.0,0.0,0.0,0.0
2011-10-28,0.000389153528542,0.0,0.0,0.0,0.0,0.0,0.0
2011-10-31,-0.0250486166129784,0.01647370547805507,0.01634217162345074,0.01647370547805507,0.01634217162345074,-0.6576692730216316,-0.6576692730216316
2011-11-01,-0.0283400596215939,0.016114355064890305,0.01609654260170191,0.016114355064890305,0.01609654260170191,-0.5686069570796479,-0.5686069570796479
2011-11-02,0.0159763633043965,-0.007911672721179647,-0.007926351889150364,-0.007911672721179647,-0.007926351889150364,-0.49521111722606176,-0.49521111722606176
2011-11-03,0.0186076072009306,-0.009666789482858608,-0.009671648737754739,-0.009666789482858608,-0.009671648737754739,-0.5195073917067184,-0.5195073917067184
2011-11-04,-0.0062998195371894,-0.0,-0.0001039014783413437,-0.0,-0.0001039014783413437,0.0,0.0
2011-11-07,0.0062760082111665,0.0,0.0,0.0,0.0,0.0,0.0
2011-11-08,0.0116673103217248,0.0,0.0,0.0,0.0,0.0,0.0
2011-11-09,-0.0373853470989882,-0.0,-0.0,-0.0,-0.0,0.0,0.0
2011-11-10,0.0085872010994823,0.0,0.0,0.0,0.0,0.0,0.0
2011-11-11,0.0192932230045137,0.0,0.0,0.0,0.0,0.0,0.0
2011-11-14,-0.0095960366875553,-0.0,-0.0,-0.0,-0.0,0.0,0.0
2011-11-15,0.0048055982773007,0.0,0.0,0.0,0.0,0.0,0.0
2011-11-16,-0.016755798341955,-0.0,-0.0,-0.0,-0.0,0.0,0.0
2011-11-17,-0.0169426719877066,-0.0,-0.0,-0.0,-0.0,0.0,0.0
2011-11-18,-0.000394756490472,-0.0,-0.0,-0.0,-0.0,0.0,0.0
2011-11-21,-0.0188245711049486,-0.0,-0.0,-0.0,-0.0,0.0,0.0
2011-11-22,-0.0041494388570058,-0.0,-0.0,-0.0,-0.0,0.0,0.0
2011-11-23,-0.0223429704585962,-0.0,-0.0,-0.0,-0.0,0.0,0.0
2011-11-25,-0.0026891193002507,0.0012692643257058139,0.001174864324516764,-0.0,-0.0,-0.4720000059452489,0.0
2011-11-28,0.02882107903861,-0.014154288425486024,-0.014158110204311,0.0,0.0,-0.49110890007012953,0.0
2011-11-29,0.0022112069693971,0.0,-9.822178001402591e-05,0.0,0.0,0.0,0.0
2011-11-30,0.042403438336227,0.0,0.0,0.0,0.0,0.0,0.0
2011-12-01,-0.0019104695778526,0.0010649586302434563,0.0009534720467784123,0.0010649586302434563,0.0009534720467784123,-0.55743291732522,-0.55743291732522
2011-12-02,-0.0002410153733274,0.00013977981181160086,0.0001352739505775084,0.00013977981181160086,0.0001352739505775084,-0.5799622234956823,-0.5799622234956823
2011-12-05,0.0102344632992661,-0.006239376998228896,-0.006245313311604965,-0.006239376998228896,-0.006245313311604965,-0.6096437903760242,-0.6096437903760242
2011-12-06,0.0011051379065261,-0.0007060246014587957,-0.0007118671554143435,-0.0007060246014587957,-0.0007118671554143435,-0.6388565601537636,-0.6388565601537636
2011-12-07,0.0020163207826575,-0.0013563398973667935,-0.0013631047076666499,-0.0013563398973667935,-0.0013631047076666499,-0.672680611653045,-0.672680611653045
2011-12-08,-0.0213684989509292,0.015119042127116953,0.015112070489245627,0.015119042127116953,0.015112070489245627,-0.7075388010096755,-0.7075388010096755
2011-12-09,0.0167424129070852,-0.010402003879748932,-0.010419252323955299,-0.010402003879748932,-0.010419252323955299,-0.621296579977843,-0.621296579977843
2011-12-12,-0.015026386904779,-0.0,-0.00012425931599556862,-0.0,-0.00012425931599556862,0.0,0.0
2011-12-13,-0.0087239530203051,-0.0,-0.0,-0.0,-0.0,0.0,0.0
2011-12-14,-0.0114132514971379,-0.0,-0.0,-0.0,-0.0,0.0,0.0
2011-12-15,0.0032378528580823,0.0,0.0,0.0,0.0,0.0,0.0
2011-12-16,0.0032109891019,0.0,0.0,0.0,0.0,0.0,0.0
2011-12-19,-0.0118021984585574,-0.0,-0.0,-0.0,-0.0,0.0,0.0
2011-12-20,0.0293892959309438,0.0,0.0,0.0,0.0,0.0,0.0
2011-12-21,0.0019476081648539,0.0,0.0,0.0,0.0,0.0,0.0
2011-12-22,0.0082315771698304,0.0,0.0,0.0,0.0,0.0,0.0
2011-12-23,0.0089944807831052,-0.006367203192487073,-0.006508783420318499,-0.006367203192487073,-0.006508783420318499,-0.7079011391571286,-0.7079011391571286
2011-12-27,7.910481903916633e-05,-5.8564586768888696e-05,-6.505267507858765e-05,-5.8564586768888696e-05,-6.505267507858765e-05,-0.7403415807056234,-0.7403415807056234
2011-12-28,-0.0125565062565025,0.009761293547210904,0.009753884004339202,0.009761293547210904,0.009753884004339202,-0.777389295064137,-0.777389295064137
2011-12-29,0.010650172463281,0.0,-0.0001554778590128274,0.0,-0.0001554778590128274,0.0,0.0
2011-12-30,-0.0043005707400647,-0.0,-0.0,-0.0,-0.0,0.0,0.0
2012-01-03,0.0153554836701772,0.0,0.0,0.0,0.0,0.0,0.0
2012-01-04,0.0001879063444372,0.0,0.0,0.0,0.0,0.0,0.0
2012-01-05,0.0029393926694947,0.0,0.0,0.0,0.0,0.0,0.0
2012-01-06,-0.0025401850025392,-0.0,-0.0,-0.0,-0.0,0.0,0.0
2012-01-09,0.0022590443626082,0.0,0.0,0.0,0.0,0.0,0.0
2012-01-10,0.0088465236130605,0.0,0.0,0.0,0.0,0.0,0.0
2012-01-11,0.0003095493446325,0.0,0.0,0.0,0.0,0.0,0.0
2012-01-12,0.0023338827385686,0.0,0.0,0.0,0.0,0.0,0.0
2012-01-13,-0.0049602044478689,-0.0,-0.0,-0.0,-0.0,0.0,0.0
2012-01-17,0.0035466577681741,0.0,0.0,0.0,0.0,0.0,0.0
2012-01-18,0.0110466891302216,0.0,0.0,0.0,0.0,0.0,0.0
2012-01-19,0.0049265017172448,0.0,0.0,0.0,0.0,0.0,0.0
2012-01-20,0.0006692357932855,0.0,0.0,0.0,0.0,0.0,0.0
2012-01-23,0.0004712319220407,0.0,0.0,0.0,0.0,0.0,0.0
2012-01-24,-0.0010263438252238,-0.0,-0.0,-0.0,-0.0,0.0,0.0
2012-01-25,0.0086416947171956,0.0,0.0,0.0,0.0,0.0,0.0
2012-01-26,-0.0057705082879886,-0.0,-0.0,-0.0,-0.0,0.0,0.0
2012-01-27,-0.0015941475452905,-0.0,-0.0,-0.0,-0.0,0.0,0.0
2012-01-30,-0.0025253090863452,-0.0,-0.0,-0.0,-0.0,0.0,0.0
2012-01-31,-0.0004570511280785,-0.0,-0.0,-0.0,-0.0,0.0,0.0
2012-02-01,0.0088602374742663,0.0,0.0,0.0,0.0,0.0,0.0
2012-02-02,0.0010945478306672,0.0,0.0,0.0,0.0,0.0,0.0
2012-02-03,0.0144997259481076,0.0,0.0,0.0,0.0,0.0,0.0
2012-02-06,-0.0004239640135317,0.000628123650120274,0.00032608102904618666,0.000628123650120274,0.00032608102904618666,-1.481549447765356,-1.481549447765356
2012-02-07,0.0020213375254707,-0.003087849103374985,-0.003103345816695846,-0.003087849103374985,-0.003103345816695846,-1.52762666524777,-1.52762666524777
2012-02-08,0.0021578809333249,-0.003429484237903688,-0.0034488308527604026,-0.003429484237903688,-0.0034488308527604026,-1.58928334967003,-1.58928334967003
2012-02-09,0.0014730251258781,-0.002433910436366286,-0.0024542837051886894,-0.002433910436366286,-0.0024542837051886894,-1.6523210592999102,-1.6523210592999102
2012-02-10,-0.0069101226436156,0.011879198242126958,0.011857281543271531,0.011879198242126958,0.011857281543271531,-1.7191009269715907,-1.7191009269715907
2012-02-13,0.0067770233264967,-0.010439484469453633,-0.010481653610206329,-0.010439484469453633,-0.010481653610206329,-1.5404232753098988,-1.5404232753098988
2012-02-14,-0.0009399650039254,-0.0,-0.0003080846550619798,-0.0,-0.0003080846550619798,0.0,0.0
2012-02-15,-0.0053977475362163,-0.0,-0.0,-0.0,-0.0,0.0,0.0
2012-02-16,0.0109653658332762,0.0,0.0,0.0,0.0,0.0,0.0
2012-02-17,0.0023461758829403,0.0,0.0,0.0,0.0,0.0,0.0
2012-02-21,0.000719663757696,0.0,0.0,0.0,0.0,0.0,0.0
2012-02-22,-0.0033456974121452,-0.0,-0.0,-0.0,-0.0,0.0,0.0
2012-02-23,0.0042629031806056,0.0,0.0,0.0,0.0,0.0,0.0
2012-02-24,0.0016708411755086,0.0,0.0,0.0,0.0,0.0,0.0
2012-02-27,0.0013536425518791,0.0,0.0,0.0,0.0,0.0,0.0
2012-02-28,0.0033507134923151,0.0,0.0,0.0,0.0,0.0,0.0
2012-02-29,-0.0047482427569534,-0.0,-0.0,-0.0,-0.0,0.0,0.0
2012-03-01,0.006139156544533,0.0,0.0,0.0,0.0,0.0,0.0
2012-03-02,-0.0032510350278585,-0.0,-0.0,-0.0,-0.0,0.0,0.0
2012-03-05,-0.0038772005028215,-0.0,-0.0,-0.0,-0.0,0.0,0.0
2012-03-06,-0.0154895061275439,-0.0,-0.0,-0.0,-0.0,0.0,0.0
2012-03-07,0.006876921722994,0.00862664998789975,0.008372734040284244,0.00862664998789975,0.008372734040284244,1.2544348089720545,1.2544348089720545
2012-03-08,0.0097700491747225,0.012707499687111545,0.01269467563371012,0.012707499687111545,0.01269467563371012,1.3006587233960856,1.3006587233960856
2012-03-09,0.0036246730207318,0.0,-0.00026013174467921714,0.0,-0.00026013174467921714,0.0,0.0
2012-03-12,0.0001604477867873,-0.00022396444426790705,-0.0005078514361044296,-0.00022396444426790705,-0.0005078514361044296,-1.3958711974307807,-1.3958711974307807
2012-03-13,0.0179691330904345,-0.02612672934807691,-0.02614375526938822,-0.02612672934807691,-0.02614375526938822,-1.453978286909397,-1.453978286909397
2012-03-14,-0.001196978088596,0.0017719905999835832,0.0017609900002086027,0.0017719905999835832,0.0017609900002086027,-1.4803868315267545,-1.4803868315267545
2012-03-15,0.0059494657015601,-0.008948232487996487,-0.008958963530002674,-0.008948232487996487,-0.008958963530002674,-1.5040396796724176,-1.5040396796724176
2012-03-16,0.0011187724767003,-0.001739867808205446,-0.0017567004659428194,-0.001739867808205446,-0.0017567004659428194,-1.5551578577773029,-1.5551578577773029
2012-03-19,0.0039659715140709,-0.006417199765469895,-0.006437139114190602,-0.006417199765469895,-0.006437139114190602,-1.618065017033598,-1.618065017033598
2012-03-20,-0.0030050287343899,0.005035174425866539,0.005015628219359189,0.005035174425866539,0.005015628219359189,-1.675582788358532,-1.675582788358532
2012-03-21,-0.0018729499037748,-0.0,-0.0003351165576717064,-0.0,-0.0003351165576717064,0.0,0.0
2012-03-22,-0.0072326342268977,-0.0,-0.0,-0.0,-0.0,0.0,0.0
2012-03-23,0.0031040360075564,0.0,0.0,0.0,0.0,0.0,0.0
2012-03-26,0.0137902999640884,0.0,0.0,0.0,0.0,0.0,0.0
2012-03-27,-0.002820749754246,-0.0,-0.0,-0.0,-0.0,0.0,0.0
2012-03-28,-0.004953758683289,-0.0,-0.0,-0.0,-0.0,0.0,0.0
2012-03-29,-0.0016092239433875,-0.0,-0.0,-0.0,-0.0,0.0,0.0
2012-03-30,0.0036916136216209,0.0,0.0,0.0,0.0,0.0,0.0
2012-04-02,0.007476626120983,0.0,0.0,0.0,0.0,0.0,0.0
2012-04-03,-0.0039966118201419,-0.0,-0.0,-0.0,-0.0,0.0,0.0
2012-04-04,-0.0102549268525375,-0.0,-0.0,-0.0,-0.0,0.0,0.0
2012-04-05,-0.0006292401524214,-0.0,-0.0,-0.0,-0.0,0.0,0.0
2012-04-09,-0.0114234379995421,-0.0,-0.0,-0.0,-0.0,0.0,0.0
2012-04-10,-0.017229025277186,-0.01988834120920474,-0.020121048904523417,-0.01988834120920474,-0.020121048904523417,1.1543509217285846,1.1543509217285846
2012-04-11,0.0074212898001233,0.007016143343589228,0.0069743546675137495,0.007016143343589228,0.0069743546675137495,0.9454075413511892,0.9454075413511892
2012-04-12,0.0136853152359766,0.013492128810652426,0.013484033584912422,0.013492128810652426,0.013484033584912422,0.9858836700512155,0.9858836700512155
2012-04-13,-0.0125534671250564,-0.0,-0.0001971767340102431,-0.0,-0.0001971767340102431,0.0,0.0
2012-04-16,-0.0005037272401731,-0.0,-0.0,-0.0,-0.0,0.0,0.0
2012-04-17,0.0153679791579541,0.0,0.0,0.0,0.0,0.0,0.0
2012-04-18,-0.0040635337617462,-0.0,-0.0,-0.0,-0.0,0.0,0.0
2012-04-19,-0.005952075477202,-0.0,-0.0,-0.0,-0.0,0.0,0.0
2012-04-20,0.0011685826213376,0.0,0.0,0.0,0.0,0.0,0.0
2012-04-23,-0.0084431131028877,-0.0,-0.0,-0.0,-0.0,0.0,0.0
2012-04-24,0.0036730196416288,0.0,0.0,0.0,0.0,0.0,0.0
2012-04-25,0.0135523428987411,0.0,0.0,0.0,0.0,0.0,0.0
2012-04-26,0.0066579521335077,0.0,0.0,0.0,0.0,0.0,0.0
2012-04-27,0.0024114139290238,0.0,0.0,0.0,0.0,0.0,0.0
2012-04-30,-0.00389106227537,-0.0,-0.0,-0.0,-0.0,0.0,0.0
2012-05-01,0.0056424357196842,0.0,0.0,0.0,0.0,0.0,0.0
2012-05-02,-0.0024998055766589,-0.0,-0.0,-0.0,-0.0,0.0,0.0
2012-05-03,-0.007688351103507,-0.0,-0.0,-0.0,-0.0,0.0,0.0
2012-05-04,-0.0162789957215894,-0.0,-0.0,-0.0,-0.0,0.0,0.0
2012-05-07,0.0003505195828967,0.0003197722886993242,0.00013731612687422994,0.0003197722886993242,0.00013731612687422994,0.9122808091254714,0.9122808091254714
2012-05-08,-0.0042878531349686,-0.004104925216141436,-0.004113936676314151,-0.004104925216141436,-0.004113936676314151,0.9573381099890438,0.9573381099890438
2012-05-09,-0.0067248275317819,-0.006407109192547748,-0.006408025929418246,-0.006407109192547748,-0.006408025929418246,0.9527544256365539,0.9527544256365539
2012-05-10,0.0025142474063848,0.0023187369827585404,0.0023126338951606398,0.0023187369827585404,0.0023126338951606398,0.9222389876470505,0.9222389876470505
2012-05-11,-0.0033930913342814,-0.003277428463222626,-0.0032861631144006703,-0.003277428463222626,-0.0032861631144006703,0.9659122435372729,0.9659122435372729
2012-05-14,-0.011175073102339,-0.010849238904881894,-0.01085022500980316,-0.010849238904881894,-0.01085022500980316,0.9708427681436009,0.9708427681436009
2012-05-15,-0.0057624082765022,-0.005130753200481303,-0.005146845055816938,-0.005130753200481303,-0.005146845055816938,0.8903834914654271,0.8903834914654271
2012-05-16,-0.0044135439289476,-0.0,-0.00017807669829308543,-0.0038680273841004194,-0.003870824196371265,0.0,0.8763994301111991
2012-05-17,-0.0151657974056043,-0.0,-0.0,-0.013287805163271323,-0.01328785120160467,0.0,0.8761692384444624
2012-05-18,-0.0074152018267552,0.005794758471440805,0.005638464452563736,-0.005794758471440805,-0.005813698300252627,-0.78147009438535,0.78147009438535
2012-05-21,0.0159086843958391,-0.012166509505638298,-0.012169849210973005,0.0,-0.00015629401887707,-0.7647715677118112,0.0
2012-05-22,0.0004862187951424,0.0,-0.00015295431354236225,0.0,0.0,0.0,0.0
2012-05-23,0.0016922705145487,0.0,0.0,0.0,0.0,0.0,0.0
2012-05-24,0.0013790801585873,0.0,0.0,0.0,0.0,0.0,0.0
2012-05-25,-0.0021679807027599,-0.0,-0.0,-0.0,-0.0,0.0,0.0
2012-05-29,0.0110180552788277,0.0,0.0,0.0,0.0,0.0,0.0
2012-05-30,-0.0144386293047968,-0.0,-0.0,-0.0,-0.0,0.0,0.0
2012-05-31,-0.0022792610600435,-0.0,-0.0,-0.0,-0.0,0.0,0.0
2012-06-01,-0.0249512954143611,-0.0,-0.0,-0.0,-0.0,0.0,0.0
2012-06-04,0.0001095481949873,7.757794420269752e-05,-6.405459335155645e-05,7.757794420269752e-05,-6.405459335155645e-05,0.7081626877712699,0.7081626877712699
2012-06-05,0.0057105145943596,0.004255044209247636,0.004247651851096329,0.004255044209247636,0.004247651851096329,0.7451244785278084,0.7451244785278084
2012-06-06,0.0227877760480481,0.01780593917390856,0.01779868783505429,0.01780593917390856,0.01779868783505429,0.7813811727991656,0.7813811727991656
2012-06-07,-0.0001064701601674,-8.611427501281902e-05,-9.160031239363854e-05,-8.611427501281902e-05,-9.160031239363854e-05,0.8088113597032632,0.8088113597032632
2012-06-08,0.0080814207999893,0.00684632634811556,0.00683865489008327,0.00684632634811556,0.00683865489008327,0.847168649864715,0.847168649864715
2012-06-11,-0.0127004238154011,-0.011236076360002756,-0.011243582809717004,-0.011236076360002756,-0.011243582809717004,0.8847008984359552,0.8847008984359552
2012-06-12,0.01158338990124,0.009371225231425324,0.009356089589292758,0.009371225231425324,0.009356089589292758,0.8090226877731307,0.8090226877731307
2012-06-13,-0.0070480300711039,-0.005945786417371174,-0.005952703816510553,-0.005945786417371174,-0.005952703816510553,0.8436096834700243,0.8436096834700243
2012-06-14,0.0107565926498693,0.008851081529920543,0.008846929951480797,0.008851081529920543,0.008846929951480797,0.8228517912712898,0.8228517912712898
2012-06-15,0.0102847456521466,0.008826482895234904,0.008819411033180239,0.008826482895234904,0.008819411033180239,0.858211101544613,0.858211101544613
2012-06-18,0.0014437039589356,0.0,-0.00017164222030892262,0.0,-0.00017164222030892262,0.0,0.0
2012-06-19,0.0097678344176124,0.0,0.0,0.0,0.0,0.0,0.0
2012-06-20,-0.0016877805127712,-0.0,-0.0,-0.0,-0.0,0.0,0.0
2012-06-21,-0.0225132081833763,-0.0,-0.0,-0.0,-0.0,0.0,0.0
2012-06-22,0.007148989234504,0.0,0.0,0.0,0.0,0.0,0.0
2012-06-25,-0.0160835023906029,-0.0,-0.0,-0.0,-0.0,0.0,0.0
2012-06-26,0.004761368161021,0.003539197896062986,0.0033905348321547307,0.003539197896062986,0.0033905348321547307,0.7433153195412768,0.7433153195412768
2012-06-27,0.0089447814196175,0.0,-0.00014866306390825537,0.0,-0.00014866306390825537,0.0,0.0
2012-06-28,-0.0021120283457669,-0.0,-0.0,-0.0,-0.0,0.0,0.0
2012-06-29,0.0246147937349201,0.0,0.0,0.0,0.0,0.0,0.0
2012-07-02,0.0024562921587065,-0.00212222072358325,-0.0022950194451083657,-0.00212222072358325,-0.0022950194451083657,-0.8639936076255789,-0.8639936076255789
2012-07-03,0.0062127715684248,-0.0056260687272951275,-0.005634383013558308,-0.0056260687272951275,-0.005634383013558308,-0.9055650389414805,-0.9055650389414805
2012-07-05,-0.0046980415663213,0.00444317813082216,0.004435140912155509,0.00444317813082216,0.004435140912155509,-0.9457511322747396,-0.9457511322747396
2012-07-06,-0.0094774186555817,-0.0,-0.00018915022645494794,-0.0,-0.00018915022645494794,0.0,0.0
2012-07-09,-0.0016401761705182,-0.0,-0.0,-0.0,-0.0,0.0,0.0
2012-07-10,-0.0081591217895908,-0.0,-0.0,-0.0,-0.0,0.0,0.0
2012-07-11,-1.492368899036478e-05,-0.0,-0.0,-0.0,-0.0,0.0,0.0
2012-07-12,-0.0049995743524595,-0.0,-0.0,-0.0,-0.0,0.0,0.0
2012-07-13,0.0163627592475732,0.0,0.0,0.0,0.0,0.0,0.0
2012-07-16,-0.0023169958916202,-0.0,-0.0,-0.0,-0.0,0.0,0.0
2012-07-17,0.0073823558099119,0.0,0.0,0.0,0.0,0.0,0.0
2012-07-18,0.0066582753300847,0.0,0.0,0.0,0.0,0.0,0.0
2012-07-19,0.002713415248511,0.0,0.0,0.0,0.0,0.0,0.0
2012-07-20,-0.0101126205341683,-0.0,-0.0,-0.0,-0.0,0.0,0.0
2012-07-23,-0.0089489790037076,-0.0,-0.0,-0.0,-0.0,0.0,0.0
2012-07-24,-0.0090820501924238,-0.0,-0.0,-0.0,-0.0,0.0,0.0
2012-07-25,-0.0003139107221183,-0.000275299585637775,-0.0004506995106738022,-0.000275299585637775,-0.0004506995106738022,0.8769996251801362,0.8769996251801362
2012-07-26,0.0164056628649511,0.01501295265871382,0.01500533099197025,0.01501295265871382,0.01500533099197025,0.915107958897982,0.915107958897982
2012-07-27,0.0189008144904505,0.01792189278427165,0.01791527288950762,0.01792189278427165,0.01791527288950762,0.9482074327181274,0.9482074327181274
2012-07-30,-0.0004834764446108,-0.0004736365800498489,-0.0004799246306447402,-0.0004736365800498489,-0.0004799246306447402,0.9796476856925839,0.9796476856925839
2012-07-31,-0.0043261727662198,-0.004403536570123714,-0.004411396469822837,-0.004403536570123714,-0.004411396469822837,1.0178827356382982,1.0178827356382982
2012-08-01,-0.0029041929017452,-0.0029279185861198972,-0.002929958496941907,-0.0029279185861198972,-0.002929958496941907,1.0081694588401617,1.0081694588401617
2012-08-02,-0.0075319636241362,-0.0076566189168883435,-0.007658492085357055,-0.0076566189168883435,-0.007658492085357055,1.0165501719037364,1.0165501719037364
2012-08-03,0.0188612881853025,0.01826231092886469,0.018252649501614558,0.01826231092886469,0.018252649501614558,0.9682430356530708,0.9682430356530708
2012-08-06,0.0023265607240574,0.0023263661997198473,0.0023200315289016453,0.0023263661997198473,0.0023200315289016453,0.9999163897440796,0.9999163897440796
2012-08-07,0.0050937627425931,0.0053263620545978925,0.005316669007927691,0.0053263620545978925,0.005316669007927691,1.0456635543818797,1.0456635543818797
2012-08-08,0.0006206338074532,-0.0006766348204030742,-0.0011048881160317778,-0.0006766348204030742,-0.0011048881160317778,-1.0902319729885115,-1.0902319729885115
2012-08-09,0.0004135999951726,-0.00047162727870482416,-0.00048331071448525013,-0.00047162727870482416,-0.00048331071448525013,-1.140298075941729,-1.140298075941729
2012-08-10,0.0021860506671051,-0.002606144493368611,-0.0026188066617928636,-0.002606144493368611,-0.0026188066617928636,-1.192170214801025,-1.192170214801025
2012-08-13,-0.0012526850781942,-0.0,-0.000238434042960205,-0.0,-0.000238434042960205,0.0,0.0
2012-08-14,-0.0001281546120202,-0.0,-0.0,-0.0,-0.0,0.0,0.0
2012-08-15,0.0011389916294488,0.0,0.0,0.0,0.0,0.0,0.0
2012-08-16,0.0070754203875056,0.0,0.0,0.0,0.0,0.0,0.0
2012-08-17,0.0018703837394768,0.0,0.0,0.0,0.0,0.0,0.0
2012-08-20,-2.117505365362149e-05,-0.0,-0.0,-0.0,-0.0,0.0,0.0
2012-08-21,-0.0035036668144439,-0.0,-0.0,-0.0,-0.0,0.0,0.0
2012-08-22,0.0002263776234565,0.0,0.0,0.0,0.0,0.0,0.0
2012-08-23,-0.0081049995977222,-0.0,-0.0,-0.0,-0.0,0.0,0.0
2012-08-24,0.0064339883432618,0.0,0.0,0.0,0.0,0.0,0.0
2012-08-27,-0.0004891344205226,-0.0,-0.0,-0.0,-0.0,0.0,0.0
2012-08-28,-0.0008085090427956,-0.0,-0.0,-0.0,-0.0,0.0,0.0
2012-08-29,0.0008439929642989,0.0,0.0,0.0,0.0,0.0,0.0
2012-08-30,-0.0078364297296733,-0.0,-0.0,-0.0,-0.0,0.0,0.0
2012-08-31,0.0050604697676455,0.0,0.0,0.0,0.0,0.0,0.0
2012-09-04,-0.0011666393226885,-0.0,-0.0,-0.0,-0.0,0.0,0.0
2012-09-05,-0.0010682316532886,-0.0,-0.0,-0.0,-0.0,0.0,0.0
2012-09-06,0.0202295366120068,0.0,0.0,0.0,0.0,0.0,0.0
2012-09-07,0.004041794988943,-0.006190403779105454,-0.006503051856346235,-0.006190403779105454,-0.006503051856346235,-1.5315976678778438,-1.5315976678778438
2012-09-10,-0.0061668056546526,0.009793086254143156,0.009774798953959473,0.009793086254143156,0.009774798953959473,-1.588032249200958,-1.588032249200958
2012-09-11,0.0031300521014525,-0.0045730745407530395,-0.004603964974214126,-0.0045730745407530395,-0.004603964974214126,-1.4610218592306836,-1.4610218592306836
2012-09-12,0.002090505602597,0.0,-0.00029220437184613674,0.0,-0.00029220437184613674,0.0,0.0
2012-09-13,0.016178172153844,0.0,0.0,0.0,0.0,0.0,0.0
2012-09-14,0.0039511352928087,-0.006355371601011725,-0.006684314065568637,-0.006355371601011725,-0.006684314065568637,-1.6084925293696923,-1.6084925293696923
2012-09-17,-0.0031295828602662,0.00521530544508351,0.005195779203932376,0.00521530544508351,0.005195779203932376,-1.6664538623655103,-1.6664538623655103
2012-09-18,-0.0012805951321173,0.0020740596824811966,0.0020573138661599015,0.0020740596824811966,0.0020573138661599015,-1.6196060959969485,-1.6196060959969485
2012-09-19,0.0011848517443748,0.0,-0.0003239212191993897,0.0,-0.0003239212191993897,0.0,0.0
2012-09-20,-0.0005408799928217,-0.0,-0.0,-0.0,-0.0,0.0,0.0
2012-09-21,-7.532185571701433e-05,-0.0,-0.0,-0.0,-0.0,0.0,0.0
2012-09-24,-0.0022351500693797,-0.0,-0.0,-0.0,-0.0,0.0,0.0
2012-09-25,-0.0105573894185679,-0.0,-0.0,-0.0,-0.0,0.0,0.0
2012-09-26,-0.0057532532117408,-0.0,-0.0,-0.0,-0.0,0.0,0.0
2012-09-27,0.0096027277082342,0.013122353271704064,0.012844685192416399,0.013122353271704064,0.012844685192416399,1.3665235202339263,1.3665235202339263
2012-09-28,-0.0044878082367665,-0.006334585338188054,-0.006348481521817759,-0.006334585338188054,-0.006348481521817759,1.411509807012648,1.411509807012648
2012-10-01,0.0026479976679949,0.0,-0.00028230196140252963,0.0,-0.00028230196140252963,0.0,0.0
2012-10-02,0.0008719067272657,0.0,0.0,0.0,0.0,0.0,0.0
2012-10-03,0.0036178572930332,0.0,0.0,0.0,0.0,0.0,0.0
2012-10-04,0.0071488217316977,0.0,0.0,0.0,0.0,0.0,0.0
2012-10-05,-0.0003216410840751,-0.0,-0.0,-0.0,-0.0,0.0,0.0
2012-10-08,-0.0034627238474289,-0.0,-0.0,-0.0,-0.0,0.0,0.0
2012-10-09,-0.0099401821351419,-0.0,-0.0,-0.0,-0.0,0.0,0.0
2012-10-10,-0.0062072555664816,-0.0,-0.0,-0.0,-0.0,0.0,0.0
2012-10-11,0.0001953704369848,0.0002471895787937254,-9.01505009792077e-06,0.0002471895787937254,-9.01505009792077e-06,1.2652353273538357,1.2652353273538357
2012-10-12,-0.0029705449560166,-0.003922530945371717,-0.003937394100886624,-0.003922530945371717,-0.003937394100886624,1.3204752001571112,1.3204752001571112
2012-10-15,0.0080454707526671,0.010533191819246505,0.01052725726487438,0.010533191819246505,0.01052725726487438,1.3092076452772783,1.3092076452772783
2012-10-16,0.0102175558171708,0.013852542407755287,0.013838996928235722,0.013852542407755287,0.013838996928235722,1.3557589168708843,1.3557589168708843
2012-10-17,0.0041086061259543,0.0057511220502483255,0.005737559715210516,0.0057511220502483255,0.005737559715210516,1.399774491382408,1.399774491382408
2012-10-18,-0.0024467198768949,-0.0035566471935149636,-0.003572820538598508,-0.0035566471935149636,-0.003572820538598508,1.453638901249561,1.453638901249561
2012-10-19,-0.0167101446000357,-0.02414405986610049,-0.024151108893388125,-0.02414405986610049,-0.024151108893388125,1.4448743828374115,1.4448743828374115
2012-10-22,0.0004394856785507,-0.0004915322505776666,-0.0010056021802756713,0.0004915322505776666,0.00042483275824963657,-1.1184260934249362,1.1184260934249362
2012-10-23,-0.0145492349707376,-0.0,-0.00022368521868498724,-0.017021204471548215,-0.017033522665383452,0.0,1.1699037444774523
2012-10-24,-0.0030901524835877,-0.003061498847168697,-0.0032596443343851896,-0.003061498847168697,-0.003097334108847695,0.9907274360824628,0.9907274360824628
2012-10-25,0.0029910649483948,0.002984568158814164,0.0029831480591706403,0.0,-0.00019814548721649257,0.9978279343000818,0.0
2012-10-26,-0.0007292475686444,-0.0007610664801196637,-0.0007707468327048323,-0.0,-0.0,1.043632523224468,0.0
2012-10-31,0.00015586755128,0.0,-0.00020872650464489362,0.0,0.0,0.0,0.0
2012-11-01,0.0108672126009858,0.0,0.0,0.0,0.0,0.0,0.0
2012-11-02,-0.0094237182428917,-0.0,-0.0,-0.0,-0.0,0.0,0.0
2012-11-05,0.0021614713450572,0.0,0.0,0.0,0.0,0.0,0.0
2012-11-06,0.007822509122727,0.0,0.0,0.0,0.0,0.0,0.0
2012-11-07,-0.0239904841792046,-0.0,-0.0,-0.0,-0.0,0.0,0.0
2012-11-08,-0.0122799333135095,0.010576184116611376,0.010403932625555211,-0.0,-0.0,-0.8612574552808213,0.0
2012-11-09,0.0016972512798218,-0.0013461464226019113,-0.001359771263779426,0.0,0.0,-0.793133249393247,0.0
2012-11-12,0.0001304793765486,-0.00010874617078331374,-0.0001168066612939484,0.00010874617078331374,-5.794096960597033e-05,-0.8334357019464204,0.8334357019464204
2012-11-13,-0.0039933834747456,0.0034934545997400103,0.0034851795997872595,-0.0034934545997400103,-0.003501729599692761,-0.8748107017101737,0.8748107017101737
2012-11-14,-0.0139488704443273,0.012250113067596383,0.01224943212462943,-0.0,-0.00017496214034203476,-0.8782154165449458,0.0
2012-11-15,-0.0015948159570164,0.0012639160915564255,0.0012467760738827933,-0.0,-0.0,-0.7925153281767849,0.0
2012-11-16,0.0048282747351757,-0.003953446035243544,-0.0039587052346856605,0.0,0.0,-0.8188113253873651,0.0
2012-11-19,0.0196673767395472,-0.0168740390758758,-0.016881871012702696,0.0,0.0,-0.8579710095218467,0.0
2012-11-20,0.000663166435828,0.0,-0.00017159420190436935,0.0,0.0,0.0,0.0
2012-11-21,0.0023174936609713,0.0,0.0,0.0,0.0,0.0,0.0
2012-11-23,0.0129422020689684,0.0,0.0,0.0,0.0,0.0,0.0
2012-11-26,-0.0020316442693264,-0.0,-0.0,-0.0,-0.0,0.0,0.0
2012-11-27,-0.0052402936852278,-0.0,-0.0,-0.0,-0.0,0.0,0.0
2012-11-28,0.0078253307601254,0.0,0.0,0.0,0.0,0.0,0.0
2012-11-29,0.0042605535668815,0.0,0.0,0.0,0.0,0.0,0.0
2012-11-30,0.0001624943340683,0.0,0.0,0.0,0.0,0.0,0.0
2012-12-03,-0.0047565191662606,-0.0,-0.0,-0.0,-0.0,0.0,0.0
2012-12-04,-0.0017112757910542,-0.0,-0.0,-0.0,-0.0,0.0,0.0
2012-12-05,0.0015836076545872,0.0,0.0,0.0,0.0,0.0,0.0
2012-12-06,0.0033011358587096,0.0,0.0,0.0,0.0,0.0,0.0
2012-12-07,0.0029166619993503,0.0,0.0,0.0,0.0,0.0,0.0
2012-12-10,0.000338503249976,0.0,0.0,0.0,0.0,0.0,0.0
2012-12-11,0.0065275313152923,0.0,0.0,0.0,0.0,0.0,0.0
2012-12-12,0.0004481393339572,0.0,0.0,0.0,0.0,0.0,0.0
2012-12-13,-0.0063414899770082,-0.0,-0.0,-0.0,-0.0,0.0,0.0
2012-12-14,-0.0041439756794918,-0.0,-0.0,-0.0,-0.0,0.0,0.0
2012-12-17,0.0118006880378107,0.0,0.0,0.0,0.0,0.0,0.0
2012-12-18,0.0114211856667756,0.0,0.0,0.0,0.0,0.0,0.0
2012-12-19,-0.0076181455628212,0.010634973106825228,0.010351057655597863,0.010634973106825228,0.010351057655597863,-1.3960055001740892,-1.3960055001740892
2012-12-20,0.0054731046935687,-0.006976621780314698,-0.007004151220433333,-0.006976621780314698,-0.007004151220433333,-1.2747100906936315,-1.2747100906936315
2012-12-21,-0.0094229444501445,0.01247648183799072,0.012462755393043163,0.01247648183799072,0.012462755393043163,-1.324053421306054,-1.324053421306054
2012-12-24,-0.002443278971266,0.0028919531028871767,0.0028616834876594092,0.0028919531028871767,0.0028616834876594092,-1.183636063215775,-1.183636063215775
2012-12-26,-0.0047989567899255,0.005712538095030653,0.0057089248258954855,0.005712538095030653,0.0057089248258954855,-1.190370812886468,-1.190370812886468
2012-12-27,-0.001219184916267,0.0014105993847778767,0.0014020565505077501,0.0014105993847778767,0.0014020565505077501,-1.1570019985950655,-1.1570019985950655
2012-12-28,-0.0111114456749614,0.013168128012533954,0.01316030572298229,0.013168128012533954,0.01316030572298229,-1.1850958370076987,-1.1850958370076987
2012-12-31,0.0168000272698858,-0.017686852595786444,-0.01771394275425577,-0.017686852595786444,-0.01771394275425577,-1.0527871360953256,-1.0527871360953256
2013-01-02,0.0250861159586976,-0.027283819100241562,-0.027291825876493175,-0.027283819100241562,-0.027291825876493175,-1.08760635345712,-1.08760635345712
2013-01-03,-0.0020877954235247,0.0023280169368361235,0.00232115646877619,0.0023280169368361235,0.00232115646877619,-1.1150598907367426,-1.1150598907367426
2013-01-04,0.0048532999789809,-0.00548617767522335,-0.005490798400209521,-0.00548617767522335,-0.005490798400209521,-1.1304015204053681,-1.1304015204053681
2013-01-07,-0.0031280032591221,0.003683720657251436,0.003672154209337123,0.003683720657251436,0.003672154209337123,-1.1776588296411503,-1.1776588296411503
2013-01-08,-0.0032476391807332,-0.0,-0.00023553176592823008,-0.0,-0.00023553176592823008,0.0,0.0
2013-01-09,0.0026523453586815,0.0,0.0,0.0,0.0,0.0,0.0
2013-01-10,0.0075687001092106,0.0,0.0,0.0,0.0,0.0,0.0
2013-01-11,-4.751511497769201e-05,-0.0,-0.0,-0.0,-0.0,0.0,0.0
2013-01-14,-0.0009311049049189,-0.0,-0.0,-0.0,-0.0,0.0,0.0
2013-01-15,0.0011280332953038,0.0,0.0,0.0,0.0,0.0,0.0
2013-01-16,0.0001969725099559,0.0,0.0,0.0,0.0,0.0,0.0
2013-01-17,0.0056270605413546,0.0,0.0,0.0,0.0,0.0,0.0
2013-01-18,0.0033974923781512,0.0,0.0,0.0,0.0,0.0,0.0
2013-01-22,0.0044183316277122,0.0,0.0,0.0,0.0,0.0,0.0
2013-01-23,0.0015063419242924,0.0,0.0,0.0,0.0,0.0,0.0
2013-01-24,6.614661544723788e-06,0.0,0.0,0.0,0.0,0.0,0.0
2013-01-25,0.0054307086618683,0.0,0.0,0.0,0.0,0.0,0.0
2013-01-28,-0.0018513342747921,-0.0,-0.0,-0.0,-0.0,0.0,0.0
2013-01-29,0.0050930037812051,0.0,0.0,0.0,0.0,0.0,0.0
2013-01-30,-0.003907244671752,-0.0,-0.0,-0.0,-0.0,0.0,0.0
2013-01-31,-0.0025665919583923,-0.0,-0.0,-0.0,-0.0,0.0,0.0
2013-02-01,0.01000251322401,0.0,0.0,0.0,0.0,0.0,0.0
2013-02-04,-0.0116058327096517,-0.0,-0.0,-0.0,-0.0,0.0,0.0
2013-02-05,0.0103626322220593,0.0,0.0,0.0,0.0,0.0,0.0
2013-02-06,0.0005490198591342,0.0,0.0,0.0,0.0,0.0,0.0
2013-02-07,-0.0018070310558568,-0.0,-0.0,-0.0,-0.0,0.0,0.0
2013-02-08,0.0056419945850434,0.0,0.0,0.0,0.0,0.0,0.0
2013-02-11,-0.0006063012476387,-0.0,-0.0,-0.0,-0.0,0.0,0.0
2013-02-12,0.0015940011376045,0.0,0.0,0.0,0.0,0.0,0.0
2013-02-13,0.0005920877747911,0.0,0.0,0.0,0.0,0.0,0.0
2013-02-14,0.0006904332650528,0.0,0.0,0.0,0.0,0.0,0.0
2013-02-15,-0.0010456277960129,-0.0,-0.0,-0.0,-0.0,0.0,0.0
2013-02-19,0.0073096944413606,0.0,0.0,0.0,0.0,0.0,0.0
2013-02-20,-0.0124817114300057,-0.0,-0.0,-0.0,-0.0,0.0,0.0
2013-02-21,-0.0063230054656653,-0.0,-0.0,-0.0,-0.0,0.0,0.0
2013-02-22,0.0087342133867744,0.0,0.0,0.0,0.0,0.0,0.0
2013-02-25,-0.0184792755847746,-0.0,-0.0,-0.0,-0.0,0.0,0.0
2013-02-26,0.0060908768625678,0.0,0.0,0.0,0.0,0.0,0.0
2013-02-27,0.0126456991190195,0.0,0.0,0.0,0.0,0.0,0.0
2013-02-28,-0.0008644534614576,-0.0,-0.0,-0.0,-0.0,0.0,0.0
2013-03-01,0.0023211594495267,0.0,0.0,0.0,0.0,0.0,0.0
2013-03-04,0.0046001265483504,0.0,0.0,0.0,0.0,0.0,0.0
2013-03-05,0.0095205518724998,0.0,0.0,0.0,0.0,0.0,0.0
2013-03-06,0.0010839250554139,0.0,0.0,0.0,0.0,0.0,0.0
2013-03-07,0.0018148436172067,0.0,0.0,0.0,0.0,0.0,0.0
2013-03-08,0.0044711287129546,0.0,0.0,0.0,0.0,0.0,0.0
2013-03-11,0.0032438188658741,0.0,0.0,0.0,0.0,0.0,0.0
2013-03-12,-0.0024061453968018,-0.0,-0.0,-0.0,-0.0,0.0,0.0
2013-03-13,0.0013131891571704,0.0,0.0,0.0,0.0,0.0,0.0
2013-03-14,0.0055873521589724,0.0,0.0,0.0,0.0,0.0,0.0
2013-03-15,-0.0016197737499892,-0.0,-0.0,-0.0,-0.0,0.0,0.0
2013-03-18,-0.005525570335024,-0.0,-0.0,-0.0,-0.0,0.0,0.0
2013-03-19,-0.0024254697268757,-0.0,-0.0,-0.0,-0.0,0.0,0.0
2013-03-20,0.0066751638158173,0.0,0.0,0.0,0.0,0.0,0.0
2013-03-21,-0.0083169237560047,-0.0,-0.0,-0.0,-0.0,0.0,0.0
2013-03-22,0.0071486438032994,0.0,0.0,0.0,0.0,0.0,0.0
2013-03-25,-0.0033456293009468,-0.0,-0.0,-0.0,-0.0,0.0,0.0
2013-03-26,0.0077549631946354,0.0,0.0,0.0,0.0,0.0,0.0
2013-03-27,-0.0005885230525652,-0.0,-0.0,-0.0,-0.0,0.0,0.0
2013-03-28,0.0040484633961916,0.0,0.0,0.0,0.0,0.0,0.0
2013-04-01,-0.0044836168653565,-0.0,-0.0,-0.0,-0.0,0.0,0.0
2013-04-02,0.005158933898854,0.0,0.0,0.0,0.0,0.0,0.0
2013-04-03,-0.0106021332188417,-0.0,-0.0,-0.0,-0.0,0.0,0.0
2013-04-04,0.0040402790127371,0.0,0.0,0.0,0.0,0.0,0.0
2013-04-05,-0.0043041451689074,-0.0,-0.0,-0.0,-0.0,0.0,0.0
2013-04-08,0.0062829587652712,0.0,0.0,0.0,0.0,0.0,0.0
2013-04-09,0.0035380658065768,0.0,0.0,0.0,0.0,0.0,0.0
2013-04-10,0.0121154433295487,0.0,0.0,0.0,0.0,0.0,0.0
2013-04-11,0.0035459561795772,-0.005172853053894605,-0.005470075686475738,-0.005172853053894605,-0.005470075686475738,-1.458803434652536,-1.458803434652536
2013-04-12,-0.0028407983185489,0.004303915022016974,0.0042865368817865115,0.004303915022016974,0.0042865368817865115,-1.5150371618832288,-1.5150371618832288
2013-04-15,-0.0232341245503651,0.03463109464909723,0.034620353047509184,0.03463109464909723,0.034620353047509184,-1.490527201660931,-1.490527201660931
2013-04-16,0.0142058408280645,-0.014407318124843808,-0.01450275586527937,-0.014407318124843808,-0.01450275586527937,-1.0141827083111672,-1.0141827083111672
2013-04-17,-0.0144313136859839,0.01516367444309573,0.015155757235290588,0.01516367444309573,0.015155757235290588,-1.050748031194355,-1.050748031194355
2013-04-18,-0.0067235559695442,0.006120939524831571,0.006092864390867719,0.006120939524831571,0.006092864390867719,-0.9103723613750953,-0.9103723613750953
2013-04-19,0.0088089890510545,-0.007789814776781018,-0.007795028664223127,-0.007789814776781018,-0.007795028664223127,-0.8843029241645521,-0.8843029241645521
2013-04-22,0.0046507982154269,-0.004294818423745708,-0.004302649507947141,-0.004294818423745708,-0.004302649507947141,-0.923458345171719,-0.923458345171719
2013-04-23,0.0103653128055531,-0.010016847310439527,-0.010025431956328802,-0.010016847310439527,-0.010025431956328802,-0.9663815746180968,-0.9663815746180968
2013-04-24,6.340170072505202e-06,-6.378480949223484e-06,-1.4382613886861936e-05,-6.378480949223484e-06,-1.4382613886861936e-05,-1.0060425629407672,-1.0060425629407672
2013-04-25,0.0040266145649914,0.0,-0.00020120851258815346,0.0,-0.00020120851258815346,0.0,0.0
2013-04-26,-0.0018438118015176,-0.0,-0.0,-0.0,-0.0,0.0,0.0
2013-04-29,0.0071603153694068,0.0,0.0,0.0,0.0,0.0,0.0
2013-04-30,0.0024818174185821,0.0,0.0,0.0,0.0,0.0,0.0
2013-05-01,-0.0093514726495635,-0.0,-0.0,-0.0,-0.0,0.0,0.0
2013-05-02,0.0093640038103206,0.0,0.0,0.0,0.0,0.0,0.0
2013-05-03,0.01047956394817,0.0,0.0,0.0,0.0,0.0,0.0
2013-05-06,0.0019059611284841,0.0,0.0,0.0,0.0,0.0,0.0
2013-05-07,0.0052166391598369,-0.006451780771127783,-0.006701953378632313,-0.006451780771127783,-0.006701953378632313,-1.2367696084483444,-1.2367696084483444
2013-05-08,0.004130538866697,-0.005313319196588742,-0.005326644230425225,-0.005313319196588742,-0.005326644230425225,-1.2863501272020608,-1.2863501272020608
2013-05-09,-0.0036939180287731,0.004943335193270341,0.004928931336209779,0.004943335193270341,0.004928931336209779,-1.338236299442796,-1.338236299442796
2013-05-10,0.004312343771585,-0.005645966347008267,-0.005655443834462097,-0.005645966347008267,-0.005655443834462097,-1.3092570180074246,-1.3092570180074246
2013-05-13,4.288844886968235e-05,-5.8388619139556956e-05,-7.312100387934004e-05,-5.8388619139556956e-05,-7.312100387934004e-05,-1.3614066416104782,-1.3614066416104782
2013-05-14,0.0100910669691502,0.0,-0.00027228132832209567,0.0,-0.00027228132832209567,0.0,0.0
2013-05-15,0.0051011034902108,0.0,0.0,0.0,0.0,0.0,0.0
2013-05-16,-0.005022331985411,-0.0,-0.0,-0.0,-0.0,0.0,0.0
2013-05-17,0.0102474119865627,0.0,0.0,0.0,0.0,0.0,0.0
2013-05-20,-0.0007078684047074,-0.0,-0.0,-0.0,-0.0,0.0,0.0
2013-05-21,0.0017209046830028,0.0,0.0,0.0,0.0,0.0,0.0
2013-05-22,-0.0083080742657788,-0.0,-0.0,-0.0,-0.0,0.0,0.0
2013-05-23,-0.0029281151046065,-0.0,-0.0,-0.0,-0.0,0.0,0.0
2013-05-24,-0.0005515174989882,-0.0,-0.0,-0.0,-0.0,0.0,0.0
2013-05-28,0.00632096210916,0.0,0.0,0.0,0.0,0.0,0.0
2013-05-29,-0.0070729362431656,-0.0,-0.0,-0.0,-0.0,0.0,0.0
2013-05-30,0.0036636251143127,0.0,0.0,0.0,0.0,0.0,0.0
2013-05-31,-0.0144105769218567,-0.0,-0.0,-0.0,-0.0,0.0,0.0
2013-06-03,0.0059184398597418,0.0067028741304504215,0.006474788121079077,0.0067028741304504215,0.006474788121079077,1.132540718381625,1.132540718381625
2013-06-04,-0.0055260480056054,-0.006516578917090578,-0.0065280541960599965,-0.006516578917090578,-0.0065280541960599965,1.1792476124855273,1.1792476124855273
2013-06-05,-0.0138755545439224,-0.015742390826813564,-0.01575293375604957,-0.015742390826813564,-0.01575293375604957,1.134541381894452,1.134541381894452
2013-06-06,0.008454454144231,0.008251752910558494,0.008220049499444363,0.008251752910558494,0.008220049499444363,0.9760243263237968,0.9760243263237968
2013-06-07,0.0127499145269451,0.012971787019980462,0.012963304343833824,0.012971787019980462,0.012963304343833824,1.0174018808178256,1.0174018808178256
2013-06-10,-0.0003468736036369,-0.0003663884788043669,-0.00037482972173376674,-0.0003663884788043669,-0.00037482972173376674,1.0562593260566886,1.0562593260566886
2013-06-11,-0.0102052641848207,-0.011199159929736977,-0.011208545574478385,-0.011199159929736977,-0.011208545574478385,1.097390496406217,1.097390496406217
2013-06-12,-0.0084047769080513,-0.0,-0.00021947809928124344,-0.0,-0.00021947809928124344,0.0,0.0
2013-06-13,0.0146760690973595,0.0,0.0,0.0,0.0,0.0,0.0
2013-06-14,-0.0059024010624586,-0.0,-0.0,-0.0,-0.0,0.0,0.0
2013-06-17,0.007538875562715,0.0,0.0,0.0,0.0,0.0,0.0
2013-06-18,0.0077609634287831,0.0,0.0,0.0,0.0,0.0,0.0
2013-06-19,-0.0139483013284813,-0.0,-0.0,-0.0,-0.0,0.0,0.0
2013-06-20,-0.025328424392299,-0.0,-0.0,-0.0,-0.0,0.0,0.0
2013-06-21,0.002666219053526,-0.0019088675930581914,-0.0020520566975343424,0.0019088675930581914,0.0017656784885820406,-0.7159455223807539,0.7159455223807539
2013-06-24,-0.0122193689596272,0.009207164008703335,0.009199655249171552,-0.009207164008703335,-0.009214672768235118,-0.753489320039669,0.753489320039669
2013-06-25,0.0094524565593028,0.006680809991638668,0.006388756069557902,0.006680809991638668,0.006671468185703567,0.7067802903641628,0.7067802903641628
2013-06-26,0.0095447896661893,0.0,-0.00014135605807283257,0.0,-0.00014135605807283257,0.0,0.0
2013-06-27,0.0061806913002966,0.0,0.0,0.0,0.0,0.0,0.0
2013-06-28,-0.0042987889804679,-0.0,-0.0,-0.0,-0.0,0.0,0.0
2013-07-01,0.0053891996093904,0.0,0.0,0.0,0.0,0.0,0.0
2013-07-02,-0.0005450566900506,-0.0,-0.0,-0.0,-0.0,0.0,0.0
2013-07-03,0.0008237078945754,0.0,0.0,0.0,0.0,0.0,0.0
2013-07-05,0.0101500457032255,0.0,0.0,0.0,0.0,0.0,0.0
2013-07-08,0.0052378052138362,0.0,0.0,0.0,0.0,0.0,0.0
2013-07-09,0.0072036619348629,0.0,0.0,0.0,0.0,0.0,0.0
2013-07-10,0.0001815759646284,0.0,0.0,0.0,0.0,0.0,0.0
2013-07-11,0.0134632127653535,0.0,0.0,0.0,0.0,0.0,0.0
2013-07-12,0.0030817302206287,0.0,0.0,0.0,0.0,0.0,0.0
2013-07-15,0.0013739351515562,0.0,0.0,0.0,0.0,0.0,0.0
2013-07-16,-0.0037156554177073,-0.0,-0.0,-0.0,-0.0,0.0,0.0
2013-07-17,0.0027702066483987,0.0,0.0,0.0,0.0,0.0,0.0
2013-07-18,0.0050203417120062,0.0,0.0,0.0,0.0,0.0,0.0
2013-07-19,0.001608755579646,0.0,0.0,0.0,0.0,0.0,0.0
2013-07-22,0.0020309625424266,0.0,0.0,0.0,0.0,0.0,0.0
2013-07-23,-0.0018536538683369,-0.0,-0.0,-0.0,-0.0,0.0,0.0
2013-07-24,-0.0038185027297181,-0.0,-0.0,-0.0,-0.0,0.0,0.0
2013-07-25,0.002553209985189,0.0,0.0,0.0,0.0,0.0,0.0
2013-07-26,0.000827951437909,0.0,0.0,0.0,0.0,0.0,0.0
2013-07-29,-0.0037430341753674,-0.0,-0.0,-0.0,-0.0,0.0,0.0
2013-07-30,0.0003737470853337,0.0,0.0,0.0,0.0,0.0,0.0
2013-07-31,-0.0001364185159982,-0.0,-0.0,-0.0,-0.0,0.0,0.0
2013-08-01,0.0124625882304165,0.0,0.0,0.0,0.0,0.0,0.0
2013-08-02,0.001639114087947,0.0,0.0,0.0,0.0,0.0,0.0
2013-08-05,-0.0014809308775634,-0.0,-0.0,-0.0,-0.0,0.0,0.0
2013-08-06,-0.0057394728305544,-0.0,-0.0,-0.0,-0.0,0.0,0.0
2013-08-07,-0.0038131256619413,-0.0,-0.0,-0.0,-0.0,0.0,0.0
2013-08-08,0.0038779210740464,0.0,0.0,0.0,0.0,0.0,0.0
2013-08-09,-0.0035763480414265,-0.0,-0.0,-0.0,-0.0,0.0,0.0
2013-08-12,-0.0011535858605249,-0.0,-0.0,-0.0,-0.0,0.0,0.0
2013-08-13,0.0027722100072677,0.0,0.0,0.0,0.0,0.0,0.0
2013-08-14,-0.0051900632278574,-0.0,-0.0,-0.0,-0.0,0.0,0.0
2013-08-15,-0.0143845649479619,-0.0,-0.0,-0.0,-0.0,0.0,0.0
2013-08-16,-0.0033100676234782,-0.003931467747971747,-0.004171248701235182,-0.003931467747971747,-0.004171248701235182,1.1877303412431748,1.1877303412431748
2013-08-19,-0.0059177779571539,-0.00697705715477237,-0.006980934272558862,-0.00697705715477237,-0.006980934272558862,1.1789994834696231,1.1789994834696231
2013-08-20,0.0038139130983712,0.004299696529337045,0.004287854585473578,0.004299696529337045,0.004287854585473578,1.1273713947948387,1.1273713947948387
2013-08-21,-0.0057963694673466,-0.0068198893505914,-0.006831833103451419,-0.0068198893505914,-0.006831833103451419,1.1765794759997132,1.1765794759997132
2013-08-22,0.0085824417434139,0.009675635458123262,0.009664278307788703,0.009675635458123262,0.009664278307788703,1.127375605613434,1.127375605613434
2013-08-23,0.0039392419102126,0.004617070888556473,0.004606083362413012,0.004617070888556473,0.004606083362413012,1.1720709196829424,1.1720709196829424
2013-08-26,-0.0040478392300578,-0.0049469277087266115,-0.004959580890654973,-0.0049469277087266115,-0.004959580890654973,1.2221156591379676,1.2221156591379676
2013-08-27,-0.0160015392291841,-0.019161182422231634,-0.019168464512176936,-0.019161182422231634,-0.019168464512176936,1.197458703678011,1.197458703678011
2013-08-28,0.0027438773089691,0.002702602630070767,0.0026601023962977088,0.002702602630070767,0.0026601023962977088,0.9849575348127209,0.9849575348127209
2013-08-29,0.0019614766490958,0.0020225906697627347,0.0020129798284360756,0.0020225906697627347,0.0020129798284360756,1.0311571492299474,1.0311571492299474
2013-08-30,-0.0031793671926347,-0.0,-0.00020623142984598948,-0.0,-0.00020623142984598948,0.0,0.0
2013-09-03,0.0041555752269593,0.0,0.0,0.0,0.0,0.0,0.0
2013-09-04,0.00808418792856,0.0,0.0,0.0,0.0,0.0,0.0
2013-09-05,0.0012091315394675,0.0,0.0,0.0,0.0,0.0,0.0
2013-09-06,5.442965978197378e-05,0.0,0.0,0.0,0.0,0.0,0.0
2013-09-09,0.0099432821389706,0.0,0.0,0.0,0.0,0.0,0.0
2013-09-10,0.0073189404848017,0.0,0.0,0.0,0.0,0.0,0.0
2013-09-11,0.0030476346138188,0.0,0.0,0.0,0.0,0.0,0.0
2013-09-12,-0.0033861418278018,0.004828898334601272,0.004538610629712562,0.004828898334601272,0.004538610629712562,-1.4260768095871739,-1.4260768095871739
2013-09-13,0.0027110016531031,-0.0037827660942382347,-0.0037936200895712664,-0.0037827660942382347,-0.0037936200895712664,-1.3953389109550556,-1.3953389109550556
2013-09-16,0.0056770082958212,0.0,-0.0002790677821910111,0.0,-0.0002790677821910111,0.0,0.0
2013-09-17,0.0042088695965523,0.0,0.0,0.0,0.0,0.0,0.0
2013-09-18,0.0121041215584156,0.0,0.0,0.0,0.0,0.0,0.0
2013-09-19,-0.0018446541484813,0.0029606224605853763,0.0026324255301936462,0.0029606224605853763,0.0026324255301936462,-1.6049742782531082,-1.6049742782531082
2013-09-20,-0.0072430539628474,0.011612285950943518,0.011604755903826671,0.011612285950943518,0.011604755903826671,-1.60323062764791,-1.60323062764791
2013-09-23,-0.0047307589419514,0.006812838794039776,0.006774976278987357,0.006812838794039776,0.006774976278987357,-1.4401153974735255,-1.4401153974735255
2013-09-24,-0.0026005214977313,0.0035757334145944766,0.0035582472323550797,0.0035757334145944766,0.0035582472323550797,-1.3750062892054358,-1.3750062892054358
2013-09-25,-0.0027432251543784,0.003750310865680083,0.0037443626443158812,0.003750310865680083,0.0037443626443158812,-1.3671174091176206,-1.3671174091176206
2013-09-26,0.0034793658479985,-0.00471994463982878,-0.00472630217532204,-0.00471994463982878,-0.00472630217532204,-1.356553132388743,-1.356553132388743
2013-09-27,-0.0040821216634441,-0.0,-0.0002713106264777486,-0.0,-0.0002713106264777486,0.0,0.0
2013-09-30,-0.0060474799811904,-0.0,-0.0,-0.0,-0.0,0.0,0.0
2013-10-01,0.0079667246834063,0.0,0.0,0.0,0.0,0.0,0.0
2013-10-02,-0.0006668918703409,-0.0,-0.0,-0.0,-0.0,0.0,0.0
2013-10-03,-0.0090199725005524,-0.0,-0.0,-0.0,-0.0,0.0,0.0
2013-10-04,0.0070284667042832,0.0,0.0,0.0,0.0,0.0,0.0
2013-10-07,-0.0085427475368193,-0.0,-0.0,-0.0,-0.0,0.0,0.0
2013-10-08,-0.0124087499310832,-0.0,-0.0,-0.0,-0.0,0.0,0.0
2013-10-09,0.000573741730605,0.0,0.0,0.0,0.0,0.0,0.0
2013-10-10,0.0215956228828364,0.0,0.0,0.0,0.0,0.0,0.0
2013-10-11,0.006266595617328,0.0,0.0,0.0,0.0,0.0,0.0
2013-10-14,0.0040664411452882,-0.004624603828631673,-0.004853690031109993,-0.004624603828631673,-0.004853690031109993,-1.1372607307965634,-1.1372607307965634
2013-10-15,-0.0070887896137588,0.008409347799697105,0.008397324579366558,0.008409347799697105,0.008397324579366558,-1.1862882463566422,-1.1862882463566422
2013-10-16,0.013732804307132,0.0,-0.00023725764927132846,0.0,-0.00023725764927132846,0.0,0.0
2013-10-17,0.0067213144137374,0.0,0.0,0.0,0.0,0.0,0.0
2013-10-18,0.0065274054636228,0.0,0.0,0.0,0.0,0.0,0.0
2013-10-21,9.173220960434492e-05,-0.00011463373456191941,-0.00036753709548958345,-0.00011463373456191941,-0.00036753709548958345,-1.2496563099957179,-1.2496563099957179
2013-10-22,0.0057211162396271,-0.0074514079913701224,-0.007465565107638709,-0.0074514079913701224,-0.007465565107638709,-1.3024395378926616,-1.3024395378926616
2013-10-23,-0.0047357532400367,0.006409551141996973,0.006395143731362339,0.006409551141996973,0.006395143731362339,-1.3534385803317956,-1.3534385803317956
2013-10-24,0.0032528385443555,0.0,-0.0002706877160663591,0.0,-0.0002706877160663591,0.0,0.0
2013-10-25,0.0043852143927747,0.0,0.0,0.0,0.0,0.0,0.0
2013-10-28,0.0013288165192371,0.0,0.0,0.0,0.0,0.0,0.0
2013-10-29,0.0055686612140943,0.0,0.0,0.0,0.0,0.0,0.0
2013-10-30,-0.0048878496945699,-0.0,-0.0,-0.0,-0.0,0.0,0.0
2013-10-31,-0.0038467705679376,-0.0,-0.0,-0.0,-0.0,0.0,0.0
2013-11-01,0.002899214412209,0.0,0.0,0.0,0.0,0.0,0.0
2013-11-04,0.0035641993780988,0.0,0.0,0.0,0.0,0.0,0.0
2013-11-05,-0.0028095308483404,-0.0,-0.0,-0.0,-0.0,0.0,0.0
2013-11-06,0.0042564687122874,0.0,0.0,0.0,0.0,0.0,0.0
2013-11-07,-0.0132704359995949,-0.0,-0.0,-0.0,-0.0,0.0,0.0
2013-11-08,0.0133382087922644,0.0,0.0,0.0,0.0,0.0,0.0
2013-11-11,0.0007226700649729,0.0,0.0,0.0,0.0,0.0,0.0
2013-11-12,-0.00237320544562,-0.0,-0.0,-0.0,-0.0,0.0,0.0
2013-11-13,0.008062752720499,0.0,0.0,0.0,0.0,0.0,0.0
2013-11-14,0.0048255968204511,0.0,0.0,0.0,0.0,0.0,0.0
2013-11-15,0.004213146273881,0.0,0.0,0.0,0.0,0.0,0.0
2013-11-18,-0.0037050524235047,0.005550688146142256,0.005245129856092885,0.005550688146142256,0.005245129856092885,-1.4981402451768076,-1.4981402451768076
2013-11-19,-0.002045055277601,0.0029675193481266946,0.0029527355088690634,0.0029675193481266946,0.0029527355088690634,-1.451070482362615,-1.451070482362615
2013-11-20,-0.0036422359961614,-0.0,-0.000290214096472523,-0.0,-0.000290214096472523,0.0,0.0
2013-11-21,0.0080957054207564,0.0,0.0,0.0,0.0,0.0,0.0
2013-11-22,0.0049491905000289,0.0,0.0,0.0,0.0,0.0,0.0
2013-11-25,-0.0012641407872395,-0.0,-0.0,-0.0,-0.0,0.0,0.0
2013-11-26,0.0001497932355034,0.0,0.0,0.0,0.0,0.0,0.0
2013-11-27,0.0024819986774611,0.0,0.0,0.0,0.0,0.0,0.0
2013-11-29,-0.0007859984571165,-0.0,-0.0,-0.0,-0.0,0.0,0.0
2013-12-02,-0.002722723534716,-0.0,-0.0,-0.0,-0.0,0.0,0.0
2013-12-03,-0.0031979559918937,-0.0,-0.0,-0.0,-0.0,0.0,0.0
2013-12-04,-0.001304343469787,-0.0,-0.0,-0.0,-0.0,0.0,0.0
2013-12-05,-0.0043490158130801,-0.0,-0.0,-0.0,-0.0,0.0,0.0
2013-12-06,0.0111751948768761,0.0,0.0,0.0,0.0,0.0,0.0
2013-12-09,0.0018154512479506,0.0,0.0,0.0,0.0,0.0,0.0
2013-12-10,-0.0031847248956573,-0.0,-0.0,-0.0,-0.0,0.0,0.0
2013-12-11,-0.0113813976746071,-0.0,-0.0,-0.0,-0.0,0.0,0.0
2013-12-12,-0.0037776883791558,-0.0,-0.0,-0.0,-0.0,0.0,0.0
2013-12-13,-0.0001014152865064,-0.0,-0.0,-0.0,-0.0,0.0,0.0
2013-12-16,0.0063001521293966,0.0,0.0,0.0,0.0,0.0,0.0
2013-12-17,-0.0031058059363715,-0.0,-0.0,-0.0,-0.0,0.0,0.0
2013-12-18,0.0165109060091745,0.0,0.0,0.0,0.0,0.0,0.0
2013-12-19,-0.0005800974283936,0.0008184349407350502,0.0005313722313802685,0.0008184349407350502,0.0005313722313802685,-1.4108577295394191,-1.4108577295394191
2013-12-20,0.0048071554406901,-0.0069702434964212835,-0.006983423279398856,-0.0069702434964212835,-0.006983423279398856,-1.4499725632796798,-1.4499725632796798
2013-12-23,0.005304028886206,-0.007984413832811486,-0.008001505149835076,-0.007984413832811486,-0.008001505149835076,-1.5053488591618096,-1.5053488591618096
2013-12-24,0.0029115043043059,-0.0045450099576416665,-0.004562829801060181,-0.0045450099576416665,-0.004562829801060181,-1.5610521169142468,-1.5610521169142468
2013-12-26,0.0047343046211327,-0.007675998850907051,-0.007695456975545897,-0.007675998850907051,-0.007695456975545897,-1.6213571929113721,-1.6213571929113721
2013-12-27,-0.0003366410106071,0.0005655415811448962,0.0005457274229895613,0.0005655415811448962,0.0005457274229895613,-1.679954501458381,-1.679954501458381
2013-12-30,-0.0001792699620146,0.0003094314275726771,0.0002915659089846924,0.0003094314275726771,0.0002915659089846924,-1.7260639992073887,-1.7260639992073887
2013-12-31,0.0039518563491114,-0.00702687478999175,-0.007046549322331266,-0.00702687478999175,-0.007046549322331266,-1.7781199945619957,-1.7781199945619957
2014-01-02,-0.0089014130166296,0.016385776362068286,0.016363229521164466,0.016385776362068286,0.016363229521164466,-1.84080621036867,-1.84080621036867
2014-01-03,-0.0003330205201601,0.0005171712783177034,0.00045302128661503,0.0005171712783177034,0.00045302128661503,-1.552971204504373,-1.552971204504373
2014-01-06,-0.0025149272537596,-0.0,-0.00031059424090087464,-0.0,-0.00031059424090087464,0.0,0.0
2014-01-07,0.0060633453753915,0.0,0.0,0.0,0.0,0.0,0.0
2014-01-08,-0.0002122315034513,-0.0,-0.0,-0.0,-0.0,0.0,0.0
2014-01-09,0.0003482485435144,0.0,0.0,0.0,0.0,0.0,0.0
2014-01-10,0.0023040304904551,0.0,0.0,0.0,0.0,0.0,0.0
2014-01-13,-0.0126559664587944,-0.0,-0.0,-0.0,-0.0,0.0,0.0
2014-01-14,0.0107598761199341,0.0,0.0,0.0,0.0,0.0,0.0
2014-01-15,0.005152889134683,0.0,0.0,0.0,0.0,0.0,0.0
2014-01-16,-0.0013480284864257,-0.0,-0.0,-0.0,-0.0,0.0,0.0
2014-01-17,-0.0039027803200157,-0.0,-0.0,-0.0,-0.0,0.0,0.0
2014-01-21,0.0027699122428179,0.0,0.0,0.0,0.0,0.0,0.0
2014-01-22,0.0005747000497677,0.0,0.0,0.0,0.0,0.0,0.0
2014-01-23,-0.0089293247645709,-0.0,-0.0,-0.0,-0.0,0.0,0.0
2014-01-24,-0.0210964214273401,-0.0,-0.0,-0.0,-0.0,0.0,0.0
2014-01-27,-0.0048882218533394,-0.004900894638129132,-0.0051014440042430505,-0.004900894638129132,-0.0051014440042430505,1.0025925142454561,1.0025925142454561
2014-01-28,0.0061218756224317,0.006038362445075834,0.0060351155895941,0.006038362445075834,0.0060351155895941,0.9863582368367861,0.9863582368367861
2014-01-29,-0.0102617039084957,-0.010578546762319268,-0.010587817937674082,-0.010578546762319268,-0.010587817937674082,1.0308762420596889,1.0308762420596889
2014-01-30,0.0112040443722181,0.01058188397187411,0.010564602726740367,0.01058188397187411,0.010564602726740367,0.9444700163909812,0.9444700163909812
2014-01-31,-0.0064862902142497,-0.00638646758072432,-0.0063944956197776225,-0.00638646758072432,-0.0063944956197776225,0.9846102116574925,0.9846102116574925
2014-02-03,-0.0230966047044871,-0.021967502693450384,-0.021974201947848184,-0.021967502693450384,-0.021974201947848184,0.9511139396684847,0.9511139396684847
2014-02-04,0.0076120436830819,0.005759328977193509,0.005720427679702486,0.005759328977193509,0.005720427679702486,0.7566074522133747,0.7566074522133747
2014-02-05,-0.0020302824086568,-0.0016126699844218545,-0.0016202101358419754,-0.0016126699844218545,-0.0016202101358419754,0.7943082093139788,0.7943082093139788
2014-02-06,0.0123630544533757,0.0101050112019843,0.010100401733368809,0.0101050112019843,0.010100401733368809,0.8173555523914361,0.8173555523914361
2014-02-07,0.0132141935042966,0.011289958658311517,0.011282553526442656,0.011289958658311517,0.011282553526442656,0.8543812117357433,0.8543812117357433
2014-02-10,0.0015680048032544,0.0,-0.00017087624234714868,0.0,-0.00017087624234714868,0.0,0.0
2014-02-11,0.0110013759442546,0.0,0.0,0.0,0.0,0.0,0.0
2014-02-12,-0.000269298647721,-0.0,-0.0,-0.0,-0.0,0.0,0.0
2014-02-13,0.0057932119787764,0.0,0.0,0.0,0.0,0.0,0.0
2014-02-14,0.0047976893855485,0.0,0.0,0.0,0.0,0.0,0.0
2014-02-18,0.0011578033925587,0.0,0.0,0.0,0.0,0.0,0.0
2014-02-19,-0.0065458617731959,-0.0,-0.0,-0.0,-0.0,0.0,0.0
2014-02-20,0.0060133418269341,0.0,0.0,0.0,0.0,0.0,0.0
2014-02-21,-0.0019205666731814,-0.0,-0.0,-0.0,-0.0,0.0,0.0
2014-02-24,0.0061674555523314,0.0,0.0,0.0,0.0,0.0,0.0
2014-02-25,-0.0013485906767742,-0.0,-0.0,-0.0,-0.0,0.0,0.0
2014-02-26,2.169974212495873e-05,0.0,0.0,0.0,0.0,0.0,0.0
2014-02-27,0.0049358814084161,0.0,0.0,0.0,0.0,0.0,0.0
2014-02-28,0.0027788242813375,0.0,0.0,0.0,0.0,0.0,0.0
2014-03-03,-0.0074058662004548,-0.0,-0.0,-0.0,-0.0,0.0,0.0
2014-03-04,0.0151523226761423,0.0,0.0,0.0,0.0,0.0,0.0
2014-03-05,-5.335274966444814e-05,-0.0,-0.0,-0.0,-0.0,0.0,0.0
2014-03-06,0.0017169334968567,0.0,0.0,0.0,0.0,0.0,0.0
2014-03-07,0.0005379445771156,0.0,0.0,0.0,0.0,0.0,0.0
2014-03-10,-0.0004633536412192,-0.0,-0.0,-0.0,-0.0,0.0,0.0
2014-03-11,-0.0050950969752152,-0.0,-0.0,-0.0,-0.0,0.0,0.0
2014-03-12,0.0003051243232095,0.0,0.0,0.0,0.0,0.0,0.0
2014-03-13,-0.0117700916958831,-0.0,-0.0,-0.0,-0.0,0.0,0.0
2014-03-14,-0.0028257664174455,-0.003528995035523574,-0.003781730283546361,-0.003528995035523574,-0.003781730283546361,1.248862968197419,1.248862968197419
2014-03-17,0.009567717695039,0.011901098605137508,0.011897198794521236,0.011901098605137508,0.011897198794521236,1.2438806186044138,1.2438806186044138
2014-03-18,0.0071936822454734,0.009290689046384566,0.009277693505511928,0.009290689046384566,0.009277693505511928,1.2915067317896478,1.2915067317896478
2014-03-19,-0.0061505250967348,-0.008254459296109299,-0.008268645041271151,-0.008254459296109299,-0.008268645041271151,1.3420739150371792,1.3420739150371792
2014-03-20,0.0060223340875218,0.007582426817346937,0.007562738327036403,0.007582426817346937,0.007562738327036403,1.259051176363269,1.259051176363269
2014-03-21,-0.0029369801166092,-0.003847328335482501,-0.0038612002345490763,-0.003847328335482501,-0.0038612002345490763,1.3099606339604082,1.3099606339604082
2014-03-24,-0.0048765809593627,-0.0,-0.00026199212679208167,-0.0,-0.00026199212679208167,0.0,0.0
2014-03-25,0.004394270848822,0.0,0.0,0.0,0.0,0.0,0.0
2014-03-26,-0.0070249369548758,-0.0,-0.0,-0.0,-0.0,0.0,0.0
2014-03-27,-0.0019018913439774,-0.0,-0.0,-0.0,-0.0,0.0,0.0
2014-03-28,0.0046294892434097,0.0,0.0,0.0,0.0,0.0,0.0
2014-03-31,0.0078928713847963,0.0,0.0,0.0,0.0,0.0,0.0
2014-04-01,0.0070146880442134,0.0,0.0,0.0,0.0,0.0,0.0
2014-04-02,0.0028492638318393,-0.003914245318219123,-0.004193449864243425,-0.003914245318219123,-0.004193449864243425,-1.373774262137157,-1.373774262137157
2014-04-03,-0.0011270852130111,0.0016118367812488082,0.0015954528586621095,0.0016118367812488082,0.0015954528586621095,-1.4300930955722992,-1.4300930955722992
2014-04-04,-0.012616542925314,0.018354053020870807,0.018343705645122624,0.018354053020870807,0.018343705645122624,-1.4547608746327008,-1.4547608746327008
2014-04-07,-0.0108083123321494,0.012999527766232265,0.01294670894424056,0.012999527766232265,0.01294670894424056,-1.2027342814257023,-1.2027342814257023
2014-04-08,0.0037435379801769,-0.003991607379232633,-0.004019689910879794,-0.003991607379232633,-0.004019689910879794,-1.0662660297209032,-1.0662660297209032
2014-04-09,0.010859039341966,-0.01209949809007224,-0.012110451363853598,-0.01209949809007224,-0.012110451363853598,-1.1142328256710836,-1.1142328256710836
2014-04-10,-0.0211059677373874,0.024453426203703964,0.024442664151687006,0.024453426203703964,0.024442664151687006,-1.158602462960598,-1.158602462960598
2014-04-11,-0.0095320597398975,0.008496154229050082,0.008442698549329171,0.008496154229050082,0.008442698549329171,-0.8913240643560468,-0.8913240643560468
2014-04-14,0.0081837081507405,-0.006873641006538237,-0.0068839222872519295,-0.006873641006538237,-0.0068839222872519295,-0.839917660787583,-0.839917660787583
2014-04-15,0.0067345795177038,-0.005924373720370032,-0.005932329122626938,-0.005924373720370032,-0.005932329122626938,-0.8796946720721157,-0.8796946720721157
2014-04-16,0.0104338679487661,0.0,-0.00017593893441442314,0.0,-0.00017593893441442314,0.0,0.0
2014-04-17,0.0013629237070942,0.0,0.0,0.0,0.0,0.0,0.0
2014-04-21,0.0037680156555719,0.0,0.0,0.0,0.0,0.0,0.0
2014-04-22,0.0040837889961284,0.0,0.0,0.0,0.0,0.0,0.0
2014-04-23,-0.0022157668625224,-0.0,-0.0,-0.0,-0.0,0.0,0.0
2014-04-24,0.0017154882753311,0.0,0.0,0.0,0.0,0.0,0.0
2014-04-25,-0.0081293447435015,-0.0,-0.0,-0.0,-0.0,0.0,0.0
2014-04-28,0.0032308111625019,0.0,0.0,0.0,0.0,0.0,0.0
2014-04-29,0.0047494605046338,0.0,0.0,0.0,0.0,0.0,0.0
2014-04-30,0.0029875498027012,0.0,0.0,0.0,0.0,0.0,0.0
2014-05-01,-0.0001432717443323,-0.0,-0.0,-0.0,-0.0,0.0,0.0
2014-05-02,-0.0013493550298715,-0.0,-0.0,-0.0,-0.0,0.0,0.0
2014-05-05,0.00186946758234,0.0,0.0,0.0,0.0,0.0,0.0
2014-05-06,-0.0090290314619911,-0.0,-0.0,-0.0,-0.0,0.0,0.0
2014-05-07,0.0056007548710335,0.0,0.0,0.0,0.0,0.0,0.0
2014-05-08,-0.0013745692327864,-0.0,-0.0,-0.0,-0.0,0.0,0.0
2014-05-09,0.0015183231948787,0.0,0.0,0.0,0.0,0.0,0.0
2014-05-12,0.0096262561723161,0.0,0.0,0.0,0.0,0.0,0.0
2014-05-13,0.0004216687882827,0.0,0.0,0.0,0.0,0.0,0.0
2014-05-14,-0.0047120895650172,-0.0,-0.0,-0.0,-0.0,0.0,0.0
2014-05-15,-0.0094059041839349,-0.0,-0.0,-0.0,-0.0,0.0,0.0
2014-05-16,0.0037399628190009,0.0,0.0,0.0,0.0,0.0,0.0
2014-05-19,0.0038374141897037,0.0,0.0,0.0,0.0,0.0,0.0
2014-05-20,-0.0065196046085427,-0.0,-0.0,-0.0,-0.0,0.0,0.0
2014-05-21,0.0080833405477465,0.0,0.0,0.0,0.0,0.0,0.0
2014-05-22,0.0023594441947141,0.0,0.0,0.0,0.0,0.0,0.0
2014-05-23,0.0042393929178849,0.0,0.0,0.0,0.0,0.0,0.0
2014-05-27,0.0059699502115284,0.0,0.0,0.0,0.0,0.0,0.0
2014-05-28,-0.0011146927500584,-0.0,-0.0,-0.0,-0.0,0.0,0.0
2014-05-29,0.0053527586573611,0.0,0.0,0.0,0.0,0.0,0.0
2014-05-30,0.0018419804431015,0.0,0.0,0.0,0.0,0.0,0.0
2014-06-02,0.0007275613640587,0.0,0.0,0.0,0.0,0.0,0.0
2014-06-03,-0.000379288469535,-0.0,-0.0,-0.0,-0.0,0.0,0.0
2014-06-04,0.0018898766063628,0.0,0.0,0.0,0.0,0.0,0.0
2014-06-05,0.0065040821196626,0.0,0.0,0.0,0.0,0.0,0.0
2014-06-06,0.0046170835480197,0.0,0.0,0.0,0.0,0.0,0.0
2014-06-09,0.0009383308564867,0.0,0.0,0.0,0.0,0.0,0.0
2014-06-10,-0.0002460138818793,-0.0,-0.0,-0.0,-0.0,0.0,0.0
2014-06-11,-0.0035433111516667,-0.0,-0.0,-0.0,-0.0,0.0,0.0
2014-06-12,-0.0071141390889097,-0.0,-0.0,-0.0,-0.0,0.0,0.0
2014-06-13,0.0031296591990708,0.0,0.0,0.0,0.0,0.0,0.0
2014-06-16,0.0008363553307866,0.0,0.0,0.0,0.0,0.0,0.0
2014-06-17,0.0021702124448887,0.0,0.0,0.0,0.0,0.0,0.0
2014-06-18,0.0076892431607298,0.0,0.0,0.0,0.0,0.0,0.0
2014-06-19,0.0012766632951644,0.0,0.0,0.0,0.0,0.0,0.0
2014-06-20,0.0017285634956767,0.0,0.0,0.0,0.0,0.0,0.0
2014-06-23,-0.0001324728528988,-0.0,-0.0,-0.0,-0.0,0.0,0.0
2014-06-24,-0.0064561064986179,-0.0,-0.0,-0.0,-0.0,0.0,0.0
2014-06-25,0.0048855574227175,0.0,0.0,0.0,0.0,0.0,0.0
2014-06-26,-0.0011795794276396,-0.0,-0.0,-0.0,-0.0,0.0,0.0
2014-06-27,0.0019090452380838,0.0,0.0,0.0,0.0,0.0,0.0
2014-06-30,-0.0003723259970014,-0.0,-0.0,-0.0,-0.0,0.0,0.0
2014-07-01,0.0066555728968227,0.0,0.0,0.0,0.0,0.0,0.0
2014-07-02,0.000658596075123,0.0,0.0,0.0,0.0,0.0,0.0
2014-07-03,0.0054645502276722,0.0,0.0,0.0,0.0,0.0,0.0
2014-07-07,-0.0039312390543235,0.007862478108647,0.0074505733467422385,0.007862478108647,0.0074505733467422385,-2.0,-2.0
2014-07-08,-0.0070737621816805,0.014147524363361,0.014135619601456238,0.014147524363361,0.014135619601456238,-2.0,-2.0
2014-07-09,0.0046335165532589,-0.008160508485572529,-0.00821733204935112,-0.008160508485572529,-0.00821733204935112,-1.7611911799112883,-1.7611911799112883
2014-07-10,-0.0041396283244736,0.00754780120779272,0.007525577389029558,0.00754780120779272,0.007525577389029558,-1.8233040785738917,-1.8233040785738917
2014-07-11,0.0014698419980474,-0.0025206602454637007,-0.002550848166333209,-0.0025206602454637007,-0.002550848166333209,-1.7149191877849808,-1.7149191877849808
2014-07-14,0.0048318607269965,0.0,-0.0003429838375569962,0.0,-0.0003429838375569962,0.0,0.0
2014-07-15,-0.0019339645679457,-0.0,-0.0,-0.0,-0.0,0.0,0.0
2014-07-16,0.0041922850094486,0.0,0.0,0.0,0.0,0.0,0.0
2014-07-17,-0.0119046059274774,-0.0,-0.0,-0.0,-0.0,0.0,0.0
2014-07-18,0.0102126088996712,0.0,0.0,0.0,0.0,0.0,0.0
2014-07-21,-0.0023229464239049,-0.0,-0.0,-0.0,-0.0,0.0,0.0
2014-07-22,0.0050036111673001,0.0,0.0,0.0,0.0,0.0,0.0
2014-07-23,0.0017529007770127,0.0,0.0,0.0,0.0,0.0,0.0
2014-07-24,0.000488036812551,0.0,0.0,0.0,0.0,0.0,0.0
2014-07-25,-0.0048609460461097,-0.0,-0.0,-0.0,-0.0,0.0,0.0
2014-07-28,0.0002881133935535,0.0,0.0,0.0,0.0,0.0,0.0
2014-07-29,-0.0045380684137139,-0.0,-0.0,-0.0,-0.0,0.0,0.0
2014-07-30,6.091091940962912e-05,0.0,0.0,0.0,0.0,0.0,0.0
2014-07-31,-0.0202019321552295,-0.0,-0.0,-0.0,-0.0,0.0,0.0
2014-08-01,-0.0028632162312982,-0.0031884778485188523,-0.0034125502482211445,-0.0031884778485188523,-0.0034125502482211445,1.113600088482726,1.113600088482726
2014-08-04,0.0071633144496461,0.00800116994956725,0.007999104573369751,0.00800116994956725,0.007999104573369751,1.1169647801741474,1.1169647801741474
2014-08-05,-0.0097326791973362,-0.011331623564836897,-0.011343043625713888,-0.011331623564836897,-0.011343043625713888,1.1642861472243247,1.1642861472243247
2014-08-06,1.563842636009838e-05,1.6476085499869293e-05,-6.305980900465914e-06,1.6476085499869293e-05,-6.305980900465914e-06,1.0535641579582593,1.0535641579582593
2014-08-07,-0.0055721154467329,-0.0,-0.00021071283159165187,-0.0,-0.00021071283159165187,0.0,0.0
2014-08-08,0.011465422557972,0.0,0.0,0.0,0.0,0.0,0.0
2014-08-11,0.0027556250258413,0.0,0.0,0.0,0.0,0.0,0.0
2014-08-12,-0.0016379823741559,-0.0,-0.0,-0.0,-0.0,0.0,0.0
2014-08-13,0.0066847671025112,0.0,0.0,0.0,0.0,0.0,0.0
2014-08-14,0.0043363982736979,0.0,0.0,0.0,0.0,0.0,0.0
2014-08-15,-6.137480757129055e-05,-0.0,-0.0,-0.0,-0.0,0.0,0.0
2014-08-18,0.0084954832196597,0.0,0.0,0.0,0.0,0.0,0.0
2014-08-19,0.0049881901791977,0.0,0.0,0.0,0.0,0.0,0.0
2014-08-20,0.0024747482825437,0.0,0.0,0.0,0.0,0.0,0.0
2014-08-21,0.0029455472802704,0.0,0.0,0.0,0.0,0.0,0.0
2014-08-22,-0.0019945749188226,-0.0,-0.0,-0.0,-0.0,0.0,0.0
2014-08-25,0.0047763538636038,0.0,0.0,0.0,0.0,0.0,0.0
2014-08-26,0.0010505288952433,0.0,0.0,0.0,0.0,0.0,0.0
2014-08-27,4.998604328498857e-05,0.0,0.0,0.0,0.0,0.0,0.0
2014-08-28,-0.0016913305449461,-0.0,-0.0,-0.0,-0.0,0.0,0.0
2014-08-29,0.00331491432902,0.0,0.0,0.0,0.0,0.0,0.0
2014-09-02,-0.0005442142177027,-0.0,-0.0,-0.0,-0.0,0.0,0.0
2014-09-03,-0.0007794447528013,-0.0,-0.0,-0.0,-0.0,0.0,0.0
2014-09-04,-0.001535599204713,-0.0,-0.0,-0.0,-0.0,0.0,0.0
2014-09-05,0.0050232477049592,0.0,0.0,0.0,0.0,0.0,0.0
2014-09-08,-0.0030778458543165,-0.0,-0.0,-0.0,-0.0,0.0,0.0
2014-09-09,-0.0065665215326848,-0.0,-0.0,-0.0,-0.0,0.0,0.0
2014-09-10,0.0036394436003677,0.0,0.0,0.0,0.0,0.0,0.0
2014-09-11,0.0008815167647231,0.0,0.0,0.0,0.0,0.0,0.0
2014-09-12,-0.0059804054920062,-0.0,-0.0,-0.0,-0.0,0.0,0.0
2014-09-15,-0.0007104037481093,-0.0,-0.0,-0.0,-0.0,0.0,0.0
2014-09-16,0.007456507324556,0.0,0.0,0.0,0.0,0.0,0.0
2014-09-17,0.0012948050790884,0.0,0.0,0.0,0.0,0.0,0.0
2014-09-18,0.0048792571273397,0.0,0.0,0.0,0.0,0.0,0.0
2014-09-19,-0.000477383510403,-0.0,-0.0,-0.0,-0.0,0.0,0.0
2014-09-22,-0.0080456025302186,-0.0,-0.0,-0.0,-0.0,0.0,0.0
2014-09-23,-0.005793250079626,-0.0,-0.0,-0.0,-0.0,0.0,0.0
2014-09-24,0.0078019767586541,0.0,0.0,0.0,0.0,0.0,0.0
2014-09-25,-0.0163009132651703,-0.0,-0.0,-0.0,-0.0,0.0,0.0
2014-09-26,0.0085392611240013,0.0,0.0,0.0,0.0,0.0,0.0
2014-09-29,-0.0025500508569153,-0.0,-0.0,-0.0,-0.0,0.0,0.0
2014-09-30,-0.002789816544312,-0.0,-0.0,-0.0,-0.0,0.0,0.0
2014-10-01,-0.0133371061126377,-0.0,-0.0,-0.0,-0.0,0.0,0.0
2014-10-02,5.1433282504120825e-06,0.0,0.0,0.0,0.0,0.0,0.0
2014-10-03,0.0111036355239031,0.0,0.0,0.0,0.0,0.0,0.0
2014-10-06,-0.0015663860013983,-0.0,-0.0,-0.0,-0.0,0.0,0.0
2014-10-07,-0.0152416186191288,-0.0,-0.0,-0.0,-0.0,0.0,0.0
2014-10-08,0.0173109474980588,0.0,0.0,0.0,0.0,0.0,0.0
2014-10-09,-0.0208778484543143,-0.0,-0.0,-0.0,-0.0,0.0,0.0
2014-10-10,-0.0115170800262109,-0.0,-0.0,-0.0,-0.0,0.0,0.0
2014-10-13,-0.0166050332025227,-0.0,-0.0,-0.0,-0.0,0.0,0.0
2014-10-14,0.0015776196808667,-0.0010614331395524135,-0.0011959944856645883,0.0010614331395524135,0.0009268717934402388,-0.6728067305608738,0.6728067305608738
2014-10-15,-0.0081333007260777,0.005776226158939684,0.0057687485874345764,-0.005776226158939684,-0.005783703730444792,-0.7101945880864141,0.7101945880864141
2014-10-16,0.0001449672004421,-0.00010076148986866955,-0.00010378759691724204,0.00010076148986866955,9.773538282009706e-05,-0.6950640528435517,0.6950640528435517
2014-10-17,0.0128018133771465,-0.009380144260443136,-0.009387675443043211,0.009380144260443136,0.00937261307784306,-0.7327199658439288,0.7327199658439288
2014-10-20,0.0091011161212808,-0.006992070481282553,-0.006999179521172718,0.0,-0.00014654399316878577,-0.768265165294755,0.0
2014-10-21,0.0193853708277513,0.0,-0.000153653033058951,0.0,0.0,0.0,0.0
2014-10-22,-0.0073261006616123,0.006162064935975611,0.005993842706426843,0.006162064935975611,0.005993842706426843,-0.8411111477438379,-0.8411111477438379
2014-10-23,0.0122283057215994,-0.009985169466129762,-0.009990079300757088,-0.009985169466129762,-0.009990079300757088,-0.8165619746072028,-0.8165619746072028
2014-10-24,0.0070286901757166,-0.006007030672386575,-0.006014647156735991,-0.006007030672386575,-0.006014647156735991,-0.8546443963542805,-0.8546443963542805
2014-10-27,-0.0015026968788385,0.0013461042927474865,0.0013378747120915543,0.0013461042927474865,0.0013378747120915543,-0.8957922996339417,-0.8957922996339417
2014-10-28,0.0118683645669106,-0.01095068994115046,-0.010956067267589407,-0.01095068994115046,-0.010956067267589407,-0.9226789318286828,-0.9226789318286828
2014-10-29,-0.0013863159906426,0.0013356952486038118,0.0013275339503770701,0.0013356952486038118,0.0013275339503770701,-0.9634854229623911,-0.9634854229623911
2014-10-30,0.0062107972478733,-0.00615613681844796,-0.006161679559525397,-0.00615613681844796,-0.006161679559525397,-0.991199128349576,-0.991199128349576
2014-10-31,0.0116631142331486,-0.012088573632919401,-0.012098063892971559,-0.012088573632919401,-0.012098063892971559,-1.0364790562165267,-1.0364790562165267
2014-11-03,-0.0001189289163994,0.00012841061090304744,0.0001188121606237679,0.00012841061090304744,0.0001188121606237679,-1.0797257285335466,-1.0797257285335466
2014-11-04,-0.0028338532526657,0.003189291168261053,0.003178658019271201,0.003189291168261053,0.003178658019271201,-1.1254256603657955,-1.1254256603657955
2014-11-05,0.0056843110608051,0.0,-0.0002250851320731591,0.0,-0.0002250851320731591,0.0,0.0
2014-11-06,0.0037684036443277,0.0,0.0,0.0,0.0,0.0,0.0
2014-11-07,0.0003495251267811,0.0,0.0,0.0,0.0,0.0,0.0
2014-11-10,0.0031153270195591,0.0,0.0,0.0,0.0,0.0,0.0
2014-11-11,0.0006964516302874,0.0,0.0,0.0,0.0,0.0,0.0
2014-11-12,-0.0007013625789182,-0.0,-0.0,-0.0,-0.0,0.0,0.0
2014-11-13,0.0005297044284002,0.0,0.0,0.0,0.0,0.0,0.0
2014-11-14,0.0002402413485471,0.0,0.0,0.0,0.0,0.0,0.0
2014-11-17,0.0007350887776578,0.0,0.0,0.0,0.0,0.0,0.0
2014-11-18,0.0051208493536885,0.0,0.0,0.0,0.0,0.0,0.0
2014-11-19,-0.0015022868756187,-0.0,-0.0,-0.0,-0.0,0.0,0.0
2014-11-20,0.0019651640132032,0.0,0.0,0.0,0.0,0.0,0.0
2014-11-21,0.0052232126037381,0.0,0.0,0.0,0.0,0.0,0.0
2014-11-24,0.0028599298137388,0.0,0.0,0.0,0.0,0.0,0.0
2014-11-25,-0.0011506914684167,-0.0,-0.0,-0.0,-0.0,0.0,0.0
2014-11-26,0.002802052471603,0.0,0.0,0.0,0.0,0.0,0.0
2014-11-28,-0.0025456646370125,-0.0,-0.0,-0.0,-0.0,0.0,0.0
2014-12-01,-0.0068527893448342,-0.0,-0.0,-0.0,-0.0,0.0,0.0
2014-12-02,0.0063641667588481,0.0,0.0,0.0,0.0,0.0,0.0
2014-12-03,0.003757673834027,0.0,0.0,0.0,0.0,0.0,0.0
2014-12-04,-0.0011625717317853,-0.0,-0.0,-0.0,-0.0,0.0,0.0
2014-12-05,0.001663831598921,0.0,0.0,0.0,0.0,0.0,0.0
2014-12-08,-0.0072830221497151,-0.0,-0.0,-0.0,-0.0,0.0,0.0
2014-12-09,-0.0002378518258341,-0.0,-0.0,-0.0,-0.0,0.0,0.0
2014-12-10,-0.0164861211830489,-0.0,-0.0,-0.0,-0.0,0.0,0.0
2014-12-11,0.0045254339716205,0.005526086595587143,0.005279230745438677,0.005526086595587143,0.005279230745438677,1.2211174950826478,1.2211174950826478
2014-12-12,-0.0163464657916581,-0.02083162292393243,-0.020845542033008292,-0.02083162292393243,-0.020845542033008292,1.2743808471775708,1.2743808471775708
2014-12-15,-0.0063627862717217,-0.006467663126382717,-0.006519438950135426,-0.006467663126382717,-0.006519438950135426,1.0164828504655459,1.0164828504655459
2014-12-16,-0.0085252598653813,-0.008346446269911724,-0.008353937752495317,-0.008346446269911724,-0.008353937752495317,0.979025437547577,0.979025437547577
2014-12-17,0.0201480732432957,0.01855872643832759,0.01854714468785109,0.01855872643832759,0.01854714468785109,0.9211166851650707,0.9211166851650707
2014-12-18,0.0237313748857088,0.02273190041415227,0.02272454698394251,0.02273190041415227,0.02272454698394251,0.9578838362138714,0.9578838362138714
2014-12-19,0.0045596379674188,0.004530059197589718,0.004522933382304689,0.004530059197589718,0.004522933382304689,0.9935129126390212,0.9935129126390212
2014-12-22,0.0038032224799273,0.0039609222215928955,0.003950838222113872,0.0039609222215928955,0.003950838222113872,1.041464769020983,1.041464769020983
2014-12-23,0.0017448386297047,0.0019038011630370072,0.0018927886537433004,0.0019038011630370072,0.0018927886537433004,1.0911044325968473,1.0911044325968473
2014-12-24,-0.000139306241075,-0.0001592610526248223,-0.00017139429494913421,-0.0001592610526248223,-0.00017139429494913421,1.1432442035319794,1.1432442035319794
2014-12-26,0.0033041099821211,0.0,-0.0002286488407063959,0.0,-0.0002286488407063959,0.0,0.0
2014-12-29,0.0008614034280896,0.0,0.0,0.0,0.0,0.0,0.0
2014-12-30,-0.0049005930345042,-0.0,-0.0,-0.0,-0.0,0.0,0.0
2014-12-31,-0.0103643835612503,-0.0,-0.0,-0.0,-0.0,0.0,0.0
2015-01-02,-0.0003400214731357,-0.0,-0.0,-0.0,-0.0,0.0,0.0
2015-01-05,-0.0184472135325872,-0.0,-0.0,-0.0,-0.0,0.0,0.0
2015-01-06,-0.0089332546906995,-0.008130973591800162,-0.00831301191653897,-0.008130973591800162,-0.00831301191653897,0.9101916236940385,0.9101916236940385
2015-01-07,0.0115627358448762,0.00993667778508892,0.009926513624361083,0.00993667778508892,0.009926513624361083,0.8593708200548545,0.8593708200548545
2015-01-08,0.0177301681271551,0.015960926424684434,0.015952758004663288,0.015960926424684434,0.015952758004663288,0.9002129201605855,0.9002129201605855
2015-01-09,-0.0084393221470788,-0.007927923338450346,-0.007935761325873711,-0.007927923338450346,-0.007935761325873711,0.9394028572774095,0.9394028572774095
2015-01-12,-0.0081266168434703,-0.0072212631183176225,-0.007231424886059112,-0.0072212631183176225,-0.007231424886059112,0.888594018569963,0.888594018569963
2015-01-13,-0.0025818854358163,-0.0,-0.0001777188037139926,-0.0,-0.0001777188037139926,0.0,0.0
2015-01-14,-0.0058300289679751,-0.0,-0.0,-0.0,-0.0,0.0,0.0
2015-01-15,-0.009290903004568,-0.0,-0.0,-0.0,-0.0,0.0,0.0
2015-01-16,0.0133348931862675,0.0,0.0,0.0,0.0,0.0,0.0
2015-01-20,0.0015487524334005,0.0,0.0,0.0,0.0,0.0,0.0
2015-01-21,0.0047204650221894,0.0,0.0,0.0,0.0,0.0,0.0
2015-01-22,0.0151543130706297,0.0,0.0,0.0,0.0,0.0,0.0
2015-01-23,-0.0055066562793015,-0.0,-0.0,-0.0,-0.0,0.0,0.0
2015-01-26,0.0025651679986227,0.0,0.0,0.0,0.0,0.0,0.0
2015-01-27,-0.0134782878158574,-0.0,-0.0,-0.0,-0.0,0.0,0.0
2015-01-28,-0.0135875028110215,-0.0,-0.0,-0.0,-0.0,0.0,0.0
2015-01-29,0.0094895170582631,0.0,0.0,0.0,0.0,0.0,0.0
2015-01-30,-0.0130770990063187,-0.0,-0.0,-0.0,-0.0,0.0,0.0
2015-02-02,0.0128791700002155,0.0,0.0,0.0,0.0,0.0,0.0
2015-02-03,0.014336238577453,0.0,0.0,0.0,0.0,0.0,0.0
2015-02-04,-0.0041647065724523,-0.0,-0.0,-0.0,-0.0,0.0,0.0
2015-02-05,0.0102388107109092,0.0,0.0,0.0,0.0,0.0,0.0
2015-02-06,-0.0034240276118788,-0.0,-0.0,-0.0,-0.0,0.0,0.0
2015-02-09,-0.0042562393104814,-0.0,-0.0,-0.0,-0.0,0.0,0.0
2015-02-10,0.0106189795540618,0.0,0.0,0.0,0.0,0.0,0.0
2015-02-11,-2.903401015785789e-05,-0.0,-0.0,-0.0,-0.0,0.0,0.0
2015-02-12,0.0095982950659161,0.0,0.0,0.0,0.0,0.0,0.0
2015-02-13,0.0040664592277792,0.0,0.0,0.0,0.0,0.0,0.0
2015-02-17,0.0015962996977982,0.0,0.0,0.0,0.0,0.0,0.0
2015-02-18,-0.0003143586232292,-0.0,-0.0,-0.0,-0.0,0.0,0.0
2015-02-19,-0.0010626217157181,-0.0,-0.0,-0.0,-0.0,0.0,0.0
2015-02-20,0.0061078427210556,0.0,0.0,0.0,0.0,0.0,0.0
2015-02-23,-0.0003033852119855,-0.0,-0.0,-0.0,-0.0,0.0,0.0
2015-02-24,0.0027549724688311,0.0,0.0,0.0,0.0,0.0,0.0
2015-02-25,-0.0007660169636025,-0.0,-0.0,-0.0,-0.0,0.0,0.0
2015-02-26,-0.0014771186302544,-0.0,-0.0,-0.0,-0.0,0.0,0.0
2015-02-27,-0.0029606830486317,-0.0,-0.0,-0.0,-0.0,0.0,0.0
2015-03-02,0.0061062381811325,0.0,0.0,0.0,0.0,0.0,0.0
2015-03-03,-0.0045488726038174,-0.0,-0.0,-0.0,-0.0,0.0,0.0
2015-03-04,-0.0043981612301546,-0.0,-0.0,-0.0,-0.0,0.0,0.0
2015-03-05,0.0011953652510365,0.0,0.0,0.0,0.0,0.0,0.0
2015-03-06,-0.0142753563624671,-0.0,-0.0,-0.0,-0.0,0.0,0.0
2015-03-09,0.0039366623579759,0.0,0.0,0.0,0.0,0.0,0.0
2015-03-10,-0.0171068209371414,-0.0,-0.0,-0.0,-0.0,0.0,0.0
2015-03-11,-0.001919520676485,-0.0018000935947972076,-0.001987650167315459,-0.0018000935947972076,-0.001987650167315459,0.937782862591256,0.937782862591256
2015-03-12,0.012522702206037,0.012025794659991861,0.012021287339875272,0.012025794659991861,0.012021287339875272,0.9603194631742031,0.9603194631742031
2015-03-13,-0.0060932370901962,-0.006117202368707407,-0.006125971917568724,-0.006117202368707407,-0.006125971917568724,1.0039330947009704,1.0039330947009704
2015-03-16,0.0134429090238556,0.013048256644267448,0.013041598492924739,0.013048256644267448,0.013041598492924739,0.9706423379874247,0.9706423379874247
2015-03-17,-0.0033256977077824,-0.0033729754305385053,-0.003381859375813239,-0.0033729754305385053,-0.003381859375813239,1.0142158809700208,1.0142158809700208
2015-03-18,0.0120851015016292,0.0,-0.00020284317619400418,0.0,-0.00020284317619400418,0.0,0.0
2015-03-19,-0.0048844891269501,-0.0,-0.0,-0.0,-0.0,0.0,0.0
2015-03-20,0.0089723821932592,0.0,0.0,0.0,0.0,0.0,0.0
2015-03-23,-0.0017472566067135,-0.0,-0.0,-0.0,-0.0,0.0,0.0
2015-03-24,-0.006158345701591,-0.0,-0.0,-0.0,-0.0,0.0,0.0
2015-03-25,-0.0146659265272388,-0.0,-0.0,-0.0,-0.0,0.0,0.0
2015-03-26,-0.0023803307374734,-0.0,-0.0,-0.0,-0.0,0.0,0.0
2015-03-27,0.0023657607295035,0.0,0.0,0.0,0.0,0.0,0.0
2015-03-30,0.0121623826471495,0.0,0.0,0.0,0.0,0.0,0.0
2015-03-31,-0.008834686217531,-0.0,-0.0,-0.0,-0.0,0.0,0.0
2015-04-01,-0.0039732542018473,-0.0,-0.0,-0.0,-0.0,0.0,0.0
2015-04-02,0.0035234523037139,0.0,0.0,0.0,0.0,0.0,0.0
2015-04-06,0.0065870726471652,0.0,0.0,0.0,0.0,0.0,0.0
2015-04-07,-0.0020640327085867,-0.0,-0.0,-0.0,-0.0,0.0,0.0
2015-04-08,0.0026789415573471,0.0,0.0,0.0,0.0,0.0,0.0
2015-04-09,0.0044475758736259,0.0,0.0,0.0,0.0,0.0,0.0
2015-04-10,0.0051893768994561,0.0,0.0,0.0,0.0,0.0,0.0
2015-04-13,-0.0045918068209616,-0.0,-0.0,-0.0,-0.0,0.0,0.0
2015-04-14,0.0016284322585136,0.0,0.0,0.0,0.0,0.0,0.0
2015-04-15,0.005134989044996,0.0,0.0,0.0,0.0,0.0,0.0
2015-04-16,-0.0007787467579856,-0.0,-0.0,-0.0,-0.0,0.0,0.0
2015-04-17,-0.0113757041890529,-0.0,-0.0,-0.0,-0.0,0.0,0.0
2015-04-20,0.0091927485865364,0.0,0.0,0.0,0.0,0.0,0.0
2015-04-21,-0.0014817025047682,-0.0,-0.0,-0.0,-0.0,0.0,0.0
2015-04-22,0.0050745828533864,0.0,0.0,0.0,0.0,0.0,0.0
2015-04-23,0.0023549408425527,0.0,0.0,0.0,0.0,0.0,0.0
2015-04-24,0.0022502668247534,0.0,0.0,0.0,0.0,0.0,0.0
2015-04-27,-0.0041499132407345,-0.0,-0.0,-0.0,-0.0,0.0,0.0
2015-04-28,0.0027654044373459,0.0,0.0,0.0,0.0,0.0,0.0
2015-04-29,-0.0037473481275727,-0.0,-0.0,-0.0,-0.0,0.0,0.0
2015-04-30,-0.0101805530332486,-0.0,-0.0,-0.0,-0.0,0.0,0.0
2015-05-01,0.0108637765634558,0.0,0.0,0.0,0.0,0.0,0.0
2015-05-04,0.002936433147763,0.0,0.0,0.0,0.0,0.0,0.0
2015-05-05,-0.0119080033585303,-0.0,-0.0,-0.0,-0.0,0.0,0.0
2015-05-06,-0.0044656811409318,-0.0,-0.0,-0.0,-0.0,0.0,0.0
2015-05-07,0.0037667104694749,0.0,0.0,0.0,0.0,0.0,0.0
2015-05-08,0.0133681479873617,0.0,0.0,0.0,0.0,0.0,0.0
2015-05-11,-0.005102556456082,-0.0,-0.0,-0.0,-0.0,0.0,0.0
2015-05-12,-0.0029539964393672,-0.0,-0.0,-0.0,-0.0,0.0,0.0
2015-05-13,-0.000305001290652,-0.0,-0.0,-0.0,-0.0,0.0,0.0
2015-05-14,0.0107216042617599,0.0,0.0,0.0,0.0,0.0,0.0
2015-05-15,0.0007681188278665,0.0,0.0,0.0,0.0,0.0,0.0
2015-05-18,0.0030433124725703,0.0,0.0,0.0,0.0,0.0,0.0
2015-05-19,-0.000643581597842,-0.0,-0.0,-0.0,-0.0,0.0,0.0
2015-05-20,-0.0009309494507938,-0.0,-0.0,-0.0,-0.0,0.0,0.0
2015-05-21,0.002335145908745,0.0,0.0,0.0,0.0,0.0,0.0
2015-05-22,-0.0022363851494837,-0.0,-0.0,-0.0,-0.0,0.0,0.0
2015-05-26,-0.010335204907502,-0.0,-0.0,-0.0,-0.0,0.0,0.0
2015-05-27,0.0091209189291099,0.0,0.0,0.0,0.0,0.0,0.0
2015-05-28,-0.0012675639174872,-0.0,-0.0,-0.0,-0.0,0.0,0.0
2015-05-29,-0.0063385151840975,-0.0,-0.0,-0.0,-0.0,0.0,0.0
2015-06-01,0.0020573434991471,0.0,0.0,0.0,0.0,0.0,0.0
2015-06-02,-0.0010091051653473,-0.0,-0.0,-0.0,-0.0,0.0,0.0
2015-06-03,0.0021166294697554,0.0,0.0,0.0,0.0,0.0,0.0
2015-06-04,-0.008660562215101,-0.0,-0.0,-0.0,-0.0,0.0,0.0
2015-06-05,-0.0014372152327322,-0.0,-0.0,-0.0,-0.0,0.0,0.0
2015-06-08,-0.0064955603383056,-0.0,-0.0,-0.0,-0.0,0.0,0.0
2015-06-09,0.000418265519003,0.0,0.0,0.0,0.0,0.0,0.0
2015-06-10,0.011970491752514,0.0,0.0,0.0,0.0,0.0,0.0
2015-06-11,0.0017371167565283,0.0,0.0,0.0,0.0,0.0,0.0
2015-06-12,-0.0070188746531023,-0.0,-0.0,-0.0,-0.0,0.0,0.0
2015-06-15,-0.004633289621772,-0.0,-0.0,-0.0,-0.0,0.0,0.0
2015-06-16,0.0056737305157543,0.0,0.0,0.0,0.0,0.0,0.0
2015-06-17,0.0019776843950722,0.0,0.0,0.0,0.0,0.0,0.0
2015-06-18,0.009854000054009,0.0,0.0,0.0,0.0,0.0,0.0
2015-06-19,-0.0053176152379492,-0.0,-0.0,-0.0,-0.0,0.0,0.0
2015-06-22,0.0060763679815423,0.0,0.0,0.0,0.0,0.0,0.0
2015-06-23,0.0006356664251931,0.0,0.0,0.0,0.0,0.0,0.0
2015-06-24,-0.0073804657183051,-0.0,-0.0,-0.0,-0.0,0.0,0.0
2015-06-25,-0.0029780041565965,-0.0,-0.0,-0.0,-0.0,0.0,0.0
2015-06-26,-0.0003901557449221,-0.0,-0.0,-0.0,-0.0,0.0,0.0
2015-06-29,-0.0210869695086115,-0.0,-0.0,-0.0,-0.0,0.0,0.0
2015-06-30,0.0026549623524676,0.0025263175072859907,0.002336008405167239,0.0025263175072859907,0.002336008405167239,0.9515455105937592,0.9515455105937592
2015-07-01,0.0069120964346369,0.006908044724581394,0.006898471062045278,0.006908044724581394,0.006898471062045278,0.9994138232743395,0.9994138232743395
2015-07-02,-0.000308070189547,-0.00032243433325624446,-0.00033243188339960163,-0.00032243433325624446,-0.00033243188339960163,1.0466262046657813,1.0466262046657813
2015-07-06,-0.0038692326988973,-0.004218638005524512,-0.004228448509084107,-0.004218638005524512,-0.004228448509084107,1.090303513336582,1.090303513336582
2015-07-07,0.0060625605938691,0.0,-0.0002180607026673164,0.0,-0.0002180607026673164,0.0,0.0
2015-07-08,-0.0167929649121418,-0.0,-0.0,-0.0,-0.0,0.0,0.0
2015-07-09,0.00225964764482,-0.002082950552611352,-0.0022673112034753305,0.0,0.0,-0.9218032543198906,0.0
2015-07-10,0.0122629863850081,0.0,-0.00018436065086397814,0.0,0.0,0.0,0.0
2015-07-13,0.0110052685073549,0.0,0.0,0.0,0.0,0.0,0.0
2015-07-14,0.0044432732365002,-0.004700755882331677,-0.004913035523005431,-0.004700755882331677,-0.004913035523005431,-1.0579488661008583,-1.0579488661008583
2015-07-15,-0.0007352563007367,0.0008145177225965975,0.000803263934040249,0.0008145177225965975,0.000803263934040249,-1.1078010780464995,-1.1078010780464995
2015-07-16,0.007982733444475,-0.009141617906852561,-0.009150820729716656,-0.009141617906852561,-0.009150820729716656,-1.1451738894250123,-1.1451738894250123
2015-07-17,0.0011055716244507,-0.0013215624553255846,-0.0013339266104250413,-0.0013215624553255846,-0.0013339266104250413,-1.1953657511626161,-1.1953657511626161
2015-07-20,0.0007709366240016,-0.0009643089111496438,-0.0009783873523597402,-0.0009643089111496438,-0.0009783873523597402,-1.2508277348977552,-1.2508277348977552
2015-07-21,-0.0042707962427233,0.005586680008157612,0.005571555145536425,0.005586680008157612,0.005571555145536425,-1.308112045306856,-1.308112045306856
2015-07-22,-0.0023905650201898,-0.0,-0.0002616224090613712,-0.0,-0.0002616224090613712,0.0,0.0
2015-07-23,-0.0056922102113796,-0.0,-0.0,-0.0,-0.0,0.0,0.0
2015-07-24,-0.0107610206966608,-0.0,-0.0,-0.0,-0.0,0.0,0.0
2015-07-27,-0.0057917550650641,-0.0,-0.0,-0.0,-0.0,0.0,0.0
2015-07-28,0.0123100738018893,0.0,0.0,0.0,0.0,0.0,0.0
2015-07-29,0.0072921429273833,0.0,0.0,0.0,0.0,0.0,0.0
2015-07-30,2.836690402219233e-05,0.0,0.0,0.0,0.0,0.0,0.0
2015-07-31,-0.0022741038010511,-0.0,-0.0,-0.0,-0.0,0.0,0.0
2015-08-03,-0.0027606939449054,-0.0,-0.0,-0.0,-0.0,0.0,0.0
2015-08-04,-0.0022522391669328,-0.0,-0.0,-0.0,-0.0,0.0,0.0
2015-08-05,0.003109838185491,0.0,0.0,0.0,0.0,0.0,0.0
2015-08-06,-0.0077831959225616,-0.0,-0.0,-0.0,-0.0,0.0,0.0
2015-08-07,-0.0028790228563382,-0.0,-0.0,-0.0,-0.0,0.0,0.0
2015-08-10,0.0127268356320255,0.0,0.0,0.0,0.0,0.0,0.0
2015-08-11,-0.0096030646801823,-0.0,-0.0,-0.0,-0.0,0.0,0.0
2015-08-12,0.0009496036382143,0.0,0.0,0.0,0.0,0.0,0.0
2015-08-13,-0.001276025868381,-0.0,-0.0,-0.0,-0.0,0.0,0.0
2015-08-14,0.0039043322743594,0.0,0.0,0.0,0.0,0.0,0.0
2015-08-17,0.0051978917094022,0.0,0.0,0.0,0.0,0.0,0.0
2015-08-18,-0.0026289829356329,-0.0,-0.0,-0.0,-0.0,0.0,0.0
2015-08-19,-0.0082891364095969,-0.0,-0.0,-0.0,-0.0,0.0,0.0
2015-08-20,-0.0213259604541464,-0.0,-0.0,-0.0,-0.0,0.0,0.0
2015-08-21,-0.0323692425218782,0.0281841569359419,0.028010015345097488,-0.0281841569359419,-0.02835829852678631,-0.8707079542220482,0.8707079542220482
2015-08-24,-0.0402114443465189,0.025427541953990555,0.025379869543088407,-0.025427541953990555,-0.025475214364892702,-0.6323458997113047,0.6323458997113047
2015-08-25,-0.0136142497426563,0.006495538905689485,0.006464492375228048,-0.006495538905689485,-0.0065265854361509215,-0.4771132474041224,0.4771132474041224
2015-08-26,0.0382912994345323,-0.01782481384423491,-0.017827135376190534,0.01782481384423491,0.017822492312279285,-0.46550558762599553,0.46550558762599553
2015-08-27,0.0240072544896898,0.011772944885832158,0.011581765540403905,0.011772944885832158,0.011767967775454302,0.49039113951527397,0.49039113951527397
2015-08-28,0.0006085511568763,0.0,-9.80782279030548e-05,0.00031566404481144644,0.00030999945956079576,0.0,0.5187140657685273
2015-08-31,-0.0084270786639839,0.004647201756830829,0.004536909639191242,-0.004647201756830829,-0.004653751061316711,-0.5514605881979349,0.5514605881979349
2015-09-01,-0.0300226498424285,-0.0,-0.00011029211763958698,-0.016503378159541938,-0.01650373075987603,0.0,0.5496975865274588
2015-09-02,0.0181276714232145,-0.008482746524572225,-0.008576335450877555,0.008482746524572225,0.008466395933572063,-0.46794463152664634,0.46794463152664634
2015-09-03,0.001164115699419,-0.0005779292896346788,-0.0005836310592495435,0.0005779292896346788,0.0005722275200198141,-0.49645347960096947,0.49645347960096947
2015-09-04,-0.0154483087542764,0.008156318385637275,0.008150014113003005,-0.0,-9.92906959201939e-05,-0.527974842772316,0.0
2015-09-08,0.0247736371970388,-0.012453817292135724,-0.012458871373673207,0.0,0.0,-0.5027044350849028,0.0
2015-09-09,-0.013995035769085,-0.0074410504109995316,-0.0076479297244953755,-0.0,-0.0,0.5316921323943161,0.0
2015-09-10,0.005264075444936,0.0026898245546972113,0.0026856816450886393,0.0,0.0,0.5109775843514556,0.0
2015-09-11,0.0044770064449863,0.002429304519419883,0.0024229764257360548,0.0,0.0,0.5426180527705979,0.0
2015-09-14,-0.0040980412230444,-0.0023589637579792067,-0.0023655665519480146,-0.0,-0.0,0.5756320226146365,0.0
2015-09-15,0.012749687631433,0.007532770138944834,0.0075297325482907565,0.0,0.0,0.590819975885024,0.0
2015-09-16,0.0086677407153761,0.0,-0.00011816399517700481,0.0,0.0,0.0,0.0
2015-09-17,-0.0025643444425602,-0.0,-0.0,-0.0,-0.0,0.0,0.0
2015-09-18,-0.0162962309543841,-0.0,-0.0,-0.0,-0.0,0.0,0.0
2015-09-21,0.0045553920336729,0.0,0.0,0.0,0.0,0.0,0.0
2015-09-22,-0.0123949300193784,-0.0,-0.0,-0.0,-0.0,0.0,0.0
2015-09-23,-0.0020507442295931,-0.0,-0.0,-0.0,-0.0,0.0,0.0
2015-09-24,-0.0033686518713071,-0.0,-0.0,-0.0,-0.0,0.0,0.0
2015-09-25,-0.0004659018012205,-0.0,-0.0,-0.0,-0.0,0.0,0.0
2015-09-28,-0.0260012111628089,-0.0,-0.0,-0.0,-0.0,0.0,0.0
2015-09-29,0.0012320939129821,-0.0007153036827939635,-0.0008314155595360014,0.0,0.0,-0.5805593837101893,0.0
2015-09-30,0.0188958986035645,-0.011631515851514031,-0.01163851551442981,0.0,0.0,-0.6155576982890814,0.0
2015-10-01,0.0019719386783378,-0.001280159456134901,-0.0012868855701726836,0.0,0.0,-0.6491882684779944,0.0
2015-10-02,0.0142137930164052,0.0,-0.00012983765369559887,0.0,0.0,0.0,0.0
2015-10-05,0.0181245935185021,0.0,0.0,0.0,0.0,0.0,0.0
2015-10-06,-0.0035946893441431,0.0027337918902462922,0.002581690185285305,0.0027337918902462922,0.002581690185285305,-0.760508524804936,-0.760508524804936
2015-10-07,0.0080035198575529,-0.006184733248226738,-0.006187181875077328,-0.006184733248226738,-0.006187181875077328,-0.7727516590578858,-0.7727516590578858
2015-10-08,0.0087797801445583,-0.007144640345493027,-0.007152842160725161,-0.007144640345493027,-0.007152842160725161,-0.8137607352185543,-0.8137607352185543
2015-10-09,0.0007248485605151,-0.0006203880037739323,-0.000628813130872303,-0.0006203880037739323,-0.000628813130872303,-0.8558863707104077,-0.8558863707104077
2015-10-12,0.0012746644773331,-0.0011496822793915595,-0.0011588947940662131,-0.0011496822793915595,-0.0011588947940662131,-0.9019489440836754,-0.9019489440836754
2015-10-13,-0.0068488236901274,0.006504120654438519,0.006494576494048349,0.006504120654438519,0.006494576494048349,-0.949669746034524,-0.949669746034524
2015-10-14,-0.0047274309119389,0.00432135370430319,0.004314240140409154,0.00432135370430319,0.004314240140409154,-0.9141019265643457,-0.9141019265643457
2015-10-15,0.0147435513513549,-0.013364024812606172,-0.013365558824044431,-0.013364024812606172,-0.013365558824044431,-0.9064318693730494,-0.9064318693730494
2015-10-16,0.0045600613736969,0.0,-0.00018128637387460989,0.0,-0.00018128637387460989,0.0,0.0
2015-10-19,0.0002705089438732,0.0,0.0,0.0,0.0,0.0,0.0
2015-10-20,-0.0014221010558941,-0.0,-0.0,-0.0,-0.0,0.0,0.0
2015-10-21,-0.0058424489111335,-0.0,-0.0,-0.0,-0.0,0.0,0.0
2015-10-22,0.0164908470125935,0.0,0.0,0.0,0.0,0.0,0.0
2015-10-23,0.0109699539690426,0.0,0.0,0.0,0.0,0.0,0.0
2015-10-26,-0.0019149330010996,-0.0,-0.0,-0.0,-0.0,0.0,0.0
2015-10-27,-0.0025573858650878,0.0029323784063149615,0.0027013065582025633,0.0029323784063149615,0.0027013065582025633,-1.146631193339409,-1.146631193339409
2015-10-28,0.0117704884881435,-0.013571223497552633,-0.013574315991871642,-0.013571223497552633,-0.013574315991871642,-1.1529872792639853,-1.1529872792639853
2015-10-29,-0.0004498753806609,0.0005406020587504158,0.0005284645352168654,0.0005406020587504158,0.0005284645352168654,-1.2016706892389435,-1.2016706892389435
2015-10-30,-0.0048214816884248,0.006008541717428231,0.005996704409013654,0.006008541717428231,0.005996704409013654,-1.2462023306763297,-1.2462023306763297
2015-11-02,0.0118038763388144,-0.014173181450843403,-0.014184666945952589,-0.014173181450843403,-0.014184666945952589,-1.2007226307715606,-1.2007226307715606
2015-11-03,0.0027243529250675,-0.003406428838812557,-0.0034193373267421448,-0.003406428838812557,-0.0034193373267421448,-1.2503625383734591,-1.2503625383734591
2015-11-04,-0.0035516669396473,0.004646287040568203,0.004631050718388245,0.004646287040568203,0.004631050718388245,-1.3081989723477858,-1.3081989723477858
2015-11-05,-0.0011327897564985,0.0014525405433172677,0.001443994096516851,0.0014525405433172677,0.001443994096516851,-1.2822684306460632,-1.2822684306460632
2015-11-06,-0.0003476817800232,-0.0,-0.00025645368612921266,-0.0,-0.00025645368612921266,0.0,0.0
2015-11-09,-0.0098712906565028,-0.0,-0.0,-0.0,-0.0,0.0,0.0
2015-11-10,0.0015094551534495,0.0,0.0,0.0,0.0,0.0,0.0
2015-11-11,-0.0032333073215689,-0.0,-0.0,-0.0,-0.0,0.0,0.0
2015-11-12,-0.0140891633366324,-0.0,-0.0,-0.0,-0.0,0.0,0.0
2015-11-13,-0.0112706404321549,-0.0,-0.0,-0.0,-0.0,0.0,0.0
2015-11-16,0.0147933027942341,0.013543818977066923,0.013360711537633643,0.013543818977066923,0.013360711537633643,0.9155371971663975,0.9155371971663975
2015-11-17,-0.0013402770182464,-0.001285548459005878,-0.0012942742662081146,-0.001285548459005878,-0.0012942742662081146,0.95916623317758,0.95916623317758
2015-11-18,0.0160332298771717,0.0,-0.000191833246635516,0.0,-0.000191833246635516,0.0,0.0
2015-11-19,-0.0011237403289792,0.00116173931313843,0.0009545738092553408,0.00116173931313843,0.0009545738092553408,-1.0338147374258144,-1.0338147374258144
2015-11-20,0.0038029552801495,-0.0040531994067111825,-0.0040603803313335645,-0.0040531994067111825,-0.0040603803313335645,-1.0658025425299886,-1.0658025425299886
2015-11-23,-0.0012356238416844,0.0013805633846343352,0.0013688673159982778,0.0013805633846343352,0.0013688673159982778,-1.1173007011198115,-1.1173007011198115
2015-11-24,0.0012212499449608,0.0,-0.0002234601402239623,0.0,-0.0002234601402239623,0.0,0.0
2015-11-25,-0.000129140614967,-0.0,-0.0,-0.0,-0.0,0.0,0.0
2015-11-27,0.0005934415594808,0.0,0.0,0.0,0.0,0.0,0.0
2015-11-30,-0.0046518001396185,-0.0,-0.0,-0.0,-0.0,0.0,0.0
2015-12-01,0.0106239389467397,0.0,0.0,0.0,0.0,0.0,0.0
2015-12-02,-0.0110565926394494,-0.0,-0.0,-0.0,-0.0,0.0,0.0
2015-12-03,-0.0144778264441498,-0.0,-0.0,-0.0,-0.0,0.0,0.0
2015-12-04,0.0203178563638513,0.0,0.0,0.0,0.0,0.0,0.0
2015-12-07,-0.0070140439603978,-0.0,-0.0,-0.0,-0.0,0.0,0.0
2015-12-08,-0.0065110526255942,-0.0,-0.0,-0.0,-0.0,0.0,0.0
2015-12-09,-0.0077690863656929,-0.0,-0.0,-0.0,-0.0,0.0,0.0
2015-12-10,0.0022488565785945,0.0,0.0,0.0,0.0,0.0,0.0
2015-12-11,-0.0196138677558153,-0.0,-0.0,-0.0,-0.0,0.0,0.0
2015-12-14,0.0047442880640682,0.0,0.0,0.0,0.0,0.0,0.0
2015-12-15,0.0105625801059145,0.0,0.0,0.0,0.0,0.0,0.0
2015-12-16,0.0144106356507709,0.0,0.0,0.0,0.0,0.0,0.0
2015-12-17,-0.0151547766358763,0.013419837144918737,0.01324273341759425,0.013419837144918737,0.01324273341759425,-0.8855186366224366,-0.8855186366224366
2015-12-18,-0.0179574950071064,0.013971367461052259,0.013949868593487146,0.013971367461052259,0.013949868593487146,-0.7780242987968705,-0.7780242987968705
2015-12-21,0.0077483067271559,-0.005269763260736892,-0.00528934451053081,-0.005269763260736892,-0.00528934451053081,-0.6801180498272835,-0.6801180498272835
2015-12-22,0.0087780955915688,-0.006307150881424601,-0.006314829303765161,-0.006307150881424601,-0.006314829303765161,-0.7185101615300822,-0.7185101615300822
2015-12-23,0.0123415965275537,0.0,-0.00014370203230601645,0.0,-0.00014370203230601645,0.0,0.0
2015-12-24,-0.0015999154038626,-0.0,-0.0,-0.0,-0.0,0.0,0.0
2015-12-28,-0.0021809364563063,-0.0,-0.0,-0.0,-0.0,0.0,0.0
2015-12-29,0.0105736641730231,0.0,0.0,0.0,0.0,0.0,0.0
2015-12-30,-0.0072433987837783,-0.0,-0.0,-0.0,-0.0,0.0,0.0
2015-12-31,-0.0094564850414684,-0.0,-0.0,-0.0,-0.0,0.0,0.0
2016-01-04,-0.0154220417978061,-0.0,-0.0,-0.0,-0.0,0.0,0.0
2016-01-05,0.0020102041393599,0.0014518335141376507,0.0013073871381989411,0.0014518335141376507,0.0013073871381989411,0.7222318796935475,0.7222318796935475
2016-01-06,-0.0132021630026253,-0.010072595259640825,-0.010080738959398618,-0.010072595259640825,-0.010080738959398618,0.7629503784825147,0.7629503784825147
2016-01-07,-0.0239858165193451,0.016863034136352484,0.016569835679675897,-0.016863034136352484,-0.0168750158310689,-0.703041904900426,0.703041904900426
2016-01-08,-0.0108975374458477,0.006457892670355113,0.006435804509240219,-0.006457892670355113,-0.006479980831470007,-0.5926010993259556,0.5926010993259556
2016-01-11,0.0008529082958226,-0.000491078062889156,-0.0004944445047234912,0.000491078062889156,0.00048771162105482063,-0.575768890154279,0.575768890154279
2016-01-12,0.0077725141177742,-0.004748490336189262,-0.004755523286010863,0.004748490336189262,0.004741457386367662,-0.6109336392622827,0.6109336392622827
2016-01-13,-0.0252823750779089,0.016348202324859566,0.016341064159188515,-0.0,-0.00012218672785245654,-0.6466244676175306,0.0
2016-01-14,0.0165580609343845,-0.009102826499205524,-0.009122201000164613,0.0,0.0,-0.5497519628220825,0.0
2016-01-15,-0.0218357726981626,0.012709926327684714,0.012703462920715907,-0.0,-0.0,-0.5820689976661191,0.0
2016-01-19,0.0005316801874286,-0.00027669145139069774,-0.0002890233393037505,0.0,0.0,-0.5204095581008555,0.0
2016-01-20,-0.0117627660258987,0.006506945584545841,0.006500391178649891,-0.0,-0.0,-0.5531815875806044,0.0
2016-01-21,0.0051819886359485,-0.0027869684413793084,-0.0027900410941646523,0.0,0.0,-0.5378183236538858,0.0
2016-01-22,0.0200807268822131,0.0,-0.00010756366473077716,0.0,0.0,0.0,0.0
2016-01-25,-0.015761545172821,-0.0,-0.0,-0.0,-0.0,0.0,0.0
2016-01-26,0.0140452378303681,-0.007904833647274295,-0.008017396122082415,0.0,0.0,-0.5628123740405985,0.0
2016-01-27,-0.0109229223005282,-0.0,-0.0001125624748081197,-0.0,-0.0,0.0,0.0
2016-01-28,0.0055133507175906,0.0,0.0,0.0,0.0,0.0,0.0
2016-01-29,0.024458650994557,0.0,0.0,0.0,0.0,0.0,0.0
2016-02-01,-0.0004433348455421,-0.0,-0.0,-0.0,-0.0,0.0,0.0
2016-02-02,-0.0189209687182314,-0.0,-0.0,-0.0,-0.0,0.0,0.0
2016-02-03,0.0049796200215741,0.0,0.0,0.0,0.0,0.0,0.0
2016-02-04,0.0015255682925232,0.0,0.0,0.0,0.0,0.0,0.0
2016-02-05,-0.0186541582763517,-0.0,-0.0,-0.0,-0.0,0.0,0.0
2016-02-08,-0.0142550579230569,0.008636645917286275,0.008515472843645979,-0.0,-0.0,-0.6058653682014787,0.0
2016-02-09,-0.0006638406467605,0.0003794701343775961,0.0003726227309804185,-0.0,-0.0,-0.5716283512155909,0.0
2016-02-10,-0.0001889681307609,0.00011384611880762031,0.00010767938819012036,-0.0,-0.0,-0.6024620043030906,0.0
2016-02-11,-0.0123774473292561,0.007879309986186807,0.007872485182189477,-0.0,-0.0,-0.6365860242897404,0.0
2016-02-12,0.0193300152070463,-0.011717238107478944,-0.011723321697339965,0.0,0.0,-0.6061680749846333,0.0
2016-02-16,0.0163817377416846,0.010485528281886944,0.010236279819537094,0.0,0.0,0.6400742367646203,0.0
2016-02-17,0.0163461106256415,0.0,-0.00012801484735292407,0.0,0.0,0.0,0.0
2016-02-18,-0.0046766321239344,0.0033306348699490753,0.0031881975440408296,0.0033306348699490753,0.0031881975440408296,-0.7121866295412281,-0.7121866295412281
2016-02-19,-2.603328180228459e-05,1.871296487013642e-05,1.7388432306168728e-05,1.871296487013642e-05,1.7388432306168728e-05,-0.7188092923610666,-0.7188092923610666
2016-02-22,0.0143507310990766,-0.01087718211957665,-0.010885010894981988,-0.01087718211957665,-0.010885010894981988,-0.7579531693877634,-0.7579531693877634
2016-02-23,-0.0125325775707887,0.009994247126079285,0.00998634547563419,0.009994247126079285,0.00998634547563419,-0.7974614216132339,-0.7974614216132339
2016-02-24,0.0044299600346322,0.0,-0.0001594922843226468,0.0,-0.0001594922843226468,0.0,0.0
2016-02-25,0.0112843667304503,0.0,0.0,0.0,0.0,0.0,0.0
2016-02-26,-0.0018718653295648,-0.0,-0.0,-0.0,-0.0,0.0,0.0
2016-02-29,-0.0081541310915715,-0.0,-0.0,-0.0,-0.0,0.0,0.0
2016-03-01,0.0235883854016192,0.0,0.0,0.0,0.0,0.0,0.0
2016-03-02,0.0040859498611016,0.0,0.0,0.0,0.0,0.0,0.0
2016-03-03,0.0034926343203167,0.0,0.0,0.0,0.0,0.0,0.0
2016-03-04,0.0033004398659421,-0.0030964963280064443,-0.0032841377608930004,-0.0030964963280064443,-0.0032841377608930004,-0.9382071644327805,-0.9382071644327805
2016-03-07,0.0008846228008634,-0.0008727156369797687,-0.000882382172218834,-0.0008727156369797687,-0.000882382172218834,-0.9865398406281075,-0.9865398406281075
2016-03-08,-0.011303756056006,0.011725631036792661,0.011715030366682087,0.011725631036792661,0.011715030366682087,-1.037321663586548,-1.037321663586548
2016-03-09,0.0050396727828143,-0.004681632851832147,-0.00470330604081501,-0.004681632851832147,-0.00470330604081501,-0.9289557186722324,-0.9289557186722324
2016-03-10,0.0001557927971225,-0.00015210141876781743,-0.0001615714444547274,-0.00015210141876781743,-0.0001615714444547274,-0.9763058471067821,-0.9763058471067821
2016-03-11,0.0162625455888507,-0.016682845033200305,-0.01669306046356445,-0.016682845033200305,-0.01669306046356445,-1.0258446282012426,-1.0258446282012426
2016-03-14,-0.0012617686166116,0.0013514363988035973,0.0013415462797142744,0.0013514363988035973,0.0013415462797142744,-1.0710651549035943,-1.0710651549035943
2016-03-15,-0.0018386309343174,0.0020246736417276257,0.0020174449929878206,0.0020246736417276257,0.0020174449929878206,-1.1011854548608988,-1.1011854548608988
2016-03-16,0.0055847278817795,-0.006262766416453142,-0.006268256558265399,-0.006262766416453142,-0.006268256558265399,-1.1214094131400354,-1.1214094131400354
2016-03-17,0.0065735830685964,0.0,-0.0002242818826280071,0.0,-0.0002242818826280071,0.0,0.0
2016-03-18,0.0043959672510256,0.0,0.0,0.0,0.0,0.0,0.0
2016-03-21,0.000985091904293,0.0,0.0,0.0,0.0,0.0,0.0
2016-03-22,-0.0008777728967723,-0.0,-0.0,-0.0,-0.0,0.0,0.0
2016-03-23,-0.0064065095306675,-0.0,-0.0,-0.0,-0.0,0.0,0.0
2016-03-24,-0.0003781417793762,-0.0,-0.0,-0.0,-0.0,0.0,0.0
2016-03-28,0.0005451068880724,0.0,0.0,0.0,0.0,0.0,0.0
2016-03-29,0.0087780120542371,0.0,0.0,0.0,0.0,0.0,0.0
2016-03-30,0.004340879993566,0.0,0.0,0.0,0.0,0.0,0.0
2016-03-31,-0.0020418423596204,-0.0,-0.0,-0.0,-0.0,0.0,0.0
2016-04-01,0.0063109590665995,0.0,0.0,0.0,0.0,0.0,0.0
2016-04-04,-0.0032134800458543,-0.0,-0.0,-0.0,-0.0,0.0,0.0
2016-04-05,-0.0101962984117944,-0.0,-0.0,-0.0,-0.0,0.0,0.0
2016-04-06,0.0104527979320128,0.0,0.0,0.0,0.0,0.0,0.0
2016-04-07,-0.0120480739700052,-0.0,-0.0,-0.0,-0.0,0.0,0.0
2016-04-08,0.0027827026046169,0.0,0.0,0.0,0.0,0.0,0.0
2016-04-11,-0.0027435458896043,-0.0,-0.0,-0.0,-0.0,0.0,0.0
2016-04-12,0.0096157538813903,0.0,0.0,0.0,0.0,0.0,0.0
2016-04-13,0.0099900697685573,0.0,0.0,0.0,0.0,0.0,0.0
2016-04-14,0.0001729124301323,0.0,0.0,0.0,0.0,0.0,0.0
2016-04-15,-0.0009847695761457,0.001320110531979975,0.001047951168892113,0.001320110531979975,0.001047951168892113,-1.3405273314258646,-1.3405273314258646
2016-04-18,0.0065197256137983,-0.008943607369981784,-0.008954283146475036,-0.008943607369981784,-0.008954283146475036,-1.3717766513139138,-1.3717766513139138
2016-04-19,0.0030797379028664,-0.004405449957359365,-0.004422311706640961,-0.004405449957359365,-0.004422311706640961,-1.4304626225689814,-1.4304626225689814
2016-04-20,0.0007612550492348,-0.0011362256700522264,-0.0011545108573256522,-0.0011362256700522264,-0.0011545108573256522,-1.4925689769734074,-1.4925689769734074
2016-04-21,-0.0052075628572927,0.008111734929647067,0.008092072927958303,0.008111734929647067,0.008092072927958303,-1.557683536798283,-1.557683536798283
2016-04-22,4.785857954114903e-05,0.0,-0.00031153670735965664,0.0,-0.00031153670735965664,0.0,0.0
2016-04-25,-0.0018136896207625,-0.0,-0.0,-0.0,-0.0,0.0,0.0
2016-04-26,0.0018710001742361,0.0,0.0,0.0,0.0,0.0,0.0
2016-04-27,0.0016479941117468,0.0,0.0,0.0,0.0,0.0,0.0
2016-04-28,-0.009273636061561,-0.0,-0.0,-0.0,-0.0,0.0,0.0
2016-04-29,-0.0050759492305578,-0.0,-0.0,-0.0,-0.0,0.0,0.0
2016-05-02,0.0077796066972446,0.0,0.0,0.0,0.0,0.0,0.0
2016-05-03,-0.0087144993883958,-0.0,-0.0,-0.0,-0.0,0.0,0.0
2016-05-04,-0.0059545827054732,-0.0,-0.0,-0.0,-0.0,0.0,0.0
2016-05-05,-0.0002390366927933,-0.0,-0.0,-0.0,-0.0,0.0,0.0
2016-05-06,0.0031696105535523,0.0,0.0,0.0,0.0,0.0,0.0
2016-05-09,0.0007532133076093,0.0,0.0,0.0,0.0,0.0,0.0
2016-05-10,0.0124063652360373,0.0,0.0,0.0,0.0,0.0,0.0
2016-05-11,-0.009607522877868,-0.0,-0.0,-0.0,-0.0,0.0,0.0
2016-05-12,-0.0001694792679645,-0.0,-0.0,-0.0,-0.0,0.0,0.0
2016-05-13,-0.0085144341617526,-0.0,-0.0,-0.0,-0.0,0.0,0.0
2016-05-16,0.0097489763896128,0.0,0.0,0.0,0.0,0.0,0.0
2016-05-17,-0.0094558635521631,-0.0,-0.0,-0.0,-0.0,0.0,0.0
2016-05-18,0.0002051576864019,0.0,0.0,0.0,0.0,0.0,0.0
2016-05-19,-0.0037135945227211,-0.0,-0.0,-0.0,-0.0,0.0,0.0
2016-05-20,0.006001459222805,0.0,0.0,0.0,0.0,0.0,0.0
2016-05-23,-0.0020876365681017,-0.0,-0.0,-0.0,-0.0,0.0,0.0
2016-05-24,0.0135886375339895,0.0,0.0,0.0,0.0,0.0,0.0
2016-05-25,0.0069505296515837,0.0,0.0,0.0,0.0,0.0,0.0
2016-05-26,-0.0002104660499284,-0.0,-0.0,-0.0,-0.0,0.0,0.0
2016-05-27,0.0042776949394394,-0.0056631132583132866,-0.005931742915910595,-0.0056631132583132866,-0.005931742915910595,-1.3238702942794347,-1.3238702942794347
2016-05-31,-0.0010057686205895,0.001390608825395428,0.0013743011420878119,0.001390608825395428,0.0013743011420878119,-1.3826329405468685,-1.3826329405468685
2016-06-01,0.0011343986539262,-0.001602407752261226,-0.0016133048896725967,-0.001602407752261226,-0.0016133048896725967,-1.4125614013338499,-1.4125614013338499
2016-06-02,0.0028206961669861,-0.004160927164631805,-0.004179099720178794,-0.004160927164631805,-0.004179099720178794,-1.4751419218177386,-1.4751419218177386
2016-06-03,-0.0029160622366948,0.004486323600673495,0.004467244043075111,0.004486323600673495,0.004467244043075111,-1.538486917123724,-1.538486917123724
2016-06-06,0.0048853285193635,0.0,-0.0003076973834247448,0.0,-0.0003076973834247448,0.0,0.0
2016-06-07,0.0012886156291971,0.0,0.0,0.0,0.0,0.0,0.0
2016-06-08,0.0033041019719552,0.0,0.0,0.0,0.0,0.0,0.0
2016-06-09,-0.0017192355978936,-0.0,-0.0,-0.0,-0.0,0.0,0.0
2016-06-10,-0.0092175324101662,-0.0,-0.0,-0.0,-0.0,0.0,0.0
2016-06-13,-0.0081482987897096,-0.0,-0.0,-0.0,-0.0,0.0,0.0
2016-06-14,-0.001800505071972,-0.002284288165931288,-0.0025412254903158906,-0.002284288165931288,-0.0025412254903158906,1.2686929914779,1.2686929914779
2016-06-15,-0.0018424090638102,-0.0023644658235401064,-0.002370771607105391,-0.0023644658235401064,-0.002370771607105391,1.2833555099052028,1.2833555099052028
2016-06-16,0.0031280931110462,0.004055658954631238,0.0040494944528568205,0.004055658954631238,0.0040494944528568205,1.296527568284184,1.296527568284184
2016-06-17,-0.0032632841446096,-0.0,-0.0002593055136568368,-0.0,-0.0002593055136568368,0.0,0.0
2016-06-20,0.0057913827784235,0.0,0.0,0.0,0.0,0.0,0.0
2016-06-21,0.0027083906042095,0.0,0.0,0.0,0.0,0.0,0.0
2016-06-22,-0.0016529289965756,-0.0,-0.0,-0.0,-0.0,0.0,0.0
2016-06-23,0.0132755670719548,0.0,0.0,0.0,0.0,0.0,0.0
2016-06-24,-0.0365807928055827,-0.0,-0.0,-0.0,-0.0,0.0,0.0
2016-06-27,-0.0182622465117026,-0.013698408028473257,-0.013848426899587445,-0.013698408028473257,-0.013848426899587445,0.7500943555709426,0.7500943555709426
2016-06-28,0.0176141216040877,-0.011568048421766584,-0.011849416998324864,0.011568048421766584,0.011549379256096486,-0.6567485272204544,0.6567485272204544
2016-06-29,0.0168892429712546,0.0,-0.0001313497054440909,0.01169649844113373,0.011689339884709113,0.0,0.6925413093435334
2016-06-30,0.0134738631494659,0.0,0.0,0.009833397413366557,0.009825943120854469,0.0,0.7298127719039769
2016-07-01,0.0019467062930313,-0.0014977487134257008,-0.001651623873616763,0.0014977487134257008,0.001489836107615434,-0.769375800955311,0.769375800955311
2016-07-05,-0.0068710289855982,0.005587105051954645,0.005578352312782589,-0.005587105051954645,-0.005595857791126701,-0.8131394968155887,0.8131394968155887
2016-07-06,0.0053386870582761,-0.00423981000622847,-0.004243604471080536,0.00423981000622847,0.004236015541376404,-0.7941671725552565,0.7941671725552565
2016-07-07,-0.0008719578867335,-0.0,-0.00015883343451105131,-0.0,-0.00015883343451105131,0.0,0.0
2016-07-08,0.0151381865659923,0.0,0.0,0.0,0.0,0.0,0.0
2016-07-11,0.003402819311999,0.0,0.0,0.0,0.0,0.0,0.0
2016-07-12,0.0069848423073448,0.0,0.0,0.0,0.0,0.0,0.0
2016-07-13,0.0001347586749824,-0.00013651059780715386,-0.0003392654541390632,-0.00013651059780715386,-0.0003392654541390632,-1.0130004456112578,-1.0130004456112578
2016-07-14,0.0052454228016962,-0.0055776597296649365,-0.005588481358825226,-0.0055776597296649365,-0.005588481358825226,-1.0633384458277226,-1.0633384458277226
2016-07-15,-0.0009293790598707,0.0010363509461465035,0.001024628315935871,0.0010363509461465035,0.001024628315935871,-1.1151003835729696,-1.1151003835729696
2016-07-18,0.0023794618218691,-0.0027358728087868247,-0.0027445931805336883,-0.0027358728087868247,-0.0027445931805336883,-1.1497863859978887,-1.1497863859978887
2016-07-19,-0.0014362045004157,0.0017302540953010273,0.0017168258313925444,0.0017302540953010273,0.0017168258313925444,-1.2047407557908478,-1.2047407557908478
2016-07-20,0.0042612083157642,0.0,-0.00024094815115816958,0.0,-0.00024094815115816958,0.0,0.0
2016-07-21,-0.0036190698565254,-0.0,-0.0,-0.0,-0.0,0.0,0.0
2016-07-22,0.00454362678951,0.0,0.0,0.0,0.0,0.0,0.0
2016-07-25,-0.0030160187399292,-0.0,-0.0,-0.0,-0.0,0.0,0.0
2016-07-26,0.0003227321607193,0.0,0.0,0.0,0.0,0.0,0.0
2016-07-27,-0.0011992609468087,-0.0,-0.0,-0.0,-0.0,0.0,0.0
2016-07-28,0.0016049204480923,0.0,0.0,0.0,0.0,0.0,0.0
2016-07-29,0.0016299801176575,0.0,0.0,0.0,0.0,0.0,0.0
2016-08-01,-0.001270594147491,-0.0,-0.0,-0.0,-0.0,0.0,0.0
2016-08-02,-0.006381940812667,-0.0,-0.0,-0.0,-0.0,0.0,0.0
2016-08-03,0.003129042716071,0.0,0.0,0.0,0.0,0.0,0.0
2016-08-04,0.0002125492994888,0.0,0.0,0.0,0.0,0.0,0.0
2016-08-05,0.00856669728938,0.0,0.0,0.0,0.0,0.0,0.0
2016-08-08,-0.0009075772915414,-0.0,-0.0,-0.0,-0.0,0.0,0.0
2016-08-09,0.0003897179865557,0.0,0.0,0.0,0.0,0.0,0.0
2016-08-10,-0.0028687970634884,-0.0,-0.0,-0.0,-0.0,0.0,0.0
2016-08-11,0.0047234151024442,0.0,0.0,0.0,0.0,0.0,0.0
2016-08-12,-0.0007963633869145,-0.0,-0.0,-0.0,-0.0,0.0,0.0
2016-08-15,0.0027890162945221,0.0,0.0,0.0,0.0,0.0,0.0
2016-08-16,-0.0054941422164782,-0.0,-0.0,-0.0,-0.0,0.0,0.0
2016-08-17,0.0018668460061554,0.0,0.0,0.0,0.0,0.0,0.0
2016-08-18,0.0021972016963829,0.0,0.0,0.0,0.0,0.0,0.0
2016-08-19,-0.0014413095687686,-0.0,-0.0,-0.0,-0.0,0.0,0.0
2016-08-22,-0.0005634818833231,-0.0,-0.0,-0.0,-0.0,0.0,0.0
2016-08-23,0.0019498671783617,0.0,0.0,0.0,0.0,0.0,0.0
2016-08-24,-0.0052540552596713,-0.0,-0.0,-0.0,-0.0,0.0,0.0
2016-08-25,-0.0013661603966461,-0.0,-0.0,-0.0,-0.0,0.0,0.0
2016-08-26,-0.0015800642387127,-0.0,-0.0,-0.0,-0.0,0.0,0.0
2016-08-29,0.0052144284286743,0.0,0.0,0.0,0.0,0.0,0.0
2016-08-30,-0.0019555914071229,-0.0,-0.0,-0.0,-0.0,0.0,0.0
2016-08-31,-0.0023786911055623,-0.0,-0.0,-0.0,-0.0,0.0,0.0
2016-09-01,-4.138538941145242e-05,-0.0,-0.0,-0.0,-0.0,0.0,0.0
2016-09-02,0.0041922415990347,0.0,0.0,0.0,0.0,0.0,0.0
2016-09-06,0.0029772423700045,0.0,0.0,0.0,0.0,0.0,0.0
2016-09-07,-0.0001463959382927,-0.0,-0.0,-0.0,-0.0,0.0,0.0
2016-09-08,-0.0022254881924705,-0.0,-0.0,-0.0,-0.0,0.0,0.0
2016-09-09,-0.024827742410836,-0.0,-0.0,-0.0,-0.0,0.0,0.0
2016-09-12,0.0145703872334346,0.015150019218783064,0.01494158932767037,0.015150019218783064,0.01494158932767037,1.0397815086217053,1.0397815086217053
2016-09-13,-0.0149417482782112,-0.016229280645949872,-0.016239584204768637,-0.016229280645949872,-0.016239584204768637,1.086170128405671,1.086170128405671
2016-09-14,-0.000587849399813,-0.0005347538566797651,-0.0005700522175971436,-0.0005347538566797651,-0.0005700522175971436,0.909678323818779,0.909678323818779
2016-09-15,0.0100585164494404,0.0,-0.0001819356647637558,0.0,-0.0001819356647637558,0.0,0.0
2016-09-16,-0.003779427795572,-0.0,-0.0,-0.0,-0.0,0.0,0.0
2016-09-19,-1.8603233825409404e-05,-0.0,-0.0,-0.0,-0.0,0.0,0.0
2016-09-20,0.0002990934842346,0.0,0.0,0.0,0.0,0.0,0.0
2016-09-21,0.010858000333636,0.0,0.0,0.0,0.0,0.0,0.0
2016-09-22,0.0064787519176414,0.0,0.0,0.0,0.0,0.0,0.0
2016-09-23,-0.0057532929597181,-0.0,-0.0,-0.0,-0.0,0.0,0.0
2016-09-26,-0.0086248501179166,-0.0,-0.0,-0.0,-0.0,0.0,0.0
2016-09-27,0.0064234951652979,0.0,0.0,0.0,0.0,0.0,0.0
2016-09-28,0.0052825766036432,0.0,0.0,0.0,0.0,0.0,0.0
2016-09-29,-0.0093651277300814,-0.0,-0.0,-0.0,-0.0,0.0,0.0
2016-09-30,0.0079363925880278,0.0,0.0,0.0,0.0,0.0,0.0
2016-10-03,-0.0032660231815277,-0.0,-0.0,-0.0,-0.0,0.0,0.0
2016-10-04,-0.0049678817863618,-0.0,-0.0,-0.0,-0.0,0.0,0.0
2016-10-05,0.0042874862311972,0.0,0.0,0.0,0.0,0.0,0.0
2016-10-06,0.0004814438526041,0.0,0.0,0.0,0.0,0.0,0.0
2016-10-07,-0.0032587874416138,-0.0,-0.0,-0.0,-0.0,0.0,0.0
2016-10-10,0.0045953303173247,0.0,0.0,0.0,0.0,0.0,0.0
2016-10-11,-0.0125245776977562,-0.0,-0.0,-0.0,-0.0,0.0,0.0
2016-10-12,0.0011459322063984,0.0,0.0,0.0,0.0,0.0,0.0
2016-10-13,-0.0031040764122334,-0.0,-0.0,-0.0,-0.0,0.0,0.0
2016-10-14,0.0002015841591207,0.0,0.0,0.0,0.0,0.0,0.0
2016-10-17,-0.0030426181118397,-0.0,-0.0,-0.0,-0.0,0.0,0.0
2016-10-18,0.0061415056056981,0.0,0.0,0.0,0.0,0.0,0.0
2016-10-19,0.0021895721553502,0.0,0.0,0.0,0.0,0.0,0.0
2016-10-20,-0.0013766711313802,-0.0,-0.0,-0.0,-0.0,0.0,0.0
2016-10-21,-8.414514015520069e-05,-0.0,-0.0,-0.0,-0.0,0.0,0.0
2016-10-24,0.0047385946474278,0.0,0.0,0.0,0.0,0.0,0.0
2016-10-25,-0.0038049574647063,-0.0,-0.0,-0.0,-0.0,0.0,0.0
2016-10-26,-0.0017419279211878,-0.0,-0.0,-0.0,-0.0,0.0,0.0
2016-10-27,-0.0029911959060084,-0.0,-0.0,-0.0,-0.0,0.0,0.0
2016-10-28,-0.0031131401396251,-0.0,-0.0,-0.0,-0.0,0.0,0.0
2016-10-31,-0.0001222838841981,-0.0,-0.0,-0.0,-0.0,0.0,0.0
2016-11-01,-0.0068100191087356,-0.0,-0.0,-0.0,-0.0,0.0,0.0
2016-11-02,-0.0065468844534537,-0.0,-0.0,-0.0,-0.0,0.0,0.0
2016-11-03,-0.004433213022609,-0.0,-0.0,-0.0,-0.0,0.0,0.0
2016-11-04,-0.0016675202716935,-0.0,-0.0,-0.0,-0.0,0.0,0.0
2016-11-07,0.021980199729465,0.0,0.0,0.0,0.0,0.0,0.0
2016-11-08,0.003764878397158,0.0,0.0,0.0,0.0,0.0,0.0
2016-11-09,0.0110161198796561,-0.014003141733858585,-0.014260599728300714,-0.014003141733858585,-0.014260599728300714,-1.2711500861313916,-1.2711500861313916
2016-11-10,0.0019488457160949,-0.0025836999235632654,-0.0025984998087899063,-0.0025836999235632654,-0.0025984998087899063,-1.325759090227259,-1.325759090227259
2016-11-11,-0.0013989283477977,0.0019398440308920233,0.0019230598375491134,0.0019398440308920233,0.0019230598375491134,-1.3866643234057514,-1.3866643234057514
2016-11-14,-0.0001155094571831,0.000162516067107987,0.00015361422229436726,0.000162516067107987,0.00015361422229436726,-1.406950314469701,-1.406950314469701
2016-11-15,0.0074529550220896,0.0,-0.00028139006289394023,0.0,-0.00028139006289394023,0.0,0.0
2016-11-16,-0.001583516522376,-0.0,-0.0,-0.0,-0.0,0.0,0.0
2016-11-17,0.004665469361198,0.0,0.0,0.0,0.0,0.0,0.0
2016-11-18,-0.002389651365549,-0.0,-0.0,-0.0,-0.0,0.0,0.0
2016-11-21,0.0074337020708741,0.0,0.0,0.0,0.0,0.0,0.0
2016-11-22,0.0021630911035934,0.0,0.0,0.0,0.0,0.0,0.0
2016-11-23,0.0008076981569082,0.0,0.0,0.0,0.0,0.0,0.0
2016-11-25,0.003906745613424,0.0,0.0,0.0,0.0,0.0,0.0
2016-11-28,-0.0052683892547351,-0.0,-0.0,-0.0,-0.0,0.0,0.0
2016-11-29,0.0013344023532617,0.0,0.0,0.0,0.0,0.0,0.0
2016-11-30,-0.0026569305551564,-0.0,-0.0,-0.0,-0.0,0.0,0.0
2016-12-01,-0.0035217229667638,-0.0,-0.0,-0.0,-0.0,0.0,0.0
2016-12-02,0.000396927720085,0.0,0.0,0.0,0.0,0.0,0.0
2016-12-05,0.0058044269267432,0.0,0.0,0.0,0.0,0.0,0.0
2016-12-06,0.0034050844688744,0.0,0.0,0.0,0.0,0.0,0.0
2016-12-07,0.0130773587447237,0.0,0.0,0.0,0.0,0.0,0.0
2016-12-08,0.0021570150168708,-0.004075588990376071,-0.004464069347662642,-0.004075588990376071,-0.004464069347662642,-1.8894578658467398,-1.8894578658467398
2016-12-09,0.0059214185329699,-0.011628871132739834,-0.011655227304853636,-0.011628871132739834,-0.011655227304853636,-1.9638657642575634,-1.9638657642575634
2016-12-12,-0.0011380822905993,0.0022761645811986,0.0022570329721453507,0.0022761645811986,0.0022570329721453507,-2.0,-2.0
2016-12-13,0.006518483201237,-0.013036966402474,-0.013048871164378762,-0.013036966402474,-0.013048871164378762,-2.0,-2.0
2016-12-14,-0.008150295461859,0.016300590923718,0.01628868616181324,0.016300590923718,0.01628868616181324,-2.0,-2.0
2016-12-15,0.0038757076875537,-0.00666383670224169,-0.006728523661853706,-0.00666383670224169,-0.006728523661853706,-1.719385784341188,-1.719385784341188
2016-12-16,-0.0017521567509799,-0.0,-0.0003438771568682376,-0.0,-0.0003438771568682376,0.0,0.0
2016-12-19,0.0019731727152114,0.0,0.0,0.0,0.0,0.0,0.0
2016-12-20,0.0036309124011522,0.0,0.0,0.0,0.0,0.0,0.0
2016-12-21,-0.0024603857246772,-0.0,-0.0,-0.0,-0.0,0.0,0.0
2016-12-22,-0.0018647112223968,-0.0,-0.0,-0.0,-0.0,0.0,0.0
2016-12-23,0.0012509325350791,0.0,0.0,0.0,0.0,0.0,0.0
2016-12-27,0.0022458489045487,0.0,0.0,0.0,0.0,0.0,0.0
2016-12-28,-0.008391640709771,-0.0,-0.0,-0.0,-0.0,0.0,0.0
2016-12-29,-0.0002933477318682,-0.0,-0.0,-0.0,-0.0,0.0,0.0
2016-12-30,-0.004647834696855,-0.0,-0.0,-0.0,-0.0,0.0,0.0
2017-01-03,0.0084507667531577,0.0,0.0,0.0,0.0,0.0,0.0
2017-01-04,0.0057059637705494,0.0,0.0,0.0,0.0,0.0,0.0
2017-01-05,-0.0007709676024818,-0.0,-0.0,-0.0,-0.0,0.0,0.0
2017-01-06,0.0035107891805798,0.0,0.0,0.0,0.0,0.0,0.0
2017-01-09,-0.0035549054715602,-0.0,-0.0,-0.0,-0.0,0.0,0.0
2017-01-10,0.0,0.0,0.0,0.0,0.0,0.0,0.0
2017-01-11,0.0028256423891024,0.0,0.0,0.0,0.0,0.0,0.0
2017-01-12,-0.0021471123937297,-0.0,-0.0,-0.0,-0.0,0.0,0.0
2017-01-13,0.0018481313951461,0.0,0.0,0.0,0.0,0.0,0.0
2017-01-17,-0.0029719144562179,-0.0,-0.0,-0.0,-0.0,0.0,0.0
2017-01-18,0.001762200469809,0.0,0.0,0.0,0.0,0.0,0.0
2017-01-19,-0.0036158376243191,-0.0,-0.0,-0.0,-0.0,0.0,0.0
2017-01-20,0.0033605840613004,0.0,0.0,0.0,0.0,0.0,0.0
2017-01-23,-0.0026937496460703,-0.0,-0.0,-0.0,-0.0,0.0,0.0
2017-01-24,0.0065431405289624,0.0,0.0,0.0,0.0,0.0,0.0
2017-01-25,0.0079940527959685,0.0,0.0,0.0,0.0,0.0,0.0
2017-01-26,-0.000735654935263,-0.0,-0.0,-0.0,-0.0,0.0,0.0
2017-01-27,-0.000866839489741,0.0016860129684986816,0.0012857604845853017,0.0016860129684986816,0.0012857604845853017,-1.945011721838422,-1.945011721838422
2017-01-30,-0.0060276734960966,0.011848757953612052,0.011833118238850932,0.011848757953612052,0.011833118238850932,-1.9657265711696341,-1.9657265711696341
2017-01-31,-0.0008903016080328,0.0015402660394232403,0.001484439599346976,0.0015402660394232403,0.001484439599346976,-1.730049710711625,-1.730049710711625
2017-02-01,0.0002983189881167,-0.0005240460237572055,-0.0005383766420493281,-0.0005240460237572055,-0.0005383766420493281,-1.7566633189041352,-1.7566633189041352
2017-02-02,0.0005701468386902,-0.0010434000245791678,-0.0010679599499896725,-0.0010434000245791678,-0.0010679599499896725,-1.8300549152849357,-1.8300549152849357
2017-02-03,0.007238496854554,0.0,-0.00036601098305698716,0.0,-0.00036601098305698716,0.0,0.0
2017-02-06,-0.0021175975137088,-0.0,-0.0,-0.0,-0.0,0.0,0.0
2017-02-07,0.0002268034638452,0.0,0.0,0.0,0.0,0.0,0.0
2017-02-08,0.0006930821486097,0.0,0.0,0.0,0.0,0.0,0.0
2017-02-09,0.0057360637359602,0.0,0.0,0.0,0.0,0.0,0.0
2017-02-10,0.003559706822009,0.0,0.0,0.0,0.0,0.0,0.0
2017-02-13,0.0052321335840117,0.0,0.0,0.0,0.0,0.0,0.0
2017-02-14,0.0039993271956726,-0.0079986543913452,-0.008410559153249961,-0.0079986543913452,-0.008410559153249961,-2.0,-2.0
2017-02-15,0.0049798886657344,-0.0099597773314688,-0.009971682093373561,-0.0099597773314688,-0.009971682093373561,-2.0,-2.0
2017-02-16,-0.0008644916015505,0.001728983203101,0.001717078441196238,0.001728983203101,0.001717078441196238,-2.0,-2.0
2017-02-17,0.0016771493272376,-0.0033542986544752,-0.003366203416379962,-0.0033542986544752,-0.003366203416379962,-2.0,-2.0
2017-02-21,0.0060298500200692,-0.0120597000401384,-0.01207160480204316,-0.0120597000401384,-0.01207160480204316,-2.0,-2.0
2017-02-22,-0.0010827861468039,0.0021655722936078,0.002153667531703038,0.0021655722936078,0.002153667531703038,-2.0,-2.0
2017-02-23,0.000418898971259,-0.000837797942518,-0.0008497027044227619,-0.000837797942518,-0.0008497027044227619,-2.0,-2.0
2017-02-24,0.0014922502320313,-0.0029845004640626,-0.002996405225967362,-0.0029845004640626,-0.002996405225967362,-2.0,-2.0
2017-02-27,0.0010174652677337,0.0,-0.0004,0.0,-0.0004,0.0,0.0
2017-02-28,-0.0025817061151949,-0.0,-0.0,-0.0,-0.0,0.0,0.0
2017-03-01,0.013581211083725,0.0,0.0,0.0,0.0,0.0,0.0
2017-03-02,-0.0058771169721048,0.0117542339442096,0.01134232918230484,0.0117542339442096,0.01134232918230484,-2.0,-2.0
2017-03-03,0.0005037503685345,-0.001007500737069,-0.0010194054989737618,-0.001007500737069,-0.0010194054989737618,-2.0,-2.0
2017-03-06,-0.0032826227635656,0.0065652455271312,0.006553340765226438,0.0065652455271312,0.006553340765226438,-2.0,-2.0
2017-03-07,-0.0029176259020893,0.0058352518041786,0.0058233470422738385,0.0058352518041786,0.0058233470422738385,-2.0,-2.0
2017-03-08,-0.0022868279640642,0.0045736559281284,0.004561751166223638,0.0045736559281284,0.004561751166223638,-2.0,-2.0
2017-03-09,0.0007995756127661,-0.001579075167821859,-0.0015957026986489705,-0.001579075167821859,-0.0015957026986489705,-1.9748916082609265,-1.9748916082609265
2017-03-10,0.0032633397058585,-0.006526679411717,-0.0065436058519695766,-0.006526679411717,-0.0065436058519695766,-2.0,-2.0
2017-03-13,0.0003665656191698,0.0,-0.0004,0.0,-0.0004,0.0,0.0
2017-03-14,-0.0033847489808911,-0.0,-0.0,-0.0,-0.0,0.0,0.0
2017-03-15,0.0083398791246862,0.0,0.0,0.0,0.0,0.0,0.0
2017-03-16,-0.0016280347991832,-0.0,-0.0,-0.0,-0.0,0.0,0.0
2017-03-17,-0.0013151792642318,-0.0,-0.0,-0.0,-0.0,0.0,0.0
2017-03-20,-0.0020119160803799,-0.0,-0.0,-0.0,-0.0,0.0,0.0
2017-03-21,-0.0124855945901023,-0.0,-0.0,-0.0,-0.0,0.0,0.0
2017-03-22,0.0018881028474631,0.0028062541720124583,0.002503208600060385,0.0028062541720124583,0.002503208600060385,1.4862824743805712,1.4862824743805712
2017-03-23,-0.0010608321448302,-0.0016466278099174904,-0.0016663859544827867,-0.0016466278099174904,-0.0016663859544827867,1.552203916465083,1.552203916465083
2017-03-24,-0.0008443522139387,-0.0013321518135448968,-0.0013441327593660928,-0.0013321518135448968,-0.0013441327593660928,1.5777205194153858,1.5777205194153858
2017-03-27,-0.0010201075858455,-0.0,-0.0003155441038830772,-0.0,-0.0003155441038830772,0.0,0.0
2017-03-28,0.0072253088296241,0.0,0.0,0.0,0.0,0.0,0.0
2017-03-29,0.0010847362038299,0.0,0.0,0.0,0.0,0.0,0.0
2017-03-30,0.0029308109117049,0.0,0.0,0.0,0.0,0.0,0.0
2017-03-31,-0.0022575939382667,-0.0,-0.0,-0.0,-0.0,0.0,0.0
2017-04-03,-0.001643475308013,-0.0,-0.0,-0.0,-0.0,0.0,0.0
2017-04-04,0.0005593660746612,0.0,0.0,0.0,0.0,0.0,0.0
2017-04-05,-0.0030595368115227,-0.0,-0.0,-0.0,-0.0,0.0,0.0
2017-04-06,0.0019276502937355,0.0,0.0,0.0,0.0,0.0,0.0
2017-04-07,-0.0008274724629453,-0.0,-0.0,-0.0,-0.0,0.0,0.0
2017-04-10,0.0006874501357838,0.0,0.0,0.0,0.0,0.0,0.0
2017-04-11,-0.0014349082919586,-0.0,-0.0,-0.0,-0.0,0.0,0.0
2017-04-12,-0.0037670374189868,-0.0,-0.0,-0.0,-0.0,0.0,0.0
2017-04-13,-0.0068380202898046,-0.0,-0.0,-0.0,-0.0,0.0,0.0
2017-04-17,0.0085764656911075,0.0,0.0,0.0,0.0,0.0,0.0
2017-04-18,-0.0029076028458332,-0.0,-0.0,-0.0,-0.0,0.0,0.0
2017-04-19,-0.0017178253968683,-0.0,-0.0,-0.0,-0.0,0.0,0.0
2017-04-20,0.0075288503629735,0.0,0.0,0.0,0.0,0.0,0.0
2017-04-21,-0.0030396881071155,-0.0,-0.0,-0.0,-0.0,0.0,0.0
2017-04-24,0.0107817365881119,0.0,0.0,0.0,0.0,0.0,0.0
2017-04-25,0.006072214211751,-0.010226570616357867,-0.010571547040786722,-0.010226570616357867,-0.010571547040786722,-1.6841584074170706,-1.6841584074170706
2017-04-26,-0.0004858214756868,0.0008499915266665686,0.0008279801519910934,0.0008499915266665686,0.0008279801519910934,-1.7495964447947587,-1.7495964447947587
2017-04-27,0.0005527670002987,-0.0009907074987607833,-0.0010086739139138952,-0.0009907074987607833,-0.0010086739139138952,-1.792269614910862,-1.792269614910862
2017-04-28,-0.0019149794714898,0.003572893530592613,0.003547888628462983,0.003572893530592613,0.003547888628462983,-1.865760747718618,-1.865760747718618
2017-05-01,0.001730791826894,0.0,-0.0003731521495437236,0.0,-0.0003731521495437236,0.0,0.0
2017-05-02,0.0011883435858113,0.0,0.0,0.0,0.0,0.0,0.0
2017-05-03,-0.0012721693958273,-0.0,-0.0,-0.0,-0.0,0.0,0.0
2017-05-04,0.0005819332878695,0.0,0.0,0.0,0.0,0.0,0.0
2017-05-05,0.004080359407478,0.0,0.0,0.0,0.0,0.0,0.0
2017-05-08,3.744527190807645e-05,0.0,0.0,0.0,0.0,0.0,0.0
2017-05-09,-0.0010257745567932,-0.0,-0.0,-0.0,-0.0,0.0,0.0
2017-05-10,0.0011299627174494,0.0,0.0,0.0,0.0,0.0,0.0
2017-05-11,-0.0021651513741067,-0.0,-0.0,-0.0,-0.0,0.0,0.0
2017-05-12,-0.0014795353407937,-0.0,-0.0,-0.0,-0.0,0.0,0.0
2017-05-15,0.0047651423030146,0.0,0.0,0.0,0.0,0.0,0.0
2017-05-16,-0.0006871330369859,-0.0,-0.0,-0.0,-0.0,0.0,0.0
2017-05-17,-0.0183454681711152,-0.0,-0.0,-0.0,-0.0,0.0,0.0
2017-05-18,0.0036800386272162,0.004916785847560493,0.004645571207766976,0.004916785847560493,0.004645571207766976,1.3360690866660392,1.3360690866660392
2017-05-19,0.0067447032082004,0.00942135356262975,0.009404472507505406,0.00942135356262975,0.009404472507505406,1.39685220710305,1.39685220710305
2017-05-22,0.0051468632960087,0.007494353143655697,0.00747707359679602,0.007494353143655697,0.00747707359679602,1.4561010682889972,1.4561010682889972
2017-05-23,0.0018361851723804,0.0027877007492965347,0.00276911140517771,0.0027877007492965347,0.00276911140517771,1.5182024074851914,1.5182024074851914
2017-05-24,0.0024860338045762,0.0039391545438804965,0.003918933795608923,0.0039391545438804965,0.003918933795608923,1.5845136685709766,1.5845136685709766
2017-05-25,0.0044321120419779,0.007320571544283375,0.007299373454437514,0.007320571544283375,0.007299373454437514,1.6517117516317243,1.6517117516317243
2017-05-26,0.0003105017853028,0.0005335882643082401,0.0005116832220093898,0.0005335882643082401,0.0005116832220093898,1.7184708416020449,1.7184708416020449
2017-05-30,-0.0012053507295339,-0.0021580810439140747,-0.0021818801084606244,-0.0021580810439140747,-0.0021818801084606244,1.7904175034171077,1.7904175034171077
2017-05-31,-0.0004600746199514,-0.0008287494742401936,-0.000840473117507882,-0.0008287494742401936,-0.000840473117507882,1.8013370838142269,1.8013370838142269
2017-06-01,0.0075425955848471,0.0,-0.00036026741676284537,0.0,-0.00036026741676284537,0.0,0.0
2017-06-02,0.0037008746180466,0.0,0.0,0.0,0.0,0.0,0.0
2017-06-05,-0.0012184071404286,-0.0,-0.0,-0.0,-0.0,0.0,0.0
2017-06-06,-0.0027829086662043,-0.0,-0.0,-0.0,-0.0,0.0,0.0
2017-06-07,0.0015670287963471,0.0,0.0,0.0,0.0,0.0,0.0
2017-06-08,0.0002671690356645,0.0,0.0,0.0,0.0,0.0,0.0
2017-06-09,-0.0008303338661868,-0.0,-0.0,-0.0,-0.0,0.0,0.0
2017-06-12,-0.0009792424797181,-0.0,-0.0,-0.0,-0.0,0.0,0.0
2017-06-13,0.0045013588432301,0.0,0.0,0.0,0.0,0.0,0.0
2017-06-14,-0.0009963269653177,-0.0,-0.0,-0.0,-0.0,0.0,0.0
2017-06-15,-0.0022421097968399,-0.0,-0.0,-0.0,-0.0,0.0,0.0
2017-06-16,0.0002835991500589,0.0,0.0,0.0,0.0,0.0,0.0
2017-06-19,0.0083125832068944,0.0,0.0,0.0,0.0,0.0,0.0
2017-06-20,-0.0067191604469316,-0.0,-0.0,-0.0,-0.0,0.0,0.0
2017-06-21,-0.0005828141932715,-0.0,-0.0,-0.0,-0.0,0.0,0.0
2017-06-22,-0.0004558859724381,-0.0,-0.0,-0.0,-0.0,0.0,0.0
2017-06-23,0.0015596985554084,0.0,0.0,0.0,0.0,0.0,0.0
2017-06-26,0.0003157519397332,0.0,0.0,0.0,0.0,0.0,0.0
2017-06-27,-0.0081055865756729,-0.0,-0.0,-0.0,-0.0,0.0,0.0
2017-06-28,0.0087695016465509,0.0,0.0,0.0,0.0,0.0,0.0
2017-06-29,-0.0086372168441419,-0.0,-0.0,-0.0,-0.0,0.0,0.0
2017-06-30,0.0015320576108743,0.0,0.0,0.0,0.0,0.0,0.0
2017-07-03,0.0023081679791472,0.0,0.0,0.0,0.0,0.0,0.0
2017-07-05,0.0014522240362886,0.0,0.0,0.0,0.0,0.0,0.0
2017-07-06,-0.0094129873068657,-0.0,-0.0,-0.0,-0.0,0.0,0.0
2017-07-07,0.0063827125696152,0.0,0.0,0.0,0.0,0.0,0.0
2017-07-10,0.0009273361035129,0.0,0.0,0.0,0.0,0.0,0.0
2017-07-11,-0.0007829870660822,-0.0,-0.0,-0.0,-0.0,0.0,0.0
2017-07-12,0.0072790509478215,0.0,0.0,0.0,0.0,0.0,0.0
2017-07-13,0.0018728294734726,0.0,0.0,0.0,0.0,0.0,0.0
2017-07-14,0.0046626161700098,0.0,0.0,0.0,0.0,0.0,0.0
2017-07-17,-5.291423670694684e-05,-0.0,-0.0,-0.0,-0.0,0.0,0.0
2017-07-18,0.000597678698111,0.0,0.0,0.0,0.0,0.0,0.0
2017-07-19,0.0053582582160531,0.0,0.0,0.0,0.0,0.0,0.0
2017-07-20,-0.0001536710886069,-0.0,-0.0,-0.0,-0.0,0.0,0.0
2017-07-21,-0.0003679393292088,-0.0,-0.0,-0.0,-0.0,0.0,0.0
2017-07-24,-0.0010643009954085,-0.0,-0.0,-0.0,-0.0,0.0,0.0
2017-07-25,0.0029189075198976,0.0,0.0,0.0,0.0,0.0,0.0
2017-07-26,0.00028262400612,0.0,0.0,0.0,0.0,0.0,0.0
2017-07-27,-0.0009731616373942,-0.0,-0.0,-0.0,-0.0,0.0,0.0
2017-07-28,-0.0013420156781158,-0.0,-0.0,-0.0,-0.0,0.0,0.0
2017-07-31,-0.0007284108345597,-0.0,-0.0,-0.0,-0.0,0.0,0.0
2017-08-01,0.0024461207749384,0.0,0.0,0.0,0.0,0.0,0.0
2017-08-02,0.0004925274073475,0.0,0.0,0.0,0.0,0.0,0.0
2017-08-03,-0.0021860418349461,-0.0,-0.0,-0.0,-0.0,0.0,0.0
2017-08-04,0.0018873214175396,0.0,0.0,0.0,0.0,0.0,0.0
2017-08-07,0.0016458446442806,0.0,0.0,0.0,0.0,0.0,0.0
2017-08-08,-0.0024173522303856,-0.0,-0.0,-0.0,-0.0,0.0,0.0
2017-08-09,-0.0003636747927124,-0.0,-0.0,-0.0,-0.0,0.0,0.0
2017-08-10,-0.0145802184007415,-0.0,-0.0,-0.0,-0.0,0.0,0.0
2017-08-11,0.0012747571279874,-0.0019748013638800563,-0.0022911707521131226,0.0019748013638800563,0.00165843197564699,-1.5491589107627846,1.5491589107627846
2017-08-14,0.0099936512460496,0.0,-0.0003098317821525569,0.016160451855582396,0.016139523179649753,0.0,1.6170718246717362
2017-08-15,-0.0004989323268835,-0.0,-0.0,-0.0008362892031396934,-0.0008561558498538359,0.0,1.676157583060289
2017-08-16,0.0014190955233326,0.0,0.0,0.002440485495969241,0.002423199162017443,0.0,1.719747159964265
2017-08-17,-0.0155573424871917,-0.0,-0.0,-0.027868320445367103,-0.027892057419660523,0.0,1.7913291083172453
2017-08-18,-0.0018370536613518,0.0023433868113973515,0.0020849811110837647,-0.0023433868113973515,-0.0024498093709846955,-1.27562240597423,1.27562240597423
2017-08-21,0.0011619757145657,0.0,-0.00025512448119484603,0.0014993864949458867,0.0014929787511688134,0.0,1.290376792002316
2017-08-22,0.0098916952606256,0.0,0.0,0.01336500977439688,0.013348678080652219,0.0,1.3511344033814898
2017-08-23,-0.0034595701326392,-0.0,-0.0,-0.004866859131395534,-0.0048828311797130975,0.0,1.4067814626676627
2017-08-24,-0.0020766167471384,-0.0,-0.0,-0.002849903214413096,-0.0028612169714723806,0.0,1.3723780366985352
2017-08-25,0.0016714716689376,0.0,0.0,0.0,-0.00027447560733970705,0.0,0.0
2017-08-28,0.0004869534732963,0.0,0.0,0.0,0.0,0.0,0.0
2017-08-29,0.0008424667620099,0.0,0.0,0.0,0.0,0.0,0.0
2017-08-30,0.0046045317880603,0.0,0.0,0.0,0.0,0.0,0.0
2017-08-31,0.0057046735847139,0.0,0.0,0.0,0.0,0.0,0.0
2017-09-01,0.0019805780423354,0.0,0.0,0.0,0.0,0.0,0.0
2017-09-05,-0.0075794585521453,-0.0,-0.0,-0.0,-0.0,0.0,0.0
2017-09-06,0.0031238424931441,0.0,0.0,0.0,0.0,0.0,0.0
2017-09-07,-0.0001784520448531,-0.0,-0.0,-0.0,-0.0,0.0,0.0
2017-09-08,-0.0014899601434583,-0.0,-0.0,-0.0,-0.0,0.0,0.0
2017-09-11,0.0107809751971474,0.0,0.0,0.0,0.0,0.0,0.0
2017-09-12,0.0033583025948829,0.0,0.0,0.0,0.0,0.0,0.0
2017-09-13,0.000756834248083,0.0,0.0,0.0,0.0,0.0,0.0
2017-09-14,-0.0011013238508281,0.0020500962376890338,0.0016675437699581231,0.0020500962376890338,0.0016675437699581231,-1.861483555584072,-1.861483555584072
2017-09-15,0.0018454775461593,-0.0034587805594933933,-0.0034717294459901986,-0.0034587805594933933,-0.0034717294459901986,-1.8741927078395537,-1.8741927078395537
2017-09-18,0.0014548619291288,0.0,-0.00037483854156791075,0.0,-0.00037483854156791075,0.0,0.0
2017-09-19,0.0011095796167319,0.0,0.0,0.0,0.0,0.0,0.0
2017-09-20,0.0006341467023096,0.0,0.0,0.0,0.0,0.0,0.0
2017-09-21,-0.0030505659469151,-0.0,-0.0,-0.0,-0.0,0.0,0.0
2017-09-22,0.0006475839951667,0.0,0.0,0.0,0.0,0.0,0.0
2017-09-25,-0.002224522699854,-0.0,-0.0,-0.0,-0.0,0.0,0.0
2017-09-26,7.21641258953909e-05,0.0,0.0,0.0,0.0,0.0,0.0
2017-09-27,0.0040768224019878,0.0,0.0,0.0,0.0,0.0,0.0
2017-09-28,0.0012038906289379,0.0,0.0,0.0,0.0,0.0,0.0
2017-09-29,0.0036982630684985,0.0,0.0,0.0,0.0,0.0,0.0
2017-10-02,0.0038665188297128,0.0,0.0,0.0,0.0,0.0,0.0
2017-10-03,0.0021565111846602,0.0,0.0,0.0,0.0,0.0,0.0
2017-10-04,0.0012459436611136,0.0,0.0,0.0,0.0,0.0,0.0
2017-10-05,0.0056309040312934,0.0,0.0,0.0,0.0,0.0,0.0
2017-10-06,-0.0010742111652399,-0.0,-0.0,-0.0,-0.0,0.0,0.0
2017-10-09,-0.0018060638680141,-0.0,-0.0,-0.0,-0.0,0.0,0.0
2017-10-10,0.0023197196304787,0.0,0.0,0.0,0.0,0.0,0.0
2017-10-11,0.0018018829296631,0.0,0.0,0.0,0.0,0.0,0.0
2017-10-12,-0.0016881771203509,-0.0,-0.0,-0.0,-0.0,0.0,0.0
2017-10-13,0.0008777220048461,0.0,0.0,0.0,0.0,0.0,0.0
2017-10-16,0.0017492225323056,0.0,0.0,0.0,0.0,0.0,0.0
2017-10-17,0.0006723529054335,0.0,0.0,0.0,0.0,0.0,0.0
2017-10-18,0.0007420595113298,0.0,0.0,0.0,0.0,0.0,0.0
2017-10-19,0.0003279441150105,0.0,0.0,0.0,0.0,0.0,0.0
2017-10-20,0.0051037961850299,0.0,0.0,0.0,0.0,0.0,0.0
2017-10-23,-0.0039803953129968,-0.0,-0.0,-0.0,-0.0,0.0,0.0
2017-10-24,0.0016166008745583,0.0,0.0,0.0,0.0,0.0,0.0
2017-10-25,-0.0046739556872603,-0.0,-0.0,-0.0,-0.0,0.0,0.0
2017-10-26,0.001270139250602,0.0,0.0,0.0,0.0,0.0,0.0
2017-10-27,0.0080406099797274,0.0,0.0,0.0,0.0,0.0,0.0
2017-10-30,-0.0031975773767412,-0.0,-0.0,-0.0,-0.0,0.0,0.0
2017-10-31,0.0009440129366797,0.0,0.0,0.0,0.0,0.0,0.0
2017-11-01,0.0015908441079037,0.0,0.0,0.0,0.0,0.0,0.0
2017-11-02,0.0001899477696669,0.0,0.0,0.0,0.0,0.0,0.0
2017-11-03,0.0030922893263145,0.0,0.0,0.0,0.0,0.0,0.0
2017-11-06,0.0012704438847759,0.0,0.0,0.0,0.0,0.0,0.0
2017-11-07,-0.0001891208050821,-0.0,-0.0,-0.0,-0.0,0.0,0.0
2017-11-08,0.0014426139320606,0.0,0.0,0.0,0.0,0.0,0.0
2017-11-09,-0.0037689813393697,-0.0,-0.0,-0.0,-0.0,0.0,0.0
2017-11-10,-0.0008980469760535,-0.0,-0.0,-0.0,-0.0,0.0,0.0
2017-11-13,0.0009831509112929,0.0,0.0,0.0,0.0,0.0,0.0
2017-11-14,-0.0023122805602824,-0.0,-0.0,-0.0,-0.0,0.0,0.0
2017-11-15,-0.0055409987421235,-0.0,-0.0,-0.0,-0.0,0.0,0.0
2017-11-16,0.0081626527829721,0.0,0.0,0.0,0.0,0.0,0.0
2017-11-17,-0.0026294169788974,-0.0,-0.0,-0.0,-0.0,0.0,0.0
2017-11-20,0.0012748698887907,0.0,0.0,0.0,0.0,0.0,0.0
2017-11-21,0.0065198388797522,0.0,0.0,0.0,0.0,0.0,0.0
2017-11-22,-0.0007505427033294,-0.0,-0.0,-0.0,-0.0,0.0,0.0
2017-11-24,0.0020539842782323,0.0,0.0,0.0,0.0,0.0,0.0
2017-11-27,-0.0003843315868037,-0.0,-0.0,-0.0,-0.0,0.0,0.0
2017-11-28,0.0098003321967938,0.0,0.0,0.0,0.0,0.0,0.0
2017-11-29,-0.000369293882791,0.000738587765582,0.00032668300367723807,0.000738587765582,0.00032668300367723807,-2.0,-2.0
2017-11-30,0.0081575866628114,-0.0163151733256228,-0.01632707808752756,-0.0163151733256228,-0.01632707808752756,-2.0,-2.0
2017-12-01,-0.0020265829358052,0.0040531658716104,0.004041261109705639,0.0040531658716104,0.004041261109705639,-2.0,-2.0
2017-12-04,-0.0010527105492865,0.002105421098573,0.002093516336668238,0.002105421098573,0.002093516336668238,-2.0,-2.0
2017-12-05,-0.0037463905259551,0.0074927810519102,0.007480876290005438,0.0074927810519102,0.007480876290005438,-2.0,-2.0
2017-12-06,-0.0001141121705305,0.000228224341061,0.00021631957915623808,0.000228224341061,0.00021631957915623808,-2.0,-2.0
2017-12-07,0.0029280670101092,-0.0058561340202184,-0.005868038782123161,-0.0058561340202184,-0.005868038782123161,-2.0,-2.0
2017-12-08,0.0054912020355182,0.0,-0.0004,0.0,-0.0004,0.0,0.0
2017-12-11,0.0031968421216959,0.0,0.0,0.0,0.0,0.0,0.0
2017-12-12,0.0015477237220897,-0.0030954474441794,-0.0035073522060841624,-0.0030954474441794,-0.0035073522060841624,-2.0,-2.0
2017-12-13,-0.0004730689701508,0.0009461379403016,0.0009342331783968381,0.0009461379403016,0.0009342331783968381,-2.0,-2.0
2017-12-14,-0.0040791677307625,0.008158335461525,0.008146430699620238,0.008158335461525,0.008146430699620238,-2.0,-2.0
2017-12-15,0.0089343134101431,-0.0178686268202862,-0.01788053158219096,-0.0178686268202862,-0.01788053158219096,-2.0,-2.0
2017-12-18,0.0053484785795969,-0.0106969571591938,-0.010708861921098562,-0.0106969571591938,-0.010708861921098562,-2.0,-2.0
2017-12-19,-0.0032354980431179,0.0064709960862358,0.006459091324331039,0.0064709960862358,0.006459091324331039,-2.0,-2.0
2017-12-20,-0.0008282360735725,0.001656472147145,0.0016445673852402381,0.001656472147145,0.0016445673852402381,-2.0,-2.0
2017-12-21,0.0019836870126583,0.0,-0.0004,0.0,-0.0004,0.0,0.0
2017-12-22,-0.0004582716381138,-0.0,-0.0,-0.0,-0.0,0.0,0.0
2017-12-26,-0.0010589757000589,-0.0,-0.0,-0.0,-0.0,0.0,0.0
2017-12-27,0.0007906283102423,0.0,0.0,0.0,0.0,0.0,0.0
2017-12-28,0.0018323190029194,0.0,0.0,0.0,0.0,0.0,0.0
2017-12-29,-0.0051966322927476,-0.0,-0.0,-0.0,-0.0,0.0,0.0
2018-01-02,0.0082690782183973,0.0,0.0,0.0,0.0,0.0,0.0
2018-01-03,0.0063784332439364,0.0,0.0,0.0,0.0,0.0,0.0
2018-01-04,0.0040205428553266,0.0,0.0,0.0,0.0,0.0,0.0
2018-01-05,0.0070091458885856,-0.0140182917771712,-0.01443019653907596,-0.0140182917771712,-0.01443019653907596,-2.0,-2.0
2018-01-08,0.0016609637672972,-0.0033219275345944,-0.003333832296499162,-0.0033219275345944,-0.003333832296499162,-2.0,-2.0
2018-01-09,0.0013020835172978,-0.0026041670345956,-0.002616071796500362,-0.0026041670345956,-0.002616071796500362,-2.0,-2.0
2018-01-10,-0.0011128458115203,0.0022256916230406,0.002213786861135838,0.0022256916230406,0.002213786861135838,-2.0,-2.0
2018-01-11,0.0070090257688812,-0.0140180515377624,-0.014029956299667162,-0.0140180515377624,-0.014029956299667162,-2.0,-2.0
2018-01-12,0.0067269263990947,-0.0134538527981894,-0.013465757560094162,-0.0134538527981894,-0.013465757560094162,-2.0,-2.0
2018-01-16,-0.0035307132616031,0.0070614265232062,0.007049521761301438,0.0070614265232062,0.007049521761301438,-2.0,-2.0
2018-01-17,0.0093710062065026,-0.0187420124130052,-0.01875391717490996,-0.0187420124130052,-0.01875391717490996,-2.0,-2.0
2018-01-18,-0.0016176974974735,0.003235394994947,0.003223490233042238,0.003235394994947,0.003223490233042238,-2.0,-2.0
2018-01-19,0.0043756479869898,-0.0087512959739796,-0.008763200735884361,-0.0087512959739796,-0.008763200735884361,-2.0,-2.0
2018-01-22,0.0080343643822136,-0.0160687287644272,-0.01608063352633196,-0.0160687287644272,-0.01608063352633196,-2.0,-2.0
2018-01-23,0.0021720049682221,-0.0043440099364442,-0.004355914698348962,-0.0043440099364442,-0.004355914698348962,-2.0,-2.0
2018-01-24,-0.0005601325472319,0.0011202650944638,0.001108360332559038,0.0011202650944638,0.001108360332559038,-2.0,-2.0
2018-01-25,0.0006024393988326,-0.0012048787976652,-0.001216783559569962,-0.0012048787976652,-0.001216783559569962,-2.0,-2.0
2018-01-26,0.0117716381060839,-0.0235432762121678,-0.02355518097407256,-0.0235432762121678,-0.02355518097407256,-2.0,-2.0
2018-01-29,-0.0067547362848623,0.0135094725697246,0.013497567807819839,0.0135094725697246,0.013497567807819839,-2.0,-2.0
2018-01-30,-0.0109586428053374,0.0219172856106748,0.02190538084877004,0.0219172856106748,0.02190538084877004,-2.0,-2.0
2018-01-31,0.0004888658586947,-0.0008037775789086983,-0.0008826126541361041,-0.0008037775789086983,-0.0008826126541361041,-1.6441679544872099,-1.6441679544872099
2018-02-01,-0.000648298352023,0.0011151752459189826,0.001091404041923543,0.0011151752459189826,0.001091404041923543,-1.7201574590450586,-1.7201574590450586
2018-02-02,-0.0214366805166994,0.03772200411330578,0.03770505276933513,0.03772200411330578,0.03770505276933513,-1.7596942812073884,-1.7596942812073884
2018-02-05,-0.0418425409383811,-0.045567628255969085,-0.046138432212737564,-0.045567628255969085,-0.046138432212737564,1.0890263170937369,1.0890263170937369
2018-02-06,0.0172905733489372,-0.010480451917606663,-0.010819484530820041,0.010480451917606663,0.010383874003982546,-0.6061367489731545,0.6061367489731545
2018-02-07,-0.0050141382237525,-0.0032040509390689133,-0.0034530789515533353,-0.0032040509390689133,-0.0032106242519640738,0.6390033134489567,0.6390033134489567
2018-02-08,-0.0382590522458015,-0.02485042193373041,-0.024852527374171846,-0.02485042193373041,-0.024852527374171846,0.6495305156561337,0.6495305156561337
2018-02-09,0.0148256451995241,-0.007196996956988699,-0.007423991542410325,0.007196996956988699,0.007164179336147871,-0.48544241145199674,0.48544241145199674
2018-02-12,0.013818665678186,-0.007134278311440393,-0.007140445504879996,0.007134278311440393,0.007128111118000791,-0.5162783786500089,0.5162783786500089
2018-02-13,0.0026095219802773,0.0,-0.00010325567573000179,0.001431231607577385,0.0014247942729863703,0.0,0.548465051605082
2018-02-14,0.0133134398088969,0.0,0.0,0.007789701553060366,0.007782374444390725,0.0,0.585100594953288
2018-02-15,0.011996861776776,0.0,0.0,0.007433968853185123,0.007427057080794385,0.0,0.61965945690698
2018-02-16,0.0003733996499208,0.0,0.0,0.00024487433375365125,0.00023764684466664543,0.0,0.655796902342009
2018-02-20,-0.0058585171068372,-0.0,-0.0,-0.0,-0.00013115938046840182,0.0,0.0
2018-02-21,-0.0055116644833104,-0.0,-0.0,-0.0,-0.0,0.0,0.0
2018-02-22,0.000973077485578,0.0,0.0,0.0,0.0,0.0,0.0
2018-02-23,0.0159012782451206,0.0,0.0,0.0,0.0,0.0,0.0
2018-02-26,0.0116884386206272,0.0,0.0,0.0,0.0,0.0,0.0
2018-02-27,-0.0127883114414668,-0.0,-0.0,-0.0,-0.0,0.0,0.0
2018-02-28,-0.0111578060836565,-0.0,-0.0,-0.0,-0.0,0.0,0.0
2018-03-01,-0.0134139658548759,-0.0,-0.0,-0.0,-0.0,0.0,0.0
2018-03-02,0.0050587854851986,0.003321154072709605,0.0031898516451831995,0.003321154072709605,0.0031898516451831995,0.6565121376320273,0.6565121376320273
2018-03-05,0.0109716176105258,0.007639519862323038,0.00763156260848771,0.007639519862323038,0.00763156260848771,0.6962984068086678,0.6962984068086678
2018-03-06,0.0026353829319969,0.0,-0.00013925968136173358,0.0,-0.00013925968136173358,0.0,0.0
2018-03-07,-0.0004839918257166,-0.0,-0.0,-0.0,-0.0,0.0,0.0
2018-03-08,0.0044531482088849,0.0,0.0,0.0,0.0,0.0,0.0
2018-03-09,0.0172295467412073,0.0,0.0,0.0,0.0,0.0,0.0
2018-03-12,-0.0012747973379978,-0.0,-0.0,-0.0,-0.0,0.0,0.0
2018-03-13,-0.006383910414315,-0.0,-0.0,-0.0,-0.0,0.0,0.0
2018-03-14,-0.0057409698251884,-0.0,-0.0,-0.0,-0.0,0.0,0.0
2018-03-15,-0.0007822363990968,-0.0,-0.0,-0.0,-0.0,0.0,0.0
2018-03-16,0.0017019979472321,0.0,0.0,0.0,0.0,0.0,0.0
2018-03-19,-0.0143060405413741,-0.0,-0.0,-0.0,-0.0,0.0,0.0
2018-03-20,0.0014807086617194,0.0,0.0,0.0,0.0,0.0,0.0
2018-03-21,-0.0018456921256291,-0.0,-0.0,-0.0,-0.0,0.0,0.0
2018-03-22,-0.0254848869728547,-0.0,-0.0,-0.0,-0.0,0.0,0.0
2018-03-23,-0.0211898073117504,0.014880229158302134,0.014739782112801624,-0.0,-0.0,-0.702235227502545,0.0
2018-03-26,0.0267950407060348,-0.01620708289089231,-0.01622655917117773,0.01620708289089231,0.01608611212567722,-0.60485382607544,0.60485382607544
2018-03-27,-0.0174272856453212,-0.0,-0.000120970765215088,-0.011076866019736871,-0.011083016210075878,0.0,0.6356047777704693
2018-03-28,-0.0029209188994627,0.001688813035947661,0.0015731772997922809,-0.001688813035947661,-0.0017002982553463747,-0.5781786807769009,0.5781786807769009
2018-03-29,0.0136757774938436,-0.008214794563933247,-0.00821929524514253,0.0,-0.0001156357361553802,-0.6006820868233111,0.0
2018-04-02,-0.0225906823434964,-0.0,-0.00012013641736466223,-0.0,-0.0,0.0,0.0
2018-04-03,0.0125359613157414,-0.0069253118124229405,-0.007035798940422081,0.0,0.0,-0.5524356399957002,0.0
2018-04-04,0.0115001023464467,0.0,-0.00011048712799914006,0.0,0.0,0.0,0.0
2018-04-05,0.0068394214016516,0.0,0.0,0.0,0.0,0.0,0.0
2018-04-06,-0.0221640670570657,-0.0,-0.0,-0.0,-0.0,0.0,0.0
2018-04-09,0.0033309949675937,0.0,0.0,0.0,0.0,0.0,0.0
2018-04-10,0.0165885989963134,0.0,0.0,0.0,0.0,0.0,0.0
2018-04-11,-0.0055406857724609,-0.0,-0.0,-0.0,-0.0,0.0,0.0
2018-04-12,0.0082168986976567,0.0,0.0,0.0,0.0,0.0,0.0
2018-04-13,-0.0028907998267069,-0.0,-0.0,-0.0,-0.0,0.0,0.0
2018-04-16,0.0080763368015635,0.0,0.0,0.0,0.0,0.0,0.0
2018-04-17,0.0106050716138668,0.0,0.0,0.0,0.0,0.0,0.0
2018-04-18,0.0008310204075527,0.0,0.0,0.0,0.0,0.0,0.0
2018-04-19,-0.0057425817958325,-0.0,-0.0,-0.0,-0.0,0.0,0.0
2018-04-20,-0.0085731771883521,-0.0,-0.0,-0.0,-0.0,0.0,0.0
2018-04-23,5.623011118416344e-05,0.0,0.0,0.0,0.0,0.0,0.0
2018-04-24,-0.0134708880064753,-0.0,-0.0,-0.0,-0.0,0.0,0.0
2018-04-25,0.001835374232824,0.0,0.0,0.0,0.0,0.0,0.0
2018-04-26,0.0103801441873763,0.0,0.0,0.0,0.0,0.0,0.0
2018-04-27,0.0011130052713639,0.0,0.0,0.0,0.0,0.0,0.0
2018-04-30,-0.0082211925489206,-0.0,-0.0,-0.0,-0.0,0.0,0.0
2018-05-01,0.0025458021710269,0.0,0.0,0.0,0.0,0.0,0.0
2018-05-02,-0.007231951201402,-0.0,-0.0,-0.0,-0.0,0.0,0.0
2018-05-03,-0.0022562175850637,-0.0,-0.0,-0.0,-0.0,0.0,0.0
2018-05-04,0.0127298100283343,0.0,0.0,0.0,0.0,0.0,0.0
2018-05-07,0.0034519805549901,0.0,0.0,0.0,0.0,0.0,0.0
2018-05-08,-0.0002656766117334,-0.0,-0.0,-0.0,-0.0,0.0,0.0
2018-05-09,0.0096356479348687,0.0,0.0,0.0,0.0,0.0,0.0
2018-05-10,0.0093270116038484,0.0,0.0,0.0,0.0,0.0,0.0
2018-05-11,0.0017061392709614,0.0,0.0,0.0,0.0,0.0,0.0
2018-05-14,0.0008830995101263,0.0,0.0,0.0,0.0,0.0,0.0
2018-05-15,-0.0068656550439909,-0.0,-0.0,-0.0,-0.0,0.0,0.0
2018-05-16,0.0040523398475142,0.0,0.0,0.0,0.0,0.0,0.0
2018-05-17,-0.0008562387886099,-0.0,-0.0,-0.0,-0.0,0.0,0.0
2018-05-18,-0.0026356652545507,-0.0,-0.0,-0.0,-0.0,0.0,0.0
2018-05-21,0.0073596045479336,0.0,0.0,0.0,0.0,0.0,0.0
2018-05-22,-0.0031406885928753,-0.0,-0.0,-0.0,-0.0,0.0,0.0
2018-05-23,0.0032431452068992,0.0,0.0,0.0,0.0,0.0,0.0
2018-05-24,-0.0020252629577228,-0.0,-0.0,-0.0,-0.0,0.0,0.0
2018-05-25,-0.0023600030541857,-0.0,-0.0,-0.0,-0.0,0.0,0.0
2018-05-29,-0.0116315725117921,-0.0,-0.0,-0.0,-0.0,0.0,0.0
2018-05-30,0.0126158753519236,0.0,0.0,0.0,0.0,0.0,0.0
2018-05-31,-0.006903333243434,-0.0,-0.0,-0.0,-0.0,0.0,0.0
2018-06-01,0.0107907997092393,0.0,0.0,0.0,0.0,0.0,0.0
2018-06-04,0.0044695948983521,0.0,0.0,0.0,0.0,0.0,0.0
2018-06-05,0.0007023462695761,0.0,0.0,0.0,0.0,0.0,0.0
2018-06-06,0.0085309006373117,0.0,0.0,0.0,0.0,0.0,0.0
2018-06-07,-0.0007144436219848,-0.0,-0.0,-0.0,-0.0,0.0,0.0
2018-06-08,0.0031210289077518,0.0,0.0,0.0,0.0,0.0,0.0
2018-06-11,0.00106813700694,0.0,0.0,0.0,0.0,0.0,0.0
2018-06-12,0.0017418672787039,0.0,0.0,0.0,0.0,0.0,0.0
2018-06-13,-0.0040342545414118,-0.0,-0.0,-0.0,-0.0,0.0,0.0
2018-06-14,0.0024685005225038,0.0,0.0,0.0,0.0,0.0,0.0
2018-06-15,-0.0010176203154941,-0.0,-0.0,-0.0,-0.0,0.0,0.0
2018-06-18,-0.0021283911808867,-0.0,-0.0,-0.0,-0.0,0.0,0.0
2018-06-19,-0.0040315179513914,-0.0,-0.0,-0.0,-0.0,0.0,0.0
2018-06-20,0.0017106902241126,0.0,0.0,0.0,0.0,0.0,0.0
2018-06-21,-0.0063657288432201,-0.0,-0.0,-0.0,-0.0,0.0,0.0
2018-06-22,0.0018602032551342,0.0,0.0,0.0,0.0,0.0,0.0
2018-06-25,-0.0138197229677707,-0.0,-0.0,-0.0,-0.0,0.0,0.0
2018-06-26,0.0022021505056963,0.0025635612853392325,0.0023287840686994302,0.0025635612853392325,0.0023287840686994302,1.1641172021204145,1.1641172021204145
2018-06-27,-0.008641586313141,-0.010577514945135974,-0.010592163401764365,-0.010577514945135974,-0.010592163401764365,1.224024682719545,1.224024682719545
2018-06-28,0.0061596800190315,0.006803529461317883,0.006778385450953607,0.006803529461317883,0.006778385450953607,1.1045264429803314,1.1045264429803314
2018-06-29,0.0007581158875167,0.0,-0.0002209052885960663,0.0,-0.0002209052885960663,0.0,0.0
2018-07-02,0.0030632608342937,0.0,0.0,0.0,0.0,0.0,0.0
2018-07-03,-0.0049596292805338,-0.0,-0.0,-0.0,-0.0,0.0,0.0
2018-07-05,0.0085838567455374,0.0,0.0,0.0,0.0,0.0,0.0
2018-07-06,0.0084455176005802,0.0,0.0,0.0,0.0,0.0,0.0
2018-07-09,0.0087842907853419,0.0,0.0,0.0,0.0,0.0,0.0
2018-07-10,0.0034672493188221,-0.004812264013003301,-0.005094466067808433,-0.004812264013003301,-0.005094466067808433,-1.3879198091927614,-1.3879198091927614
2018-07-11,-0.0071194863719163,0.010336960098487705,0.010318779005328276,0.010336960098487705,0.010318779005328276,-1.4519249786421573,-1.4519249786421573
2018-07-12,0.0087109915801715,-0.011407699372270855,-0.011439854729093101,-0.011407699372270855,-0.011439854729093101,-1.3095752954506084,-1.3095752954506084
2018-07-13,0.0010786555366086,-0.0014715181126073904,-0.0014867819561445706,-0.0014715181126073904,-0.0014867819561445706,-1.364215046106368,-1.364215046106368
2018-07-16,-0.0010286646208985,-0.0,-0.00027284300922127364,-0.0,-0.00027284300922127364,0.0,0.0
2018-07-17,0.0039658243434432,0.0,0.0,0.0,0.0,0.0,0.0
2018-07-18,0.0021581820767373,0.0,0.0,0.0,0.0,0.0,0.0
2018-07-19,-0.0039608268490489,-0.0,-0.0,-0.0,-0.0,0.0,0.0
2018-07-20,-0.0009488977712743,-0.0,-0.0,-0.0,-0.0,0.0,0.0
2018-07-23,0.0018363623432309,0.0,0.0,0.0,0.0,0.0,0.0
2018-07-24,0.0047695188860537,0.0,0.0,0.0,0.0,0.0,0.0
2018-07-25,0.0090604350703724,0.0,0.0,0.0,0.0,0.0,0.0
2018-07-26,-0.0030369027488674,0.005307641723021186,0.004949197267779617,0.005307641723021186,0.004949197267779617,-1.7477154067579703,-1.7477154067579703
2018-07-27,-0.0065838346448447,0.011090858679354124,0.01107007790820663,0.011090858679354124,0.01107007790820663,-1.6845591175407983,-1.6845591175407983
2018-07-30,-0.0057707893155871,-0.0,-0.0003369118235081597,-0.0,-0.0003369118235081597,0.0,0.0
2018-07-31,0.0048728372193025,0.0,0.0,0.0,0.0,0.0,0.0
2018-08-01,-0.0010408930675707,-0.0,-0.0,-0.0,-0.0,0.0,0.0
2018-08-02,0.0049143495822088,0.0,0.0,0.0,0.0,0.0,0.0
2018-08-03,0.004633432065348,0.0,0.0,0.0,0.0,0.0,0.0
2018-08-06,0.0035319826508013,0.0,0.0,0.0,0.0,0.0,0.0
2018-08-07,0.002820201746486,0.0,0.0,0.0,0.0,0.0,0.0
2018-08-08,-0.0002624143932949,-0.0,-0.0,-0.0,-0.0,0.0,0.0
2018-08-09,-0.0014427146770401,-0.0,-0.0,-0.0,-0.0,0.0,0.0
2018-08-10,-0.007139312263245,-0.0,-0.0,-0.0,-0.0,0.0,0.0
2018-08-13,-0.0040140376659802,-0.0,-0.0,-0.0,-0.0,0.0,0.0
2018-08-14,0.0063689300164178,0.0,0.0,0.0,0.0,0.0,0.0
2018-08-15,-0.0076312085813787,-0.0,-0.0,-0.0,-0.0,0.0,0.0
2018-08-16,0.0078882145526382,0.0,0.0,0.0,0.0,0.0,0.0
2018-08-17,0.0033176063752629,0.0,0.0,0.0,0.0,0.0,0.0
2018-08-20,0.0024250749021286,0.0,0.0,0.0,0.0,0.0,0.0
2018-08-21,0.0020663999546268,0.0,0.0,0.0,0.0,0.0,0.0
2018-08-22,-0.0003982310542438,-0.0,-0.0,-0.0,-0.0,0.0,0.0
2018-08-23,-0.0016926939235348,-0.0,-0.0,-0.0,-0.0,0.0,0.0
2018-08-24,0.006179705928285,0.0,0.0,0.0,0.0,0.0,0.0
2018-08-27,0.0076411414071104,0.0,0.0,0.0,0.0,0.0,0.0
2018-08-28,0.0002692420775982,0.0,0.0,0.0,0.0,0.0,0.0
2018-08-29,0.0056852424689122,-0.010694747870487126,-0.011081466036895332,-0.010694747870487126,-0.011081466036895332,-1.881141908892662,-1.881141908892662
2018-08-30,-0.0044401720444584,0.008649782449216522,0.008625109496181825,0.008649782449216522,0.008625109496181825,-1.9480737148489475,-1.9480737148489475
2018-08-31,0.000134468467305,0.0,-0.0003896147429697895,0.0,-0.0003896147429697895,0.0,0.0
2018-09-04,-0.001655692048879,-0.0,-0.0,-0.0,-0.0,0.0,0.0
2018-09-05,-0.0028070628012661,-0.0,-0.0,-0.0,-0.0,0.0,0.0
2018-09-06,-0.0036589910366187,-0.0,-0.0,-0.0,-0.0,0.0,0.0
2018-09-07,-0.0022157978950136,-0.0,-0.0,-0.0,-0.0,0.0,0.0
2018-09-10,0.0018960282146931,0.0,0.0,0.0,0.0,0.0,0.0
2018-09-11,0.0037328656897148,0.0,0.0,0.0,0.0,0.0,0.0
2018-09-12,0.000356608349894,0.0,0.0,0.0,0.0,0.0,0.0
2018-09-13,0.0052683521593914,0.0,0.0,0.0,0.0,0.0,0.0
2018-09-14,0.0002754439007661,0.0,0.0,0.0,0.0,0.0,0.0
2018-09-17,-0.005585290991549,-0.0,-0.0,-0.0,-0.0,0.0,0.0
2018-09-18,0.0053546528676253,0.0,0.0,0.0,0.0,0.0,0.0
2018-09-19,0.0012524880331721,0.0,0.0,0.0,0.0,0.0,0.0
2018-09-20,0.0078100141853285,0.0,0.0,0.0,0.0,0.0,0.0
2018-09-21,-0.0003686009370067,0.0007372018740134,0.0003252971121086381,0.0007372018740134,0.0003252971121086381,-2.0,-2.0
2018-09-24,-0.0035218823140139,0.0070437646280278,0.007031859866123038,0.0070437646280278,0.007031859866123038,-2.0,-2.0
2018-09-25,-0.0013059484931181,0.0025105314365369987,0.002484027035132058,0.0025105314365369987,0.002484027035132058,-1.922381663416771,-1.922381663416771
2018-09-26,-0.0032946996811595,0.006336589577018081,0.006325421081188397,0.006336589577018081,0.006325421081188397,-1.9232677300615308,-1.9232677300615308
2018-09-27,0.002759476228511,-0.005031024527105097,-0.005060841653925112,-0.005031024527105097,-0.005060841653925112,-1.8231809627944553,-1.8231809627944553
2018-09-28,-6.870144138027001e-06,-0.0,-0.0003646361925588911,-0.0,-0.0003646361925588911,0.0,0.0
2018-10-01,0.003634492342198,0.0,0.0,0.0,0.0,0.0,0.0
2018-10-02,-0.0003967689102788,-0.0,-0.0,-0.0,-0.0,0.0,0.0
2018-10-03,0.0007112667367188,0.0,0.0,0.0,0.0,0.0,0.0
2018-10-04,-0.00820303542101,-0.0,-0.0,-0.0,-0.0,0.0,0.0
2018-10-05,-0.0055433145846226,-0.0,-0.0,-0.0,-0.0,0.0,0.0
2018-10-08,-0.0003951947083491,-0.0,-0.0,-0.0,-0.0,0.0,0.0
2018-10-09,-0.0014189098341548,-0.0,-0.0,-0.0,-0.0,0.0,0.0
2018-10-10,-0.0334163890426015,-0.0,-0.0,-0.0,-0.0,0.0,0.0
2018-10-11,-0.0207875799725414,0.0163690601320425,0.016211571283858493,-0.0163690601320425,-0.016526548980226506,-0.7874442409200406,0.7874442409200406
2018-10-12,0.0141062354083763,-0.009289473384699936,-0.0093152548975706,0.009289473384699936,0.009263691871829273,-0.6585366765667214,0.6585366765667214
2018-10-15,-0.0059224822913002,0.004121267051809683,0.00411380074846602,-0.004121267051809683,-0.004128733355153346,-0.6958681932850348,0.6958681932850348
2018-10-16,0.021267828034901,-0.014821900703905249,-0.014822110369265767,0.014821900703905249,0.014821691038544731,-0.6969165200876255,0.6969165200876255
2018-10-17,-0.0002526942626648,-0.0,-0.0001393833040175251,-0.0001848120477087942,-0.00019170198769756313,0.0,0.7313662200314701
2018-10-18,-0.0144964905753406,-0.0,-0.0,-0.011217581102634976,-0.011226070572325978,0.0,0.7738135684864828
2018-10-19,-0.0003612351352799,0.0002521500847462337,0.00011254567746682697,-0.0002521500847462337,-0.00026730839116412356,-0.6980220363970336,0.6980220363970336
2018-10-22,-0.0043087970964776,-0.0,-0.00013960440727940675,-0.0031814355155947325,-0.003189502741226308,0.0,0.7383581645549115
2018-10-23,-0.0055270761806944,-0.0,-0.0,-0.004134551500454422,-0.004136490669540201,0.0,0.7480540099838054
2018-10-24,-0.0313507738611402,-0.0,-0.0,-0.02343168830518144,-0.0234318183421485,0.0,0.7474038251484887
2018-10-25,0.0184537179787138,-0.01045763564844994,-0.010570974712810982,0.01045763564844994,0.010421493947781284,-0.5666953218052172,0.5666953218052172
2018-10-26,-0.0174791380100032,0.01049000216591235,0.010483312403223581,-0.01049000216591235,-0.010496691928601119,-0.6001441352490602,0.6001441352490602
2018-10-29,-0.0065812082951941,0.003619085772334896,0.0036090393561131295,-0.003619085772334896,-0.0036291321885566622,-0.549912054140228,0.549912054140228
2018-10-30,0.015545322971878,-0.008660476390405918,-0.008661916256311176,0.0,-0.0001099824108280456,-0.5571113836665217,0.0
2018-10-31,0.0107928787545708,-0.00638110849497932,-0.0063879328629102465,0.0,0.0,-0.5912332233211561,0.0
2018-11-01,0.0105024988685293,0.0,-0.00011824664466423124,0.0,0.0,0.0,0.0
2018-11-02,-0.00633672105588,-0.0,-0.0,-0.0,-0.0,0.0,0.0
2018-11-05,0.0055846936971946,0.0,0.0,0.0,0.0,0.0,0.0
2018-11-06,0.0062397877444082,0.0,0.0,0.0,0.0,0.0,0.0
2018-11-07,0.0209870785607737,0.0,0.0,0.0,0.0,0.0,0.0
2018-11-08,-0.0025120689884907,0.001976810178453797,0.0018194251553902783,0.001976810178453797,0.0018194251553902783,-0.7869251153175945,-0.7869251153175945
2018-11-09,-0.0092415859153724,0.007482590780290697,0.007478042757472033,0.007482590780290697,0.007478042757472033,-0.8096652294109175,-0.8096652294109175
2018-11-12,-0.0198981509854681,0.015317765479283594,0.015309794130550763,0.015317765479283594,0.015309794130550763,-0.7698084857467599,-0.7698084857467599
2018-11-13,-0.0014830188221734,0.0009719109159711227,0.0009490211784543213,0.0009719109159711227,0.0009490211784543213,-0.6553597981627528,-0.6553597981627528
2018-11-14,-0.007596188818451,0.005215844228417886,0.005209588263400941,0.005215844228417886,0.005209588263400941,-0.6866396232474762,-0.6866396232474762
2018-11-15,0.0105380327426427,-0.007130252424262088,-0.007132256183606817,-0.007130252424262088,-0.007132256183606817,-0.6766208265238302,-0.6766208265238302
2018-11-16,0.0022208375374832,0.0,-0.00013532416530476603,0.0,-0.00013532416530476603,0.0,0.0
2018-11-19,-0.0167831612357209,-0.0,-0.0,-0.0,-0.0,0.0,0.0
2018-11-20,-0.0183179955565861,0.012306039620672999,0.01217167950924423,-0.0,-0.0,-0.6718005571438439,0.0
2018-11-21,0.0030386693107669,-0.0018194147320481624,-0.0018340240877364865,0.0,0.0,-0.5987537787022235,0.0
2018-11-23,-0.0065764197118554,0.00419487090529207,0.004187048571446097,-0.0,-0.0,-0.6378654479320899,0.0
2018-11-26,0.0154129758453667,-0.00984533441854094,-0.009845515171136797,0.0,0.0,-0.6387692109113732,0.0
2018-11-27,0.0032563843646125,0.0,-0.00012775384218227464,0.0,0.0,0.0,0.0
2018-11-28,0.0227140513031143,0.0,0.0,0.0,0.0,0.0,0.0
2018-11-29,-0.0021854945453938,0.0016470667259447466,0.0014963395846287325,0.0016470667259447466,0.0014963395846287325,-0.7536357065800705,-0.7536357065800705
2018-11-30,0.0081375477166174,-0.006344982989382769,-0.0063501992160282334,-0.006344982989382769,-0.0063501992160282334,-0.779716839807391,-0.779716839807391
2018-12-03,0.0108820017943624,-0.008964417280602098,-0.00897323068166167,-0.008964417280602098,-0.00897323068166167,-0.8237838451052509,-0.8237838451052509
2018-12-04,-0.0329002288385558,0.02854742246536622,0.02853863987935451,0.02854742246536622,0.02853863987935451,-0.8676967751638092,-0.8676967751638092
2018-12-06,-0.001523387914144,0.0009304628761438546,0.0008790805721819208,0.0009304628761438546,0.0008790805721819208,-0.6107852553541405,-0.6107852553541405
2018-12-07,-0.0235963354563226,0.01512886661502409,0.015122793020764181,0.01512886661502409,0.015122793020764181,-0.6411532266536893,-0.6411532266536893
2018-12-10,0.0017606032229169,-0.0009676719842761969,-0.0009859775798648361,-0.0009676719842761969,-0.0009859775798648361,-0.5496252487104931,-0.5496252487104931
2018-12-11,-0.0003564096753061,0.00020911069828840893,0.00020169286270686103,0.00020911069828840893,0.00020169286270686103,-0.5867144266182326,-0.5867144266182326
2018-12-12,0.0054048710103513,-0.003365536607157472,-0.0033727308884271396,-0.003365536607157472,-0.0033727308884271396,-0.6226858329665711,-0.6226858329665711
2018-12-13,-0.0001999503124148,-0.0,-0.00012453716659331423,0.0001323421653940611,0.0001245042796098474,0.0,-0.6618752618876396
2018-12-14,-0.0192712122687002,-0.0,-0.0,-0.0,-0.0001323750523775279,0.0,0.0
2018-12-17,-0.0209922848285764,0.01289511696128652,0.012772261187685997,-0.0,-0.0,-0.6142788680026218,0.0
2018-12-18,8.639685378852846e-05,-4.7014605846119963e-05,-6.103631018482489e-05,4.7014605846119963e-05,-6.181946341569946e-05,-0.5441703463090971,0.5441703463090971
2018-12-19,-0.0155154591759361,0.009007220161224795,0.008999947835450692,-0.009007220161224795,-0.009014492486998898,-0.5805319751796105,0.5805319751796105
2018-12-20,-0.0158978094841044,0.008649771527209946,0.008642482281302129,-0.008649771527209946,-0.008657060773117764,-0.5440857456405246,0.5440857456405246
2018-12-21,-0.0208031204985408,0.010676114685328583,0.010669937086705196,-0.010676114685328583,-0.010682292283951969,-0.5131977525235909,0.5131977525235909
2018-12-24,-0.0274865728783142,0.012942969388207489,0.012934506506765933,-0.012942969388207489,-0.012951432269649045,-0.4708833453158131,0.4708833453158131
2018-12-26,0.0484031776708056,-0.020281999600506743,-0.020292371855990095,0.020281999600506743,0.020271627345023392,-0.4190220678990636,0.4190220678990636
2018-12-27,0.0085262289688161,0.003773046823270175,0.0036007379410191655,0.0,-8.380441357981273e-05,0.4425223433559839,0.0
2018-12-28,-0.0012423539102313,-0.000588044761477144,-0.0005942065157935115,-0.0,-0.0,0.473331114937822,0.0
2018-12-31,0.0084566258622071,0.004244220757567122,0.004238510758957024,-0.004244220757567122,-0.004344596979164784,0.501881107988313,-0.501881107988313
2019-01-02,0.0012676930626263,0.0006786404466482265,0.0006719496712486386,-0.0006786404466482265,-0.0006853312220478144,0.5353349849862523,-0.5353349849862523
2019-01-03,-0.0250683318189155,-0.014334265807466866,-0.01434156035563355,0.014334265807466866,0.014326971259300183,0.5718077258196669,-0.5718077258196669
2019-01-04,0.0337593990603473,-0.01677277051510048,-0.016986498583259197,-0.01677277051510048,-0.016787765537269628,-0.49683261497392095,-0.49683261497392095
2019-01-07,0.0069859759952297,0.0,-9.93665229947842e-05,-0.0036676234826237748,-0.0036732565612631264,0.0,-0.5249980081706798
2019-01-08,0.009648587336497,0.0,0.0,-0.005400979278311319,-0.005407933459960699,0.0,-0.5597689164175809
2019-01-09,0.0040896713328217,-0.0024350176143103155,-0.002554098949515326,-0.0024350176143103155,-0.0024421451662318097,-0.5954066760250527,-0.5954066760250527
2019-01-10,0.0045082413744621,-0.002858283730199842,-0.002866004999060852,-0.002858283730199842,-0.002866004999060852,-0.6340130203301011,-0.6340130203301011
2019-01-11,-0.0001463085444823,9.864467649059598e-05,9.060255656644659e-05,9.864467649059598e-05,9.060255656644659e-05,-0.674223619950848,-0.674223619950848
2019-01-14,-0.0052713945872495,0.0037684379213911243,0.003760305759131638,0.0037684379213911243,0.003760305759131638,-0.7148844312482807,-0.7148844312482807
2019-01-15,0.010664618879761,0.0,-0.00014297688624965616,0.0,-0.00014297688624965616,0.0,0.0
2019-01-16,0.0022195205290884,0.0,0.0,0.0,0.0,0.0,0.0
2019-01-17,0.007562730706236,0.0,0.0,0.0,0.0,0.0,0.0
2019-01-18,0.0130969128398552,0.0,0.0,0.0,0.0,0.0,0.0
2019-01-22,-0.0142584768279716,-0.0,-0.0,-0.0,-0.0,0.0,0.0
2019-01-23,0.00220048991945,0.0,0.0,0.0,0.0,0.0,0.0
2019-01-24,0.0013747801109778,0.0,0.0,0.0,0.0,0.0,0.0
2019-01-25,0.0084528677005177,0.0,0.0,0.0,0.0,0.0,0.0
2019-01-28,-0.0078777758487085,-0.0,-0.0,-0.0,-0.0,0.0,0.0
2019-01-29,-0.001457307935115,-0.0,-0.0,-0.0,-0.0,0.0,0.0
2019-01-30,0.0154296098915596,0.0,0.0,0.0,0.0,0.0,0.0
2019-01-31,0.0085606488097687,0.0,0.0,0.0,0.0,0.0,0.0
2019-02-01,0.0008982065848064,0.0,0.0,0.0,0.0,0.0,0.0
2019-02-04,0.0067533811174795,-0.007199199912419393,-0.00741318862769416,-0.007199199912419393,-0.00741318862769416,-1.0660141619708088,-1.0660141619708088
2019-02-05,0.0046973704373503,-0.005258866045235156,-0.005270993042516196,-0.005258866045235156,-0.005270993042516196,-1.1195340276807262,-1.1195340276807262
2019-02-06,-0.0022269157175083,0.0026205759255374765,0.0026070235349316415,0.0026205759255374765,0.0026070235349316415,-1.1767737346026026,-1.1767737346026026
2019-02-07,-0.0094011932022306,0.011185534251448465,0.011180669596740085,0.011185534251448465,0.011180669596740085,-1.1897994234172846,-1.1897994234172846
2019-02-08,0.0006759725660128,-0.0007186118896907336,-0.0007447070121890504,-0.0007186118896907336,-0.0007447070121890504,-1.0630784825032769,-1.0630784825032769
2019-02-11,0.000708851803818,-0.0007951850673185274,-0.0008083779101317361,-0.0007951850673185274,-0.0008083779101317361,-1.1217931068744147,-1.1217931068744147
2019-02-12,0.0128078529028385,-0.015147858964445315,-0.015162215530627795,-0.015147858964445315,-0.015162215530627795,-1.1827008851021563,-1.1827008851021563
2019-02-13,0.003019431593711,-0.0037180988980563064,-0.00373059143602975,-0.0037180988980563064,-0.00373059143602975,-1.2313903404205349,-1.2313903404205349
2019-02-14,-0.0026551633836984,0.0034343422860739392,0.003418435209242739,0.0034343422860739392,0.003418435209242739,-1.2934579872407754,-1.2934579872407754
2019-02-15,0.010820004664958,-0.013951387577541614,-0.013955643134271847,-0.013951387577541614,-0.013955643134271847,-1.289406798753517,-1.289406798753517
2019-02-19,0.0014976213265915,0.0,-0.0002578813597507034,0.0,-0.0002578813597507034,0.0,0.0
2019-02-20,0.0017755335607407,0.0,0.0,0.0,0.0,0.0,0.0
2019-02-21,-0.0035326693258417,-0.0,-0.0,-0.0,-0.0,0.0,0.0
2019-02-22,0.006390638694711,0.0,0.0,0.0,0.0,0.0,0.0
2019-02-25,0.0012311044497517,0.0,0.0,0.0,0.0,0.0,0.0
2019-02-26,-0.0007907696728404,-0.0,-0.0,-0.0,-0.0,0.0,0.0
2019-02-27,-0.000544197436298,-0.0,-0.0,-0.0,-0.0,0.0,0.0
2019-02-28,-0.0028295075989506,-0.0,-0.0,-0.0,-0.0,0.0,0.0
2019-03-01,0.0068716565887134,0.0,0.0,0.0,0.0,0.0,0.0
2019-03-04,-0.0038881073952552,-0.0,-0.0,-0.0,-0.0,0.0,0.0
2019-03-05,-0.0011321734897071,-0.0,-0.0,-0.0,-0.0,0.0,0.0
2019-03-06,-0.0065454736041248,-0.0,-0.0,-0.0,-0.0,0.0,0.0
2019-03-07,-0.0081589111383308,-0.0,-0.0,-0.0,-0.0,0.0,0.0
2019-03-08,-0.0021339641314543,-0.0,-0.0,-0.0,-0.0,0.0,0.0
2019-03-11,0.0145595355634897,0.0,0.0,0.0,0.0,0.0,0.0
2019-03-12,0.0029489657278052,0.0,0.0,0.0,0.0,0.0,0.0
2019-03-13,0.006925546757019,0.0,0.0,0.0,0.0,0.0,0.0
2019-03-14,-0.0008683993315958,0.0012612590353149318,0.0009653943346528562,0.0012612590353149318,0.0009653943346528562,-1.4523952166075478,-1.4523952166075478
2019-03-15,0.0049725194084304,-0.007402664562551736,-0.00741574656906847,-0.007402664562551736,-0.00741574656906847,-1.488715066652384,-1.488715066652384
2019-03-18,0.0036990967989085,-0.0057488473922361885,-0.005768525450874256,-0.0057488473922361885,-0.005768525450874256,-1.554121912660548,-1.554121912660548
2019-03-19,-0.0001305700799267,0.0002119185491052526,0.000190720894105676,0.0002119185491052526,0.000190720894105676,-1.6230253456551484,-1.6230253456551484
2019-03-20,-0.0029486967407699,0.004966946895352448,0.00494651269592872,0.004966946895352448,0.00494651269592872,-1.6844549752022266,-1.6844549752022266
2019-03-21,0.0107940154946888,0.0,-0.00033689099504044534,0.0,-0.00033689099504044534,0.0,0.0
2019-03-22,-0.0191568271342728,-0.0,-0.0,-0.0,-0.0,0.0,0.0
2019-03-25,-0.00083937283331,-0.0,-0.0,-0.0,-0.0,0.0,0.0
2019-03-26,0.0071570529479343,0.0,0.0,0.0,0.0,0.0,0.0
2019-03-27,-0.0046551432765991,-0.0,-0.0,-0.0,-0.0,0.0,0.0
2019-03-28,0.0035830547152615,0.0,0.0,0.0,0.0,0.0,0.0
2019-03-29,0.0067117060433243,0.0,0.0,0.0,0.0,0.0,0.0
2019-04-01,0.0115021955180445,0.0,0.0,0.0,0.0,0.0,0.0
2019-04-02,1.745555485843653e-05,-2.322403440514624e-05,-0.0002932515010088344,-2.322403440514624e-05,-0.0002932515010088344,-1.3304666963320115,-1.3304666963320115
2019-04-03,0.0021460724200892,-0.0029868226576829607,-0.003003745612391984,-0.0029868226576829607,-0.003003745612391984,-1.3917622861761652,-1.3917622861761652
2019-04-04,0.002082465242994,-0.0030378004396195537,-0.003056659726043065,-0.0030378004396195537,-0.003056659726043065,-1.4587520487266574,-1.4587520487266574
2019-04-05,0.0046257176230994,-0.007066062923867783,-0.007086105068718172,-0.007066062923867783,-0.007086105068718172,-1.5275603700022793,-1.5275603700022793
2019-04-08,0.0010469117505236,-0.0016688509198634846,-0.0016892251696456204,-0.0016688509198634846,-0.0016892251696456204,-1.5940702920077354,-1.5940702920077354
2019-04-09,-0.0060859764356697,0.010152333535010686,0.01012956301087831,0.010152333535010686,0.01012956301087831,-1.6681519625196388,-1.6681519625196388
2019-04-10,0.0034718377544997,0.0,-0.00033363039250392776,0.0,-0.00033363039250392776,0.0,0.0
2019-04-11,3.812234034228368e-05,0.0,0.0,0.0,0.0,0.0,0.0
2019-04-12,0.0065875783895457,0.0,0.0,0.0,0.0,0.0,0.0
2019-04-15,-0.0006295672443563,-0.0,-0.0,-0.0,-0.0,0.0,0.0
2019-04-16,0.0005092283251393,0.0,0.0,0.0,0.0,0.0,0.0
2019-04-17,-0.0022764008207385,-0.0,-0.0,-0.0,-0.0,0.0,0.0
2019-04-18,0.0015778468242499,0.0,0.0,0.0,0.0,0.0,0.0
2019-04-22,0.0010115058169324,0.0,0.0,0.0,0.0,0.0,0.0
2019-04-23,0.008802351174995,0.0,0.0,0.0,0.0,0.0,0.0
2019-04-24,-0.0021941686030357,-0.0,-0.0,-0.0,-0.0,0.0,0.0
2019-04-25,-0.0003690417402726,-0.0,-0.0,-0.0,-0.0,0.0,0.0
2019-04-26,0.0046743503233042,0.0,0.0,0.0,0.0,0.0,0.0
2019-04-29,0.0010709485042346,0.0,0.0,0.0,0.0,0.0,0.0
2019-04-30,0.0009509646987915,0.0,0.0,0.0,0.0,0.0,0.0
2019-05-01,-0.0075304458502918,-0.0,-0.0,-0.0,-0.0,0.0,0.0
2019-05-02,-0.0021262446486822,-0.0,-0.0,-0.0,-0.0,0.0,0.0
2019-05-03,0.0095921274789168,0.0,0.0,0.0,0.0,0.0,0.0
2019-05-06,-0.0044810131890722,-0.0,-0.0,-0.0,-0.0,0.0,0.0
2019-05-07,-0.0166494880889054,-0.0,-0.0,-0.0,-0.0,0.0,0.0
2019-05-08,-0.0016067153894203,-0.0,-0.0,-0.0,-0.0,0.0,0.0
2019-05-09,-0.0030259986619283,-0.0036349787980467603,-0.0038776244846997336,-0.0036349787980467603,-0.0038776244846997336,1.2012493078005497,1.2012493078005497
2019-05-10,0.0037133940699192,0.004439825628184649,0.0044363718389882805,0.004439825628184649,0.0044363718389882805,1.1956246885160926,1.1956246885160926
2019-05-13,-0.0244264691384978,-0.0,-0.00023912493770321852,-0.0,-0.00023912493770321852,0.0,0.0
2019-05-14,0.0079839875232163,-0.006754483069160957,-0.00692368381125931,0.006754483069160957,0.006585282327062604,-0.8460037104917663,0.8460037104917663
2019-05-15,0.0058219943277224,-0.005200495488821906,-0.005209944714280507,0.005200495488821906,0.005191046263363305,-0.8932498377847736,0.8932498377847736
2019-05-16,0.0088559571164994,0.0,-0.00017864996755695474,0.008352682300864925,0.008342698060035682,0.0,0.9431710419309923
2019-05-17,-0.0058544371740438,-0.0,-0.0,-0.0058101644372802845,-0.005820017778236666,0.0,0.9924377467129031
2019-05-20,-0.0067722579754052,-0.0,-0.0,-0.006511466757094846,-0.006517656057293861,0.0,0.9614912457178286
2019-05-21,0.0084599490931909,0.0,0.0,0.0,-0.00019229824914356573,0.0,0.0
2019-05-22,-0.0028283923638996,-0.0,-0.0,-0.0,-0.0,0.0,0.0
2019-05-23,-0.0119856922412822,-0.0,-0.0,-0.0,-0.0,0.0,0.0
2019-05-24,0.0013526437720372,-0.0011837825757176693,-0.0013588149974372162,0.0,0.0,-0.8751621085977345,0.0
2019-05-28,-0.0084109500002602,-0.0,-0.0001750324217195469,-0.0,-0.0,0.0,0.0
2019-05-29,-0.0069359101672308,-0.0,-0.0,-0.0,-0.0,0.0,0.0
2019-05-30,0.0020962726749971,0.0,0.0,0.0,0.0,0.0,0.0
2019-05-31,-0.0132832052504534,-0.0,-0.0,-0.0,-0.0,0.0,0.0
2019-06-03,-0.0027690706543079,0.0022077428255148825,0.0020482855128543874,-0.0,-0.0,-0.7972865633024754,0.0
2019-06-04,0.0212059270810778,-0.01733267167296753,-0.017336684427960276,0.0,0.0,-0.8173503382662103,0.0
2019-06-05,0.0081287269788132,0.0,-0.00016347006765324206,0.0,0.0,0.0,0.0
2019-06-06,0.0061168406760048,0.0,0.0,0.0,0.0,0.0,0.0
2019-06-07,0.0104429792472595,-0.009959732750720585,-0.01015047779607408,-0.009959732750720585,-0.01015047779607408,-0.9537252267674734,-0.9537252267674734
2019-06-10,0.004649220074766,-0.004659937785772222,-0.004669681238266197,-0.004659937785772222,-0.004669681238266197,-1.0023052707408697,-1.0023052707408697
2019-06-11,-0.0003499414579515,0.0003694786409068191,0.00035810908165276377,0.0003694786409068191,0.00035810908165276377,-1.0558298609992842,-1.0558298609992842
2019-06-12,-0.002039657827237,0.0022516256469162815,0.002240769792827042,0.0022516256469162815,0.002240769792827042,-1.1039232251845013,-1.1039232251845013
2019-06-13,0.0040890105028497,0.0,-0.00022078464503690027,0.0,-0.00022078464503690027,0.0,0.0
2019-06-14,-0.0016128117861526,-0.0,-0.0,-0.0,-0.0,0.0,0.0
2019-06-17,0.0009313154323526,0.0,0.0,0.0,0.0,0.0,0.0
2019-06-18,0.0096704895929704,0.0,0.0,0.0,0.0,0.0,0.0
2019-06-19,0.002980716793024,0.0,0.0,0.0,0.0,0.0,0.0
2019-06-20,0.0094276053358735,0.0,0.0,0.0,0.0,0.0,0.0
2019-06-21,-0.001260016279728,0.001819122392429719,0.0015250940456553975,0.001819122392429719,0.0015250940456553975,-1.443729276912528,-1.443729276912528
2019-06-24,-0.001733388460587,0.0025447101101147757,0.0025342728193759895,0.0025447101101147757,0.0025342728193759895,-1.468055296302727,-1.468055296302727
2019-06-25,-0.0095417756403879,0.014090495443042651,0.01408308805216556,0.014090495443042651,0.01408308805216556,-1.4767162815483925,-1.4767162815483925
2019-06-26,-0.0012346956788036,0.001554043941141003,0.0015073506383954766,0.001554043941141003,0.0015073506383954766,-1.258645322746125,-1.258645322746125
2019-06-27,0.0038158857925907,-0.004917138830679491,-0.004926564836149976,-0.004917138830679491,-0.004926564836149976,-1.2885969596435756,-1.2885969596435756
2019-06-28,0.0057409418405995,-0.007755340166916936,-0.007771974532537361,-0.007755340166916936,-0.007771974532537361,-1.350882900793693,-1.350882900793693
2019-07-01,0.0076430186109535,-0.010795731343719767,-0.010812964578321064,-0.010795731343719767,-0.010812964578321064,-1.4124957550473571,-1.4124957550473571
2019-07-02,0.002923847276989,-0.004306262191847283,-0.004323953056127635,-0.004306262191847283,-0.004323953056127635,-1.4728068137272559,-1.4728068137272559
2019-07-03,0.0076430956606836,-0.011777392007385448,-0.011797453975536946,-0.011777392007385448,-0.011797453975536946,-1.540919089626058,-1.540919089626058
2019-07-05,-0.0018075342045484,0.002897525515124085,0.002877925112665203,0.002897525515124085,0.002877925112665203,-1.6030266579923513,-1.6030266579923513
2019-07-08,-0.0048471730101233,-0.0,-0.00032060533159847026,-0.0,-0.00032060533159847026,0.0,0.0
2019-07-09,0.0012357930584538,0.0,0.0,0.0,0.0,0.0,0.0
2019-07-10,0.0045005469360823,0.0,0.0,0.0,0.0,0.0,0.0
2019-07-11,0.0022826195789491,0.0,0.0,0.0,0.0,0.0,0.0
2019-07-12,0.004609534302066,0.0,0.0,0.0,0.0,0.0,0.0
2019-07-15,0.0001758537283844,0.0,0.0,0.0,0.0,0.0,0.0
2019-07-16,-0.0034095845550101,-0.0,-0.0,-0.0,-0.0,0.0,0.0
2019-07-17,-0.0065526654660938,-0.0,-0.0,-0.0,-0.0,0.0,0.0
2019-07-18,0.0035755977088189,0.0,0.0,0.0,0.0,0.0,0.0
2019-07-19,-0.0061958894648439,-0.0,-0.0,-0.0,-0.0,0.0,0.0
2019-07-22,0.0028247016862499,0.0,0.0,0.0,0.0,0.0,0.0
2019-07-23,0.0068241451392765,0.0,0.0,0.0,0.0,0.0,0.0
2019-07-24,0.0046771928134763,0.0,0.0,0.0,0.0,0.0,0.0
2019-07-25,-0.0052762964836006,-0.0,-0.0,-0.0,-0.0,0.0,0.0
2019-07-26,0.0073605357707826,0.0,0.0,0.0,0.0,0.0,0.0
2019-07-29,-0.0016174219290565,-0.0,-0.0,-0.0,-0.0,0.0,0.0
2019-07-30,-0.0025819853720445,-0.0,-0.0,-0.0,-0.0,0.0,0.0
2019-07-31,-0.0109452069521394,-0.0,-0.0,-0.0,-0.0,0.0,0.0
2019-08-01,-0.0090395275688059,-0.0,-0.0,-0.0,-0.0,0.0,0.0
2019-08-02,-0.0073093885395651,-0.008243512285635943,-0.008470593247186867,-0.008243512285635943,-0.008470593247186867,1.1277977960830117,1.1277977960830117
2019-08-05,-0.0302301821696948,-0.031799637938351714,-0.03181543218570786,-0.031799637938351714,-0.03181543218570786,1.0519168478657157,1.0519168478657157
2019-08-06,0.0129330239111666,-0.009041738120609587,-0.009391945527974893,0.009041738120609587,0.008971178788828608,-0.6991201889608192,0.6991201889608192
2019-08-07,0.0007665823338589,-0.0005671046853570743,-0.0005752372753943897,0.0005671046853570743,0.0005589720953197588,-0.7397831391473961,0.7397831391473961
2019-08-08,0.018588462466865,-0.014621156835906254,-0.01463051452992528,0.014621156835906254,0.014611799141887228,-0.7865716092425236,0.7865716092425236
2019-08-09,-0.0066385931336574,0.005490843099251924,0.005482735531591534,-0.005490843099251924,-0.005498950666912314,-0.827109447544476,0.827109447544476
2019-08-12,-0.012393809115915,0.010015974884878523,0.010012181672900524,-0.010015974884878523,-0.010019768096856523,-0.8081433876544799,0.8081433876544799
2019-08-13,0.0150183462673014,0.0,-0.00016162867753089598,0.0,-0.00016162867753089598,0.0,0.0
2019-08-14,-0.0297303524545355,-0.0,-0.0,-0.0,-0.0,0.0,0.0
2019-08-15,0.0024612366981804,-0.0014534214701855176,-0.0015715264432878638,0.0,0.0,-0.590524865511731,0.0
2019-08-16,0.0143230581722448,-0.00902981267276881,-0.00903779547455614,0.0,0.0,-0.6304388744483889,0.0
2019-08-19,0.0120331755643974,0.0,-0.00012608777488967777,0.0,0.0,0.0,0.0
2019-08-20,-0.0079462153121152,-0.0,-0.0,-0.0,-0.0,0.0,0.0
2019-08-21,0.0082129795573528,0.0,0.0,0.0,0.0,0.0,0.0
2019-08-22,-0.0005062029592783,-0.0,-0.0,-0.0,-0.0,0.0,0.0
2019-08-23,-0.0262888811228378,-0.0,-0.0,-0.0,-0.0,0.0,0.0
2019-08-26,0.010923112730798,-0.006681941478052223,-0.00680428648432891,0.0,0.0,-0.6117250313834366,0.0
2019-08-27,-0.0032083218005567,-0.0,-0.00012234500627668734,-0.0,-0.0,0.0,0.0
2019-08-28,0.0065241515305629,0.0,0.0,0.0,0.0,0.0,0.0
2019-08-29,0.0126074824410942,0.0,0.0,0.0,0.0,0.0,0.0
2019-08-30,0.0006425807598766,0.0,0.0,0.0,0.0,0.0,0.0
2019-09-03,-0.0069230093326853,-0.0,-0.0,-0.0,-0.0,0.0,0.0
2019-09-04,0.0107837252784213,0.0,0.0,0.0,0.0,0.0,0.0
2019-09-05,0.0129259129217595,0.0,0.0,0.0,0.0,0.0,0.0
2019-09-06,0.0009101908043769,0.0,0.0,0.0,0.0,0.0,0.0
2019-09-09,-9.401467889968984e-05,-0.0,-0.0,-0.0,-0.0,0.0,0.0
2019-09-10,0.0003222524259305,0.0,0.0,0.0,0.0,0.0,0.0
2019-09-11,0.007203672326387,0.0,0.0,0.0,0.0,0.0,0.0
2019-09-12,0.0028750162782333,0.0,0.0,0.0,0.0,0.0,0.0
2019-09-13,-0.000724676876965,-0.0,-0.0,-0.0,-0.0,0.0,0.0
2019-09-16,-0.0031405129163566,-0.0,-0.0,-0.0,-0.0,0.0,0.0
2019-09-17,0.0025784253724623,0.0,0.0,0.0,0.0,0.0,0.0
2019-09-18,0.0003426332842675,0.0,0.0,0.0,0.0,0.0,0.0
2019-09-19,1.9974521929810866e-05,0.0,0.0,0.0,0.0,0.0,0.0
2019-09-20,-0.0049075991048805,-0.0,-0.0,-0.0,-0.0,0.0,0.0
2019-09-23,-9.694061782816732e-05,-0.0,-0.0,-0.0,-0.0,0.0,0.0
2019-09-24,-0.0084519889635519,-0.0,-0.0,-0.0,-0.0,0.0,0.0
2019-09-25,0.0061396852419637,0.0,0.0,0.0,0.0,0.0,0.0
2019-09-26,-0.0024318710096125,-0.0,-0.0,-0.0,-0.0,0.0,0.0
2019-09-27,-0.0053305345791292,-0.0,-0.0,-0.0,-0.0,0.0,0.0
2019-09-30,0.0050349102152491,0.0,0.0,0.0,0.0,0.0,0.0
2019-10-01,-0.0123341269454133,-0.0,-0.0,-0.0,-0.0,0.0,0.0
2019-10-02,-0.0180654041876433,-0.0,-0.0,-0.0,-0.0,0.0,0.0
2019-10-03,0.0079403047738662,-0.0066606939225197365,-0.006828463148316761,0.0066606939225197365,0.006492924696722712,-0.8388461289851207,0.8388461289851207
2019-10-04,0.0141167852392598,0.0,-0.00016776922579702413,0.012516061478607489,0.012506509008756704,0.0,0.8866084782390411
2019-10-07,-0.0044883522736816,-0.0,-0.0,-0.0,-0.00017732169564780822,0.0,0.0
2019-10-08,-0.0156831595521103,-0.0,-0.0,-0.0,-0.0,0.0,0.0
2019-10-09,0.0090632965148458,0.0,0.0,0.0,0.0,0.0,0.0
2019-10-10,0.0063952024117828,0.0,0.0,0.0,0.0,0.0,0.0
2019-10-11,0.010879579673789,0.0,0.0,0.0,0.0,0.0,0.0
2019-10-14,-0.0013880816732187,-0.0,-0.0,-0.0,-0.0,0.0,0.0
2019-10-15,0.0099064453764885,0.0,0.0,0.0,0.0,0.0,0.0
2019-10-16,-0.0020015445531935,-0.0,-0.0,-0.0,-0.0,0.0,0.0
2019-10-17,0.0027590219697746,0.0,0.0,0.0,0.0,0.0,0.0
2019-10-18,-0.0039270457097995,-0.0,-0.0,-0.0,-0.0,0.0,0.0
2019-10-21,0.0068481141053347,0.0,0.0,0.0,0.0,0.0,0.0
2019-10-22,-0.0035750492583765,-0.0,-0.0,-0.0,-0.0,0.0,0.0
2019-10-23,0.00284310334583,0.0,0.0,0.0,0.0,0.0,0.0
2019-10-24,0.0019186046591705,0.0,0.0,0.0,0.0,0.0,0.0
2019-10-25,0.0040644295106559,0.0,0.0,0.0,0.0,0.0,0.0
2019-10-28,0.0055658199161179,0.0,0.0,0.0,0.0,0.0,0.0
2019-10-29,-0.0008327519564801,-0.0,-0.0,-0.0,-0.0,0.0,0.0
2019-10-30,0.0032480894008575,0.0,0.0,0.0,0.0,0.0,0.0
2019-10-31,-0.0030274386345396,-0.0,-0.0,-0.0,-0.0,0.0,0.0
2019-11-01,0.0096159305596472,0.0,0.0,0.0,0.0,0.0,0.0
2019-11-04,0.0036972458053128,0.0,0.0,0.0,0.0,0.0,0.0
2019-11-05,-0.00118640271182,-0.0,-0.0,-0.0,-0.0,0.0,0.0
2019-11-06,0.0007022505922886,0.0,0.0,0.0,0.0,0.0,0.0
2019-11-07,0.0027263752442809,0.0,0.0,0.0,0.0,0.0,0.0
2019-11-08,0.0025574031451167,0.0,0.0,0.0,0.0,0.0,0.0
2019-11-11,-0.0019643954133385,-0.0,-0.0,-0.0,-0.0,0.0,0.0
2019-11-12,0.0015634233012633,0.0,0.0,0.0,0.0,0.0,0.0
2019-11-13,0.0007112815701173,0.0,0.0,0.0,0.0,0.0,0.0
2019-11-14,0.000836692614456,0.0,0.0,0.0,0.0,0.0,0.0
2019-11-15,0.0076660287779724,0.0,0.0,0.0,0.0,0.0,0.0
2019-11-18,0.0005030263228107,0.0,0.0,0.0,0.0,0.0,0.0
2019-11-19,-0.0005927700996934,-0.0,-0.0,-0.0,-0.0,0.0,0.0
2019-11-20,-0.0037632564209406,-0.0,-0.0,-0.0,-0.0,0.0,0.0
2019-11-21,-0.0015840060861886,-0.0,-0.0,-0.0,-0.0,0.0,0.0
2019-11-22,0.0021725739423761,0.0,0.0,0.0,0.0,0.0,0.0
2019-11-25,0.0074792518874673,0.0,0.0,0.0,0.0,0.0,0.0
2019-11-26,0.0021931636449394,0.0,0.0,0.0,0.0,0.0,0.0
2019-11-27,0.0041657356252997,-0.0083314712505994,-0.008743376012504162,-0.0083314712505994,-0.008743376012504162,-2.0,-2.0
2019-11-29,-0.0040192862299885,0.008038572459977,0.008026667698072238,0.008038572459977,0.008026667698072238,-2.0,-2.0
2019-12-02,-0.008668483693965,0.01733696738793,0.017325062626025237,0.01733696738793,0.017325062626025237,-2.0,-2.0
2019-12-03,-0.0066602252580434,0.011034791240396948,0.010958335865110714,0.011034791240396948,0.010958335865110714,-1.6568195237947074,-1.6568195237947074
2019-12-04,0.00630365760877,-0.009242720278716551,-0.009286385306570867,-0.009242720278716551,-0.009286385306570867,-1.4662471936701578,-1.4662471936701578
2019-12-05,0.00149912692663,-0.0022953419543388053,-0.002314639193857635,-0.0022953419543388053,-0.002314639193857635,-1.5311191558000206,-1.5311191558000206
2019-12-06,0.0090942460304255,0.0,-0.0003062238311600041,0.0,-0.0003062238311600041,0.0,0.0
2019-12-09,-0.0031678336844755,0.0052801164179876485,0.004938820247069969,0.0052801164179876485,0.004938820247069969,-1.6667909189373622,-1.6667909189373622
2019-12-10,-0.0010975361689826,0.0017616552963709332,0.0017421135397044979,0.0017616552963709332,0.0017421135397044979,-1.6050999922890579,-1.6050999922890579
2019-12-11,0.00290393752935,-0.004731582745202859,-0.0047439288127837905,-0.004731582745202859,-0.0047439288127837905,-1.629367952092946,-1.629367952092946
2019-12-12,0.0085386673755554,0.0,-0.00032587359041858925,0.0,-0.00032587359041858925,0.0,0.0
2019-12-13,7.257915021519068e-05,0.0,0.0,0.0,0.0,0.0,0.0
2019-12-16,0.0071223609425423,0.0,0.0,0.0,0.0,0.0,0.0
2019-12-17,0.0003352360284605,-0.0006394615412791079,-0.0010317643649202046,-0.0006394615412791079,-0.0010317643649202046,-1.9074964711152878,-1.9074964711152878
2019-12-18,-0.0004323936405228,0.0008615103864016476,0.0008327108386832298,0.0008615103864016476,0.0008327108386832298,-1.9924215012968498,-1.9924215012968498
2019-12-19,0.0044493788218655,-0.008898757643731,-0.008912178105376391,-0.008898757643731,-0.008912178105376391,-2.0,-2.0
2019-12-20,0.004932595804334,-0.009865191608668,-0.009877096370572762,-0.009865191608668,-0.009877096370572762,-2.0,-2.0
2019-12-23,0.0008657687142985,-0.001731537428597,-0.0017434421905017617,-0.001731537428597,-0.0017434421905017617,-2.0,-2.0
2019-12-24,-0.0001954673024684,0.0003909346049368,0.0003790298430320381,0.0003909346049368,0.0003790298430320381,-2.0,-2.0
2019-12-26,0.0051150624100539,-0.0102301248201078,-0.010242029582012561,-0.0102301248201078,-0.010242029582012561,-2.0,-2.0
2019-12-27,3.3984139657050605e-05,-6.796827931410121e-05,-7.987304121886312e-05,-6.796827931410121e-05,-7.987304121886312e-05,-2.0,-2.0
2019-12-30,-0.0057975960793488,0.0115951921586976,0.011583287396792838,0.0115951921586976,0.011583287396792838,-2.0,-2.0
2019-12-31,0.0029416906441905,0.0,-0.0004,0.0,-0.0004,0.0,0.0
2020-01-02,0.0083438953623158,0.0,0.0,0.0,0.0,0.0,0.0
2020-01-03,-0.0070849093649538,-0.0,-0.0,-0.0,-0.0,0.0,0.0
2020-01-06,0.0035271451942726,0.0,0.0,0.0,0.0,0.0,0.0
2020-01-07,-0.0028071750845946,-0.0,-0.0,-0.0,-0.0,0.0,0.0
2020-01-08,0.0048904734856414,0.0,0.0,0.0,0.0,0.0,0.0
2020-01-09,0.0066332141169063,0.0,0.0,0.0,0.0,0.0,0.0
2020-01-10,-0.0028592624875063,-0.0,-0.0,-0.0,-0.0,0.0,0.0
2020-01-13,0.0069519940459343,0.0,0.0,0.0,0.0,0.0,0.0
2020-01-14,-0.0015156808368956,-0.0,-0.0,-0.0,-0.0,0.0,0.0
2020-01-15,0.0018684502436876,0.0,0.0,0.0,0.0,0.0,0.0
2020-01-16,0.0083317474222326,0.0,0.0,0.0,0.0,0.0,0.0
2020-01-17,0.0038547232474837,0.0,0.0,0.0,0.0,0.0,0.0
2020-01-21,-0.0026555003695847,0.0053110007391694,0.004899095977264638,0.0053110007391694,0.004899095977264638,-2.0,-2.0
2020-01-22,0.0002890342966814,-0.0005780685933628,-0.0005899733552675619,-0.0005780685933628,-0.0005899733552675619,-2.0,-2.0
2020-01-23,0.001140326193358,0.0,-0.0004,0.0,-0.0004,0.0,0.0
2020-01-24,-0.0090832894261936,-0.0,-0.0,-0.0,-0.0,0.0,0.0
2020-01-27,-0.0158557523568436,-0.0,-0.0,-0.0,-0.0,0.0,0.0
2020-01-28,0.0100033835003525,0.011893592070601536,0.011653551198729049,0.011893592070601536,0.011653551198729049,1.1889569234431958,1.1889569234431958
2020-01-29,-0.0008672501435853,-0.0010786002225678523,-0.0010924503262048307,-0.0010786002225678523,-0.0010924503262048307,1.2437014055815656,1.2437014055815656
2020-01-30,0.0031294569302104,0.0040188699863406,0.004007385485299076,0.0040188699863406,0.004007385485299076,1.2842068371493462,1.2842068371493462
2020-01-31,-0.0178644435713621,-0.024109067104212234,-0.024126298318871336,-0.024109067104212234,-0.024126298318871336,1.3495560053636757,1.3495560053636757
2020-02-03,0.007228425761232,0.007144456138062811,0.007072221619965239,0.007144456138062811,0.007072221619965239,0.9883834148758169,0.9883834148758169
2020-02-04,0.0148693159175063,0.015494062135776917,0.015482835470449575,0.015494062135776917,0.015482835470449575,1.042015800978112,1.042015800978112
2020-02-05,0.0111877786589733,0.012194001258363615,0.01218334582195606,0.012194001258363615,0.01218334582195606,1.0899394446442021,1.0899394446442021
2020-02-06,0.0033201550570023,0.0037922683919317055,0.0037801242351841596,0.0037922683919317055,0.0037801242351841596,1.1421961706076664,1.1421961706076664
2020-02-07,-0.0054154910094599,-0.006518980278035696,-0.00653371988592748,-0.006518980278035696,-0.00653371988592748,1.2037653218606026,1.2037653218606026
2020-02-10,0.0072996901205737,0.008375507649850239,0.008362475783361023,0.008375507649850239,0.008362475783361023,1.1473785203901214,1.1473785203901214
2020-02-11,0.0016870486860032,0.0,-0.0002294757040780243,0.0,-0.0002294757040780243,0.0,0.0
2020-02-12,0.006441853105203,0.0,0.0,0.0,0.0,0.0,0.0
2020-02-13,-0.0016317763599893,-0.0,-0.0,-0.0,-0.0,0.0,0.0
2020-02-14,0.0018418360984853,0.0,0.0,0.0,0.0,0.0,0.0
2020-02-18,-0.002924213986148,-0.0,-0.0,-0.0,-0.0,0.0,0.0
2020-02-19,0.0046947482842849,0.0,0.0,0.0,0.0,0.0,0.0
2020-02-20,-0.0038228174279968,-0.0,-0.0,-0.0,-0.0,0.0,0.0
2020-02-21,-0.0105738092328202,-0.0,-0.0,-0.0,-0.0,0.0,0.0
2020-02-24,-0.0340880794204405,-0.0,-0.0,-0.0,-0.0,0.0,0.0
2020-02-25,-0.0307479043753531,0.020951193556187415,0.020814916343272823,-0.020951193556187415,-0.02108747076910201,-0.6813860645729558,0.6813860645729558
2020-02-26,-0.0037856973235292,0.0020039395750126344,0.0019735313423019053,-0.0020039395750126344,-0.0020343478077233636,-0.5293449010193109,0.5293449010193109
2020-02-27,-0.0451681363522622,0.02487423026377194,0.024869958634809286,-0.02487423026377194,-0.024878501892734592,-0.550703045832577,0.550703045832577
2020-02-28,-0.0082724631096526,0.0033499301004230896,0.0033207793985192435,-0.0033499301004230896,-0.003379080802326936,-0.40494953631334707,0.40494953631334707
2020-03-02,0.0450108687694132,-0.018696039842568703,-0.01869812338113685,0.018696039842568703,0.01869395630400056,-0.4153672291540717,0.4153672291540717
2020-03-03,-0.0285104849229149,-0.012593692697253541,-0.012765110432782015,-0.0,-8.307344583081435e-05,0.44172144848829065,0.0
2020-03-04,0.041336349360634,0.016240018908978786,0.016230249622445025,0.0,0.0,0.39287501581948364,0.0
2020-03-05,-0.0345107824399821,-0.0,-7.857500316389673e-05,-0.0,-0.0,0.0,0.0
2020-03-06,-0.0172009436523854,0.006239956924697051,0.006167403266586187,-0.0,-0.0,-0.3627682905543211,0.0
2020-03-09,-0.0790104129403719,0.028200575156553477,0.028199405950458667,-0.0,-0.0,-0.3569222600802767,0.0
2020-03-10,0.0482150524258591,-0.012104065144918815,-0.012125240939945308,0.012104065144918815,0.012053856487929253,-0.25104328494781564,0.25104328494781564
2020-03-11,-0.0501028928086055,0.013606370792874896,0.01360226573650323,-0.013606370792874896,-0.01361047584924656,-0.27156856680614483,0.27156856680614483
2020-03-12,-0.0999448524024728,0.023991691912273166,0.02398538805902091,-0.023991691912273166,-0.023997995765525422,-0.24004930054486298,0.24004930054486298
2020-03-13,0.0888084069492354,-0.01608713966654818,-0.016098920660000998,0.01608713966654818,0.016075358673095366,-0.18114433328078838,0.18114433328078838
2020-03-16,-0.127652197472817,-0.025101604466568863,-0.025177161452855572,-0.025101604466568863,-0.025104703719543257,0.19664059815275914,0.19664059815275914
2020-03-17,0.0582263126356918,-0.008507796189487533,-0.008576347510122479,0.008507796189487533,0.008497691270861375,-0.14611600502196992,0.14611600502196992
2020-03-18,-0.0532222723320803,0.0085445559359818,0.008541670188752386,-0.0,-2.9223201004393984e-05,-0.16054474116903641,0.0
2020-03-19,0.0046967609704013,-0.0007285049821343598,-0.0007295923396708608,0.0,0.0,-0.15510795348653117,0.0
2020-03-20,-0.0443276240533672,0.0075935110803252385,0.007590271817920275,-0.0,-0.0,-0.17130426551134817,0.0
2020-03-23,-0.0297315010095768,0.004987404910006931,0.004986693691068106,-0.0,-0.0,-0.16774817081722312,0.0
2020-03-24,0.089683232517963,0.0,-3.3549634163444624e-05,0.0,0.0,0.0,0.0
2020-03-25,0.0114689904208225,0.0,0.0,0.0,0.0,0.0,0.0
2020-03-26,0.0605438310742467,0.0,0.0,0.0,0.0,0.0,0.0
2020-03-27,-0.0342678455416267,0.0076223325577295005,0.007577845765885698,0.0076223325577295005,0.007577845765885698,-0.22243395921900921,-0.22243395921900921
2020-03-30,0.0329665905699751,0.0,-4.4486791843801846e-05,-0.0071354164525581085,-0.007136614470347994,0.0,-0.21644387026958178
2020-03-31,-0.0161423107884157,-0.0,-0.0,0.0038116896780243424,0.0038077523798264504,0.0,-0.23613036125904274
2020-04-01,-0.0451463627327868,-0.0,-0.0,0.010997277429732758,0.010995785170034664,0.0,-0.24359165974950553
2020-04-02,0.0225726570569602,-0.005064753342722382,-0.0051096284615880245,-0.005064753342722382,-0.00506859655580664,-0.22437559432821325,-0.22437559432821325
2020-04-03,-0.015252860825945,0.0037380675896445904,0.0037339280661778758,0.0037380675896445904,0.0037339280661778758,-0.24507321166178647,-0.24507321166178647
2020-04-06,0.067968244144831,-0.017189058316884394,-0.017190623349025477,-0.017189058316884394,-0.017190623349025477,-0.25289837236720236,-0.25289837236720236
2020-04-07,-0.0016043390483631,-0.0,-5.0579674473440475e-05,0.00043642769344492656,0.00043260144993111717,0.0,-0.2720295899362493
2020-04-08,0.0334893711912851,0.0,0.0,-0.009875382977527046,-0.009879953281703662,0.0,-0.29488111081933077
2020-04-09,0.0143834703036995,-0.004582248767008851,-0.004645964249715834,-0.004582248767008851,-0.004586988027551968,-0.3185774135349154,-0.3185774135349154
2020-04-13,-0.010156059444677,0.0035119229305499624,0.0035064792487270327,-0.0,-6.371548270698309e-05,-0.3457958226495645,0.0
2020-04-14,0.0301145595723069,-0.010709936600444028,-0.010711905400277857,0.0,0.0,-0.35563982181870585,0.0
2020-04-15,-0.0222767326723687,0.008514594849957776,0.00850927897513572,-0.0,-0.0,-0.3822191959289878,0.0
2020-04-16,0.0057998378395414,0.0,-7.644383918579757e-05,0.0,0.0,0.0,0.0
2020-04-17,0.0264409320213205,0.0,0.0,0.0,0.0,0.0,0.0
2020-04-20,-0.0180428456153478,-0.0,-0.0,-0.0,-0.0,0.0,0.0
2020-04-21,-0.0311551152363307,-0.0,-0.0,-0.0,-0.0,0.0,0.0
2020-04-22,0.0226713005821368,0.0,0.0,0.0,0.0,0.0,0.0
2020-04-23,-0.000539567660196,-0.0,-0.0,-0.0,-0.0,0.0,0.0
2020-04-24,0.0138220905668395,0.0,0.0,0.0,0.0,0.0,0.0
2020-04-27,0.0146068681817359,0.0,0.0,0.0,0.0,0.0,0.0
2020-04-28,-0.005256170190484,-0.0,-0.0,-0.0,-0.0,0.0,0.0
2020-04-29,0.0262367040450737,0.0,0.0,0.0,0.0,0.0,0.0
2020-04-30,-0.0092551433190548,-0.0,-0.0,-0.0,-0.0,0.0,0.0
2020-05-01,-0.0284602110147762,-0.0,-0.0,-0.0,-0.0,0.0,0.0
2020-05-04,0.0042408225788497,0.0,0.0,0.0,0.0,0.0,0.0
2020-05-05,0.0089999351977798,0.0,0.0,0.0,0.0,0.0,0.0
2020-05-06,-0.0070038803990426,-0.0,-0.0,-0.0,-0.0,0.0,0.0
2020-05-07,0.0114389557548904,0.0,0.0,0.0,0.0,0.0,0.0
2020-05-08,0.016730795065226,0.0,0.0,0.0,0.0,0.0,0.0
2020-05-11,0.0001330693667913,0.0,0.0,0.0,0.0,0.0,0.0
2020-05-12,-0.0207133657720479,-0.0,-0.0,-0.0,-0.0,0.0,0.0
2020-05-13,-0.0176169966242802,-0.0,-0.0,-0.0,-0.0,0.0,0.0
2020-05-14,0.011458917804072,0.0,0.0,0.0,0.0,0.0,0.0
2020-05-15,0.0039186752037227,0.0,0.0,0.0,0.0,0.0,0.0
2020-05-18,0.0310152087700732,0.0,0.0,0.0,0.0,0.0,0.0
2020-05-19,-0.0105397477115989,0.006639733657279947,0.006513739490456144,0.006639733657279947,0.006513739490456144,-0.6299708341190158,-0.6299708341190158
2020-05-20,0.016513990613415,-0.010038196212965625,-0.010042618357036659,-0.010038196212965625,-0.010042618357036659,-0.607860113763852,-0.607860113763852
2020-05-21,-0.0078039683099531,0.005049839879150151,0.005041994670089982,0.005049839879150151,0.005041994670089982,-0.647086159064695,-0.647086159064695
2020-05-22,0.0023509456868122,0.0,-0.00012941723181293901,0.0,-0.00012941723181293901,0.0,0.0
2020-05-26,0.0122142850214599,0.0,0.0,0.0,0.0,0.0,0.0
2020-05-27,0.0147184474903152,0.0,0.0,0.0,0.0,0.0,0.0
2020-05-28,-0.0021101393249196,-0.0,-0.0,-0.0,-0.0,0.0,0.0
2020-05-29,0.0048007935523077,0.0,0.0,0.0,0.0,0.0,0.0
2020-06-01,0.0037442164783634,0.0,0.0,0.0,0.0,0.0,0.0
2020-06-02,0.0081773072824002,0.0,0.0,0.0,0.0,0.0,0.0
2020-06-03,0.0135566708125622,0.0,0.0,0.0,0.0,0.0,0.0
2020-06-04,-0.0033743890836088,-0.0,-0.0,-0.0,-0.0,0.0,0.0
2020-06-05,0.025874012821637,0.0,0.0,0.0,0.0,0.0,0.0
2020-06-08,0.0119696564058049,-0.012538542361446187,-0.012748613631572427,-0.012538542361446187,-0.012748613631572427,-1.047527342168769,-1.047527342168769
2020-06-09,-0.0078297434197214,0.00859495968657217,0.008583755284689581,0.00859495968657217,0.008583755284689581,-1.0977319722793673,-1.0977319722793673
2020-06-10,-0.0053272557351817,0.005401162790499172,0.005384225913186441,0.005401162790499172,0.005384225913186441,-1.0138733822799952,-1.0138733822799952
2020-06-11,-0.0607526929962887,-0.0,-0.00020277467645599907,-0.0,-0.00020277467645599907,0.0,0.0
2020-06-12,0.0129762866052107,0.005405403763882128,0.005322091735898536,0.005405403763882128,0.005322091735898536,0.4165601399179607,0.4165601399179607
2020-06-15,0.0082778608181754,0.003712226455767295,0.0037058480060463937,0.003712226455767295,0.0037058480060463937,0.4484523885224662,0.4484523885224662
2020-06-16,0.0187848528667107,0.009067369646930563,0.009060520963947787,0.009067369646930563,0.009060520963947787,0.482695803436351,0.482695803436351
2020-06-17,-0.0036067962326296,-0.0018606130596654658,-0.0018672465175382938,-0.0018606130596654658,-0.0018672465175382938,0.5158630928004914,0.5158630928004914
2020-06-18,0.0005940434038027,0.00031977158863356333,0.00031528487234150013,0.00031977158863356333,0.00031528487234150013,0.5382966742608075,0.5382966742608075
2020-06-19,-0.005665513565674,-0.003276472187534758,-0.0032844765837655517,-0.003276472187534758,-0.0032844765837655517,0.5783186554147755,0.5783186554147755
2020-06-22,0.0064740932966582,0.003811705224384276,0.003809616397704376,0.003811705224384276,0.003809616397704376,0.5887627888142736,0.5887627888142736
2020-06-23,0.0042981691914842,0.0,-0.00011775255776285472,0.0,-0.00011775255776285472,0.0,0.0
2020-06-24,-0.0261952655956623,-0.0,-0.0,-0.0,-0.0,0.0,0.0
2020-06-25,0.0108998277282168,0.0,0.0,0.0,0.0,0.0,0.0
2020-06-26,-0.0245252042748305,-0.0,-0.0,-0.0,-0.0,0.0,0.0
2020-06-29,0.0145788881135331,0.0,0.0,0.0,0.0,0.0,0.0
2020-06-30,0.0152923494357555,0.0,0.0,0.0,0.0,0.0,0.0
2020-07-01,0.0050095639758716,0.0,0.0,0.0,0.0,0.0,0.0
2020-07-02,0.0045309704768161,0.0,0.0,0.0,0.0,0.0,0.0
2020-07-06,0.015756930832163,0.0,0.0,0.0,0.0,0.0,0.0
2020-07-07,-0.0108774778696432,-0.0,-0.0,-0.0,-0.0,0.0,0.0
2020-07-08,0.0077969862634308,0.0,0.0,0.0,0.0,0.0,0.0
2020-07-09,-0.0056595914761956,-0.0,-0.0,-0.0,-0.0,0.0,0.0
2020-07-10,0.0104118097744443,0.0,0.0,0.0,0.0,0.0,0.0
2020-07-13,-0.0094066452160586,-0.0,-0.0,-0.0,-0.0,0.0,0.0
2020-07-14,0.0133173005829032,0.0,0.0,0.0,0.0,0.0,0.0
2020-07-15,0.0090410569363541,0.0,0.0,0.0,0.0,0.0,0.0
2020-07-16,-0.0034119152141141,-0.0,-0.0,-0.0,-0.0,0.0,0.0
2020-07-17,0.0028445625875832,0.0,0.0,0.0,0.0,0.0,0.0
2020-07-20,0.0083717972551404,0.0,0.0,0.0,0.0,0.0,0.0
2020-07-21,0.0016776293345603,0.0,0.0,0.0,0.0,0.0,0.0
2020-07-22,0.0057306305944724,0.0,0.0,0.0,0.0,0.0,0.0
2020-07-23,-0.0123963784122462,-0.0,-0.0,-0.0,-0.0,0.0,0.0
2020-07-24,-0.0062096400242754,-0.0,-0.0,-0.0,-0.0,0.0,0.0
2020-07-27,0.0073679288214822,0.0,0.0,0.0,0.0,0.0,0.0
2020-07-28,-0.0064944354186469,-0.0,-0.0,-0.0,-0.0,0.0,0.0
2020-07-29,0.0123517833517432,0.0,0.0,0.0,0.0,0.0,0.0
2020-07-30,-0.0037573017634553,-0.0,-0.0,-0.0,-0.0,0.0,0.0
2020-07-31,0.0076412362421756,0.0,0.0,0.0,0.0,0.0,0.0
2020-08-03,0.0071553626643598,0.0,0.0,0.0,0.0,0.0,0.0
2020-08-04,0.0036054230261335,0.0,0.0,0.0,0.0,0.0,0.0
2020-08-05,0.0064091604355169,0.0,0.0,0.0,0.0,0.0,0.0
2020-08-06,0.0064071260206652,0.0,0.0,0.0,0.0,0.0,0.0
2020-08-07,0.0006328292699571,0.0,0.0,0.0,0.0,0.0,0.0
2020-08-10,0.0027384652733921,0.0,0.0,0.0,0.0,0.0,0.0
2020-08-11,-0.0080010554013778,-0.0,-0.0,-0.0,-0.0,0.0,0.0
2020-08-12,0.0138995022936132,0.0,0.0,0.0,0.0,0.0,0.0
2020-08-13,-0.0020492726761567,-0.0,-0.0,-0.0,-0.0,0.0,0.0
2020-08-14,-0.000171897396278,-0.0,-0.0,-0.0,-0.0,0.0,0.0
2020-08-17,0.0027061775074237,0.0,0.0,0.0,0.0,0.0,0.0
2020-08-18,0.002300740419816,0.0,0.0,0.0,0.0,0.0,0.0
2020-08-19,-0.0044141233451817,-0.0,-0.0,-0.0,-0.0,0.0,0.0
2020-08-20,0.0031536547683455,0.0,0.0,0.0,0.0,0.0,0.0
2020-08-21,0.0034351999829738,0.0,0.0,0.0,0.0,0.0,0.0
2020-08-24,0.0099936153649018,0.0,0.0,0.0,0.0,0.0,0.0
2020-08-25,0.0035898997455401,-0.00573256363785693,-0.006059040897425921,-0.00573256363785693,-0.006059040897425921,-1.5968589777413036,-1.5968589777413036
2020-08-26,0.0101440013448428,-0.016949509827220974,-0.01697230280527385,-0.016949509827220974,-0.01697230280527385,-1.6708899428368165,-1.6708899428368165
2020-08-27,0.0016716460318093,-0.0028909968148962658,-0.002911388772628338,-0.0028909968148962658,-0.002911388772628338,-1.7294312072557645,-1.7294312072557645
2020-08-28,0.0067100028495694,-0.012152101949500026,-0.012178079526870786,-0.012152101949500026,-0.012178079526870786,-1.8110427405079061,-1.8110427405079061
2020-08-31,-0.0021973751755091,0.004128936081923428,0.004104873774442306,0.004128936081923428,0.004104873774442306,-1.8790310038734344,-1.8790310038734344
2020-09-01,0.0074968314207062,-0.013745024888909954,-0.013764064134138483,-0.013745024888909954,-0.013764064134138483,-1.833444573789706,-1.833444573789706
2020-09-02,0.0152490501438702,-0.028956357750815235,-0.02898014914318466,-0.028956357750815235,-0.02898014914318466,-1.8988958313875757,-1.8988958313875757
2020-09-03,-0.0357575941421863,0.06915307598343895,0.06913494861271272,0.06915307598343895,0.06913494861271272,-1.9339409611412626,-1.9339409611412626
2020-09-04,-0.0081662807542741,0.0057805859108605185,0.005535369777805839,0.0057805859108605185,0.005535369777805839,-0.7078602958678654,-0.7078602958678654
2020-09-08,-0.0281488290864668,0.01946205370375796,0.01945876131258745,0.01946205370375796,0.01945876131258745,-0.691398340015315,-0.691398340015315
2020-09-09,0.0199447606621809,0.010895162339626495,0.01064762929401549,0.010895162339626495,0.01064762929401549,0.5462668880397155,0.5462668880397155
2020-09-10,-0.0177412459253964,-0.010289176280599298,-0.010295914489195234,-0.010289176280599298,-0.010295914489195234,0.5799579310194023,0.5799579310194023
2020-09-11,0.0005329301580871,0.0002826597223229001,0.00027274572172141046,0.0002826597223229001,0.00027274572172141046,0.5303879280119541,0.5303879280119541
2020-09-14,0.0126613350250242,0.0,-0.00010607758560239083,0.0,-0.00010607758560239083,0.0,0.0
2020-09-15,0.0052057859304994,0.0,0.0,0.0,0.0,0.0,0.0
2020-09-16,-0.0046296468921518,-0.0,-0.0,-0.0,-0.0,0.0,0.0
2020-09-17,-0.0084479495285521,-0.0,-0.0,-0.0,-0.0,0.0,0.0
2020-09-18,-0.0112455769478287,-0.0,-0.0,-0.0,-0.0,0.0,0.0
2020-09-21,-0.0116385640272991,-0.0,-0.0,-0.0,-0.0,0.0,0.0
2020-09-22,0.0104630163983774,0.0,0.0,0.0,0.0,0.0,0.0
2020-09-23,-0.0240073389143749,-0.0,-0.0,-0.0,-0.0,0.0,0.0
2020-09-24,0.0029830055546291,0.0,0.0,0.0,0.0,0.0,0.0
2020-09-25,0.015850439224188,0.0,0.0,0.0,0.0,0.0,0.0
2020-09-28,0.0159821918538547,0.0,0.0,0.0,0.0,0.0,0.0
2020-09-29,-0.004824282704444,-0.0,-0.0,-0.0,-0.0,0.0,0.0
2020-09-30,0.0082198425683799,0.0,0.0,0.0,0.0,0.0,0.0
2020-10-01,0.0052789495642944,0.0,0.0,0.0,0.0,0.0,0.0
2020-10-02,-0.009623812866371,-0.0,-0.0,-0.0,-0.0,0.0,0.0
2020-10-05,0.0178131090029012,0.0,0.0,0.0,0.0,0.0,0.0
2020-10-06,-0.0140720643875233,-0.0,-0.0,-0.0,-0.0,0.0,0.0
2020-10-07,0.0172471637702411,0.0,0.0,0.0,0.0,0.0,0.0
2020-10-08,0.0079782128948693,0.0,0.0,0.0,0.0,0.0,0.0
2020-10-09,0.0087550951807529,0.0,0.0,0.0,0.0,0.0,0.0
2020-10-12,0.0162825301583247,-0.013248204598482196,-0.013410933664169924,-0.013248204598482196,-0.013410933664169924,-0.8136453284386421,-0.8136453284386421
2020-10-13,-0.006326891629163,0.005414880460944102,0.005406439202298001,0.005414880460944102,0.005406439202298001,-0.8558516216691465,-0.8558516216691465
2020-10-14,-0.0066451720840596,0.00555578622211656,0.005551828609563174,0.00555578622211656,0.005551828609563174,-0.8360635589022213,-0.8360635589022213
2020-10-15,-0.001528923514213,-0.0,-0.00016721271178044426,-0.0,-0.00016721271178044426,0.0,0.0
2020-10-16,0.0001349104566301,0.0,0.0,0.0,0.0,0.0,0.0
2020-10-19,-0.0164646635149416,-0.0,-0.0,-0.0,-0.0,0.0,0.0
2020-10-20,0.0047161953200003,0.0,0.0,0.0,0.0,0.0,0.0
2020-10-21,-0.0021981140115698,-0.0,-0.0,-0.0,-0.0,0.0,0.0
2020-10-22,0.0052053540034915,0.0,0.0,0.0,0.0,0.0,0.0
2020-10-23,0.0034398383203892,0.0,0.0,0.0,0.0,0.0,0.0
2020-10-26,-0.0187644729853211,-0.0,-0.0,-0.0,-0.0,0.0,0.0
2020-10-27,-0.0030302053504467,-0.0,-0.0,-0.0,-0.0,0.0,0.0
2020-10-28,-0.0359255421085773,-0.0,-0.0,-0.0,-0.0,0.0,0.0
2020-10-29,0.0118765249399981,-0.006452324845776056,-0.0065609816267515365,0.006452324845776056,0.006343668064800575,-0.543283904877405,0.543283904877405
2020-10-30,-0.0122037134452615,-0.0,-0.00010865678097548099,-0.007078691145206799,-0.007086043170517331,0.0,0.5800440314300676
2020-11-02,0.0122429508905916,0.0,0.0,0.006825656066471456,0.006821150706167845,0.0,0.5575172299120142
2020-11-03,0.0176427376840777,0.0,0.0,0.01049177563776545,0.01048434316999526,0.0,0.5946795687629657
2020-11-04,0.0218075256550918,0.0,0.0,0.01376759410161147,0.013760265400851074,0.0,0.6313230725649472
2020-11-05,0.019273265776702,-0.012862449426164975,-0.012995923945482955,0.012862449426164975,0.012855239521359982,-0.6673725965899054,0.6673725965899054
2020-11-06,-0.000287756585374,0.00020292542674508823,0.000195360305575715,-0.00020292542674508823,-0.00021049054791446147,-0.7051982024367717,0.7051982024367717
2020-11-09,0.0116319747463435,-0.008710292138582185,-0.008719017130988662,0.008710292138582185,0.008701567146175709,-0.7488231644691506,0.7488231644691506
2020-11-10,-0.0014007752208673,0.0011102030709644662,0.0011014550382391721,-0.0011102030709644662,-0.0011189511036897603,-0.7925633280956211,0.7925633280956211
2020-11-11,0.0076227283629926,-0.006310404499793181,-0.006317459966719076,0.006310404499793181,0.006303349032867286,-0.8278406627250962,0.8278406627250962
2020-11-12,-0.0100286515470706,0.008789621203939314,0.008779899145920143,-0.0,-0.00016556813254501923,-0.8764509528209493,0.0
2020-11-13,0.0135185467062939,0.0,-0.00017529019056418987,0.0,0.0,0.0,0.0
2020-11-16,0.0115807349228322,0.0,0.0,0.0,0.0,0.0,0.0
2020-11-17,-0.0048034437846471,-0.0,-0.0,-0.0,-0.0,0.0,0.0
2020-11-18,-0.0116312106474811,-0.0,-0.0,-0.0,-0.0,0.0,0.0
2020-11-19,0.0039386756907333,0.0,0.0,0.0,0.0,0.0,0.0
2020-11-20,-0.0068157373729196,-0.0,-0.0,-0.0,-0.0,0.0,0.0
2020-11-23,0.0056201081818496,0.0,0.0,0.0,0.0,0.0,0.0
2020-11-24,0.016032458814033,0.0,0.0,0.0,0.0,0.0,0.0
2020-11-25,-0.0015856747555105,-0.0,-0.0,-0.0,-0.0,0.0,0.0
2020-11-27,0.002394111025902,0.0,0.0,0.0,0.0,0.0,0.0
2020-11-30,-0.004606140636973,-0.0,-0.0,-0.0,-0.0,0.0,0.0
2020-12-01,0.0112081406615942,0.0,0.0,0.0,0.0,0.0,0.0
2020-12-02,0.0017895645286039,0.0,0.0,0.0,0.0,0.0,0.0
2020-12-03,-0.0006243520802939,-0.0,-0.0,-0.0,-0.0,0.0,0.0
2020-12-04,0.0087974637151866,0.0,0.0,0.0,0.0,0.0,0.0
2020-12-07,-0.001937513438964,-0.0,-0.0,-0.0,-0.0,0.0,0.0
2020-12-08,0.0027832711701716,0.0,0.0,0.0,0.0,0.0,0.0
2020-12-09,-0.007980964948473,-0.0,-0.0,-0.0,-0.0,0.0,0.0
2020-12-10,-0.0012859345277718,-0.0,-0.0,-0.0,-0.0,0.0,0.0
2020-12-11,-0.0012657980842316,-0.0,-0.0,-0.0,-0.0,0.0,0.0
2020-12-14,-0.0043687882451468,-0.0,-0.0,-0.0,-0.0,0.0,0.0
2020-12-15,0.012838482022218,0.0,0.0,0.0,0.0,0.0,0.0
2020-12-16,0.0017712256203239,0.0,0.0,0.0,0.0,0.0,0.0
2020-12-17,0.0057411428089828,0.0,0.0,0.0,0.0,0.0,0.0
2020-12-18,-0.0035172969521486,0.0048243839536558294,0.004545636562232423,0.0048243839536558294,0.004545636562232423,-1.37161690334641,-1.37161690334641
2020-12-21,-0.0039139284869094,0.005227999239854216,0.005216827358241658,0.005227999239854216,0.005216827358241658,-1.335742146883849,-1.335742146883849
2020-12-22,-0.0020752446917704,-0.0,-0.0002671484293767698,-0.0,-0.0002671484293767698,0.0,0.0
2020-12-23,0.000745533271818,0.0,0.0,0.0,0.0,0.0,0.0
2020-12-24,0.0035303499794867,0.0,0.0,0.0,0.0,0.0,0.0
2020-12-28,0.0086847075384124,0.0,0.0,0.0,0.0,0.0,0.0
2020-12-29,-0.0022298648272798,-0.0,-0.0,-0.0,-0.0,0.0,0.0
2020-12-30,0.0013406480950806,0.0,0.0,0.0,0.0,0.0,0.0
2020-12-31,0.0064182047117036,0.0,0.0,0.0,0.0,0.0,0.0
2021-01-04,-0.0148647627120261,-0.0,-0.0,-0.0,-0.0,0.0,0.0
2021-01-05,0.0070576313833612,0.0,0.0,0.0,0.0,0.0,0.0
2021-01-06,0.0056936033824754,0.0,0.0,0.0,0.0,0.0,0.0
2021-01-07,0.0147382601077517,0.0,0.0,0.0,0.0,0.0,0.0
2021-01-08,0.0054768373935161,-0.007371299976997968,-0.007644598783196865,-0.007371299976997968,-0.007644598783196865,-1.3459044786914212,-1.3459044786914212
2021-01-11,-0.0065763276166208,0.009271474132764876,0.009253811061156013,0.009271474132764876,0.009253811061156013,-1.4098254638854135,-1.4098254638854135
2021-01-12,0.000415702030569,-0.0005330793343466959,-0.0005619340011996547,-0.0005330793343466959,-0.0005619340011996547,-1.2823592264320516,-1.2823592264320516
2021-01-13,0.0022730563867252,0.0,-0.00025647184528641034,0.0,-0.00025647184528641034,0.0,0.0
2021-01-14,-0.0037605130687428,-0.0,-0.0,-0.0,-0.0,0.0,0.0
2021-01-15,-0.0072160007982784,-0.0,-0.0,-0.0,-0.0,0.0,0.0
2021-01-19,0.0081034576357623,0.0,0.0,0.0,0.0,0.0,0.0
2021-01-20,0.013839417376511,0.0,0.0,0.0,0.0,0.0,0.0
2021-01-21,0.0003166731613131,0.0,0.0,0.0,0.0,0.0,0.0
2021-01-22,-0.0030151526629378,0.004274870500846795,0.003986337601073423,0.004274870500846795,0.003986337601073423,-1.4177957067956868,-1.4177957067956868
2021-01-25,0.0036093175130176,-0.0050202150014124055,-0.005030246918289228,-0.0050202150014124055,-0.005030246918289228,-1.3909042314249636,-1.3909042314249636
2021-01-26,-0.0014899431611539,-0.0,-0.0002781808462849927,-0.0,-0.0002781808462849927,0.0,0.0
2021-01-27,-0.0260133151261001,-0.0,-0.0,-0.0,-0.0,0.0,0.0
2021-01-28,0.0097132987787595,0.008374473421253475,0.008202040273421838,0.008374473421253475,0.008202040273421838,0.8621657391581845,0.8621657391581845
2021-01-29,-0.0195003776547917,-0.017755044518064,-0.017764710864225507,-0.017755044518064,-0.017764710864225507,0.910497469965725,0.910497469965725
2021-02-01,0.015924300234678,0.011707370541887925,0.011672308850113468,0.011707370541887925,0.011672308850113468,0.7351890110934381,0.7351890110934381
2021-02-02,0.0138025288143115,0.010714779123998543,0.010706558722910476,0.010714779123998543,0.010706558722910476,0.7762910165337713,0.7762910165337713
2021-02-03,0.0010082606153449,0.0008265300702949827,0.000817836601243247,0.0008265300702949827,0.000817836601243247,0.81975836179245,0.81975836179245
2021-02-04,0.0107948476439219,0.009423134980502885,0.009412500863578678,0.009423134980502885,0.009412500863578678,0.8729289464134897,0.8729289464134897
2021-02-05,0.0038899196077633,0.0035821828871439774,0.0035725909427791807,0.0035821828871439774,0.0035725909427791807,0.9208886682374726,0.9208886682374726
2021-02-08,0.0073721074762893,0.007192869239476749,0.007181909578217537,0.007192869239476749,0.007181909578217537,0.9756869745335334,0.9756869745335334
2021-02-09,-0.001114145421722,-0.0011465697008984335,-0.00115759923808592,-0.0011465697008984335,-0.00115759923808592,1.0291023761748437,1.0291023761748437
2021-02-10,-0.000345244522391,-0.00036854697403477274,-0.00037702911664634745,-0.00036854697403477274,-0.00037702911664634745,1.0674954999499804,1.0674954999499804
2021-02-11,0.0016610748145886,0.0,-0.0002134990999899961,0.0,-0.0002134990999899961,0.0,0.0
2021-02-12,0.0046999709261612,0.0,0.0,0.0,0.0,0.0,0.0
2021-02-16,-0.0005694345154143,-0.0,-0.0,-0.0,-0.0,0.0,0.0
2021-02-17,-0.0003204533489178,-0.0,-0.0,-0.0,-0.0,0.0,0.0
2021-02-18,-0.0044256142272427,-0.0,-0.0,-0.0,-0.0,0.0,0.0
2021-02-19,-0.0018566190956654,-0.0,-0.0,-0.0,-0.0,0.0,0.0
2021-02-22,-0.0077628928937105,-0.0,-0.0,-0.0,-0.0,0.0,0.0
2021-02-23,0.0012555296115266,0.0,0.0,0.0,0.0,0.0,0.0
2021-02-24,0.0112876676709863,0.0,0.0,0.0,0.0,0.0,0.0
2021-02-25,-0.0247833944241726,-0.0,-0.0,-0.0,-0.0,0.0,0.0
2021-02-26,-0.0047615322937986,0.00396790177955678,0.0038012368685690053,-0.0,-0.0,-0.833324554938871,0.0
2021-03-01,0.0235121732256935,0.0,-0.00016666491098777422,0.0,0.0,0.0,0.0
2021-03-02,-0.0081136787395088,-0.0,-0.0,-0.0,-0.0,0.0,0.0
2021-03-03,-0.0131523358948015,-0.0,-0.0,-0.0,-0.0,0.0,0.0
2021-03-04,-0.0135080380643906,0.010058641150666235,0.009909712918413433,-0.0,-0.0,-0.7446411612640077,0.0
2021-03-05,0.0193083563387101,-0.013118758332368296,-0.013131799717473292,0.013118758332368296,0.01298287148522049,-0.6794342357390271,0.6794342357390271
2021-03-08,-0.0053736432240256,-0.0,-0.00013588684714780543,-0.0038594740851458855,-0.0038672318353129946,0.0,0.7182229865745733
2021-03-09,0.0140554007439313,0.0,0.0,0.0,-0.00014364459731491466,0.0,0.0
2021-03-10,0.0060122037709877,0.0,0.0,0.0,0.0,0.0,0.0
2021-03-11,0.0103418255006566,0.0,0.0,0.0,0.0,0.0,0.0
2021-03-12,0.0010148833275316,-0.0008713098376889366,-0.0010430162425636993,-0.0008713098376889366,-0.0010430162425636993,-0.8585320243738135,-0.8585320243738135
2021-03-15,0.0064709395394135,-0.005907565138621782,-0.0059184462885414875,-0.005907565138621782,-0.0059184462885414875,-0.9129377739723433,-0.9129377739723433
2021-03-16,-0.0015709169785971,0.0015167182266318253,0.00150620605084902,0.0015167182266318253,0.00150620605084902,-0.9654986528863692,-0.9654986528863692
2021-03-17,0.0028752446501592,-0.0028674888616932264,-0.0028738496439133215,-0.0028674888616932264,-0.0028738496439133215,-0.997302563986844,-0.997302563986844
2021-03-18,-0.0148705600659475,0.015694557895307513,0.015682276478879202,0.015694557895307513,0.015682276478879202,-1.055411351402084,-1.055411351402084
2021-03-19,-0.0006028856737536,0.0005281786964146944,0.0004923132937457517,0.0005281786964146944,0.0004923132937457517,-0.8760843380573704,-0.8760843380573704
2021-03-22,0.0070005568983422,-0.006446316848510451,-0.006455265810621381,-0.006446316848510451,-0.006455265810621381,-0.9208291486120199,-0.9208291486120199
2021-03-23,-0.0076601181193343,0.007454913240001995,0.007444436816854026,0.007454913240001995,0.007444436816854026,-0.9732112643518691,-0.9732112643518691
2021-03-24,-0.0054823366003482,-0.0,-0.00019464225287037383,-0.0,-0.00019464225287037383,0.0,0.0
2021-03-25,0.0052265834327283,0.0,0.0,0.0,0.0,0.0,0.0
2021-03-26,0.0164944186587163,0.0,0.0,0.0,0.0,0.0,0.0
2021-03-29,-0.0008683896263868,-0.0,-0.0,-0.0,-0.0,0.0,0.0
2021-03-30,-0.0031628294096499,-0.0,-0.0,-0.0,-0.0,0.0,0.0
2021-03-31,0.0036159535924209,0.0,0.0,0.0,0.0,0.0,0.0
2021-04-01,0.0117558304276741,0.0,0.0,0.0,0.0,0.0,0.0
2021-04-05,0.0143349877622434,0.0,0.0,0.0,0.0,0.0,0.0
2021-04-06,-0.0009740049407973,0.0011737991892086619,0.0009303319018611315,0.0011737991892086619,0.0009303319018611315,-1.2051265245613791,-1.2051265245613791
2021-04-07,0.0014741456981077,-0.0018344839813225465,-0.001845256404550596,-0.0018344839813225465,-0.001845256404550596,-1.2444387170667037,-1.2444387170667037
2021-04-08,0.0042117509405912,-0.005526425601108263,-0.005543682752027156,-0.005526425601108263,-0.005543682752027156,-1.3121444451633513,-1.3121444451633513
2021-04-09,0.0076902881356879,-0.01059674957239582,-0.01061440780205937,-0.01059674957239582,-0.01061440780205937,-1.3779392118248552,-1.3779392118248552
2021-04-12,-0.0001960980747401,0.0002822159423063654,0.00026474429774592196,0.0002822159423063654,0.00026474429774592196,-1.4391571293109449,-1.4391571293109449
2021-04-13,0.003289071877063,-0.004932535685012763,-0.004950587566034601,-0.004932535685012763,-0.004950587566034601,-1.4996740324864244,-1.4996740324864244
2021-04-14,-0.0040961043207303,0.006437491947491269,0.006416299177948918,0.006437491947491269,0.006416299177948918,-1.5716132801870437,-1.5716132801870437
2021-04-15,0.0110331014011197,0.0,-0.00031432265603740877,0.0,-0.00031432265603740877,0.0,0.0
2021-04-16,0.0036023233905169,0.0,0.0,0.0,0.0,0.0,0.0
2021-04-19,-0.0053206898937574,-0.0,-0.0,-0.0,-0.0,0.0,0.0
2021-04-20,-0.006825561005078,-0.0,-0.0,-0.0,-0.0,0.0,0.0
2021-04-21,0.0092630209198532,0.0,0.0,0.0,0.0,0.0,0.0
2021-04-22,-0.0092533378605548,-0.0,-0.0,-0.0,-0.0,0.0,0.0
2021-04-23,0.0108694098955322,0.0,0.0,0.0,0.0,0.0,0.0
2021-04-26,0.0017806845645829,0.0,0.0,0.0,0.0,0.0,0.0
2021-04-27,-0.0002149189814453,-0.0,-0.0,-0.0,-0.0,0.0,0.0
2021-04-28,-0.0008458975873963,-0.0,-0.0,-0.0,-0.0,0.0,0.0
2021-04-29,0.0067400415367036,0.0,0.0,0.0,0.0,0.0,0.0
2021-04-30,-0.0072207134171211,-0.0,-0.0,-0.0,-0.0,0.0,0.0
2021-05-03,0.0027443216495122,0.0,0.0,0.0,0.0,0.0,0.0
2021-05-04,-0.0067007374898473,-0.0,-0.0,-0.0,-0.0,0.0,0.0
2021-05-05,0.0007032164471141,0.0,0.0,0.0,0.0,0.0,0.0
2021-05-06,0.0081322994986319,0.0,0.0,0.0,0.0,0.0,0.0
2021-05-07,0.0073462914191875,0.0,0.0,0.0,0.0,0.0,0.0
2021-05-10,-0.0104904805031385,-0.0,-0.0,-0.0,-0.0,0.0,0.0
2021-05-11,-0.0087117501417814,-0.0,-0.0,-0.0,-0.0,0.0,0.0
2021-05-12,-0.0216827823583027,-0.0,-0.0,-0.0,-0.0,0.0,0.0
2021-05-13,0.0120996445780932,-0.009611950580822322,-0.00977083046392608,0.009611950580822322,0.009453070697718564,-0.794399415518789,0.794399415518789
2021-05-14,0.0148077785636235,-0.01243684428968075,-0.012445941584737028,0.01243684428968075,0.012427746994624473,-0.8398858908001812,0.8398858908001812
2021-05-17,-0.0025332581839609,-0.0,-0.00016797717816003624,-0.002241188022245965,-0.0022501519894011475,0.0,0.8847057265760941
2021-05-18,-0.0085537723840332,-0.0,-0.0,-0.00774943459867537,-0.007753686832158511,0.0,0.9059668939917973
2021-05-19,-0.0029477518113782,-0.0,-0.0,-0.0,-0.00018119337879835947,0.0,0.0
2021-05-20,0.0104994293345086,0.0,0.0,0.0,0.0,0.0,0.0
2021-05-21,-0.0007841880752526,-0.0,-0.0,-0.0,-0.0,0.0,0.0
2021-05-24,0.0098624974812153,0.0,0.0,0.0,0.0,0.0,0.0
2021-05-25,-0.0021275454008282,-0.0,-0.0,-0.0,-0.0,0.0,0.0
2021-05-26,0.0018750575506114,0.0,0.0,0.0,0.0,0.0,0.0
2021-05-27,0.0011646360898627,0.0,0.0,0.0,0.0,0.0,0.0
2021-05-28,0.000768586452887,0.0,0.0,0.0,0.0,0.0,0.0
2021-06-01,-0.0004924547586302,-0.0,-0.0,-0.0,-0.0,0.0,0.0
2021-06-02,0.0014458890369013,0.0,0.0,0.0,0.0,0.0,0.0
2021-06-03,-0.0036353030560487,-0.0,-0.0,-0.0,-0.0,0.0,0.0
2021-06-04,0.0087953033830157,0.0,0.0,0.0,0.0,0.0,0.0
2021-06-07,-0.0007970562694215,-0.0,-0.0,-0.0,-0.0,0.0,0.0
2021-06-08,0.0001750095494408,0.0,0.0,0.0,0.0,0.0,0.0
2021-06-09,-0.0018255325906153,-0.0,-0.0,-0.0,-0.0,0.0,0.0
2021-06-10,0.004641454776463,0.0,0.0,0.0,0.0,0.0,0.0
2021-06-11,0.0019465389328079,0.0,0.0,0.0,0.0,0.0,0.0
2021-06-14,0.0018135563851373,0.0,0.0,0.0,0.0,0.0,0.0
2021-06-15,-0.0020137199542773,-0.0,-0.0,-0.0,-0.0,0.0,0.0
2021-06-16,-0.0054047037470255,-0.0,-0.0,-0.0,-0.0,0.0,0.0
2021-06-17,-0.0004358105436725,-0.0,-0.0,-0.0,-0.0,0.0,0.0
2021-06-18,-0.0132113556872841,-0.0,-0.0,-0.0,-0.0,0.0,0.0
2021-06-21,0.0139051635123195,0.016662558517770824,0.016420537787012076,0.016662558517770824,0.016420537787012076,1.1983000777379114,1.1983000777379114
2021-06-22,0.0051114063789903,0.0,-0.00023966001554758228,0.0,-0.00023966001554758228,0.0,0.0
2021-06-23,-0.0010838705186486,-0.0,-0.0,-0.0,-0.0,0.0,0.0
2021-06-24,0.0057944295459169,0.0,0.0,0.0,0.0,0.0,0.0
2021-06-25,0.0033250631646861,0.0,0.0,0.0,0.0,0.0,0.0
2021-06-28,0.0023122888604731,0.0,0.0,0.0,0.0,0.0,0.0
2021-06-29,0.0002772977426861,0.0,0.0,0.0,0.0,0.0,0.0
2021-06-30,0.0013272784229076,0.0,0.0,0.0,0.0,0.0,0.0
2021-07-01,0.0052080414322546,0.0,0.0,0.0,0.0,0.0,0.0
2021-07-02,0.0074720958946912,0.0,0.0,0.0,0.0,0.0,0.0
2021-07-06,-0.0020239027700217,0.003741506841145666,0.003361671877169471,0.003741506841145666,0.003361671877169471,-1.848659380561819,-1.848659380561819
2021-07-07,0.0033533465536628,-0.0060839123515264585,-0.0061004818820044665,-0.0060839123515264585,-0.0061004818820044665,-1.8142808248915132,-1.8142808248915132
2021-07-08,-0.008597881009555,0.01626830820317607,0.0162421177825636,0.01626830820317607,0.0162421177825636,-1.89212995447329,-1.89212995447329
2021-07-09,0.0112148259024138,-0.017173625982399607,-0.017252110883743725,-0.017173625982399607,-0.017252110883743725,-1.5313323748256564,-1.5313323748256564
2021-07-12,0.0034452326955936,-0.005469549498986236,-0.0054877919928322276,-0.005469549498986236,-0.0054877919928322276,-1.587570414614289,-1.587570414614289
2021-07-13,-0.0035230111811657,0.005851355692811863,0.005828822735290931,0.005851355692811863,0.005828822735290931,-1.6608961459145175,-1.6608961459145175
2021-07-14,0.0011642565654685,-0.0018428421569297328,-0.0018653902943244305,-0.0018428421569297328,-0.0018653902943244305,-1.5828488424183103,-1.5828488424183103
2021-07-15,-0.0032675735627449,-0.0,-0.00031656976848366207,-0.0,-0.00031656976848366207,0.0,0.0
2021-07-16,-0.0075674150068127,-0.0,-0.0,-0.0,-0.0,0.0,0.0
2021-07-19,-0.0159967813999841,-0.0,-0.0,-0.0,-0.0,0.0,0.0
2021-07-20,0.015048806004799,0.015523472709330445,0.015316788847835003,0.015523472709330445,0.015316788847835003,1.0315418182930975,1.0315418182930975
2021-07-21,0.0082080416621437,0.008858491337863025,0.008848007220520966,0.008858491337863025,0.008848007220520966,1.0792454159582625,1.0792454159582625
2021-07-22,0.0020146392092428,0.0022868510137374087,0.002274068182413322,0.0022868510137374087,0.002274068182413322,1.135116899961914,1.135116899961914
2021-07-23,0.0100943323862559,0.012106272655538406,0.012091060481220193,0.012106272655538406,0.012091060481220193,1.1993138518028092,1.1993138518028092
2021-07-26,0.0023793669227281,0.0029863389577471492,0.0029721452211709464,0.0029863389577471492,0.0029721452211709464,1.2550981226229354,1.2550981226229354
2021-07-27,-0.0047235833821765,-0.006246901436549171,-0.006264219411575612,-0.006246901436549171,-0.006264219411575612,1.322492042825074,1.322492042825074
2021-07-28,-0.0001862792315527,-0.00023476589831610098,-0.00025030495133038054,-0.00023476589831610098,-0.00025030495133038054,1.2602902447001114,1.2602902447001114
2021-07-29,0.0041973318452726,0.0,-0.0002520580489400223,0.0,-0.0002520580489400223,0.0,0.0
2021-07-30,-0.0054207136082613,-0.0,-0.0,-0.0,-0.0,0.0,0.0
2021-08-02,-0.0018445056700606,-0.0,-0.0,-0.0,-0.0,0.0,0.0
2021-08-03,0.0081699613389183,0.0,0.0,0.0,0.0,0.0,0.0
2021-08-04,-0.0046431506612965,-0.0,-0.0,-0.0,-0.0,0.0,0.0
2021-08-05,0.0059874859904205,0.0,0.0,0.0,0.0,0.0,0.0
2021-08-06,0.001673864548529,0.0,0.0,0.0,0.0,0.0,0.0
2021-08-09,-0.0009403502649565,-0.0,-0.0,-0.0,-0.0,0.0,0.0
2021-08-10,0.000992186953864,0.0,0.0,0.0,0.0,0.0,0.0
2021-08-11,0.001274930718015,0.0,0.0,0.0,0.0,0.0,0.0
2021-08-12,0.0041378077354785,0.0,0.0,0.0,0.0,0.0,0.0
2021-08-13,0.0016060163209239,0.0,0.0,0.0,0.0,0.0,0.0
2021-08-16,0.0026174222619932,0.0,0.0,0.0,0.0,0.0,0.0
2021-08-17,-0.0070857435071367,-0.0,-0.0,-0.0,-0.0,0.0,0.0
2021-08-18,-0.0108066528452557,-0.0,-0.0,-0.0,-0.0,0.0,0.0
2021-08-19,0.0012559032561583,0.0,0.0,0.0,0.0,0.0,0.0
2021-08-20,0.0081086038907418,0.0,0.0,0.0,0.0,0.0,0.0
2021-08-23,0.0084876679844114,0.0,0.0,0.0,0.0,0.0,0.0
2021-08-24,0.0014946188019617,-0.002178087293363392,-0.0024749884080488165,-0.002178087293363392,-0.0024749884080488165,-1.4572861591896433,-1.4572861591896433
2021-08-25,0.0022176574032517,-0.003396138517066795,-0.003417289192774044,-0.003396138517066795,-0.003417289192774044,-1.531408103022187,-1.531408103022187
2021-08-26,-0.0058419498276034,0.009382679533749307,0.009360528437967721,0.009382679533749307,0.009360528437967721,-1.606086976203706,-1.606086976203706
2021-08-27,0.0087690715404527,0.0,-0.00032121739524074123,0.0,-0.00032121739524074123,0.0,0.0
2021-08-30,0.004297324106874,0.0,0.0,0.0,0.0,0.0,0.0
2021-08-31,-0.0013500269158921,-0.0,-0.0,-0.0,-0.0,0.0,0.0
2021-09-01,0.0003116400609517,0.0,0.0,0.0,0.0,0.0,0.0
2021-09-02,0.0028386057544054,0.0,0.0,0.0,0.0,0.0,0.0
2021-09-03,-0.0003350872611811,-0.0,-0.0,-0.0,-0.0,0.0,0.0
2021-09-07,-0.0034013524523217,-0.0,-0.0,-0.0,-0.0,0.0,0.0
2021-09-08,-0.0013194368138158,-0.0,-0.0,-0.0,-0.0,0.0,0.0
2021-09-09,-0.0046162471500021,-0.0,-0.0,-0.0,-0.0,0.0,0.0
2021-09-10,-0.0077525522862771,-0.0,-0.0,-0.0,-0.0,0.0,0.0
2021-09-13,0.0022739003463705,0.0,0.0,0.0,0.0,0.0,0.0
2021-09-14,-0.005763213966258,-0.0,-0.0,-0.0,-0.0,0.0,0.0
2021-09-15,0.0084382942220795,0.0,0.0,0.0,0.0,0.0,0.0
2021-09-16,-0.0015523447127652,-0.0,-0.0,-0.0,-0.0,0.0,0.0
2021-09-17,-0.009152630275798,-0.0,-0.0,-0.0,-0.0,0.0,0.0
2021-09-20,-0.0171230777263815,-0.0,-0.0,-0.0,-0.0,0.0,0.0
2021-09-21,-0.0008126886585468,0.0007514393730665607,0.0005665126203270212,-0.0007514393730665607,-0.0009363661258061002,-0.9246337636976976,0.9246337636976976
2021-09-22,0.0094745852242184,-0.009170458199162311,-0.00917911159757749,0.009170458199162311,0.009161804800747133,-0.9679007557735935,0.9679007557735935
2021-09-23,0.0120616803699373,0.0,-0.0001935801511547187,0.012306790857438793,0.012296064802666862,0.0,1.0203214212268807
2021-09-24,0.0014599428113637,0.0,0.0,0.0015645961165959763,0.0015534703991815768,0.0,1.071683153900064
2021-09-27,-0.0027802439201884,0.003153129790841892,0.002924709158010107,-0.003153129790841892,-0.0031672137928936647,-1.1341198403297736,1.1341198403297736
2021-09-28,-0.0205743177398929,0.023410635923471743,0.023408247290810136,-0.023410635923471743,-0.02341302455613335,-1.1378572169165697,1.1378572169165697
2021-09-29,0.0015679543362843,-0.001310514376386087,-0.0013709235056561327,0.001310514376386087,0.0012501052471160414,-0.8358115705663419,0.8358115705663419
2021-09-30,-0.0119812029450159,0.01065750023118154,0.010646758869343555,-0.01065750023118154,-0.010668241593019524,-0.8895183797562655,0.8895183797562655
2021-10-01,0.0114259521133348,-0.009141238249295842,-0.009159133583559274,0.009141238249295842,0.00912334291503241,-0.8000417084391108,0.8000417084391108
2021-10-04,-0.0130709520486433,-0.0,-0.00016000834168782216,-0.0,-0.00016000834168782216,0.0,0.0
2021-10-05,0.0104695174986009,-0.007933213075741389,-0.008084761856796515,0.0,0.0,-0.7577439052756298,0.0
2021-10-06,0.0040943993496238,0.0,-0.00015154878105512598,0.0,0.0,0.0,0.0
2021-10-07,0.0082640392250663,0.0,0.0,0.0,0.0,0.0,0.0
2021-10-08,-0.0019155566024213,-0.0,-0.0,-0.0,-0.0,0.0,0.0
2021-10-11,-0.0068894416443399,-0.0,-0.0,-0.0,-0.0,0.0,0.0
2021-10-12,-0.0024197056865542,-0.0,-0.0,-0.0,-0.0,0.0,0.0
2021-10-13,0.0030179558702307,0.0,0.0,0.0,0.0,0.0,0.0
2021-10-14,0.0169191622857116,0.0,0.0,0.0,0.0,0.0,0.0
2021-10-15,0.0074325206371899,0.0,0.0,0.0,0.0,0.0,0.0
2021-10-18,0.0033690878018042,-0.003622125749619712,-0.003838041020826358,-0.003622125749619712,-0.003838041020826358,-1.075105774233609,-1.075105774233609
2021-10-19,0.0073661427842353,-0.008365788618455591,-0.008379524673276715,-0.008365788618455591,-0.008379524673276715,-1.1357081804549989,-1.1357081804549989
2021-10-20,0.0036573335985607,-0.004367379120793937,-0.004381377299618806,-0.004367379120793937,-0.004381377299618806,-1.1941429467939886,-1.1941429467939886
2021-10-21,0.0029913931683598,-0.0037633763633319554,-0.0037792336363517056,-0.0037633763633319554,-0.0037792336363517056,-1.258068114595394,-1.258068114595394
2021-10-22,-0.0010731292246628,0.0014215422603929642,0.0014043567306246162,0.0014215422603929642,0.0014043567306246162,-1.3246701587496539,-1.3246701587496539
2021-10-25,0.0047369594408532,-0.0064389274103174516,-0.006450129795153324,-0.0064389274103174516,-0.006450129795153324,-1.3592954490566,-1.3592954490566
2021-10-26,0.0018181414322437,-0.002592876095839406,-0.0026113124921311763,-0.002592876095839406,-0.0026113124921311763,-1.4261135299246963,-1.4261135299246963
2021-10-27,-0.0050643703711052,0.007592635336029549,0.007572069691999415,0.007592635336029549,0.007572069691999415,-1.4992259214194488,-1.4992259214194488
2021-10-28,0.0097812884241843,0.0,-0.00029984518428388977,0.0,-0.00029984518428388977,0.0,0.0
2021-10-29,0.0019474372317169,0.0,0.0,0.0,0.0,0.0,0.0
2021-11-01,0.0017984589459025,0.0,0.0,0.0,0.0,0.0,0.0
2021-11-02,0.0036736071203886,0.0,0.0,0.0,0.0,0.0,0.0
2021-11-03,0.0064404946128888,0.0,0.0,0.0,0.0,0.0,0.0
2021-11-04,0.0041732223428176,0.0,0.0,0.0,0.0,0.0,0.0
2021-11-05,0.003725850045285,-0.006786982639477187,-0.007161082124332215,-0.006786982639477187,-0.007161082124332215,-1.8215930745967617,-1.8215930745967617
2021-11-08,0.000887394060701,-0.0016856759093234234,-0.0017119825561188041,-0.0016856759093234234,-0.0017119825561188041,-1.899579886743684,-1.899579886743684
2021-11-09,-0.0035049109263987,0.0069655864620162995,0.006936272122017661,0.0069655864620162995,0.006936272122017661,-1.9873790256842412,-1.9873790256842412
2021-11-10,-0.0082598421638611,-0.0,-0.00039747580513684825,-0.0,-0.00039747580513684825,0.0,0.0
2021-11-11,0.0005507883329887,0.0,0.0,0.0,0.0,0.0,0.0
2021-11-12,0.0071966975641295,0.0,0.0,0.0,0.0,0.0,0.0
2021-11-15,-1.0739878016252646e-05,-0.0,-0.0,-0.0,-0.0,0.0,0.0
2021-11-16,0.0038577790571263,0.0,0.0,0.0,0.0,0.0,0.0
2021-11-17,-0.0026050154828958,-0.0,-0.0,-0.0,-0.0,0.0,0.0
2021-11-18,0.0033790647401712,0.0,0.0,0.0,0.0,0.0,0.0
2021-11-19,-0.0013996446049873,-0.0,-0.0,-0.0,-0.0,0.0,0.0
2021-11-22,-0.0032022583169606,-0.0,-0.0,-0.0,-0.0,0.0,0.0
2021-11-23,0.0016557613831942,0.0,0.0,0.0,0.0,0.0,0.0
2021-11-24,0.0022912237766679,0.0,0.0,0.0,0.0,0.0,0.0
2021-11-26,-0.0229870111593211,-0.0,-0.0,-0.0,-0.0,0.0,0.0
2021-11-29,0.0131138360828231,0.013195503976711355,0.012994184315896598,0.013195503976711355,0.012994184315896598,1.006227612833687,1.006227612833687
2021-11-30,-0.0191433811878489,-0.020218964166035934,-0.02022962464652399,-0.020218964166035934,-0.02022962464652399,1.056185632393391,1.056185632393391
2021-12-01,-0.011885541457957,-0.00967290770616535,-0.009721377191971005,-0.00967290770616535,-0.009721377191971005,0.813838203365118,0.813838203365118
2021-12-02,0.0140946383960578,-0.010486502965392526,-0.010798071911508413,0.010486502965392526,0.010472536630162366,-0.7440065272143164,0.7440065272143164
2021-12-03,-0.0084844551417386,0.006687317503778056,0.006678481874566616,-0.006687317503778056,-0.006696153132989495,-0.788184673271514,0.788184673271514
2021-12-06,0.0116625993096857,-0.008812004756259864,-0.008818526068705633,0.008812004756259864,0.008805483443814094,-0.7555781110426696,0.7555781110426696
2021-12-07,0.0204956031862533,0.0,-0.00015111562220853391,0.01642768562148419,0.016418496758167728,0.0,0.8015224276249884
2021-12-08,0.0030805355865854,0.0,0.0,0.0025988234415793366,0.002590402498130473,0.0,0.8436271448693068
2021-12-09,-0.0072069882325234,0.006468001235494104,0.006288508747736026,-0.006468001235494104,-0.0064787682942783215,-0.8974624387903916,0.8974624387903916
2021-12-10,0.0095037691182096,-0.008176383945905046,-0.008183810301916747,0.008176383945905046,0.008168957589893345,-0.8603306587318886,0.8603306587318886
2021-12-13,-0.0091781583427934,0.008358607841173102,0.008348532686421929,-0.0,-0.00017206613174637774,-0.910706432487755,0.0
2021-12-14,-0.0074987228546241,0.006354282256284181,0.006341617356085286,-0.0,-0.0,-0.8473819314932811,0.0
2021-12-15,0.0162162673518917,-0.013215225603512537,-0.01322171472132649,0.0,0.0,-0.8149363424235185,0.0
2021-12-16,-0.0087818633111123,-0.0,-0.00016298726848470372,-0.0,-0.0,0.0,0.0
2021-12-17,-0.0103409645840546,-0.0,-0.0,-0.0,-0.0,0.0,0.0
2021-12-20,-0.0114533983232565,-0.0,-0.0,-0.0,-0.0,0.0,0.0
2021-12-21,0.0176217553851962,0.0,0.0,0.0,0.0,0.0,0.0
2021-12-22,0.0101287280291266,0.0,0.0,0.0,0.0,0.0,0.0
2021-12-23,0.0062044126852516,0.0,0.0,0.0,0.0,0.0,0.0
2021-12-27,0.0137440515736066,-0.011583250107016673,-0.011751806664666102,-0.011583250107016673,-0.011751806664666102,-0.8427827882471408,-0.8427827882471408
2021-12-28,-0.001010665398887,0.0008997112844479068,0.0008902244885920664,0.0008997112844479068,0.0008902244885920664,-0.8902167675263426,-0.8902167675263426
2021-12-29,0.0014009134018575,-0.0013039437832695815,-0.0013120566591987171,-0.0013039437832695815,-0.0013120566591987171,-0.9307811471720205,-0.9307811471720205
2021-12-30,-0.0029942338419051,0.0029605605430495113,0.0029489659821738414,0.0029605605430495113,0.0029489659821738414,-0.9887539515503692,-0.9887539515503692
2021-12-31,-0.0026296343734735,-0.0,-0.00019775079031007385,-0.0,-0.00019775079031007385,0.0,0.0
2022-01-03,0.0063538241703877,0.0,0.0,0.0,0.0,0.0,0.0
2022-01-04,-0.0006298202522039,-0.0,-0.0,-0.0,-0.0,0.0,0.0
2022-01-05,-0.0195832643045008,-0.0,-0.0,-0.0,-0.0,0.0,0.0
2022-01-06,-0.0009642337401807,0.0008079851334096425,0.0006403939986588043,-0.0,-0.0,-0.8379556737541914,0.0
2022-01-07,-0.0040584410823356,0.003565505585402286,0.0035573885842917377,-0.0,-0.0,-0.878540679306934,0.0
2022-01-10,-0.0014420705375393,-0.0,-0.00017570813586138682,-0.0,-0.0,0.0,0.0
2022-01-11,0.0091182864523986,0.0,0.0,0.0,0.0,0.0,0.0
2022-01-12,0.0028137920146669,0.0,0.0,0.0,0.0,0.0,0.0
2022-01-13,-0.0143460292343995,-0.0,-0.0,-0.0,-0.0,0.0,0.0
2022-01-14,0.0008196442695904,0.0,0.0,0.0,0.0,0.0,0.0
2022-01-18,-0.0185591053980083,-0.0,-0.0,-0.0,-0.0,0.0,0.0
2022-01-19,-0.00973679094146,-0.007267167382422611,-0.00741643971303163,-0.007267167382422611,-0.00741643971303163,0.7463616530450968,0.7463616530450968
2022-01-20,-0.0110987423043322,-0.0,-0.00014927233060901937,-0.007878956740161298,-0.007886249799171482,0.0,0.7098963579941743
2022-01-21,-0.0190959953246352,-0.0,-0.0,-0.012787699340763809,-0.012795747920368111,0.0,0.6696534599726657
2022-01-24,0.0027679047582704,-0.0016220742731778857,-0.0017392802043668968,0.0016220742731778857,0.0016053495123723638,-0.586029655945056,0.586029655945056
2022-01-25,-0.0122465905568667,0.007698628705443043,0.0076901077468549415,-0.007698628705443043,-0.007707149664031145,-0.6286344488855634,0.6286344488855634
2022-01-26,-0.001497756925886,0.0008933342391650409,0.0008868969649090299,-0.0008933342391650409,-0.0008997715134210519,-0.5964480776055086,0.5964480776055086
2022-01-27,-0.0053986351999704,0.003400358489304237,0.003393677063502788,-0.003400358489304237,-0.003407039915105686,-0.6298552066127528,0.6298552066127528
2022-01-28,0.0240559679147356,-0.015369229716694606,-0.01537103760965705,0.015369229716694606,0.015367421823732163,-0.6388946714249694,0.6388946714249694
2022-01-31,0.0187098262229845,0.012664648861720328,0.012401490274938485,0.012664648861720328,0.012657048143508473,0.6768982624842426,0.6768982624842426
2022-02-01,0.0068395603483182,-0.004910520645583733,-0.005189492002678705,0.004910520645583733,0.004902308593482458,-0.7179585229906181,0.7179585229906181
2022-02-02,0.0093784004483232,-0.007172626847177672,-0.007181995700975412,-0.007172626847177672,-0.007469179110171659,-0.7648027919793181,-0.7648027919793181
2022-02-03,-0.0246934717201199,0.020058488048890898,0.020048988761411403,0.020058488048890898,0.020048988761411403,-0.8122992293767879,-0.8122992293767879
2022-02-04,0.0051436784398628,-0.0032512658793976273,-0.003287307796259353,-0.0032512658793976273,-0.003287307796259353,-0.6320896450681606,-0.6320896450681606
2022-02-07,-0.0037085809278281,0.002506824452052509,0.002498051886327734,0.002506824452052509,0.002498051886327734,-0.6759524736920357,-0.6759524736920357
2022-02-08,0.0083661134666339,-0.00580504749897828,-0.005808632255666482,-0.00580504749897828,-0.005808632255666482,-0.6938762571330434,-0.6938762571330434
2022-02-09,0.014412842079265,-0.010653371780434767,-0.010662428188050079,-0.010653371780434767,-0.010662428188050079,-0.7391582952096044,-0.7391582952096044
2022-02-10,-0.0182818244850562,0.014325910090623286,0.014317018769392275,0.014325910090623286,0.014317018769392275,-0.7836149013646571,-0.7836149013646571
2022-02-11,-0.0191516826380855,-0.0,-0.0001567229802729314,-0.0,-0.0001567229802729314,0.0,0.0
2022-02-14,-0.003847990755629,-0.0,-0.0,-0.0,-0.0,0.0,0.0
2022-02-15,0.0156437176460642,0.0,0.0,0.0,0.0,0.0,0.0
2022-02-16,0.0008808197202831,0.0,0.0,0.0,0.0,0.0,0.0
2022-02-17,-0.0214005041369365,-0.0,-0.0,-0.0,-0.0,0.0,0.0
2022-02-18,-0.0071919616638655,0.004208367812485973,0.004091338050393941,-0.0,-0.0,-0.5851488104601603,0.0
2022-02-22,-0.0101947354350162,0.005985288633174695,0.005984899190593366,-0.0,-0.0,-0.5870960233668079,0.0
2022-02-23,-0.0185837357487876,0.010648696172606236,0.010645879288118157,-0.0,-0.0,-0.5730116009264152,0.0
2022-02-24,0.0148461052527242,-0.007728179010952271,-0.0077386708068027735,0.0,0.0,-0.5205526216739021,0.0
2022-02-25,0.0221260805512653,0.0,-0.00010411052433478043,0.0,0.0,0.0,0.0
2022-02-28,-0.0024455914631271,-0.0,-0.0,-0.0,-0.0,0.0,0.0
2022-03-01,-0.0155944677866113,-0.0,-0.0,-0.0,-0.0,0.0,0.0
2022-03-02,0.0184710467806503,0.0,0.0,0.0,0.0,0.0,0.0
2022-03-03,-0.0052685207442451,-0.0,-0.0,-0.0,-0.0,0.0,0.0
2022-03-04,-0.0079656845430022,-0.0,-0.0,-0.0,-0.0,0.0,0.0
2022-03-07,-0.0299625868144151,-0.0,-0.0,-0.0,-0.0,0.0,0.0
2022-03-08,-0.0072600439756982,0.0035870175886463557,0.003488202275663313,-0.0035870175886463557,-0.0036858329016293983,-0.4940765649152134,0.4940765649152134
2022-03-09,0.0253735981221403,-0.01275120724886828,-0.012752899614673938,0.01275120724886828,0.012749514883062623,-0.5025383939435034,0.5025383939435034
2022-03-10,-0.0043010499202473,-0.0,-0.00010050767878870068,-0.0023066685427285023,-0.0023134215833222854,0.0,0.5363035969124196
2022-03-11,-0.0130462789332383,-0.0,-0.0,-0.007244762098812494,-0.007248563884468973,0.0,0.5553125251948162
2022-03-14,-0.0074486750955333,-0.0,-0.0,-0.003964178074372195,-0.003968800762301955,0.0,0.5321990855460145
2022-03-15,0.0211826297241461,0.0,0.0,0.011379390749824187,0.011378389792128619,0.0,0.5372038740238568
2022-03-16,0.0221369216483928,0.01268627935021949,0.012571662877778386,0.0,-0.00010744077480477137,0.5730823622055213,0.0
2022-03-17,0.0122722050687009,0.0,-0.00011461647244110428,0.0,0.0,0.0,0.0
2022-03-18,0.0115948144118878,-0.007544766663295274,-0.007674907024240765,-0.007544766663295274,-0.007674907024240765,-0.6507018047274531,-0.6507018047274531
2022-03-21,-0.0004347548543019,0.0003013955045945362,0.000292885082639168,0.0003013955045945362,0.000292885082639168,-0.6932539145042942,-0.6932539145042942
2022-03-22,0.0112406995540741,-0.008273937588922885,-0.008282500732506238,-0.008273937588922885,-0.008282500732506238,-0.7360696324210589,-0.7360696324210589
2022-03-23,-0.0123486302524948,0.009653551518060348,0.009644415285528177,0.009653551518060348,0.009644415285528177,-0.7817507950819109,-0.7817507950819109
2022-03-24,0.0142420122816186,0.0,-0.00015635015901638218,0.0,-0.00015635015901638218,0.0,0.0
2022-03-25,0.0050533807042363,0.0,0.0,0.0,0.0,0.0,0.0
2022-03-28,0.0071195510200432,0.0,0.0,0.0,0.0,0.0,0.0
2022-03-29,0.012182044101392,0.0,0.0,0.0,0.0,0.0,0.0
2022-03-30,-0.0063135889990899,-0.0,-0.0,-0.0,-0.0,0.0,0.0
2022-03-31,-0.0157763352268816,-0.0,-0.0,-0.0,-0.0,0.0,0.0
2022-04-01,0.0034044209614627,0.0,0.0,0.0,0.0,0.0,0.0
2022-04-04,0.008058382532134,0.0,0.0,0.0,0.0,0.0,0.0
2022-04-05,-0.0126311590740062,-0.0,-0.0,-0.0,-0.0,0.0,0.0
2022-04-06,-0.009764433912478,-0.0,-0.0,-0.0,-0.0,0.0,0.0
2022-04-07,0.0042443655520365,0.0,0.0,0.0,0.0,0.0,0.0
2022-04-08,-0.0026545466755525,-0.0,-0.0,-0.0,-0.0,0.0,0.0
2022-04-11,-0.0170213345846956,-0.0,-0.0,-0.0,-0.0,0.0,0.0
2022-04-12,-0.0034233005304535,0.0023478945115977872,0.002210723118627112,-0.0,-0.0,-0.6858569648533753,0.0
2022-04-13,0.0111126032689021,-0.007839764982252632,-0.007843690410477612,0.0,0.0,-0.7054841059782729,0.0
2022-04-14,-0.0122184803835079,-0.0,-0.0001410968211956546,-0.0,-0.0,0.0,0.0
2022-04-18,-0.0002048892724069,-0.0,-0.0,-0.0,-0.0,0.0,0.0
2022-04-19,0.0159300447493873,0.0,0.0,0.0,0.0,0.0,0.0
2022-04-20,-0.0006186664061829,-0.0,-0.0,-0.0,-0.0,0.0,0.0
2022-04-21,-0.0148628555513106,-0.0,-0.0,-0.0,-0.0,0.0,0.0
2022-04-22,-0.0281320763773678,-0.0,-0.0,-0.0,-0.0,0.0,0.0
2022-04-25,0.0056817651441125,-0.0031973772221975047,-0.003309925951020295,0.0031973772221975047,0.0030848284933747143,-0.5627436441139525,0.5627436441139525
2022-04-26,-0.0285500089285974,0.017222785944434243,0.017214684721885684,-0.017222785944434243,-0.017230887166982803,-0.6032497568567438,0.6032497568567438
2022-04-27,0.0020958490249647,-0.0010360475785667024,-0.0010578309067962289,0.0010360475785667024,0.0010142642503371759,-0.494333115709111,0.494333115709111
2022-04-28,0.0244456553408323,-0.013010423017934402,-0.013018000037530213,0.013010423017934402,0.013002845998338591,-0.5322182136881685,0.5322182136881685
2022-04-29,-0.0369591597846952,-0.020963755913464815,-0.021183642372736098,-0.0,-0.0001064436427376337,0.5672140826682405,0.0
2022-05-02,0.0056591992938184,-0.0024849496337852784,-0.00268621228152719,0.0,0.0,-0.4390991560413173,0.0
2022-05-03,0.0048254650753598,-0.002285020417317434,-0.0022919073296719995,0.0,0.0,-0.4735337178141439,0.0
2022-05-04,0.0294252215573269,-0.015002039174390752,-0.015009299643854092,0.0,0.0,-0.5098360651308412,0.0
2022-05-05,-0.0363006775640997,-0.0,-0.00010196721302616825,-0.0,-0.0,0.0,0.0
2022-05-06,-0.0056903844139526,0.0024412903024011376,0.0023554862468292436,-0.0,-0.0,-0.4290202778594693,0.0
2022-05-09,-0.0325615195396036,0.014510702139832044,0.014507378277880413,-0.0,-0.0,-0.44563958761762057,0.0
2022-05-10,0.0024548817604088,-0.0009412212268355514,-0.0009536675508082062,0.0009412212268355514,0.0008645396332846821,-0.3834079677543468,0.3834079677543468
2022-05-11,-0.0166002320956977,0.00689073580370142,0.006884397644709344,-0.00689073580370142,-0.006897073962693496,-0.41509876271472734,0.41509876271472734
2022-05-12,-0.0012968049941122,0.0005222412550054953,0.0005197642606068497,-0.0005222412550054953,-0.000524718249404141,-0.4027137907214991,0.4027137907214991
2022-05-13,0.0235892679568685,0.0,-8.054275814429982e-05,0.010179797787380573,0.010174031824067354,0.0,0.4315436072875892
2022-05-16,-0.0039542085177224,-0.0018304178306616148,-0.0019229985745681563,-0.0,-8.630872145751785e-05,0.4629037195327079,0.0
2022-05-17,0.019968919581462,0.009675067722829472,0.0096707472029159,0.0,0.0,0.4845063191005712,0.0
2022-05-18,-0.0412338092912474,-0.0,-9.690126382011425e-05,-0.0,-0.0,0.0,0.0
2022-05-19,-0.0058508647773489,0.0023388113127276746,0.0022588637698693205,-0.0,-0.0,-0.3997377142917699,0.0
2022-05-20,0.0001461310919914,-6.0862316530368784e-05,-6.421301732566601e-05,0.0,0.0,-0.416491218268256,0.0
2022-05-23,0.0183849954120596,-0.00827177537021139,-0.008278461107350962,0.0,0.0,-0.44991990396611875,0.0
2022-05-24,-0.0081539509035568,0.003936782317752285,0.003930204953884112,-0.0,-0.0,-0.48280672330698454,0.0
2022-05-25,0.0094063856489317,-0.004596188170267372,-0.0045973516764000605,0.0,0.0,-0.4886242539704259,0.0
2022-05-26,0.0196881660077199,0.0,-9.772485079408518e-05,0.0,0.0,0.0,0.0
2022-05-27,0.0244411301958216,0.0,0.0,0.0,0.0,0.0,0.0
2022-05-31,-0.0062941351936665,0.003751239917592507,0.0036320419721347355,0.003751239917592507,0.0036320419721347355,-0.595989727288859,-0.595989727288859
2022-06-01,-0.0075109050411548,0.004521410307735542,0.0045202123679315195,0.004521410307735542,0.0045202123679315195,-0.6019794263089733,-0.6019794263089733
2022-06-02,0.018263225415545,-0.010970136328058707,-0.01097039859969581,-0.010970136328058707,-0.01097039859969581,-0.600668068123461,-0.600668068123461
2022-06-03,-0.0164824056098176,-0.0,-0.00012013361362469219,-0.0,-0.00012013361362469219,0.0,0.0
2022-06-06,0.0031324894070365,0.0,0.0,0.0,0.0,0.0,0.0
2022-06-07,0.009478331531719,0.0,0.0,0.0,0.0,0.0,0.0
2022-06-08,-0.0108526230401544,-0.0,-0.0,-0.0,-0.0,0.0,0.0
2022-06-09,-0.024086457665156,-0.0,-0.0,-0.0,-0.0,0.0,0.0
2022-06-10,-0.0295424148114094,0.015803917497838427,0.015696926125611573,-0.0,-0.0,-0.5349568611342798,0.0
2022-06-13,-0.0395399319900402,0.0177721494047465,0.017755052721307795,-0.0177721494047465,-0.017862044093534653,-0.44947344394075245,0.44947344394075245
2022-06-14,-0.0037808180394893,0.0013901795393857193,0.0013738234089130334,-0.0013901795393857193,-0.0014065356698584053,-0.36769279157732226,0.36769279157732226
2022-06-15,0.0144870588365346,-0.005642872542900682,-0.005647236236609901,0.005642872542900682,0.005638508849191463,-0.3895112601234174,0.3895112601234174
2022-06-16,-0.0330522071138403,0.013882594359232638,0.013876492572970757,-0.013882594359232638,-0.01388869614549452,-0.4200201914328267,0.4200201914328267
2022-06-17,0.0021984473410121,-0.000803636796990355,-0.0008145313473216269,0.000803636796990355,0.0007927422466590832,-0.36554743977646714,0.36554743977646714
2022-06-21,0.0241824749606731,-0.009577304522019924,-0.009583403672035683,0.009577304522019924,0.009571205372004165,-0.3960431898552598,0.3960431898552598
2022-06-22,-0.0013024200953584,0.000554420972864058,0.0005484925686718451,-0.0,-7.920863797105197e-05,-0.4256852108163245,0.0
2022-06-23,0.0094870724855571,-0.00431861719606389,-0.00432452229999234,0.0,0.0,-0.45521073045857435,0.0
2022-06-24,0.0301055397299006,0.0,-9.104214609171487e-05,0.0,0.0,0.0,0.0
2022-06-27,-0.0029774998903402,-0.0,-0.0,-0.0,-0.0,0.0,0.0
2022-06-28,-0.0203486731494955,-0.0,-0.0,-0.0,-0.0,0.0,0.0
2022-06-29,-0.0007119988201722,0.0003515457161541548,0.00025279675584853747,-0.0,-0.0,-0.49374480152808664,0.0
2022-06-30,-0.0087978662463683,0.0046437867341040185,0.004636969489967259,-0.0,-0.0,-0.5278310222118848,0.0
2022-07-01,0.0104985112966407,-0.0055356030070530535,-0.005535714202672907,0.0,0.0,-0.5272750441126189,0.0
2022-07-05,0.0015828751061928,-0.0008943293294926522,-0.0009018749391009447,0.0,0.0,-0.5650030921540815,0.0
2022-07-06,0.0035667957050655,0.0,-0.0001130006184308163,0.0,0.0,0.0,0.0
2022-07-07,0.0148537231809307,0.0,0.0,0.0,0.0,0.0,0.0
2022-07-08,-0.0008306163961275,-0.0,-0.0,-0.0,-0.0,0.0,0.0
2022-07-11,-0.0115944176605253,-0.0,-0.0,-0.0,-0.0,0.0,0.0
2022-07-12,-0.0092868684974938,-0.0,-0.0,-0.0,-0.0,0.0,0.0
2022-07-13,-0.0044668641118157,-0.0,-0.0,-0.0,-0.0,0.0,0.0
2022-07-14,-0.0030031388127653,-0.0,-0.0,-0.0,-0.0,0.0,0.0
2022-07-15,0.0190192316586337,0.0,0.0,0.0,0.0,0.0,0.0
2022-07-18,-0.008398742485836,-0.0,-0.0,-0.0,-0.0,0.0,0.0
2022-07-19,0.0272535176437305,0.0,0.0,0.0,0.0,0.0,0.0
2022-07-20,0.0058784939410578,-0.004420484528120133,-0.004570879665801425,-0.004420484528120133,-0.004570879665801425,-0.7519756884064583,-0.7519756884064583
2022-07-21,0.0098130666895048,-0.00785501012859295,-0.007864707862531373,-0.00785501012859295,-0.007864707862531373,-0.8004643580985732,-0.8004643580985732
2022-07-22,-0.0093762872938132,0.007958189489972864,0.007948530961265415,0.007958189489972864,0.007948530961265415,-0.8487570016358131,-0.8487570016358131
2022-07-25,0.0013143029733058,-0.001046562883150399,-0.0010570568056498988,-0.001046562883150399,-0.0010570568056498988,-0.7962873891383143,-0.7962873891383143
2022-07-26,-0.0116103425992637,-0.0,-0.00015925747782766288,-0.0,-0.00015925747782766288,0.0,0.0
2022-07-27,0.0258200487786286,0.0,0.0,0.0,0.0,0.0,0.0
2022-07-28,0.012060319791912,0.0,0.0,0.0,0.0,0.0,0.0
2022-07-29,0.0141077757817544,0.0,0.0,0.0,0.0,0.0,0.0
2022-08-01,-0.002827076544916,0.002565606105429753,0.002384103690148954,0.002565606105429753,0.002384103690148954,-0.9075120764039957,-0.9075120764039957
2022-08-02,-0.006684688378872,0.006177862806870021,0.006174528997730962,0.006177862806870021,0.006174528997730962,-0.9241811220992919,-0.9241811220992919
2022-08-03,0.015517456270091,-0.013802270143025678,-0.01380921290471829,-0.013802270143025678,-0.01380921290471829,-0.8894673136362404,-0.8894673136362404
2022-08-04,-0.0007776424495844,0.0007282561737411482,0.0007188511745260591,0.0007282561737411482,0.0007188511745260591,-0.9364923097116862,-0.9364923097116862
2022-08-05,-0.0016270690189177,0.0015950002436952082,0.0015862406128153766,0.0015950002436952082,0.0015862406128153766,-0.9802904641108443,-0.9802904641108443
2022-08-08,-0.0012383171221213,0.0012523151884347764,0.0012459778876567963,0.0012523151884347764,0.0012459778876567963,-1.0113041046299167,-1.0113041046299167
2022-08-09,-0.004257744235927,-0.0,-0.00020226082092598336,-0.0,-0.00020226082092598336,0.0,0.0
2022-08-10,0.0210671584604078,0.0,0.0,0.0,0.0,0.0,0.0
2022-08-11,-0.000705722922202,-0.0,-0.0,-0.0,-0.0,0.0,0.0
2022-08-12,0.0171740469514922,0.0,0.0,0.0,0.0,0.0,0.0
2022-08-15,0.0039616840562342,-0.004637663499243685,-0.004873820663946919,-0.004637663499243685,-0.004873820663946919,-1.1706293165770623,-1.1706293165770623
2022-08-16,0.001873922825947,-0.0023132306120801165,-0.0023287820409853173,-0.0023132306120801165,-0.0023287820409853173,-1.2344321655354773,-1.2344321655354773
2022-08-17,-0.0072641148676471,0.009462558049819197,0.009445312708089666,0.009462558049819197,0.009445312708089666,-1.302644330689692,-1.302644330689692
2022-08-18,0.0022669896063849,0.0,-0.0002605288661379384,0.0,-0.0002605288661379384,0.0,0.0
2022-08-19,-0.0129839287130391,-0.0,-0.0,-0.0,-0.0,0.0,0.0
2022-08-22,-0.0216323664664948,-0.0,-0.0,-0.0,-0.0,0.0,0.0
2022-08-23,-0.0022403704344373,0.001717439556725052,0.0015641220936550297,-0.001717439556725052,-0.0018707570197950742,-0.766587315350111,0.766587315350111
2022-08-24,0.0029119166987232,0.0023115618829896074,0.001999478759898942,0.0023115618829896074,0.0023061136860389863,0.7938283001032164,0.7938283001032164
2022-08-25,0.0139932418361077,0.01182046432430385,0.011810284653960765,0.01182046432430385,0.011810284653960765,0.8447266518186453,0.8447266518186453
2022-08-26,-0.0342685763170393,-0.030565996141866877,-0.030575441625636086,-0.030565996141866877,-0.030575441625636086,0.8919540706646925,0.8919540706646925
2022-08-29,-0.006688675197326,0.003945881661507242,0.003649503905413518,-0.003945881661507242,-0.004006285533679395,-0.5899347098039277,0.5899347098039277
2022-08-30,-0.0110894164921155,0.006588481331663293,0.00658764360261731,-0.006588481331663293,-0.006589319060709277,-0.5941233550338432,0.5941233550338432
2022-08-31,-0.007847738208154,0.004506904230735992,0.004502938239037695,-0.004506904230735992,-0.004510870222434289,-0.5742933965423571,0.5742933965423571
2022-09-01,0.0029917522671958,-0.0017163595666656283,-0.001716478828176356,0.0017163595666656283,0.0017162403051549004,-0.5736970889887182,0.5736970889887182
2022-09-02,-0.010794552570724,0.006638470326531238,0.006630213070163246,-0.006638470326531238,-0.0066467275828992305,-0.6149833708286799,0.6149833708286799
2022-09-06,-0.0041034646908961,-0.0,-0.00012299667416573599,-0.0024355422384939223,-0.002439832286822356,0.0,0.5935331291865112
2022-09-07,0.0181748486661703,0.0,0.0,0.0,-0.00011870662583730225,0.0,0.0
2022-09-08,0.0065889668804413,0.004284751667195611,0.004154693290975373,0.0,0.0,0.6502918811011897,0.0
2022-09-09,0.0151560149812119,0.0,-0.00013005837622023797,0.0,0.0,0.0,0.0
2022-09-12,0.0105286514839963,-0.007751307125539324,-0.007898549289216628,-0.007751307125539324,-0.007898549289216628,-0.7362108183865163,-0.7362108183865163
2022-09-13,-0.0441991630319744,0.03454807407206721,0.03453898714848522,0.03454807407206721,0.03453898714848522,-0.7816454362964874,-0.7816454362964874
2022-09-14,0.0033812890788453,-0.0016513567256297875,-0.0017100096493240507,-0.0016513567256297875,-0.0017100096493240507,-0.48838081782517123,-0.48838081782517123
2022-09-15,-0.0113822721681504,0.0059794198590783585,0.005972030535353257,0.0059794198590783585,0.005972030535353257,-0.5253274364506787,-0.5253274364506787
2022-09-16,-0.007208049775663,0.0037053639516740743,0.0037031102946846876,0.0037053639516740743,0.0037031102946846876,-0.514059151503744,-0.514059151503744
2022-09-19,0.0068336977247049,-0.0035614856567805974,-0.0035629068727822994,-0.0035614856567805974,-0.0035629068727822994,-0.5211652315122547,-0.5211652315122547
2022-09-20,-0.0113361147365989,0.006335683612444754,0.006328137909860872,0.006335683612444754,0.006328137909860872,-0.5588937444316665,-0.5588937444316665
2022-09-21,-0.0172646740985076,-0.0,-0.0001117787488863333,0.00937716828107938,0.009374017916691657,0.0,-0.5431419224930499
2022-09-22,-0.008463293830454,-0.0,-0.0,0.004266428956582283,0.004258622522545327,0.0,-0.5041097523082709
2022-09-23,-0.0173828287673298,-0.0,-0.0,0.008811735466341085,0.008811173049686354,0.0,-0.5069218355819234
2022-09-26,-0.010394360890281,-0.0,-0.0,-0.0,-0.00010138436711638469,0.0,0.0
2022-09-27,-0.0021226109548244,-0.0,-0.0,-0.0,-0.0,0.0,0.0
2022-09-28,0.0194811441811531,0.0,0.0,0.0,0.0,0.0,0.0
2022-09-29,-0.0213527948230982,-0.011440928875921123,-0.011548089825770602,-0.0,-0.0,0.5358047492473912,0.0
2022-09-30,-0.0151813515462091,-0.007317775483356299,-0.007328531637347089,-0.0,-0.0,0.48202397929343804,0.0
2022-10-03,0.0255545775309293,0.0,-9.640479585868761e-05,0.0,0.0,0.0,0.0
2022-10-04,0.0301253414168005,0.014906017075633457,0.0148070570879646,0.0,0.0,0.4947999383442861,0.0
2022-10-05,-0.0020199875589383,-0.0,-9.895998766885722e-05,-0.0,-0.0,0.0,0.0
2022-10-06,-0.0102979229113948,-0.0,-0.0,0.0057235191677227765,0.005612360457039681,0.0,-0.5557935534154776
2022-10-07,-0.0284031965314781,-0.0,-0.0,0.015488168882050578,0.015486069508156465,0.0,-0.54529668394491
2022-10-10,-0.0075206731336532,0.003465512482156175,0.00337335284642759,0.003465512482156175,0.0034486127810957777,-0.46079817864292516,-0.46079817864292516
2022-10-11,-0.0065405184123239,0.003074144159583369,0.003072300721983976,0.003074144159583369,0.003072300721983976,-0.47001536663988996,-0.47001536663988996
2022-10-12,-0.0032961996501654,0.0015890451859424972,0.0015866314547930667,0.0015890451859424972,0.0015866314547930667,-0.4820840223870421,-0.4820840223870421
2022-10-13,0.0256342593076315,-0.012959521530374062,-0.012964215675699022,-0.012959521530374062,-0.012964215675699022,-0.5055547490118398,-0.5055547490118398
2022-10-14,-0.0239471207445287,0.012901999259265867,0.012895356133771197,0.012901999259265867,0.012895356133771197,-0.5387703764851831,-0.5387703764851831
2022-10-17,0.0261355245575618,-0.01238494699527053,-0.012397926259616339,0.0,-0.00010775407529703663,-0.47387405475614186,0.0
2022-10-18,0.0113627682070873,-0.005748724266536516,-0.005755134733006521,0.0,0.0,-0.5059263871061688,0.0
2022-10-19,-0.0066944552396854,-0.0,-0.00010118527742123376,-0.0,-0.0,0.0,0.0
2022-10-20,-0.0079826867387655,-0.0,-0.0,-0.0,-0.0,0.0,0.0
2022-10-21,0.0234477598604474,0.0,0.0,0.0,0.0,0.0,0.0
2022-10-24,0.0118119402051117,0.0,0.0,0.0,0.0,0.0,0.0
2022-10-25,0.0161357700158735,0.0,0.0,0.0,0.0,0.0,0.0
2022-10-26,-0.0074151403989883,0.004925586053819623,0.004792733921862914,0.004925586053819623,0.004792733921862914,-0.6642606597835499,-0.6642606597835499
2022-10-27,-0.0061011850531844,0.004008923513764541,0.004007485966968534,0.004008923513764541,0.004007485966968534,-0.6570729258035138,-0.6570729258035138
2022-10-28,0.0243280367708553,0.0,-0.00013141458516070277,0.0,-0.00013141458516070277,0.0,0.0
2022-10-31,-0.0074823270303365,-0.0,-0.0,-0.0,-0.0,0.0,0.0
2022-11-01,-0.0041096637203583,-0.0,-0.0,-0.0,-0.0,0.0,0.0
2022-11-02,-0.025319843737483,-0.0,-0.0,-0.0,-0.0,0.0,0.0
2022-11-03,-0.0106424225319567,0.006047083134794563,0.005933442032561747,-0.006047083134794563,-0.006160724237027378,-0.5682055111640785,0.5682055111640785
2022-11-04,0.0135268232855629,-0.007499334618249477,-0.007502094777337963,0.007499334618249477,0.00749657445916099,-0.5544047157216486,0.5544047157216486
2022-11-07,0.00956806167936,0.0,-0.00011088094314432973,0.0056641379373122535,0.005656622111557595,0.0,0.5919838444949409
2022-11-08,0.0055822828287599,0.0,0.0,0.003528345132705045,0.003520329634761263,0.0,0.6320613342138496
2022-11-09,-0.0209967847123024,-0.0,-0.0,-0.014171841028082537,-0.014180419344057707,0.0,0.6749529140896986
2022-11-10,0.0539525156647968,0.0,0.0,0.0,-0.00013499058281793972,0.0,0.0
2022-11-11,0.00919831230477,0.0,0.0,0.0,0.0,0.0,0.0
2022-11-14,-0.0089759405449179,0.005819073553902221,0.005689414193420006,0.005819073553902221,0.005689414193420006,-0.6482968024110777,-0.6482968024110777
2022-11-15,0.0086753764146685,-0.00548983075875511,-0.00549292890745007,-0.00548983075875511,-0.00549292890745007,-0.632806058936278,-0.632806058936278
2022-11-16,-0.0082862831118735,0.005592106469041984,0.005583695066605403,0.005592106469041984,0.005583695066605403,-0.6748630711191846,-0.6748630711191846
2022-11-17,-0.0030941046442301,0.0020432779864082125,0.002040380930147066,0.0020432779864082125,0.002040380930147066,-0.6603777898134526,-0.6603777898134526
2022-11-18,0.0047472956481584,0.0,-0.00013207555796269053,0.0,-0.00013207555796269053,0.0,0.0
2022-11-21,-0.0038912498002758,-0.0,-0.0,-0.0,-0.0,0.0,0.0
2022-11-22,0.0134886062698296,0.0,0.0,0.0,0.0,0.0,0.0
2022-11-23,0.0058972660417371,0.0,0.0,0.0,0.0,0.0,0.0
2022-11-25,-0.0002830842622021,-0.0,-0.0,-0.0,-0.0,0.0,0.0
2022-11-28,-0.0155646967940654,-0.0,-0.0,-0.0,-0.0,0.0,0.0
2022-11-29,-0.0015931337016237,-0.0,-0.0,-0.0,-0.0,0.0,0.0
2022-11-30,0.0304786435212953,0.0,0.0,0.0,0.0,0.0,0.0
2022-12-01,-0.0008680098296061,-0.0,-0.0,-0.0,-0.0,0.0,0.0
2022-12-02,-0.0011953746637622,-0.0,-0.0,-0.0,-0.0,0.0,0.0
2022-12-05,-0.0180562496309715,0.016356000577059514,0.016174833381087605,0.016356000577059514,0.016174833381087605,-0.9058359798595392,-0.9058359798595392
2022-12-06,-0.0145038694229864,0.010823818936179142,0.010791905965000861,0.010823818936179142,0.010791905965000861,-0.7462711239681361,-0.7462711239681361
2022-12-07,-0.0018641072533824,0.0012534456967019292,0.001238673615511098,0.0012534456967019292,0.001238673615511098,-0.6724107180139808,-0.6724107180139808
2022-12-08,0.0074936344139331,-0.0052676688211850085,-0.005273777171599126,-0.0052676688211850085,-0.005273777171599126,-0.7029524700845695,-0.7029524700845695
2022-12-09,-0.0073767194642115,0.005517819023380412,0.005508808626373874,0.005517819023380412,0.005508808626373874,-0.7480044551172604,-0.7480044551172604
2022-12-12,0.0141783072996499,0.0,-0.0001496008910234521,0.0,-0.0001496008910234521,0.0,0.0
2022-12-13,0.0072632232554568,0.0,0.0,0.0,0.0,0.0,0.0
2022-12-14,-0.0060711166238363,-0.0,-0.0,-0.0,-0.0,0.0,0.0
2022-12-15,-0.0252374779018254,-0.0,-0.0,-0.0,-0.0,0.0,0.0
2022-12-16,-0.011200239946012,0.00703339936003685,0.0069078056335820665,-0.0,-0.0,-0.6279686322739174,0.0
2022-12-19,-0.0090483289411036,0.005447202329744383,0.005442010997260922,-0.005447202329744383,-0.005567604723715706,-0.6020119698566134,0.6020119698566134
2022-12-20,0.0010368006978893,-0.000613652090582763,-0.0006156803183653428,0.000613652090582763,0.0006116238628001831,-0.5918708309437144,0.5918708309437144
2022-12-21,0.0147585486690555,-0.009354967065147528,-0.009363366435773584,0.009354967065147528,0.009346567694521473,-0.6338676840739935,0.6338676840739935
2022-12-22,-0.0145571424981465,-0.0,-0.00012677353681479872,-0.009813543007054707,-0.009821597346085792,0.0,0.6741393792294211
2022-12-23,0.0058509522719152,-0.003618428192484707,-0.003742115005308435,0.0,-0.00013482787584588422,-0.61843406411864,0.0
2022-12-27,-0.0040578440346585,-0.0,-0.000123686812823728,-0.0,-0.0,0.0,0.0
2022-12-28,-0.0120934704429487,-0.0,-0.0,-0.0,-0.0,0.0,0.0
2022-12-29,0.0173106343149935,0.0,0.0,0.0,0.0,0.0,0.0
2022-12-30,-0.0025439756461107,-0.0,-0.0,-0.0,-0.0,0.0,0.0
2023-01-03,-0.0040085724812737,-0.0,-0.0,-0.0,-0.0,0.0,0.0
2023-01-04,0.0075106945621392,0.0,0.0,0.0,0.0,0.0,0.0
2023-01-05,-0.0117138691364573,-0.0,-0.0,-0.0,-0.0,0.0,0.0
2023-01-06,0.0225838355890317,0.0,0.0,0.0,0.0,0.0,0.0
2023-01-09,-0.0007679273259917,-0.0,-0.0,-0.0,-0.0,0.0,0.0
2023-01-10,0.0069539979705943,0.0,0.0,0.0,0.0,0.0,0.0
2023-01-11,0.0127675711922936,0.0,0.0,0.0,0.0,0.0,0.0
2023-01-12,0.0034100849120424,0.0,0.0,0.0,0.0,0.0,0.0
2023-01-13,0.0039888921446564,0.0,0.0,0.0,0.0,0.0,0.0
2023-01-17,-0.002032555430997,-0.0,-0.0,-0.0,-0.0,0.0,0.0
2023-01-18,-0.0156849669777443,-0.0,-0.0,-0.0,-0.0,0.0,0.0
2023-01-19,-0.007667671901812,-0.0,-0.0,-0.0,-0.0,0.0,0.0
2023-01-20,0.018741673552352,0.0,0.0,0.0,0.0,0.0,0.0
2023-01-23,0.0118113159513288,0.0,0.0,0.0,0.0,0.0,0.0
2023-01-24,-0.0007117563642928,-0.0,-0.0,-0.0,-0.0,0.0,0.0
2023-01-25,-0.0001817415734652,0.00017107610548547432,-1.718693441632568e-05,0.00017107610548547432,-1.718693441632568e-05,-0.941315199509,-0.941315199509
2023-01-26,0.0109477080291142,-0.010864836340495232,-0.010875059345555563,-0.010864836340495232,-0.010875059345555563,-0.9924302248106562,-0.9924302248106562
2023-01-27,0.0024917340217047,-0.0026034017555674623,-0.002614412279801928,-0.0026034017555674623,-0.002614412279801928,-1.0448152703659621,-1.0448152703659621
2023-01-30,-0.0130535693152928,0.014420747921740931,0.014407516919147854,0.014420747921740931,0.014407516919147854,-1.1047359977509312,-1.1047359977509312
2023-01-31,0.0145363044164188,0.0,-0.00022094719955018625,0.0,-0.00022094719955018625,0.0,0.0
2023-02-01,0.0103980562968857,0.0,0.0,0.0,0.0,0.0,0.0
2023-02-02,0.0145923846268534,0.0,0.0,0.0,0.0,0.0,0.0
2023-02-03,-0.0104085926372849,0.011291363484411421,0.011073391472949784,0.011291363484411421,0.011073391472949784,-1.0848117394818897,-1.0848117394818897
2023-02-06,-0.0061593931939398,0.00592485642417745,0.005900278495902371,0.00592485642417745,0.005900278495902371,-0.961922098106497,-0.961922098106497
2023-02-07,0.0127903640373983,0.0,-0.0001923844196212994,0.0,-0.0001923844196212994,0.0,0.0
2023-02-08,-0.0111425730124121,-0.0,-0.0,-0.0,-0.0,0.0,0.0
2023-02-09,-0.008869009831038,-0.0,-0.0,-0.0,-0.0,0.0,0.0
2023-02-10,0.0021928557092181,0.0,0.0,0.0,0.0,0.0,0.0
2023-02-13,0.011383569951155,0.0,0.0,0.0,0.0,0.0,0.0
2023-02-14,-0.0002804538554936,-0.0,-0.0,-0.0,-0.0,0.0,0.0
2023-02-15,0.0027693375330759,0.0,0.0,0.0,0.0,0.0,0.0
2023-02-16,-0.0138846892048807,-0.0,-0.0,-0.0,-0.0,0.0,0.0
2023-02-17,-0.0027712421722831,-0.0,-0.0,-0.0,-0.0,0.0,0.0
2023-02-21,-0.0202447839734709,-0.0,-0.0,-0.0,-0.0,0.0,0.0
2023-02-22,-0.0015747954856433,-0.0011291763018281707,-0.0012725823900627841,-0.0011291763018281707,-0.0012725823900627841,0.7170304411730676,0.7170304411730676
2023-02-23,0.0053152782632377,0.0,-0.00014340608823461352,0.003985668458991648,0.003979104281828948,0.0,0.7498513269865675
2023-02-24,-0.0105934646197756,-0.0,-0.0,-0.00844620586298262,-0.008455696287097884,0.0,0.7973034475628933
2023-02-27,0.0030682925395524,0.0,0.0,0.002283157008676118,0.002272518961023444,0.0,0.7441132092995224
2023-02-28,-0.0030406198309478,-0.0,-0.0,-0.0,-0.00014882264185990448,0.0,0.0
2023-03-01,-0.0047364642034928,-0.0,-0.0,-0.0,-0.0,0.0,0.0
2023-03-02,0.0075535937311972,0.0,0.0,0.0,0.0,0.0,0.0
2023-03-03,0.0160187491764833,0.0,0.0,0.0,0.0,0.0,0.0
2023-03-06,0.0006869307788477,0.0,0.0,0.0,0.0,0.0,0.0
2023-03-07,-0.0154455904792634,-0.0,-0.0,-0.0,-0.0,0.0,0.0
2023-03-08,0.0014137941356029,-0.0011457775220563653,-0.0013078630044052872,0.0,0.0,-0.8104274117446093,0.0
2023-03-09,-0.0186318579454809,0.01605642571382621,0.01604615666491143,-0.0,-0.0,-0.8617726563185099,0.0
2023-03-10,-0.0145839694360674,0.010430696738526979,0.010401385523203462,-0.010430696738526979,-0.010573740054467165,-0.7152165797009268,0.7152165797009268
2023-03-13,-0.0015109018407386,0.0009811379249036183,0.0009679690850477287,-0.0009811379249036183,-0.000994306764759508,-0.6493723804214785,0.6493723804214785
2023-03-14,0.0163423882353637,-0.011148316667108069,-0.011154876554307152,0.011148316667108069,0.011141756779908986,-0.68217181641689,0.68217181641689
2023-03-15,-0.0070053639293536,-0.005067083817188392,-0.005348181152111444,-0.0,-0.000136434363283378,0.7233148581983724,0.0
2023-03-16,0.0174095762490313,0.012400898381642385,0.012398696067335853,0.0,0.0,0.7123032866657162,0.0
2023-03-17,-0.0110806212739529,-0.0,-0.00014246065733314325,-0.0,-0.0,0.0,0.0
2023-03-20,0.0088788696359412,0.0,0.0,0.0,0.0,0.0,0.0
2023-03-21,0.0128986475185577,0.0,0.0,0.0,0.0,0.0,0.0
2023-03-22,-0.0166002486398415,-0.0,-0.0,-0.0,-0.0,0.0,0.0
2023-03-23,0.0029800838691826,0.0,0.0,0.0,0.0,0.0,0.0
2023-03-24,0.005623963084302,0.0,0.0,0.0,0.0,0.0,0.0
2023-03-27,0.0016455995637674,0.0,0.0,0.0,0.0,0.0,0.0
2023-03-28,-0.0015750832883885,-0.0,-0.0,-0.0,-0.0,0.0,0.0
2023-03-29,0.0141368707750473,0.0,0.0,0.0,0.0,0.0,0.0
2023-03-30,0.0056989991994829,0.0,0.0,0.0,0.0,0.0,0.0
2023-03-31,0.0143333277820367,0.0,0.0,0.0,0.0,0.0,0.0
2023-04-03,0.0036920225658025,-0.003745096129019509,-0.003948142302377469,-0.003745096129019509,-0.003948142302377469,-1.0143752001162194,-1.0143752001162194
2023-04-04,-0.0058138397451621,0.006233030514533502,0.0062206267501744555,0.006233030514533502,0.0062206267501744555,-1.072102222927666,-1.072102222927666
2023-04-05,-0.0024954816571209,0.002564199811445315,0.0025549589511545544,0.002564199811445315,0.0025549589511545544,-1.0275370304279041,-1.0275370304279041
2023-04-06,0.0035727731328023,-0.0037238650571657303,-0.0037273190648245626,-0.0037238650571657303,-0.0037273190648245626,-1.0422898176702649,-1.0422898176702649
2023-04-10,0.0009958070170092,-0.0010963746341360442,-0.0011093171594503202,-0.0010963746341360442,-0.0011093171594503202,-1.1009910709696427,-1.1009910709696427
2023-04-11,-4.135333298194155e-05,-0.0,-0.00022019821419392855,-0.0,-0.00022019821419392855,0.0,0.0
2023-04-12,-0.0041434563234616,-0.0,-0.0,-0.0,-0.0,0.0,0.0
2023-04-13,0.013175510497831,0.0,0.0,0.0,0.0,0.0,0.0
2023-04-14,-0.0020715175845786,-0.0,-0.0,-0.0,-0.0,0.0,0.0
2023-04-17,0.0033007035826155,0.0,0.0,0.0,0.0,0.0,0.0
2023-04-18,0.0008548548034656,0.0,0.0,0.0,0.0,0.0,0.0
2023-04-19,-8.426554794027652e-05,-0.0,-0.0,-0.0,-0.0,0.0,0.0
2023-04-20,-0.0059703351883104,-0.0,-0.0,-0.0,-0.0,0.0,0.0
2023-04-21,0.0009027812573005,0.0,0.0,0.0,0.0,0.0,0.0
2023-04-24,0.0008512167782726,0.0,0.0,0.0,0.0,0.0,0.0
2023-04-25,-0.0159371838185773,-0.0,-0.0,-0.0,-0.0,0.0,0.0
2023-04-26,-0.0038485835033448,-0.0,-0.0,-0.0,-0.0,0.0,0.0
2023-04-27,0.0193771934026969,0.0,0.0,0.0,0.0,0.0,0.0
2023-04-28,0.0082193313132439,0.0,0.0,0.0,0.0,0.0,0.0
2023-05-01,-0.0003861810485101,0.0004518356257447866,0.0002158097316452469,0.0004518356257447866,0.0002158097316452469,-1.1700098373236705,-1.1700098373236705
2023-05-02,-0.0116539066805732,0.01423341367423122,0.01422051207276366,0.01423341367423122,0.01422051207276366,-1.2213426848490214,-1.2213426848490214
2023-05-03,-0.0070229080548926,0.007252245532791276,0.007214119364078659,0.007252245532791276,0.007214119364078659,-1.0326556287090938,-1.0326556287090938
2023-05-04,-0.0072449134550627,0.007064546223734208,0.007053035956904032,0.007064546223734208,0.007053035956904032,-0.9751042945582115,-0.9751042945582115
2023-05-05,0.0183061663818797,-0.016928206458155487,-0.01693828191555574,-0.016928206458155487,-0.01693828191555574,-0.9247270075569627,-0.9247270075569627
2023-05-08,0.0004520264848828,0.0,-0.00018494540151139255,0.0,-0.00018494540151139255,0.0,0.0
2023-05-09,-0.00458993894906,-0.0,-0.0,-0.0,-0.0,0.0,0.0
2023-05-10,0.0044739422419137,0.0,0.0,0.0,0.0,0.0,0.0
2023-05-11,-0.0016980648897053,-0.0,-0.0,-0.0,-0.0,0.0,0.0
2023-05-12,-0.0015845615894392,-0.0,-0.0,-0.0,-0.0,0.0,0.0
2023-05-15,0.0029537976803162,0.0,0.0,0.0,0.0,0.0,0.0
2023-05-16,-0.0063981076819175,-0.0,-0.0,-0.0,-0.0,0.0,0.0
2023-05-17,0.0118206886220715,0.0,0.0,0.0,0.0,0.0,0.0
2023-05-18,0.0094007230637274,0.0,0.0,0.0,0.0,0.0,0.0
2023-05-19,-0.0014469138806756,-0.0,-0.0,-0.0,-0.0,0.0,0.0
2023-05-22,0.0001550226798023,0.0,0.0,0.0,0.0,0.0,0.0
2023-05-23,-0.0112854687682837,-0.0,-0.0,-0.0,-0.0,0.0,0.0
2023-05-24,-0.0073455126783059,-0.0,-0.0,-0.0,-0.0,0.0,0.0
2023-05-25,0.008719456079012,0.0,0.0,0.0,0.0,0.0,0.0
2023-05-26,0.0129646809316401,0.0,0.0,0.0,0.0,0.0,0.0
2023-05-30,1.6603130665870935e-05,0.0,0.0,0.0,0.0,0.0,0.0
2023-05-31,-0.0061273581862142,-0.0,-0.0,-0.0,-0.0,0.0,0.0
2023-06-01,0.0098062150858542,0.0,0.0,0.0,0.0,0.0,0.0
2023-06-02,0.0144298123901069,0.0,0.0,0.0,0.0,0.0,0.0
2023-06-05,-0.0020055914906578,-0.0,-0.0,-0.0,-0.0,0.0,0.0
2023-06-06,0.0023511302338512,-0.0029206144980255997,-0.003171941483520025,-0.0029206144980255997,-0.003171941483520025,-1.2422172349175113,-1.2422172349175113
2023-06-07,-0.0038192939264209,0.004996240657658665,0.0049793839152191335,0.004996240657658665,0.0049793839152191335,-1.3081581972772371,-1.3081581972772371
2023-06-08,0.0061695716075238,-0.007839465000251794,-0.007850185650212315,-0.007839465000251794,-0.007850185650212315,-1.2706660200996058,-1.2706660200996058
2023-06-09,0.0011474010230507,-0.0015302559179192865,-0.0015468292704662193,-0.0015302559179192865,-0.0015468292704662193,-1.33367139054021,-1.33367139054021
2023-06-12,0.0092779749817548,-0.01302186258997596,-0.01304063701541351,-0.01302186258997596,-0.01304063701541351,-1.4035242189791997,-1.4035242189791997
2023-06-13,0.0069085707259084,-0.01012508481010382,-0.010143039251740007,-0.01012508481010382,-0.010143039251740007,-1.4655831447354088,-1.4655831447354088
2023-06-14,0.0008190899801263,-0.0012545158688797072,-0.0012740472047743302,-0.0012545158688797072,-0.0012740472047743302,-1.531597137455236,-1.531597137455236
2023-06-15,0.0121045804935899,-0.019462912571830835,-0.019485409306773633,-0.019462912571830835,-0.019485409306773633,-1.6078964968788148,-1.6078964968788148
2023-06-16,-0.0036783764677519,0.006129151589091383,0.0061095460687178626,0.006129151589091383,0.0061095460687178626,-1.6662654415134714,-1.6662654415134714
2023-06-20,-0.0047463538352356,0.007503489050720931,0.007479499625183433,0.007503489050720931,0.007479499625183433,-1.5808954222959806,-1.5808954222959806
2023-06-21,-0.0052590863669248,-0.0,-0.00031617908445919613,-0.0,-0.00031617908445919613,0.0,0.0
2023-06-22,0.0037039303873349,0.0,0.0,0.0,0.0,0.0,0.0
2023-06-23,-0.007688288056503,-0.0,-0.0,-0.0,-0.0,0.0,0.0
2023-06-26,-0.0044969343631322,-0.0,-0.0,-0.0,-0.0,0.0,0.0
2023-06-27,0.0113907335241822,0.0,0.0,0.0,0.0,0.0,0.0
2023-06-28,-0.0003541393883903,-0.0,-0.0,-0.0,-0.0,0.0,0.0
2023-06-29,0.00446356811449,0.0,0.0,0.0,0.0,0.0,0.0
2023-06-30,0.0121943502618862,0.0,0.0,0.0,0.0,0.0,0.0
2023-07-03,0.001169993092672,0.0,0.0,0.0,0.0,0.0,0.0
2023-07-05,-0.0019702580976126,0.0030083937480613766,0.002696740412846181,0.0030083937480613766,0.002696740412846181,-1.526903379667215,-1.526903379667215
2023-07-06,-0.0079540611758943,0.012110101272020652,0.012103001377957907,0.012110101272020652,0.012103001377957907,-1.5225054226037025,-1.5225054226037025
2023-07-07,-0.0028692127957334,0.00379317404712679,0.003749244528378393,0.00379317404712679,0.003749244528378393,-1.3220260458782793,-1.3220260458782793
2023-07-10,0.0024021386106269,-0.00314079881037947,-0.003147364532054579,-0.00314079881037947,-0.003147364532054579,-1.3075010727877179,-1.3075010727877179
2023-07-11,0.0067195839982545,-0.009240381562696916,-0.00925837570490938,-0.009240381562696916,-0.00925837570490938,-1.3751419083528424,-1.3751419083528424
2023-07-12,0.0073839052353896,-0.010630673730048163,-0.010648821747977502,-0.010630673730048163,-0.010648821747977502,-1.4397088520445038,-1.4397088520445038
2023-07-13,0.0084344829896263,-0.012690782470614502,-0.012709774359236446,-0.012690782470614502,-0.012709774359236446,-1.5046307504826426,-1.5046307504826426
2023-07-14,-0.0010249321969073,0.001608017485549293,0.0015883907350415817,0.001608017485549293,0.0015883907350415817,-1.5689013286941655,-1.5689013286941655
2023-07-17,0.0038479695744211,-0.0061448477401738425,-0.006157554810528695,-0.0061448477401738425,-0.006157554810528695,-1.596906529880318,-1.596906529880318
2023-07-18,0.0070920669414284,-0.011843271493383642,-0.011865852026975342,-0.011843271493383642,-0.011865852026975342,-1.669932276611917,-1.669932276611917
2023-07-19,0.0023551348272334,0.0,-0.0003339864553223834,0.0,-0.0003339864553223834,0.0,0.0
2023-07-20,-0.006779827396258,-0.0,-0.0,-0.0,-0.0,0.0,0.0
2023-07-21,0.0003240420146131,0.0,0.0,0.0,0.0,0.0,0.0
2023-07-24,0.0040260384968746,0.0,0.0,0.0,0.0,0.0,0.0
2023-07-25,0.0028107195758391,0.0,0.0,0.0,0.0,0.0,0.0
2023-07-26,-0.000155450978676,-0.0,-0.0,-0.0,-0.0,0.0,0.0
2023-07-27,-0.0064453930551966,-0.0,-0.0,-0.0,-0.0,0.0,0.0
2023-07-28,0.0098293758104333,0.0,0.0,0.0,0.0,0.0,0.0
2023-07-31,0.001467635436569,0.0,0.0,0.0,0.0,0.0,0.0
2023-08-01,-0.0026686453076827,-0.0,-0.0,-0.0,-0.0,0.0,0.0
2023-08-02,-0.0139362006383354,-0.0,-0.0,-0.0,-0.0,0.0,0.0
2023-08-03,-0.0025512254502917,-0.0031417315396528814,-0.003390778969881004,-0.0031417315396528814,-0.003390778969881004,1.2314597830990062,1.2314597830990062
2023-08-04,-0.0053141693739391,-0.006549305820109001,-0.006552265454119537,-0.006549305820109001,-0.006552265454119537,1.2324232366824925,1.2324232366824925
2023-08-07,0.0089836189648568,0.010520872661685629,0.01050657438614973,0.010520872661685629,0.01050657438614973,1.171117419699393,1.171117419699393
2023-08-08,-0.004227205100058,-0.0,-0.0002342234839398786,-0.0,-0.0002342234839398786,0.0,0.0
2023-08-09,-0.0070636191020465,-0.0,-0.0,-0.0,-0.0,0.0,0.0
2023-08-10,0.0002506825210808,0.0,0.0,0.0,0.0,0.0,0.0
2023-08-11,-0.0010702648992282,-0.0,-0.0,-0.0,-0.0,0.0,0.0
2023-08-14,0.0057340048794181,0.0,0.0,0.0,0.0,0.0,0.0
2023-08-15,-0.0116181393960967,-0.0,-0.0,-0.0,-0.0,0.0,0.0
2023-08-16,-0.0075840817926238,-0.0,-0.0,-0.0,-0.0,0.0,0.0
2023-08-17,-0.007742811377529,-0.0,-0.0,-0.0,-0.0,0.0,0.0
2023-08-18,-0.0001487178839578,-0.0,-0.0,-0.00013819418135619632,-0.0003240416096256977,0.0,0.9292371413475068
2023-08-21,0.0068556348598001,0.0,0.0,0.006719882792866738,0.0067096905273576046,0.0,0.9801984688931755
2023-08-22,-0.0027813310465454,-0.0,-0.0,-0.0,-0.0001960396937786351,0.0,0.0
2023-08-23,0.0109843307107908,0.0,0.0,0.0,0.0,0.0,0.0
2023-08-24,-0.0135493539840076,-0.0,-0.0,-0.0,-0.0,0.0,0.0
2023-08-25,0.006695501060296,0.0,0.0,0.0,0.0,0.0,0.0
2023-08-28,0.0062450785941958,0.0,0.0,0.0,0.0,0.0,0.0
2023-08-29,0.0144040687120572,0.0,0.0,0.0,0.0,0.0,0.0
2023-08-30,0.0038258541811924,-0.004136737773993785,-0.004353956860397162,-0.004136737773993785,-0.004353956860397162,-1.081258609993466,-1.081258609993466
2023-08-31,-0.0015982129743399,0.0018233155671268796,0.0018097212597824742,0.0018233155671268796,0.0018097212597824742,-1.1408464306078807,-1.1408464306078807
2023-09-01,0.0017975127655187,-0.002097352198776047,-0.002104530313203096,-0.002097352198776047,-0.002104530313203096,-1.1668079576451984,-1.1668079576451984
2023-09-05,-0.0042029978213822,0.005171935164148715,0.005156445329708648,0.005171935164148715,0.005156445329708648,-1.230534819180056,-1.230534819180056
2023-09-06,-0.0069960144914311,0.008353663820863621,0.008344058693063289,0.008353663820863621,0.008344058693063289,-1.194060394113735,-1.194060394113735
2023-09-07,-0.0032164331157336,0.003554393833400464,0.0035353455113135345,0.003554393833400464,0.0035353455113135345,-1.105073137076498,-1.105073137076498
2023-09-08,0.0014256060622575,-0.0015708978139958628,-0.00157274256877943,-0.0015708978139958628,-0.00157274256877943,-1.1019157785484497,-1.1019157785484497
2023-09-11,0.0067009514981357,-0.007798782652451135,-0.007813116305157618,-0.007798782652451135,-0.007813116305157618,-1.1638321296044103,-1.1638321296044103
2023-09-12,-0.0057121690230044,0.006989164508699639,0.006974558137481654,0.006989164508699639,0.006974558137481654,-1.2235570202058874,-1.2235570202058874
2023-09-13,0.0012408621175339,0.0,-0.0002447114040411775,0.0,-0.0002447114040411775,0.0,0.0
2023-09-14,0.0083945855336668,0.0,0.0,0.0,0.0,0.0,0.0
2023-09-15,-0.012234145842493,-0.0,-0.0,-0.0,-0.0,0.0,0.0
2023-09-18,0.0007210276941744,0.0,0.0,0.0,0.0,0.0,0.0
2023-09-19,-0.0021533273615332,-0.0,-0.0,-0.0,-0.0,0.0,0.0
2023-09-20,-0.0094392042062914,-0.0,-0.0,-0.0,-0.0,0.0,0.0
2023-09-21,-0.0165369183184882,-0.0,-0.0,-0.0,-0.0,0.0,0.0
2023-09-22,-0.0022982374027602,0.0019077503938244144,0.0017417318274628025,-0.0019077503938244144,-0.0020737689601860263,-0.8300928318080596,0.8300928318080596
2023-09-25,0.004014994203807,-0.0034318166166592634,-0.0034367480662854818,0.0034318166166592634,0.003426885167033045,-0.8547500799391515,0.8547500799391515
2023-09-26,-0.0148441654822644,-0.0,-0.00017095001598783032,-0.013458016829078946,-0.013468390806617844,0.0,0.90661996763364
2023-09-27,0.000229287772294,-0.00017931601417297082,-0.0003357273329091886,0.00017931601417297082,0.00015440333938246064,-0.782056593681089,0.782056593681089
2023-09-28,0.0058758771430014,-0.00489027770265307,-0.004900319071188496,0.00489027770265307,0.004880236334117643,-0.8322634363582208,0.8322634363582208
2023-09-29,-0.0027132596482903,-0.0,-0.00016645268727164415,-0.0023943565087229854,-0.0024043968091557607,0.0,0.8824649385220968
2023-10-02,7.936440615274876e-05,0.0,0.0,0.0,-0.00017649298770441938,0.0,0.0
2023-10-03,-0.0138393958634477,-0.0,-0.0,-0.0,-0.0,0.0,0.0
2023-10-04,0.0080770476078289,-0.0066635381398962665,-0.006828537492715172,0.0,0.0,-0.8249967640945249,0.0
2023-10-05,-0.0013048811469964,-0.0,-0.000164999352818905,-0.0,-0.0,0.0,0.0
2023-10-06,0.0117456420939614,0.0,0.0,0.0,0.0,0.0,0.0
2023-10-09,0.0062840681193883,0.0,0.0,0.0,0.0,0.0,0.0
2023-10-10,0.0051944760999855,0.0,0.0,0.0,0.0,0.0,0.0
2023-10-11,0.0042838195000953,0.0,0.0,0.0,0.0,0.0,0.0
2023-10-12,-0.0062660249406558,-0.0,-0.0,-0.0,-0.0,0.0,0.0
2023-10-13,-0.0050314956602193,-0.0,-0.0,-0.0,-0.0,0.0,0.0
2023-10-16,0.0105386423025901,0.0,0.0,0.0,0.0,0.0,0.0
2023-10-17,-9.824987944462292e-05,-0.0,-0.0,-0.0,-0.0,0.0,0.0
2023-10-18,-0.0134904082511511,-0.0,-0.0,-0.0,-0.0,0.0,0.0
2023-10-19,-0.0085190323280581,-0.0,-0.0,-0.0,-0.0,0.0,0.0
2023-10-20,-0.012665149196156,-0.0,-0.0,-0.0,-0.0,0.0,0.0
2023-10-23,-0.0016869920654354,0.0013405296780468604,0.0011816042502973375,-0.0013405296780468604,-0.0014994551057963834,-0.7946271387476146,0.7946271387476146
2023-10-24,0.0072395235196296,-0.0059803240661898465,-0.005986611833755581,0.0059803240661898465,0.005974036298624112,-0.8260659765762901,0.8260659765762901
2023-10-25,-0.0144434346572381,-0.0,-0.00016521319531525802,-0.012643106681369158,-0.01265296412515612,0.0,0.8753531955111012
2023-10-26,-0.0119030812055846,0.009111587564330819,0.008958491279310837,-0.009111587564330819,-0.009133561918413058,-0.765481425099907,0.765481425099907
2023-10-27,-0.0048118385786217,0.0034082634870595987,0.003396828790697309,-0.0034082634870595987,-0.0034196981834218885,-0.7083079432884591,0.7083079432884591
2023-10-30,0.0119384743002868,-0.008544310112971654,-0.008545787587113074,0.008544310112971654,0.008542832638830234,-0.7156953139955574,0.7156953139955574
2023-10-31,0.0064540848216871,-0.004901662717070154,-0.004910417000965202,0.0,-0.00014313906279911148,-0.7594667334707972,0.0
2023-11-01,0.0104511949901926,0.0,-0.00015189334669415944,0.0,0.0,0.0,0.0
2023-11-02,0.0186829389340861,0.0,0.0,0.0,0.0,0.0,0.0
2023-11-03,0.0093498835445515,-0.008405503253660265,-0.008585302354121969,-0.008405503253660265,-0.008585302354121969,-0.8989955023085225,-0.8989955023085225
2023-11-06,0.0017514577241009,-0.0016631851569676177,-0.0016733061595242608,-0.0016631851569676177,-0.0016733061595242608,-0.9496005150917379,-0.9496005150917379
2023-11-07,0.0028360934017115,-0.0028526222160757827,-0.0028639370986437056,-0.0028526222160757827,-0.0028639370986437056,-1.0058280218677946,-1.0058280218677946
2023-11-08,0.0010044110324205,-0.0010681271739447988,-0.001080404028249396,-0.0010681271739447988,-0.001080404028249396,-1.0634363218519725,-1.0634363218519725
2023-11-09,-0.0081166906990688,0.009125127514637859,0.009111487231092244,0.009125127514637859,0.009111487231092244,-1.124242360951952,-1.124242360951952
2023-11-10,0.015495759270772,-0.01596576615553445,-0.01598490945024041,-0.01596576615553445,-0.01598490945024041,-1.0303313233349574,-1.0303313233349574
2023-11-13,-0.0008361884413705,0.0009035974589034356,0.0008925811006784639,0.0009035974589034356,0.0008925811006784639,-1.0806146248834212,-1.0806146248834212
2023-11-14,0.0188953704745777,-0.021205656624739357,-0.021215442725322164,-0.021205656624739357,-0.021215442725322164,-1.122267311629056,-1.122267311629056
2023-11-15,0.0015957382078468,-0.0018684562795352533,-0.0018802181924909844,-0.0018684562795352533,-0.0018802181924909844,-1.1709040181825587,-1.1709040181825587
2023-11-16,0.0011897193967129,-0.0014692925319100313,-0.0014849074017849369,-0.0014692925319100313,-0.0014849074017849369,-1.2349908188179242,-1.2349908188179242
2023-11-17,0.0012812279371789,-0.0016675065702858006,-0.001684395775351877,-0.0016675065702858006,-0.001684395775351877,-1.3014909540276156,-1.3014909540276156
2023-11-20,0.0073631037937946,-0.010087807985890823,-0.010105924796320737,-0.010087807985890823,-0.010105924796320737,-1.3700483204368952,-1.3700483204368952
2023-11-21,-0.0020229759317569,0.002899678244590808,0.0028818541938296464,0.002899678244590808,0.0028818541938296464,-1.433372586925696,-1.433372586925696
2023-11-22,0.0040529050943138,-0.005813231722601484,-0.005818595283178067,-0.005813231722601484,-0.005818595283178067,-1.4343369971227333,-1.4343369971227333
2023-11-24,0.0005966956096443,-0.0008970670221362681,-0.0009168706483038996,-0.0008970670221362681,-0.0009168706483038996,-1.5033913567271333,-1.5033913567271333
2023-11-27,-0.0019560693168987,-0.0,-0.0003006782713454267,-0.0,-0.0003006782713454267,0.0,0.0
2023-11-28,0.0009796385280509,0.0,0.0,0.0,0.0,0.0,0.0
2023-11-29,-0.0009466966151023,-0.0,-0.0,-0.0,-0.0,0.0,0.0
2023-11-30,0.0037769312649942,0.0,0.0,0.0,0.0,0.0,0.0
2023-12-01,0.0058565589538464,0.0,0.0,0.0,0.0,0.0,0.0
2023-12-04,-0.0054231880638262,-0.0,-0.0,-0.0,-0.0,0.0,0.0
2023-12-05,-0.000569031593935,-0.0,-0.0,-0.0,-0.0,0.0,0.0
2023-12-06,-0.0039138519449437,-0.0,-0.0,-0.0,-0.0,0.0,0.0
2023-12-07,0.0079366106848226,0.0,0.0,0.0,0.0,0.0,0.0
2023-12-08,0.0040871341465038,0.0,0.0,0.0,0.0,0.0,0.0
2023-12-11,0.0039168135477805,0.0,0.0,0.0,0.0,0.0,0.0
2023-12-12,0.0045888127956921,-0.008231520503154047,-0.008599735495529203,-0.008231520503154047,-0.008599735495529203,-1.793823559523208,-1.793823559523208
2023-12-13,0.0135583451750207,-0.02534391219932594,-0.025369345318495783,-0.02534391219932594,-0.025369345318495783,-1.869248191587455,-1.869248191587455
2023-12-14,0.0026435651851546,-0.005087532758449963,-0.005109588395943489,-0.005087532758449963,-0.005109588395943489,-1.924496807198055,-1.924496807198055
2023-12-15,-7.625240044895065e-05,0.0001525048008979013,0.0001254994004327504,0.0001525048008979013,0.0001254994004327504,-2.0,-2.0
2023-12-18,0.0045181222634003,-0.0090362445268006,-0.009048149288705362,-0.0090362445268006,-0.009048149288705362,-2.0,-2.0
2023-12-19,0.0058492674508201,-0.0116985349016402,-0.011710439663544962,-0.0116985349016402,-0.011710439663544962,-2.0,-2.0
2023-12-20,-0.0147931479653067,0.0295862959306134,0.02957439116870864,0.0295862959306134,0.02957439116870864,-2.0,-2.0
2023-12-21,0.0102487693072728,-0.014321583427699595,-0.014446835239040915,-0.014321583427699595,-0.014446835239040915,-1.3973954333752656,-1.3973954333752656
2023-12-22,0.0016586821527599,0.0,-0.00027947908667505316,0.0,-0.00027947908667505316,0.0,0.0
2023-12-26,0.0042227610469787,0.0,0.0,0.0,0.0,0.0,0.0
2023-12-27,0.0014294356164228,-0.002286627746190164,-0.002613701041467048,-0.002286627746190164,-0.002613701041467048,-1.5996717305201265,-1.5996717305201265
2023-12-28,0.0003701061103278,-0.0006204174175999932,-0.0006437991543420598,-0.0006204174175999932,-0.0006437991543420598,-1.6763230875882986,-1.6763230875882986
2023-12-29,-0.0028304770367348,0.004971637314224559,0.00494660313655227,0.004971637314224559,0.00494660313655227,-1.7564662244918872,-1.7564662244918872
2024-01-02,-0.0056766607997218,-0.0,-0.00035129324489837743,-0.0,-0.00035129324489837743,0.0,0.0
2024-01-03,-0.0080486183271979,-0.0,-0.0,-0.0,-0.0,0.0,0.0
2024-01-04,-0.003434271663318,-0.004540810055577563,-0.00480908676095727,-0.004540810055577563,-0.00480908676095727,1.3222046770727764,1.3222046770727764
2024-01-05,0.0018240216394342,0.00235897564392868,0.0023496997891633885,0.00235897564392868,0.0023496997891633885,1.2932827072492514,1.2932827072492514
2024-01-08,0.0140159454363537,0.019072218210458788,0.019054429799751273,0.019072218210458788,0.019054429799751273,1.3607514596190162,1.3607514596190162
2024-01-09,-0.0014789938523183,-0.002093761168222297,-0.0021096924606129027,-0.002093761168222297,-0.0021096924606129027,1.4156659035061971,1.4156659035061971
2024-01-10,0.0056499806504959,0.008102261655027925,0.008093421065457348,0.008102261655027925,0.008093421065457348,1.4340335226310534,1.4340335226310534
2024-01-11,-0.0006712808369613,-0.0010072818559043717,-0.0010265413639058303,-0.0010072818559043717,-0.0010265413639058303,1.5005371827148442,1.5005371827148442
2024-01-12,0.0007506937530337,0.0011579979418321143,0.001143132132892027,0.0011579979418321143,0.001143132132892027,1.5425703719425112,1.5425703719425112
2024-01-16,-0.0037383190523563,-0.006049072361021131,-0.0060715421921889575,-0.006049072361021131,-0.0060715421921889575,1.6181262958837983,1.6181262958837983
2024-01-17,-0.0056327312711079,-0.008667427282290556,-0.00868971416026352,-0.008667427282290556,-0.00868971416026352,1.538761013994861,1.538761013994861
2024-01-18,0.0087667207262427,0.012349662490320717,0.012318784446656099,0.012349662490320717,0.012318784446656099,1.40869806122062,1.40869806122062
2024-01-19,0.0122383082325487,0.0,-0.000281739612244124,0.0,-0.000281739612244124,0.0,0.0
2024-01-22,0.0021919211872312,0.0,0.0,0.0,0.0,0.0,0.0
2024-01-23,0.0029171153407645,-0.004675208934035107,-0.005002920169543079,-0.004675208934035107,-0.005002920169543079,-1.6026822349814447,-1.6026822349814447
2024-01-24,0.0008115989762167,-0.0013608680639061923,-0.0013837432508070492,-0.0013608680639061923,-0.0013837432508070492,-1.6767740026606877,-1.6767740026606877
2024-01-25,0.0052465781349795,-0.009212636603411317,-0.009237467480826144,-0.009212636603411317,-0.009237467480826144,-1.7559324127834255,-1.7559324127834255
2024-01-26,-0.0006519977554262,0.001192550428019247,0.0011680527392279251,0.001192550428019247,0.0011680527392279251,-1.8290713704063242,-1.8290713704063242
2024-01-29,0.0075283655052462,-0.014039428408574476,-0.014056884358729167,-0.014039428408574476,-0.014056884358729167,-1.8648707211134994,-1.8648707211134994
2024-01-30,-0.00060083039698,0.00116212526114521,0.0011371382916374178,0.00116212526114521,0.0011371382916374178,-1.934198514233783,-1.934198514233783
2024-01-31,-0.0162368517407323,0.03198572620202821,0.031967029662610905,0.03198572620202821,0.031967029662610905,-1.9699463118079579,-1.9699463118079579
2024-02-01,0.0124162861140497,-0.015649317819438378,-0.015794329645003758,-0.015649317819438378,-0.015794329645003758,-1.2603863728406135,-1.2603863728406135
2024-02-02,0.0106277707226318,-0.0139794209939622,-0.01399417153034994,-0.0139794209939622,-0.01399417153034994,-1.3153671977692436,-1.3153671977692436
2024-02-05,-0.0031914247092839,0.0043819657252085805,0.004365989419429731,0.0043819657252085805,0.004365989419429731,-1.3730437420194748,-1.3730437420194748
2024-02-06,0.0023077459317484,-0.003103747872771511,-0.0031134776531047833,-0.003103747872771511,-0.0031134776531047833,-1.3449261593628037,-1.3449261593628037
2024-02-07,0.0082076825940085,-0.011604153614901714,-0.011622857980519704,-0.011604153614901714,-0.011622857980519704,-1.413816078045293,-1.413816078045293
2024-02-08,0.0005704205400913,-0.000842154722857437,-0.0008603376745992717,-0.000842154722857437,-0.0008603376745992717,-1.4763751717682605,-1.4763751717682605
2024-02-09,0.0057259171287942,-0.008881383309989842,-0.008902885779533737,-0.008881383309989842,-0.008902885779533737,-1.5510848498535885,-1.5510848498535885
2024-02-12,-0.000949404142652,0.0015378243929651172,0.0015167073530649238,0.0015378243929651172,0.0015167073530649238,-1.619778473548119,-1.619778473548119
2024-02-13,-0.013768609419845,0.022698670718167935,0.02268518896690799,0.022698670718167935,0.02268518896690799,-1.6485812056990912,-1.6485812056990912
2024-02-14,0.0095341683042171,-0.011611958150657636,-0.011700682627921706,-0.011611958150657636,-0.011700682627921706,-1.2179308965546056,-1.2179308965546056
2024-02-15,0.0058043726740404,-0.007404100906955736,-0.007418917254385448,-0.007404100906955736,-0.007418917254385448,-1.2756074295625424,-1.2756074295625424
2024-02-16,-0.0048150435759612,-0.0,-0.0002551214859125085,-0.0,-0.0002551214859125085,0.0,0.0
2024-02-20,-0.0060234264658181,-0.0,-0.0,-0.0,-0.0,0.0,0.0
2024-02-21,0.0012634014951036,0.0,0.0,0.0,0.0,0.0,0.0
2024-02-22,0.0209028886664039,0.0,0.0,0.0,0.0,0.0,0.0
2024-02-23,0.0003478870265016,0.0,0.0,0.0,0.0,0.0,0.0
2024-02-26,-0.0037939392446677,0.005192455232975508,0.004914343228957814,0.005192455232975508,0.004914343228957814,-1.3686184459261947,-1.3686184459261947
2024-02-27,0.0017048955387206,-0.0022573567989812096,-0.002270129344869367,-0.0022573567989812096,-0.002270129344869367,-1.324044052971827,-1.324044052971827
2024-02-28,-0.0016595313211116,-0.0,-0.0002648088105943654,-0.0,-0.0002648088105943654,0.0,0.0
2024-02-29,0.0052154704557985,0.0,0.0,0.0,0.0,0.0,0.0
2024-03-01,0.0079759364333877,0.0,0.0,0.0,0.0,0.0,0.0
2024-03-04,-0.0011939745749618,-0.0,-0.0,-0.0,-0.0,0.0,0.0
2024-03-05,-0.0102454062759189,-0.0,-0.0,-0.0,-0.0,0.0,0.0
2024-03-06,0.0051279328530018,0.0,0.0,0.0,0.0,0.0,0.0
2024-03-07,0.0102514022849842,0.0,0.0,0.0,0.0,0.0,0.0
2024-03-08,-0.0065499229920504,-0.0,-0.0,-0.0,-0.0,0.0,0.0
2024-03-11,-0.0011228682680286,-0.0,-0.0,-0.0,-0.0,0.0,0.0
2024-03-12,0.0111395125866682,0.0,0.0,0.0,0.0,0.0,0.0
2024-03-13,-0.0019263840021217,-0.0,-0.0,-0.0,-0.0,0.0,0.0
2024-03-14,-0.0028752210514948,-0.0,-0.0,-0.0,-0.0,0.0,0.0
2024-03-15,-0.0065040228597386,-0.0,-0.0,-0.0,-0.0,0.0,0.0
2024-03-18,0.0062981842384814,0.0,0.0,0.0,0.0,0.0,0.0
2024-03-19,0.0056332530443423,0.0,0.0,0.0,0.0,0.0,0.0
2024-03-20,0.0088647655163605,0.0,0.0,0.0,0.0,0.0,0.0
2024-03-21,0.003231309094529,-0.004611313453385808,-0.004901812222317014,-0.004611313453385808,-0.004901812222317014,-1.4270728421472658,-1.4270728421472658
2024-03-22,-0.0014031718343261,0.002100215113181612,0.00208036332261653,0.002100215113181612,0.00208036332261653,-1.4967625930079194,-1.4967625930079194
2024-03-25,-0.0030596403820322,0.004630769503798054,0.004621308664978757,0.004630769503798054,0.004621308664978757,-1.5135012372670795,-1.5135012372670795
2024-03-26,-0.002803721982806,-0.0,-0.0003027002474534159,-0.0,-0.0003027002474534159,0.0,0.0
2024-03-27,0.0085935955827061,0.0,0.0,0.0,0.0,0.0,0.0
2024-03-28,0.001115862700761,0.0,0.0,0.0,0.0,0.0,0.0
2024-04-01,-0.0020156145269574,-0.0,-0.0,-0.0,-0.0,0.0,0.0
2024-04-02,-0.0072653882036721,-0.0,-0.0,-0.0,-0.0,0.0,0.0
2024-04-03,0.0010905275233383,0.0,0.0,0.0,0.0,0.0,0.0
2024-04-04,-0.0124110356192623,-0.0,-0.0,-0.0,-0.0,0.0,0.0
2024-04-05,0.0110380501356992,0.01273556615312806,0.01250297781342308,0.01273556615312806,0.01250297781342308,1.15378767051789,1.15378767051789
2024-04-08,-0.0003747011900419,-0.0,-0.00023075753410357802,-0.0,-0.00023075753410357802,0.0,0.0
2024-04-09,0.0014444494736345,0.0,0.0,0.0,0.0,0.0,0.0
2024-04-10,-0.0095019818322121,-0.0,-0.0,-0.0,-0.0,0.0,0.0
2024-04-11,0.0074172219833421,0.0,0.0,0.0,0.0,0.0,0.0
2024-04-12,-0.0146575878022474,-0.0,-0.0,-0.0,-0.0,0.0,0.0
2024-04-15,-0.0120941957874602,-0.0,-0.0,-0.0,-0.0,0.0,0.0
2024-04-16,-0.0020586245275033,-0.0,-0.0,-0.0,-0.0,0.0,0.0
2024-04-17,-0.0057973750760051,-0.005125061515968361,-0.005301867792904991,-0.005125061515968361,-0.005301867792904991,0.8840313846831483,0.8840313846831483
2024-04-18,-0.0022106017004848,-0.0019137290216319713,-0.0019173942916461619,-0.0019137290216319713,-0.0019173942916461619,0.8657050346121952,0.8657050346121952
2024-04-19,-0.0087971296540558,-0.0,-0.00017314100692243905,-0.007832849489314389,-0.007837785873480602,0.0,0.890386955443263
2024-04-22,0.0086933511568378,0.0,0.0,0.007274668781409115,0.0072639530590294776,0.0,0.8368083435450766
2024-04-23,0.0118935665677231,0.0,0.0,0.0,-0.00016736166870901534,0.0,0.0
2024-04-24,0.0002129873779317,0.0,0.0,0.0,0.0,0.0,0.0
2024-04-25,-0.0045869342701188,-0.0,-0.0,-0.0,-0.0,0.0,0.0
2024-04-26,0.0101573813323252,0.0,0.0,0.0,0.0,0.0,0.0
2024-04-29,0.0031734080766394,0.0,0.0,0.0,0.0,0.0,0.0
2024-04-30,-0.0158555511189284,-0.0,-0.0,-0.0,-0.0,0.0,0.0
2024-05-01,-0.0034413534856305,-0.0,-0.0,-0.0,-0.0,0.0,0.0
2024-05-02,0.0090870247250833,0.0,0.0,0.0,0.0,0.0,0.0
2024-05-03,0.0124785576595094,0.0,0.0,0.0,0.0,0.0,0.0
2024-05-06,0.0102731736912478,0.0,0.0,0.0,0.0,0.0,0.0
2024-05-07,0.0013425282288253,-0.0014028363938591052,-0.0016123554394016958,-0.0014028363938591052,-0.0016123554394016958,-1.0449213385155962,-1.0449213385155962
2024-05-08,-5.835635194628708e-06,6.447351993313377e-06,-6.781164046068865e-06,6.447351993313377e-06,-6.781164046068865e-06,-1.1048243727174227,-1.1048243727174227
2024-05-09,0.0050780326391084,-0.0059009719892561445,-0.0059143481242036385,-0.0059009719892561445,-0.0059143481242036385,-1.162058696474278,-1.162058696474278
2024-05-10,0.0016480400801661,-0.00201539082339868,-0.0020302129910439956,-0.00201539082339868,-0.0020302129910439956,-1.2229015833131656,-1.2229015833131656
2024-05-13,-0.0002413331738662,0.00031093991724776904,0.0002944014074061979,0.00031093991724776904,0.0002944014074061979,-1.2884259228288293,-1.2884259228288293
2024-05-14,0.0048261485274547,-0.006485159210815569,-0.006500317259700898,-0.006485159210815569,-0.006500317259700898,-1.3437545848253922,-1.3437545848253922
2024-05-15,0.0116478277873,-0.01641823868960188,-0.01643627415074091,-0.01641823868960188,-0.01643627415074091,-1.4095536944238831,-1.4095536944238831
2024-05-16,-0.002083837474089,0.0030593528845990355,0.0030420637754299583,0.0030593528845990355,0.0030420637754299583,-1.4681341144114444,-1.4681341144114444
2024-05-17,0.0011640956878942,-0.001704214505766918,-0.0017105686252932943,-0.001704214505766918,-0.0017105686252932943,-1.463981460879535,-1.463981460879535
2024-05-20,0.0009159703084904,-0.0014080360925667796,-0.0014290765501737703,-0.0014080360925667796,-0.0014290765501737703,-1.5372071338069326,-1.5372071338069326
2024-05-21,0.0024987497668931,0.0,-0.0003074414267613865,0.0,-0.0003074414267613865,0.0,0.0
2024-05-22,-0.0027097912093516,-0.0,-0.0,-0.0,-0.0,0.0,0.0
2024-05-23,-0.0074081622834718,-0.0,-0.0,-0.0,-0.0,0.0,0.0
2024-05-24,0.0069766490766731,0.0,0.0,0.0,0.0,0.0,0.0
2024-05-28,0.0002487709068859,0.0,0.0,0.0,0.0,0.0,0.0
2024-05-29,-0.0073943172157431,-0.0,-0.0,-0.0,-0.0,0.0,0.0
2024-05-30,-0.0059929575357529,-0.0,-0.0,-0.0,-0.0,0.0,0.0
2024-05-31,0.0079958242319282,0.0,0.0,0.0,0.0,0.0,0.0
2024-06-03,0.0011154602235343,0.0,0.0,0.0,0.0,0.0,0.0
2024-06-04,0.0015016810037842,0.0,0.0,0.0,0.0,0.0,0.0
2024-06-05,0.0117780158499556,0.0,0.0,0.0,0.0,0.0,0.0
2024-06-06,-0.0001998366016362,-0.0,-0.0,-0.0,-0.0,0.0,0.0
2024-06-07,-0.0011158420502788,-0.0,-0.0,-0.0,-0.0,0.0,0.0
2024-06-10,0.0025775299782413,0.0,0.0,0.0,0.0,0.0,0.0
2024-06-11,0.0027067148552095,0.0,0.0,0.0,0.0,0.0,0.0
2024-06-12,0.008467720241887,0.0,0.0,0.0,0.0,0.0,0.0
2024-06-13,0.0023419114371172,0.0,0.0,0.0,0.0,0.0,0.0
2024-06-14,-0.0003939382809985,0.0007494457405543436,0.0003582134404549413,0.0007494457405543436,0.0003582134404549413,-1.9024445622668422,-1.9024445622668422
2024-06-17,0.0076351643723207,-0.014890785122891463,-0.014911667197707831,-0.014890785122891463,-0.014911667197707831,-1.950290052284156,-1.950290052284156
2024-06-18,0.0025181541815175,-0.005036308363035,-0.005058155114482931,-0.005036308363035,-0.005058155114482931,-2.0,-2.0
2024-06-20,-0.0025291273954124,0.0050582547908248,0.005046350028920038,0.0050582547908248,0.005046350028920038,-2.0,-2.0
2024-06-21,-0.0015633517188238,0.0031267034376476,0.0031147986757428378,0.0031267034376476,0.0031147986757428378,-2.0,-2.0
2024-06-24,-0.003069879155868,-0.0,-0.0004,-0.0,-0.0004,0.0,0.0
2024-06-25,0.0039258736791829,0.0,0.0,0.0,0.0,0.0,0.0
2024-06-26,0.0015711962247202,0.0,0.0,0.0,0.0,0.0,0.0
2024-06-27,0.0009069098567984,0.0,0.0,0.0,0.0,0.0,0.0
2024-06-28,-0.0040920134623689,-0.0,-0.0,-0.0,-0.0,0.0,0.0
2024-07-01,0.0026719909814296,0.0,0.0,0.0,0.0,0.0,0.0
2024-07-02,0.0061762057711849,0.0,0.0,0.0,0.0,0.0,0.0
2024-07-03,0.0050715622695332,0.0,0.0,0.0,0.0,0.0,0.0
2024-07-05,0.0054339743609688,-0.0108679487219376,-0.011279853483842361,-0.0108679487219376,-0.011279853483842361,-2.0,-2.0
2024-07-08,0.0010161824764054,-0.0020323649528108,-0.002044269714715562,-0.0020323649528108,-0.002044269714715562,-2.0,-2.0
2024-07-09,0.0007407974780644,-0.0014815949561288,-0.0014934997180335618,-0.0014815949561288,-0.0014934997180335618,-2.0,-2.0
2024-07-10,0.010156314878106,-0.020312629756212,-0.020324534518116763,-0.020312629756212,-0.020324534518116763,-2.0,-2.0
2024-07-11,-0.008801649969266,0.017603299938532,0.01759139517662724,0.017603299938532,0.01759139517662724,-2.0,-2.0
2024-07-12,0.0055018640249642,-0.01007052449199964,-0.010114333194936655,-0.01007052449199964,-0.010114333194936655,-1.8303841109677672,-1.8303841109677672
2024-07-15,0.002822216423354,-0.0053720995244172925,-0.005397479447689648,-0.0053720995244172925,-0.005397479447689648,-1.9035037426481065,-1.9035037426481065
2024-07-16,0.0063690499714521,0.0,-0.0003807007485296213,0.0,-0.0003807007485296213,0.0,0.0
2024-07-17,-0.0140254415236444,0.0280508830472888,0.027638978285384037,0.0280508830472888,0.027638978285384037,-2.0,-2.0
2024-07-18,-0.0078471121453507,0.010784177525361602,0.010654578967538231,0.010784177525361602,0.010654578967538231,-1.374286148280813,-1.374286148280813
2024-07-19,-0.0071658792264059,0.008751391603974479,0.0087181520626353,0.008751391603974479,0.0087181520626353,-1.2212585961156095,-1.2212585961156095
2024-07-22,0.0107342172462203,-0.012053048859816895,-0.012074190748050308,-0.012053048859816895,-0.012074190748050308,-1.1228623926035202,-1.1228623926035202
2024-07-23,-0.0015593176939461,0.0018356532296007872,0.0018226728629789828,0.0018356532296007872,0.0018226728629789828,-1.1772156737062198,-1.1772156737062198
2024-07-24,-0.0234212422228932,-0.0,-0.000235443134741244,-0.0,-0.000235443134741244,0.0,0.0
2024-07-25,-0.0051558890197167,-0.0,-0.0,-0.0,-0.0,0.0,0.0
2024-07-26,0.0110294204095708,0.009031681731408631,0.008867907364378948,0.009031681731408631,0.008867907364378948,0.8188718351484155,0.8188718351484155
2024-07-29,0.0008129795718279,0.0007043222495337612,0.0006948272568056916,0.0007043222495337612,0.0006948272568056916,0.866346798788764,0.866346798788764
2024-07-30,-0.0049725143613663,-0.004579018060761715,-0.0045899218467403795,-0.004579018060761715,-0.0045899218467403795,0.9208657286820859,0.9208657286820859
2024-07-31,0.0156699807019169,0.014236811288864972,0.014234346232751452,0.014236811288864972,0.014234346232751452,0.9085404481144889,0.9085404481144889
2024-08-01,-0.0137881237919899,-0.0131757197642746,-0.013185128609240423,-0.0131757197642746,-0.013185128609240423,0.9555846729436044,0.9555846729436044
2024-08-02,-0.0185529066085532,-0.0,-0.00019111693458872088,-0.0,-0.00019111693458872088,0.0,0.0
2024-08-05,-0.030427041392393,-0.0,-0.0,-0.0,-0.0,0.0,0.0
2024-08-06,0.0103008494935998,0.005513616997309387,0.005406565302189773,0.005513616997309387,0.005406565302189773,0.5352584755980706,0.5352584755980706
2024-08-07,-0.0077647153887703,-0.0044505578037158265,-0.004458141548039426,-0.0044505578037158265,-0.004458141548039426,0.5731771972160672,0.5731771972160672
2024-08-08,0.022781139590899,0.01305980970369368,0.013059790565374586,0.01305980970369368,0.013059790565374586,0.5732728888115429,0.5732728888115429
2024-08-09,0.0046607984343811,0.002840383783115061,0.0028331543608243943,0.002840383783115061,0.0028331543608243943,0.6094200002648753,0.6094200002648753
2024-08-12,4.3033051721153015e-05,2.8050190743219604e-05,1.956839231655091e-05,2.8050190743219604e-05,1.956839231655091e-05,0.6518289923982188,0.6518289923982188
2024-08-13,0.0167072334190496,0.011622378856733803,0.01161361475183301,0.011622378856733803,0.01161361475183301,0.6956495169021796,0.6956495169021796
2024-08-14,0.0038164365611983,0.00281457791019972,0.0028062101222093346,0.00281457791019972,0.0028062101222093346,0.7374884568541046,0.7374884568541046
2024-08-15,0.0160044899313049,0.01257058090861659,0.012560990420825532,0.01257058090861659,0.012560990420825532,0.7854408958093966,0.7854408958093966
2024-08-16,0.0019878023683954,0.0016499143707111067,0.0016409986858125004,0.0016499143707111067,0.0016409986858125004,0.8300193203024281,0.8300193203024281
2024-08-19,0.0096753274361773,0.00853813500548414,0.00852764592784719,0.00853813500548414,0.00852764592784719,0.8824647084871721,0.8824647084871721
2024-08-20,-0.0019865272376087,-0.0,-0.00017649294169743443,-0.0,-0.00017649294169743443,0.0,0.0
2024-08-21,0.0042307147210056,0.0,0.0,0.0,0.0,0.0,0.0
2024-08-22,-0.0089729422566566,-0.0,-0.0,-0.0,-0.0,0.0,0.0
2024-08-23,0.0114179374016636,0.0,0.0,0.0,0.0,0.0,0.0
2024-08-26,-0.0031587101696057,-0.0,-0.0,-0.0,-0.0,0.0,0.0
2024-08-27,0.0015939251127239,0.0,0.0,0.0,0.0,0.0,0.0
2024-08-28,-0.0059939007947349,-0.0,-0.0,-0.0,-0.0,0.0,0.0
2024-08-29,-3.937984343771461e-05,-0.0,-0.0,-0.0,-0.0,0.0,0.0
2024-08-30,0.0100424570791446,0.0,0.0,0.0,0.0,0.0,0.0
2024-09-03,-0.021377963372398,-0.0,-0.0,-0.0,-0.0,0.0,0.0
2024-09-04,-0.0016038290273812,-0.0,-0.0,-0.0,-0.0,0.0,0.0
2024-09-05,-0.0030225810146742,-0.0,-0.0,-0.0,-0.0,0.0,0.0
2024-09-06,-0.0174109445074233,-0.0,-0.0,-0.0,-0.0,0.0,0.0
2024-09-09,0.0115135344358172,0.0,0.0,0.0,0.0,0.0,0.0
2024-09-10,0.004462699977795,0.0,0.0,0.0,0.0,0.0,0.0
2024-09-11,0.010608555649842,0.0,0.0,0.0,0.0,0.0,0.0
2024-09-12,0.0074673521568033,0.0,0.0,0.0,0.0,0.0,0.0
2024-09-13,0.0053931422343556,0.0,0.0,0.0,0.0,0.0,0.0
2024-09-16,0.0012558408673104,0.0,0.0,0.0,0.0,0.0,0.0
2024-09-17,0.000264515093896,0.0,0.0,0.0,0.0,0.0,0.0
2024-09-18,-0.0029006587083131,-0.0,-0.0,-0.0,-0.0,0.0,0.0
2024-09-19,0.0168343568927262,0.0,0.0,0.0,0.0,0.0,0.0
2024-09-20,-0.0019429136300157,-0.0,-0.0,-0.0,-0.0,0.0,0.0
2024-09-23,0.0028053344257124,0.0,0.0,0.0,0.0,0.0,0.0
2024-09-24,0.0025080311033462,0.0,0.0,0.0,0.0,0.0,0.0
2024-09-25,-0.0018629832062124,-0.0,-0.0,-0.0,-0.0,0.0,0.0
2024-09-26,0.0040305421581994,0.0,0.0,0.0,0.0,0.0,0.0
2024-09-27,-0.0012540029000724,-0.0,-0.0,-0.0,-0.0,0.0,0.0
2024-09-30,0.0042276036584407,0.0,0.0,0.0,0.0,0.0,0.0
2024-10-01,-0.0093678486944543,-0.0,-0.0,-0.0,-0.0,0.0,0.0
2024-10-02,0.0001383813269875,0.0,0.0,0.0,0.0,0.0,0.0
2024-10-03,-0.0016828286544594,-0.0,-0.0,-0.0,-0.0,0.0,0.0
2024-10-04,0.0089302556991857,0.0,0.0,0.0,0.0,0.0,0.0
2024-10-07,-0.0096322638293884,-0.0,-0.0,-0.0,-0.0,0.0,0.0
2024-10-08,0.0096427068046942,0.0,0.0,0.0,0.0,0.0,0.0
2024-10-09,0.0070882310169952,0.0,0.0,0.0,0.0,0.0,0.0
2024-10-10,-0.0020722685059819,-0.0,-0.0,-0.0,-0.0,0.0,0.0
2024-10-11,0.0060336087072982,0.0,0.0,0.0,0.0,0.0,0.0
2024-10-14,0.0076781145745936,0.0,0.0,0.0,0.0,0.0,0.0
2024-10-15,-0.0076385660375137,-0.0,-0.0,-0.0,-0.0,0.0,0.0
2024-10-16,0.0046682327827802,0.0,0.0,0.0,0.0,0.0,0.0
2024-10-17,-0.0001711751285373,-0.0,-0.0,-0.0,-0.0,0.0,0.0
2024-10-18,0.0039636869427734,0.0,0.0,0.0,0.0,0.0,0.0
2024-10-21,-0.0018244327564183,-0.0,-0.0,-0.0,-0.0,0.0,0.0
2024-10-22,-0.0004749666671965,-0.0,-0.0,-0.0,-0.0,0.0,0.0
2024-10-23,-0.0092338242676799,-0.0,-0.0,-0.0,-0.0,0.0,0.0
2024-10-24,0.0021434731305571,0.0,0.0,0.0,0.0,0.0,0.0
2024-10-25,-0.0002994920131857,-0.0,-0.0,-0.0,-0.0,0.0,0.0
2024-10-28,0.0026479346267329,0.0,0.0,0.0,0.0,0.0,0.0
2024-10-29,0.0016128259449015,0.0,0.0,0.0,0.0,0.0,0.0
2024-10-30,-0.0033056916724891,-0.0,-0.0,-0.0,-0.0,0.0,0.0
2024-10-31,-0.0187901349287447,-0.0,-0.0,-0.0,-0.0,0.0,0.0
2024-11-01,0.0040841580045256,0.004147867988805974,0.003944562423978431,0.004147867988805974,0.003944562423978431,1.015599294691777,1.015599294691777
2024-11-04,-0.0028160448131906,-0.003023056244086249,-0.0030355138034368467,-0.003023056244086249,-0.0030355138034368467,1.0735114121501155,1.0735114121501155
2024-11-05,0.0121910310295625,0.013166000635458435,0.013163755975361548,0.013166000635458435,0.013163755975361548,1.0799743355202438,1.0799743355202438
2024-11-06,0.0249812809571867,0.028316676905414843,0.028304379136705752,0.028316676905414843,0.028304379136705752,1.1335158094552635,1.1335158094552635
2024-11-07,0.0074037541739961,0.008717139753978405,0.008706252167706477,0.008717139753978405,0.008706252167706477,1.1773945418927136,1.1773945418927136
2024-11-08,0.003749794035718,0.004639032589947993,0.004624259702543688,0.004639032589947993,0.004624259702543688,1.2371433059415287,1.2371433059415287
2024-11-11,0.0009685941909562,0.001261099787267239,0.0012445353651593183,0.001261099787267239,0.0012445353651593183,1.3019898312855627,1.3019898312855627
2024-11-12,-0.0028968514769367,-0.003972833588625792,-0.003991143742203792,-0.003972833588625792,-0.003991143742203792,1.3714315767499747,1.3714315767499747
2024-11-13,0.0002322007641417,0.0,-0.000274286315349995,0.0,-0.000274286315349995,0.0,0.0
2024-11-14,-0.0060681085822444,-0.0,-0.0,-0.0,-0.0,0.0,0.0
2024-11-15,-0.0132914308667935,-0.0,-0.0,-0.0,-0.0,0.0,0.0
2024-11-18,0.0039101597462067,0.004097959035907651,0.0038877815581694155,0.004097959035907651,0.0038877815581694155,1.0480285466298758,1.0480285466298758
2024-11-19,0.0039557505205962,0.00437934992212669,0.004366263924820269,0.00437934992212669,0.004366263924820269,1.1070844582652413,1.1070844582652413
2024-11-20,2.195062133480974e-05,2.563459206513235e-05,1.148752730136827e-05,2.563459206513235e-05,1.148752730136827e-05,1.1678299066860807,1.1678299066860807
2024-11-21,0.0053262518442878,0.006538565857948653,0.006523899964427357,0.006538565857948653,0.006523899964427357,1.227611094837923,1.227611094837923
2024-11-22,0.0034619595915366,0.004467508140492451,0.004451481251154126,0.004467508140492451,0.004451481251154126,1.290456466162719,1.290456466162719
2024-11-25,0.003015927820126,0.004091555373528199,0.004074071051495398,0.004091555373528199,0.004074071051495398,1.3566489709151133,1.3566489709151133
2024-11-26,0.0057056971552622,0.008130859737888534,0.008112121046894804,0.008130859737888534,0.008112121046894804,1.4250422895981565,1.4250422895981565
2024-11-27,-0.0038084810835776,-0.0056821185643773815,-0.005701359726070342,-0.0056821185643773815,-0.005701359726070342,1.4919644970481853,1.4919644970481853
2024-11-29,0.0055921203968019,0.007987359316608883,0.007969532106588503,0.007987359316608883,0.007969532106588503,1.4283239182720038,1.4283239182720038
2024-12-02,0.0024454638805817,0.0036570884200920347,0.003637763303220147,0.0036570884200920347,0.003637763303220147,1.4954579575397886,1.4954579575397886
2024-12-03,0.0004513472420217,0.0,-0.0002990915915079577,0.0,-0.0002990915915079577,0.0,0.0
2024-12-04,0.0060331816281369,0.0,0.0,0.0,0.0,0.0,0.0
2024-12-05,-0.0018715258393822,-0.0,-0.0,-0.0,-0.0,0.0,0.0
2024-12-06,0.0024923453675373,0.0,0.0,0.0,0.0,0.0,0.0
2024-12-09,-0.0061631672852264,-0.0,-0.0,-0.0,-0.0,0.0,0.0
2024-12-10,-0.0029682843142797,-0.0,-0.0,-0.0,-0.0,0.0,0.0
2024-12-11,0.0081326264113688,0.0,0.0,0.0,0.0,0.0,0.0
2024-12-12,-0.005428731461464,-0.0,-0.0,-0.0,-0.0,0.0,0.0
2024-12-13,-2.646698937169845e-05,-0.0,-0.0,-0.0,-0.0,0.0,0.0
2024-12-16,0.0037921550087851,0.0,0.0,0.0,0.0,0.0,0.0
2024-12-17,-0.0038714794806562,-0.0,-0.0,-0.0,-0.0,0.0,0.0
2024-12-18,-0.0299365053045175,-0.0,-0.0,-0.0,-0.0,0.0,0.0
2024-12-19,-0.0008654867505377,-0.0006835328901636531,-0.0008414862937805186,-0.0006835328901636531,-0.0008414862937805186,0.789767018084327,0.789767018084327
2024-12-20,0.0108104794023979,0.00897477916311901,0.008966694062261629,0.00897477916311901,0.008966694062261629,0.8301925223712365,0.8301925223712365
2024-12-23,0.0072608495856165,0.006380390466075925,0.006370681204649189,0.006380390466075925,0.006370681204649189,0.8787388295049197,0.8787388295049197
2024-12-24,0.0109822331651265,0.01022055318944979,0.010210172086371655,0.01022055318944979,0.010210172086371655,0.9306443448955914,0.9306443448955914
2024-12-26,-0.000405741088258,-0.000398410377992776,-0.0004086680173179078,-0.000398410377992776,-0.0004086680173179078,0.9819325415212505,0.9819325415212505
2024-12-27,-0.0111173049649124,-0.01145446575779718,-0.01146450580500844,-0.01145446575779718,-0.01146450580500844,1.0303275653540944,1.0303275653540944
2024-12-30,-0.0107596739417292,-0.0,-0.0002060655130708189,-0.0,-0.0002060655130708189,0.0,0.0
2024-12-31,-0.0042940064589824,-0.0,-0.0,-0.0,-0.0,0.0,0.0
2025-01-02,-0.0022263631494485,-0.0,-0.0,-0.0,-0.0,0.0,0.0
2025-01-03,0.0125173567078249,0.0,0.0,0.0,0.0,0.0,0.0
2025-01-06,0.0055227664968189,0.0,0.0,0.0,0.0,0.0,0.0
2025-01-07,-0.0111660215166367,-0.0,-0.0,-0.0,-0.0,0.0,0.0
2025-01-08,0.0015591440938305,0.0,0.0,0.0,0.0,0.0,0.0
2025-01-10,-0.0155316376502323,-0.0,-0.0,-0.0,-0.0,0.0,0.0
2025-01-13,0.0015742043780537,0.0,0.0,0.0,0.0,0.0,0.0
2025-01-14,0.001145623334164,0.0,0.0,0.0,0.0,0.0,0.0
2025-01-15,0.0181471325045166,0.0,0.0,0.0,0.0,0.0,0.0
2025-01-16,-0.0021149243408657,-0.0,-0.0,-0.0,-0.0,0.0,0.0
2025-01-17,0.0099414783083933,0.0,0.0,0.0,0.0,0.0,0.0
2025-01-21,0.0087300094405957,-0.00878325634633114,-0.008984548816053976,-0.00878325634633114,-0.008984548816053976,-1.006099295321244,-1.006099295321244
2025-01-22,0.0061191810869942,-0.0064912858675122325,-0.006502951846242013,-0.0064912858675122325,-0.006502951846242013,-1.0608095716122719,-1.0608095716122719
2025-01-23,0.0052994194595292,-0.005927896433442457,-0.005940865057386838,-0.005927896433442457,-0.005940865057386838,-1.1185935513715857,-1.1185935513715857
2025-01-24,-0.0028592159844667,0.0033698202460488167,0.0033556965984649196,0.0033698202460488167,0.0033556965984649196,-1.178581913488202,-1.178581913488202
2025-01-27,-0.0146880590321121,0.017274422290425064,0.01727182686753631,0.017274422290425064,0.01727182686753631,-1.1760861154396554,-1.1760861154396554
2025-01-28,0.0091756441777164,-0.0087178859714462,-0.00876308087451832,-0.0087178859714462,-0.00876308087451832,-0.9501116000790556,-0.9501116000790556
2025-01-29,-0.0046898760569202,0.00470405515159853,0.004693436811254585,0.00470405515159853,0.004693436811254585,-1.0030233410235667,-1.0030233410235667
2025-01-30,0.0052615481521804,-0.005182315342562119,-0.005185931778684815,-0.005182315342562119,-0.005185931778684815,-0.9849411604100884,-0.9849411604100884
2025-01-31,-0.0050596039902668,0.005266675782473841,0.005254991498108082,0.005266675782473841,0.005254991498108082,-1.0409264821131035,-1.0409264821131035
2025-02-03,-0.0076376907294957,0.0077331217317917885,0.007727286637509356,0.0077331217317917885,0.007727286637509356,-1.0124947455554265,-1.0124947455554265
2025-02-04,0.0071989074030298,0.0,-0.0002024989491110853,0.0,-0.0002024989491110853,0.0,0.0
2025-02-05,0.0039010539156141,0.0,0.0,0.0,0.0,0.0,0.0
2025-02-06,0.0036376743552661,0.0,0.0,0.0,0.0,0.0,0.0
2025-02-07,-0.0095098456936604,-0.0,-0.0,-0.0,-0.0,0.0,0.0
2025-02-10,0.0066901122954536,0.0,0.0,0.0,0.0,0.0,0.0
2025-02-11,0.0003395251436746,0.0,0.0,0.0,0.0,0.0,0.0
2025-02-12,-0.0027275831896478,-0.0,-0.0,-0.0,-0.0,0.0,0.0
2025-02-13,0.0103723132142352,0.0,0.0,0.0,0.0,0.0,0.0
2025-02-14,-7.194639557361882e-05,-0.0,-0.0,-0.0,-0.0,0.0,0.0
2025-02-18,0.0024420036555508,0.0,0.0,0.0,0.0,0.0,0.0
2025-02-19,0.0023741488668242,0.0,0.0,0.0,0.0,0.0,0.0
2025-02-20,-0.0043436048842888,-0.0,-0.0,-0.0,-0.0,0.0,0.0
2025-02-21,-0.0172113966725397,-0.0,-0.0,-0.0,-0.0,0.0,0.0
2025-02-24,-0.0049814935662517,-0.004851816549106441,-0.0050466101982230924,-0.004851816549106441,-0.0050466101982230924,0.9739682455832551,0.9739682455832551
2025-02-25,-0.0046907151383965,-0.0044798356866328996,-0.004483620691887868,-0.0044798356866328996,-0.004483620691887868,0.9550432193084126,0.9550432193084126
2025-02-26,0.0001360150295841,0.00012816439254309512,0.00012561196993135802,0.00012816439254309512,0.00012561196993135802,0.9422811062497272,0.9422811062497272
2025-02-27,-0.0159917426785245,-0.015949369553289152,-0.015960383394482216,-0.015949369553289152,-0.015960383394482216,0.9973503122150502,0.9973503122150502
2025-02-28,0.0157297804206635,0.012989455522201147,0.012955142953058394,0.012989455522201147,0.012955142953058394,0.8257874665012799,0.8257874665012799
2025-03-03,-0.0177534026483101,-0.0,-0.00016515749330025598,-0.0,-0.00016515749330025598,0.0,0.0
2025-03-04,-0.0123102882315055,-0.0,-0.0,-0.0,-0.0,0.0,0.0
2025-03-05,0.0110974725287356,0.0,0.0,0.0,0.0,0.0,0.0
2025-03-06,-0.0179796771074549,-0.0,-0.0,-0.0,-0.0,0.0,0.0
2025-03-07,0.005505435045455,0.0,0.0,0.0,0.0,0.0,0.0
2025-03-10,-0.0273435417884293,-0.0,-0.0,-0.0,-0.0,0.0,0.0
2025-03-11,-0.007596646918536,0.004110203823247969,0.004001992822596643,-0.004110203823247969,-0.0042184148238992945,-0.5410550032566307,0.5410550032566307
2025-03-12,0.0048749679404913,-0.0026541790611255243,-0.002654858173948792,0.0026541790611255243,0.0026534999483022567,-0.5444505673729694,0.5444505673729694
2025-03-13,-0.0139883668064655,-0.0,-0.00010889011347459388,-0.008164747547564051,-0.008172593685869619,0.0,0.5836812589008075
2025-03-14,0.0210429059531982,0.0,0.0,0.011597536938752005,0.011591028209392428,0.0,0.5511376121029213
2025-03-17,0.0063956349746057,0.0,0.0,0.0037590951251853734,0.003751770750410101,0.0,0.5877594859792834
2025-03-18,-0.0107106670743206,-0.0,-0.0,-0.006732983163765889,-0.006741156081225295,0.0,0.6286240732763114
2025-03-19,0.0107406081729539,0.0,0.0,0.006504031627755285,0.006499417862363195,0.0,0.6055552463158643
2025-03-20,-0.0021872835137823,-0.0,-0.0,-0.0,-0.00012111104926317287,0.0,0.0
2025-03-21,0.0008243136078327,0.0,0.0,0.0,0.0,0.0,0.0
2025-03-24,0.0174921171286381,0.0,0.0,0.0,0.0,0.0,0.0
2025-03-25,0.001573095490654,0.0,0.0,0.0,0.0,0.0,0.0
2025-03-26,-0.0112196403575985,-0.0,-0.0,-0.0,-0.0,0.0,0.0
2025-03-27,-0.0033124610071322,-0.0,-0.0,-0.0,-0.0,0.0,0.0
2025-03-28,-0.0199346011268524,-0.0,-0.0,-0.0,-0.0,0.0,0.0
2025-03-31,0.005523240357645,0.0035689277537200494,0.0034396946397281837,0.0035689277537200494,0.0034396946397281837,0.646165569959329,0.646165569959329
2025-04-01,0.0037741045552124,0.002603002353793114,0.002594295338373455,0.002603002353793114,0.002594295338373455,0.6897006470576228,0.6897006470576228
2025-04-02,0.0067056614294838,0.004931986384043156,0.004922827336560424,0.004931986384043156,0.004922827336560424,0.7354958844712831,0.7354958844712831
2025-04-03,-0.0496059118289959,-0.03880867132201442,-0.03881804007360335,-0.03880867132201442,-0.03881804007360335,0.7823396424159624,0.7823396424159624
2025-04-04,-0.0616090618982312,0.028366640773273624,0.028118086908406167,-0.028366640773273624,-0.028431022765372554,-0.46042968192132194,0.46042968192132194
2025-04-07,-0.0023341946059627,0.0007485533109219727,0.0007206054124724884,-0.0007485533109219727,-0.0007765012093714571,-0.32069018967390006,0.32069018967390006
2025-04-08,-0.0158250832770558,0.00544341492655258,0.005438758193158166,-0.00544341492655258,-0.005448071659946994,-0.34397385664597324,0.34397385664597324
2025-04-09,0.0908948798330371,-0.031154066367350155,-0.031154311476862147,0.031154066367350155,0.031153821257838162,-0.34274830908601683,0.34274830908601683
2025-04-10,-0.0352206070241116,0.012850101061894523,0.012845681503998407,-0.012850101061894523,-0.01285452061979064,-0.3648460985666005,0.3648460985666005
2025-04-11,0.0179303808357769,-0.005805498961606393,-0.005813712178479856,0.005805498961606393,0.005797285744732929,-0.3237800141992828,0.3237800141992828
2025-04-14,0.0079133193263434,-0.0027744798859253386,-0.0027798456555429415,0.0,-6.475600283985657e-05,-0.35060886228729693,0.0
2025-04-15,-0.0017292752253013,-0.0,-7.01217724574594e-05,-0.0,-0.0,0.0,0.0
2025-04-16,-0.022663253964902,-0.0,-0.0,-0.0,-0.0,0.0,0.0
2025-04-17,0.0013259586237737,0.0,0.0,0.0,0.0,0.0,0.0
2025-04-21,-0.0238496483340195,-0.0,-0.0,-0.0,-0.0,0.0,0.0
2025-04-22,0.0248069521254503,-0.009467794969237187,-0.00954412675656324,0.0,0.0,-0.38165893663026235,0.0
2025-04-23,0.0165238643668796,0.0,-7.633178732605247e-05,0.0,0.0,0.0,0.0
2025-04-24,0.0200566280825835,0.0,0.0,0.0,0.0,0.0,0.0
2025-04-25,0.0073460847957012,-0.003489116590269993,-0.003584109139016824,-0.003489116590269993,-0.003584109139016824,-0.4749627437341538,-0.4749627437341538
2025-04-28,0.0006405015390011,-0.0003270813416662511,-0.00033422167527794017,-0.0003270813416662511,-0.00033422167527794017,-0.510664411792599,-0.510664411792599
2025-04-29,0.0057856415455574,-0.0031768050225898783,-0.0031844890031522645,-0.0031768050225898783,-0.0031844890031522645,-0.54908431460453,-0.54908431460453
2025-04-30,0.0014788972519319,-0.0008707001579774535,-0.0008786332140370646,-0.0008707001579774535,-0.0008786332140370646,-0.5887495949025857,-0.5887495949025857
2025-05-01,0.006279345716452,-0.0039631650616040225,-0.00397164374160701,-0.0039631650616040225,-0.00397164374160701,-0.6311429949175211,-0.6311429949175211
2025-05-02,0.014619191109114,-0.009862823384475873,-0.009871524595368473,-0.009862823384475873,-0.009871524595368473,-0.6746490493805175,-0.6746490493805175
2025-05-05,-0.0064020470293186,0.004592397869576362,0.004583861133563466,0.004592397869576362,0.004583861133563466,-0.7173327294449995,-0.7173327294449995
2025-05-06,-0.0077229852783915,0.005496824408665688,0.00549570759440302,0.005496824408665688,0.00549570759440302,-0.7117486581316566,-0.7117486581316566
2025-05-07,0.004336938106709,0.0,-0.00014234973162633132,0.0,-0.00014234973162633132,0.0,0.0
2025-05-08,0.0057830211474669,0.0,0.0,0.0,0.0,0.0,0.0
2025-05-09,-0.0007117341348763,-0.0,-0.0,-0.0,-0.0,0.0,0.0
2025-05-12,0.0320399766770194,0.0,0.0,0.0,0.0,0.0,0.0
2025-05-13,0.0072220590202469,-0.006297309967103793,-0.00647170095309406,-0.006297309967103793,-0.00647170095309406,-0.8719549299513351,-0.8719549299513351
2025-05-14,0.0010238912422764,-0.0009463909422044683,-0.0009568615710279726,-0.0009463909422044683,-0.0009568615710279726,-0.9243080740688566,-0.9243080740688566
2025-05-15,0.0041238174387565,-0.004048520152830682,-0.004060006713606928,-0.004048520152830682,-0.004060006713606928,-0.9817408779500861,-0.9817408779500861
2025-05-16,0.0069808493680998,-0.0072591507955422725,-0.00727125050281153,-0.0072591507955422725,-0.00727125050281153,-1.039866413493209,-1.039866413493209
2025-05-19,0.000875729566049,-0.0009612546581692465,-0.0009739763194181859,-0.0009612546581692465,-0.0009739763194181859,-1.0976615332357764,-1.0976615332357764
2025-05-20,-0.0038877770695719,0.004517788181230349,0.004502981493582228,0.004517788181230349,0.004502981493582228,-1.162049186561981,-1.162049186561981
2025-05-21,-0.0162667192677599,0.018547694846293185,0.0185416603731505,0.018547694846293185,0.0185416603731505,-1.1402234550794825,-1.1402234550794825
2025-05-22,-0.0004449700224213,0.0004004851657997949,0.0003524459338575496,0.0004004851657997949,0.0003524459338575496,-0.9000272953682561,-0.9000272953682561
2025-05-23,-0.0067308995914725,0.006370453610686007,0.0063611692571837325,0.006370453610686007,0.0063611692571837325,-0.9464490628796263,-0.9464490628796263
2025-05-27,0.0202525808021842,-0.01836565331501005,-0.018373577073606037,-0.01836565331501005,-0.018373577073606037,-0.9068302698996934,-0.9068302698996934
2025-05-28,-0.0055868025764453,-0.0,-0.00018136605397993868,-0.0,-0.00018136605397993868,0.0,0.0
2025-05-29,0.0040031708706322,0.0,0.0,0.0,0.0,0.0,0.0
2025-05-30,-8.118845699556232e-05,-0.0,-0.0,-0.0,-0.0,0.0,0.0
2025-06-02,0.004093651490626,0.0,0.0,0.0,0.0,0.0,0.0
2025-06-03,0.0057835335353697,0.0,0.0,0.0,0.0,0.0,0.0
2025-06-04,7.368474471824982e-05,0.0,0.0,0.0,0.0,0.0,0.0
2025-06-05,-0.005291357978697,-0.0,-0.0,-0.0,-0.0,0.0,0.0
2025-06-06,0.010228196215376,0.0,0.0,0.0,0.0,0.0,0.0
2025-06-09,0.0009195251863918,0.0,0.0,0.0,0.0,0.0,0.0
2025-06-10,0.0054680125416464,0.0,0.0,0.0,0.0,0.0,0.0
2025-06-11,-0.0027476603182865,-0.0,-0.0,-0.0,-0.0,0.0,0.0
2025-06-12,0.0038151330716758,0.0,0.0,0.0,0.0,0.0,0.0
2025-06-13,-0.0113606685901022,-0.0,-0.0,-0.0,-0.0,0.0,0.0
2025-06-16,0.0093488231481888,0.0,0.0,0.0,0.0,0.0,0.0
2025-06-17,-0.0083872597236442,-0.0,-0.0,-0.0,-0.0,0.0,0.0
2025-06-18,-0.0003092880347193,-0.0,-0.0,-0.0,-0.0,0.0,0.0
2025-06-20,-0.0021810352155888,-0.0,-0.0,-0.0,-0.0,0.0,0.0
2025-06-23,0.0095606550712599,0.0,0.0,0.0,0.0,0.0,0.0
2025-06-24,0.0110603286169581,0.0,0.0,0.0,0.0,0.0,0.0
2025-06-25,-3.286108348987682e-06,-0.0,-0.0,-0.0,-0.0,0.0,0.0
2025-06-26,0.0079881310325173,-0.01060913325899871,-0.010878661769546862,-0.01060913325899871,-0.010878661769546862,-1.3281120722497028,-1.3281120722497028
2025-06-27,0.00520539925615,-0.007246593468430827,-0.007264065309055311,-0.007246593468430827,-0.007264065309055311,-1.3921301924860474,-1.3921301924860474
2025-06-30,0.0051511375061288,-0.007520447274597448,-0.007539488644370473,-0.007520447274597448,-0.007539488644370473,-1.4599585558820072,-1.4599585558820072
2025-07-01,-0.0011191571098798,0.0017116558967183273,0.001691462005671853,0.0017116558967183273,0.001691462005671853,-1.5294152015012108,-1.5294152015012108
2025-07-02,0.0047338743064901,-0.007355754601687065,-0.00736723608856381,-0.007355754601687065,-0.00736723608856381,-1.5538550720711766,-1.5538550720711766
2025-07-03,0.0083043782106653,-0.013501027930742936,-0.013522861043176059,-0.013501027930742936,-0.013522861043176059,-1.625772283998769,-1.625772283998769
2025-07-07,-0.007893368104245,0.013370398146300018,0.01334851666968337,0.013370398146300018,0.01334851666968337,-1.6938774385942432,-1.6938774385942432
2025-07-08,-0.0007161432504698,0.0010268727551315888,0.0009697104643872739,0.0010268727551315888,0.0009697104643872739,-1.4338929459405585,-1.4338929459405585
2025-07-09,0.0060438027767801,0.0,-0.0002867785891881117,0.0,-0.0002867785891881117,0.0,0.0
2025-07-10,0.0027424410729253,0.0,0.0,0.0,0.0,0.0,0.0
2025-07-11,-0.0033029717732251,-0.0,-0.0,-0.0,-0.0,0.0,0.0
2025-07-14,0.0014064243309359,0.0,0.0,0.0,0.0,0.0,0.0
2025-07-15,-0.0039641450656713,-0.0,-0.0,-0.0,-0.0,0.0,0.0
2025-07-16,0.0031885685253829,0.0,0.0,0.0,0.0,0.0,0.0
2025-07-17,0.0053593802400122,0.0,0.0,0.0,0.0,0.0,0.0
2025-07-18,-9.049030280827708e-05,-0.0,-0.0,-0.0,-0.0,0.0,0.0
2025-07-21,0.0013981570056724,0.0,0.0,0.0,0.0,0.0,0.0
2025-07-22,0.0006373284966674,0.0,0.0,0.0,0.0,0.0,0.0
2025-07-23,0.007781532145703,0.0,0.0,0.0,0.0,0.0,0.0
2025-07-24,0.0006979799969322,0.0,0.0,0.0,0.0,0.0,0.0
2025-07-25,0.0039664510016805,0.0,0.0,0.0,0.0,0.0,0.0
2025-07-28,0.0001768424712675,-0.000353684942535,-0.000765589704439762,-0.000353684942535,-0.000765589704439762,-2.0,-2.0
2025-07-29,-0.0029638301974674,0.0059276603949348,0.005915755633030038,0.0059276603949348,0.005915755633030038,-2.0,-2.0
2025-07-30,-0.0012502139385102,-0.0,-0.0004,-0.0,-0.0004,0.0,0.0
2025-07-31,-0.0037016620463745,-0.0,-0.0,-0.0,-0.0,0.0,0.0
2025-08-01,-0.0161213871855689,-0.0,-0.0,-0.0,-0.0,0.0,0.0
2025-08-04,0.0146295644914147,0.017950945574670026,0.017702836386726994,0.017950945574670026,0.017702836386726994,1.2270321228772372,1.2270321228772372
2025-08-05,-0.0048697037804625,-0.00625244364209225,-0.006267207029555564,-0.00625244364209225,-0.006267207029555564,1.2839474275986504,1.2839474275986504
2025-08-06,0.0072555222198538,0.008866427604342766,0.008851399913861748,0.008866427604342766,0.008851399913861748,1.2220247331172016,1.2220247331172016
2025-08-07,-0.0007977981718276,-0.0010248815791500598,-0.0010407927087730143,-0.0010248815791500598,-0.0010407927087730143,1.2846376631852339,1.2846376631852339
2025-08-08,0.0077694548163886,0.0,-0.0002569275326370468,0.0,-0.0002569275326370468,0.0,0.0
2025-08-11,-0.0025072683938844,-0.0,-0.0,-0.0,-0.0,0.0,0.0
2025-08-12,0.0112815590751704,0.0,0.0,0.0,0.0,0.0,0.0
2025-08-13,0.0032248733840454,0.0,0.0,0.0,0.0,0.0,0.0
2025-08-14,0.0003030448785548,0.0,0.0,0.0,0.0,0.0,0.0
2025-08-15,-0.0029013399163648,-0.0,-0.0,-0.0,-0.0,0.0,0.0
2025-08-18,-0.0001007682577363,-0.0,-0.0,-0.0,-0.0,0.0,0.0
2025-08-19,-0.0058753291122073,-0.0,-0.0,-0.0,-0.0,0.0,0.0
2025-08-20,-0.0024346306322637,-0.0,-0.0,-0.0,-0.0,0.0,0.0
2025-08-21,-0.0040122197289509,-0.0,-0.0,-0.0,-0.0,0.0,0.0
2025-08-22,0.0150722851587783,0.0,0.0,0.0,0.0,0.0,0.0
2025-08-25,-0.004275512539646,-0.0,-0.0,-0.0,-0.0,0.0,0.0
2025-08-26,0.0041254737101166,0.0,0.0,0.0,0.0,0.0,0.0
2025-08-27,0.0023881304533031,0.0,0.0,0.0,0.0,0.0,0.0
2025-08-28,0.0031517474414659,0.0,0.0,0.0,0.0,0.0,0.0
2025-08-29,-0.0064187404027915,-0.0,-0.0,-0.0,-0.0,0.0,0.0
2025-09-02,-0.0069463500610318,-0.0,-0.0,-0.0,-0.0,0.0,0.0
2025-09-03,0.0050871123029416,0.0,0.0,0.0,0.0,0.0,0.0
2025-09-04,0.008311847102874,0.0,0.0,0.0,0.0,0.0,0.0
2025-09-05,-0.003170172669936,-0.0,-0.0,-0.0,-0.0,0.0,0.0
2025-09-08,0.0021037644508883,0.0,0.0,0.0,0.0,0.0,0.0
2025-09-09,0.0026845470300731,0.0,0.0,0.0,0.0,0.0,0.0
2025-09-10,0.0029790282293973,0.0,0.0,0.0,0.0,0.0,0.0
2025-09-11,0.0084500876230944,0.0,0.0,0.0,0.0,0.0,0.0
2025-09-12,-0.0004828778814278,-0.0,-0.0,-0.0,-0.0,0.0,0.0
2025-09-15,0.0046955777265598,0.0,0.0,0.0,0.0,0.0,0.0
2025-09-16,-0.0012887604333311,-0.0,-0.0,-0.0,-0.0,0.0,0.0
2025-09-17,-0.0009706390782451,-0.0,-0.0,-0.0,-0.0,0.0,0.0
2025-09-18,0.0047776878367074,0.0,0.0,0.0,0.0,0.0,0.0
2025-09-19,0.0048735239374817,0.0,0.0,0.0,0.0,0.0,0.0
2025-09-22,0.0044003507147625,0.0,0.0,0.0,0.0,0.0,0.0
2025-09-23,-0.0055173518287396,0.0110347036574792,0.010622798895574439,0.0110347036574792,0.010622798895574439,-2.0,-2.0
2025-09-24,-0.0028506771652949,0.0050144002602264025,0.004957168447262132,0.0050144002602264025,0.004957168447262132,-1.7590207412026144,-1.7590207412026144
2025-09-25,-0.0050216487425274,0.008491605617468586,0.008469775188625206,0.008491605617468586,0.008469775188625206,-1.6909995208455686,-1.6909995208455686
2025-09-26,0.0058844891304143,-0.00907755546432179,-0.009113690336332721,-0.00907755546432179,-0.009113690336332721,-1.5426242216004709,-1.5426242216004709
2025-09-29,0.0026320772599124,0.0,-0.00030852484432009416,0.0,-0.00030852484432009416,0.0,0.0
2025-09-30,0.0040825036135085,0.0,0.0,0.0,0.0,0.0,0.0
2025-10-01,0.0033941541712234,0.0,0.0,0.0,0.0,0.0,0.0
2025-10-02,0.0006181636213824,0.0,0.0,0.0,0.0,0.0,0.0
2025-10-03,6.551065686721813e-05,0.0,0.0,0.0,0.0,0.0,0.0
2025-10-06,0.0036399592827613,0.0,0.0,0.0,0.0,0.0,0.0
2025-10-07,-0.0038186877068522,-0.0,-0.0,-0.0,-0.0,0.0,0.0
2025-10-08,0.0058107484941878,0.0,0.0,0.0,0.0,0.0,0.0
2025-10-09,-0.0027593739802789,-0.0,-0.0,-0.0,-0.0,0.0,0.0
2025-10-10,-0.0274859754398999,-0.0,-0.0,-0.0,-0.0,0.0,0.0
2025-10-13,0.0154782630369343,0.013605608583831263,0.013429805800904452,0.013605608583831263,0.013429805800904452,0.8790139146340581,0.8790139146340581
2025-10-14,-0.0015655514969434,-0.0014523324661958163,-0.0014620658945059223,-0.0014523324661958163,-0.0014620658945059223,0.9276810561845882,0.9276810561845882
2025-10-15,0.004017918503429,0.0038561126028106604,0.0038497030292080027,0.0038561126028106604,0.0038497030292080027,0.9597289241978775,0.9597289241978775
2025-10-16,-0.0063142802751432,-0.006422181355685675,-0.0064338566886592615,-0.006422181355685675,-0.0064338566886592615,1.0170884211407654,1.0170884211407654
2025-10-17,0.0052568739445266,0.0,-0.0002034176842281531,0.0,-0.0002034176842281531,0.0,0.0
2025-10-20,0.0106157241361444,0.0,0.0,0.0,0.0,0.0,0.0
2025-10-21,3.269591641696934e-05,0.0,0.0,0.0,0.0,0.0,0.0
2025-10-22,-0.0053518347747427,-0.0,-0.0,-0.0,-0.0,0.0,0.0
2025-10-23,0.0058104798620135,0.0,0.0,0.0,0.0,0.0,0.0
2025-10-24,0.0078713619752441,0.0,0.0,0.0,0.0,0.0,0.0
2025-10-27,0.0122151413273794,0.0,0.0,0.0,0.0,0.0,0.0
2025-10-28,0.0022853305022305,-0.0029105086548846895,-0.0031684776127474342,-0.0029105086548846895,-0.0031684776127474342,-1.2735613741837386,-1.2735613741837386
2025-10-29,-4.357920473374577e-05,5.843739712735909e-05,4.090141179643784e-05,5.843739712735909e-05,4.090141179643784e-05,-1.340946845735067,-1.340946845735067
2025-10-30,-0.0099541914245353,0.013954595081057819,0.01393762388334363,0.013954595081057819,0.01393762388334363,-1.401881326760729,-1.401881326760729
2025-10-31,0.0026145009178843,-0.0030899286750323794,-0.003136101205145366,-0.0030899286750323794,-0.003136101205145366,-1.1818426430436306,-1.1818426430436306
2025-11-03,0.0017192339969174,-0.0021425120326379744,-0.002158314780039208,-0.0021425120326379744,-0.002158314780039208,-1.2462015272380114,-1.2462015272380114
2025-11-04,-0.0118062503923273,0.015499931986792113,0.015482876161561703,0.015499931986792113,0.015482876161561703,-1.3128581447726435,-1.3128581447726435
2025-11-05,0.0036468976756882,-0.003949006793813553,-0.003995996607329894,-0.003949006793813553,-0.003995996607329894,-1.0828400314435316,-1.0828400314435316
2025-11-06,-0.0112411345147229,0.012855954980335859,0.012842082273915676,0.012855954980335859,0.012842082273915676,-1.1436528015475638,-1.1436528015475638
2025-11-07,0.0012610463474942,-0.0012435579236306808,-0.001275062120912105,-0.0012435579236306808,-0.001275062120912105,-0.9861318151404427,-0.9861318151404427
2025-11-10,0.0152836267035016,-0.01596566161294584,-0.015977891542452258,-0.01596566161294584,-0.015977891542452258,-1.0446252007246408,-1.0446252007246408
2025-11-11,0.0020731999523917,0.0,-0.00020892504014492818,0.0,-0.00020892504014492818,0.0,0.0
2025-11-12,0.0006293191259452,0.0,0.0,0.0,0.0,0.0,0.0
2025-11-13,-0.0166954516309285,-0.0,-0.0,-0.0,-0.0,0.0,0.0
2025-11-14,-0.000501851471272,-0.0,-0.0,-0.0,-0.0,0.0,0.0
2025-11-17,-0.0092044978943039,-0.0,-0.0,-0.0,-0.0,0.0,0.0
2025-11-18,-0.0082907098441697,-0.007489452168419206,-0.007670123119620955,-0.007489452168419206,-0.007670123119620955,0.9033547560087434,0.9033547560087434
2025-11-19,0.0037468077372651,0.0031897983263782263,0.003179394896226626,0.0031897983263782263,0.003179394896226626,0.8513376052507432,0.8513376052507432
2025-11-20,-0.0156897261163155,-0.014185541402351037,-0.014196099745273106,-0.014185541402351037,-0.014196099745273106,0.9041293198610851,0.9041293198610851
2025-11-21,0.0097751030415924,0.007512640416727538,0.007485524245323507,0.007512640416727538,0.007485524245323507,0.7685484628409299,0.7685484628409299
2025-11-24,0.0153488188990813,0.0,-0.000153709692568186,0.0,-0.000153709692568186,0.0,0.0
2025-11-25,0.0090208860008331,0.0,0.0,0.0,0.0,0.0,0.0
2025-11-26,0.00688296943615,-0.006313386688151822,-0.006496836193389876,-0.006313386688151822,-0.006496836193389876,-0.9172475261902695,-0.9172475261902695
2025-11-28,0.0053404873411366,-0.005188111574345154,-0.005198955632332399,-0.005188111574345154,-0.005198955632332399,-0.9714678161264929,-0.9714678161264929
2025-12-01,-0.0053375487460556,0.005486801740904111,0.005475169846238216,0.005486801740904111,0.005475169846238216,-1.0279628349921501,-1.0279628349921501
2025-12-02,0.0024542211959364,-0.0024435347628202478,-0.002449998191266199,-0.0024435347628202478,-0.002449998191266199,-0.995645692762394,-0.995645692762394
2025-12-03,0.002975360521086,0.0,-0.0001991291385524788,0.0,-0.0001991291385524788,0.0,0.0
2025-12-04,0.001079738711974,0.0,0.0,0.0,0.0,0.0,0.0
2025-12-05,0.0019347688846789,0.0,0.0,0.0,0.0,0.0,0.0
2025-12-08,-0.003483315331648,-0.0,-0.0,-0.0,-0.0,0.0,0.0
2025-12-09,-0.0008767431610134,-0.0,-0.0,-0.0,-0.0,0.0,0.0
2025-12-10,0.0067268806591407,0.0,0.0,0.0,0.0,0.0,0.0
2025-12-11,0.0020771919837176,0.0,0.0,0.0,0.0,0.0,0.0
2025-12-12,-0.0107209134585559,-0.0,-0.0,-0.0,-0.0,0.0,0.0
2025-12-15,-0.0015978388918362,-0.0,-0.0,-0.0,-0.0,0.0,0.0
2025-12-16,-0.00238676400844,-0.0,-0.0,-0.0,-0.0,0.0,0.0
2025-12-17,-0.0116598566113701,-0.0,-0.0,-0.0,-0.0,0.0,0.0
2025-12-18,0.007902951520478,0.0,0.0,0.0,0.0,0.0,0.0
2025-12-19,0.0087794074218301,0.0,0.0,0.0,0.0,0.0,0.0
2025-12-22,0.0064158705755605,0.0,0.0,0.0,0.0,0.0,0.0
2025-12-23,0.0045400670467898,-0.005365923595545319,-0.0056044699283478855,-0.005365923595545319,-0.0056044699283478855,-1.1819040424390794,-1.1819040424390794
2025-12-24,0.0032163043447006,-0.004004978381586104,-0.004020559006499967,-0.004004978381586104,-0.004020559006499967,-1.2452112587494952,-1.2452112587494952
2025-12-26,-0.0003044098771098,0.00039907665764557125,0.00038221979409676653,0.00039907665764557125,0.00038221979409676653,-1.3109845890500627,-1.3109845890500627
2025-12-29,-0.0034981629239361,0.004771899870641852,0.004756938882919757,0.004771899870641852,0.004756938882919757,-1.364115958690842,-1.364115958690842
2025-12-30,-0.0013766142506543,-0.0,-0.0002728231917381684,-0.0,-0.0002728231917381684,0.0,0.0
2025-12-31,-0.0073848674342489,-0.0,-0.0,-0.0,-0.0,0.0,0.0
2026-01-02,0.0018929140261167,0.0,0.0,0.0,0.0,0.0,0.0
2026-01-05,0.0063340245110516,0.0,0.0,0.0,0.0,0.0,0.0
2026-01-06,0.0061775920038922,0.0,0.0,0.0,0.0,0.0,0.0
2026-01-07,-0.0034458535710086,-0.0,-0.0,-0.0,-0.0,0.0,0.0
2026-01-08,7.654532942247272e-05,0.0,0.0,0.0,0.0,0.0,0.0
2026-01-09,0.0064546111383201,0.0,0.0,0.0,0.0,0.0,0.0
2026-01-12,0.0015763900591814,0.0,0.0,0.0,0.0,0.0,0.0
2026-01-13,-0.0019410055882076,-0.0,-0.0,-0.0,-0.0,0.0,0.0
2026-01-14,-0.0053476335841349,-0.0,-0.0,-0.0,-0.0,0.0,0.0
2026-01-15,0.0025766039204437,0.0,0.0,0.0,0.0,0.0,0.0
2026-01-16,-0.0006425086684505,-0.0,-0.0,-0.0,-0.0,0.0,0.0
2026-01-20,-0.0208424609532613,-0.0,-0.0,-0.0,-0.0,0.0,0.0
2026-01-21,0.0115211176335598,0.011295517994629951,0.011099434275083033,0.011295517994629951,0.011099434275083033,0.9804185977345895,0.9804185977345895
2026-01-22,0.0054725007079028,0.005664560064448419,0.005653206911093409,0.005664560064448419,0.005653206911093409,1.0350953552675228,1.0350953552675228
2026-01-23,0.0003268164274814,0.0,-0.00020701907105350457,0.0,-0.00020701907105350457,0.0,0.0
2026-01-26,0.0049935942601599,0.0,0.0,0.0,0.0,0.0,0.0
2026-01-27,0.0040735878404412,0.0,0.0,0.0,0.0,0.0,0.0
2026-01-28,-8.172639170034302e-05,-0.0,-0.0,-0.0,-0.0,0.0,0.0
2026-01-29,-0.001293467442462,-0.0,-0.0,-0.0,-0.0,0.0,0.0
2026-01-30,-0.0043111794144579,-0.0,-0.0,-0.0,-0.0,0.0,0.0
2026-02-02,0.0053767852773631,0.0,0.0,0.0,0.0,0.0,0.0
2026-02-03,-0.0084394955906628,-0.0,-0.0,-0.0,-0.0,0.0,0.0
2026-02-04,-0.0050853001550148,-0.0,-0.0,-0.0,-0.0,0.0,0.0
2026-02-05,-0.0123266778538315,-0.0,-0.0,-0.0,-0.0,0.0,0.0
2026-02-06,0.0195043442822004,0.01891427717425585,0.01872032779661369,0.01891427717425585,0.01872032779661369,0.9697468882107951,0.9697468882107951
2026-02-09,0.0046801178601221,0.0,-0.00019394937764215904,0.0,-0.00019394937764215904,0.0,0.0
2026-02-10,-0.003309182284509,-0.0,-0.0,-0.0,-0.0,0.0,0.0
2026-02-11,-4.895726995002292e-05,-0.0,-0.0,-0.0,-0.0,0.0,0.0
2026-02-12,-0.0157849413861175,-0.0,-0.0,-0.0,-0.0,0.0,0.0
2026-02-13,0.0004989646444464,0.0,0.0,0.0,0.0,0.0,0.0
2026-02-17,0.0010307906306561,0.0,0.0,0.0,0.0,0.0,0.0
2026-02-18,0.0055506368211357,0.0,0.0,0.0,0.0,0.0,0.0
2026-02-19,-0.0028261153915352,-0.0,-0.0,-0.0,-0.0,0.0,0.0
2026-02-20,0.0069157557021739,0.0,0.0,0.0,0.0,0.0,0.0
2026-02-23,-0.010439959471455,-0.0,-0.0,-0.0,-0.0,0.0,0.0
2026-02-24,0.007622488962383,0.0,0.0,0.0,0.0,0.0,0.0
2026-02-25,0.0081034339701293,0.0,0.0,0.0,0.0,0.0,0.0
2026-02-26,-0.0053800269955672,-0.0,-0.0,-0.0,-0.0,0.0,0.0
2026-02-27,-0.0043487951280365,-0.0,-0.0,-0.0,-0.0,0.0,0.0
2026-03-02,0.0003982754131346,0.0,0.0,0.0,0.0,0.0,0.0
2026-03-03,-0.0094889087313116,-0.0,-0.0,-0.0,-0.0,0.0,0.0
2026-03-04,0.0077261257401488,0.0,0.0,0.0,0.0,0.0,0.0
2026-03-05,-0.0056627077727036,-0.0,-0.0,-0.0,-0.0,0.0,0.0
2026-03-06,-0.0133657204324961,-0.0,-0.0,-0.0,-0.0,0.0,0.0
2026-03-09,0.008269871665389,-0.007134515542981037,-0.007307057895067112,0.0,0.0,-0.8627117604303768,0.0
2026-03-10,-0.0021374025058875,-0.0,-0.00017254235208607536,-0.0,-0.0,0.0,0.0
2026-03-11,-0.0008379521856358,-0.0,-0.0,-0.0,-0.0,0.0,0.0
2026-03-12,-0.0153448081894929,-0.0,-0.0,-0.0,-0.0,0.0,0.0
2026-03-13,-0.0060775463985027,0.0049848193986889375,0.00482077887733917,-0.0,-0.0,-0.8202026067488397,0.0
2026-03-16,0.0100799097468193,0.0,-0.00016404052134976794,0.0,0.0,0.0,0.0
2026-03-17,0.0024911493849533,0.0,0.0,0.0,0.0,0.0,0.0
2026-03-18,-0.0137009993837313,-0.0,-0.0,-0.0,-0.0,0.0,0.0
2026-03-19,-0.0027525826238985,0.002182801804230576,0.0020242015293266344,-0.0,-0.0,-0.7930013745197084,0.0
2026-03-20,-0.0152539343077702,0.01241073798908172,0.012406616467252083,-0.0,-0.0,-0.8136089836678932,0.0
2026-03-23,0.0113881090950727,-0.00811808020028042,-0.008138230826813446,0.00811808020028042,0.007975509030079866,-0.7128558510027688,0.7128558510027688
2026-03-24,-0.00374959545932,-0.0,-0.00014257117020055377,-0.0028451522864508328,-0.0028543389427848147,0.0,0.7587891326726776
2026-03-25,0.0054044937599488,0.0,0.0,0.004169445252045464,0.004166907581638396,0.0,0.7714774847080154
2026-03-26,-0.0175594409612092,-0.0,-0.0,-0.014411372806545909,-0.014421221177719268,0.0,0.8207193405748091
2026-03-27,-0.0168632319460506,0.011757469985489377,0.011618024948819014,-0.011757469985489377,-0.011782168816933974,-0.6972251833518188,0.6972251833518188
2026-03-30,-0.003953553833357,0.002449030850721684,0.0024334759116166386,-0.002449030850721684,-0.0024645857898267297,-0.6194504878265914,0.6194504878265914
2026-03-31,0.0287148933098002,-0.018289256952610678,-0.018292752018941257,0.018289256952610678,0.0182857618862801,-0.6369258194794921,0.6369258194794921
2026-04-01,0.0071429450037587,0.0,-0.00012738516389589844,0.004838405435970636,0.004830316914056981,0.0,0.6773684290477683
2026-04-02,0.0011202481362371,0.0,0.0,0.0008094723632648118,0.0008004294304645242,0.0,0.7225830930492058
2026-04-06,0.0044170131316043,-0.003403443552233807,-0.0035575496619884616,0.003403443552233807,0.003393854061088994,-0.7705305487732713,0.7705305487732713
2026-04-07,0.0007589600331279,-0.0006222795350704337,-0.000632155587197436,0.0,-0.00015410610975465428,-0.819910809408283,0.0
2026-04-08,0.0247720383571845,-0.021599654894771586,-0.021610060117434788,0.0,0.0,-0.8719369227242922,0.0
2026-04-09,0.0061510668695135,-0.005660915738133548,-0.005670591244083043,-0.005660915738133548,-0.005844978628627901,-0.9203144524717679,-0.9203144524717679
2026-04-10,-0.0011391696991402,0.0011105640215420306,0.0010996491098037159,0.0011105640215420306,0.0010996491098037159,-0.9748890111633414,-0.9748890111633414
2026-04-13,0.0101218754937413,-0.010236886844442216,-0.010244316842315537,-0.010236886844442216,-0.010244316842315537,-1.011362652185559,-1.011362652185559
2026-04-14,0.0117139889161439,-0.012506748952080884,-0.012518817362877832,-0.012506748952080884,-0.012518817362877832,-1.0676763518910646,-1.0676763518910646
2026-04-15,0.0079441449115655,-0.008935169262755121,-0.008948068905324546,-0.008935169262755121,-0.008948068905324546,-1.1247490273933494,-1.1247490273933494
2026-04-16,0.0026065558152854,-0.0030886112784803865,-0.0031028510608686615,-0.0030886112784803865,-0.0031028510608686615,-1.1849396281361444,-1.1849396281361444
2026-04-17,0.011968553928737,-0.014956261066681364,-0.01497217087401978,-0.014956261066681364,-0.01497217087401978,-1.249629751073833,-1.249629751073833
2026-04-20,-0.0023771959102507,0.0031137986865869957,0.0030980633948044763,0.0031137986865869957,0.0030980633948044763,-1.309862040886068,-1.309862040886068
2026-04-21,-0.006368453580853,0.008328849930893082,0.00832477874057674,0.008328849930893082,0.00832477874057674,-1.3078292595135008,-1.3078292595135008
2026-04-22,0.0104057560115364,-0.012537256756491814,-0.012560293438608285,-0.012537256756491814,-0.012560293438608285,-1.2048386241799551,-1.2048386241799551
2026-04-23,-0.0041414321709396,-0.0,-0.00024096772483599103,-0.0,-0.00024096772483599103,0.0,0.0
2026-04-24,0.0079420679176323,0.0,0.0,0.0,0.0,0.0,0.0
2026-04-27,0.0012316180005509,0.0,0.0,0.0,0.0,0.0,0.0
2026-04-28,-0.0049061878687961,-0.0,-0.0,-0.0,-0.0,0.0,0.0
2026-04-29,-0.0003992517435129,-0.0,-0.0,-0.0,-0.0,0.0,0.0
2026-04-30,0.0101861841681056,0.0,0.0,0.0,0.0,0.0,0.0
2026-05-01,0.0029240496865217,0.0,0.0,0.0,0.0,0.0,0.0
2026-05-04,-0.0040704624878422,-0.0,-0.0,-0.0,-0.0,0.0,0.0
2026-05-05,0.0080872273805763,0.0,0.0,0.0,0.0,0.0,0.0
2026-05-06,0.0144829443277458,0.0,0.0,0.0,0.0,0.0,0.0
2026-05-07,-0.0038103454826785,0.005804178200658292,0.005493295171992757,0.005804178200658292,0.005493295171992757,-1.523268225163199,-1.523268225163199
2026-05-08,0.0083904054290329,-0.01219098475981976,-0.012210437411864556,-0.01219098475981976,-0.012210437411864556,-1.452967304492332,-1.452967304492332
2026-05-11,0.0018781917406744,-0.0028545401148543847,-0.0028741020045978194,-0.0028545401148543847,-0.0028741020045978194,-1.519834238984252,-1.519834238984252
2026-05-12,-0.0016038944114082,0.0025569775514319147,0.002535024105208383,0.0025569775514319147,0.002535024105208383,-1.594230600995061,-1.594230600995061
2026-05-13,0.0058322060629958,-0.009309841301612437,-0.009317350021978187,-0.009309841301612437,-0.009317350021978187,-1.596281270080896,-1.596281270080896
2026-05-14,0.0076264491437392,-0.01272479993118922,-0.012747203942567778,-0.01272479993118922,-0.012747203942567778,-1.668509117593136,-1.668509117593136
2026-05-15,-0.0124403817877301,0.021639905890107853,0.021616906496749504,0.021639905890107853,0.021616906496749504,-1.7394888886329203,-1.7394888886329203
2026-05-18,-0.000735938592566,-0.0,-0.0003478977777265841,-0.0,-0.0003478977777265841,0.0,0.0
2026-05-19,-0.0067007205566707,-0.0,-0.0,-0.0,-0.0,0.0,0.0
2026-05-20,0.0107342080663261,0.013097540020708244,0.012850885317165994,0.013097540020708244,0.012850885317165994,1.2201682639072433,1.2201682639072433
2026-05-21,0.001713860931666,0.0,-0.0002440336527814487,0.0,-0.0002440336527814487,0.0,0.0
2026-05-22,0.0037200452843411,0.0,0.0,0.0,0.0,0.0,0.0
2026-05-26,0.0060896806231465,0.0,0.0,0.0,0.0,0.0,0.0
2026-05-27,0.0001648655536197,0.0,0.0,0.0,0.0,0.0,0.0
2026-05-28,0.0057372272122169,0.0,0.0,0.0,0.0,0.0,0.0
2026-05-29,0.0021699047314864,0.0,0.0,0.0,0.0,0.0,0.0
2026-06-01,0.0026218560604913,0.0,0.0,0.0,0.0,0.0,0.0
2026-06-02,0.0012912549125889,0.0,0.0,0.0,0.0,0.0,0.0
2026-06-03,-0.0073993488920685,-0.0,-0.0,-0.0,-0.0,0.0,0.0
2026-06-04,0.0040467623691871,0.0,0.0,0.0,0.0,0.0,0.0
2026-06-05,-0.0268013303153598,-0.0,-0.0,-0.0,-0.0,0.0,0.0
2026-06-08,0.0029737052076601,0.0025876275011385503,0.002413593606018552,0.0025876275011385503,0.002413593606018552,0.8701694755999906,0.8701694755999906
2026-06-09,-0.0025797185926208,-0.0023838084829600034,-0.0023945861009855717,-0.0023838084829600034,-0.0023945861009855717,0.9240575657278313,0.9240575657278313
2026-06-10,-0.016332095868206,-0.015379142747070484,-0.015382661536063413,-0.015379142747070484,-0.015382661536063413,0.9416515106924733,0.9416515106924733
2026-06-11,0.0173671989134636,0.013644041296399971,0.013612835253209448,0.013644041296399971,0.013612835253209448,0.7856212947398604,0.7856212947398604
2026-06-12,0.0050129281271615,0.0,-0.00015712425894797208,0.0,-0.00015712425894797208,0.0,0.0
2026-06-15,0.0163932841385818,0.0,0.0,0.0,0.0,0.0,0.0
2026-06-16,-0.0057003960392734,0.005319937485421288,0.0051332859809023355,0.005319937485421288,0.0051332859809023355,-0.9332575225947622,-0.9332575225947622
2026-06-17,-0.0122226756033594,0.01110745147063458,0.011102551520866566,0.01110745147063458,0.011102551520866566,-0.9087577737546843,-0.9087577737546843
2026-06-18,0.010787813962926,0.0,-0.00018175155475093685,0.0,-0.00018175155475093685,0.0,0.0
2026-06-22,-0.0037119326849772,-0.0,-0.0,-0.0,-0.0,0.0,0.0
2026-06-23,-0.0144669283860974,-0.0,-0.0,-0.0,-0.0,0.0,0.0
2026-06-24,-0.0009834153677328,-0.0,-0.0,-0.0,-0.0,0.0,0.0
2026-06-25,-9.921104004639858e-05,-0.0,-0.0,-0.0,-0.0,0.0,0.0
2026-06-26,-0.0004717686829192,-0.0,-0.0,-0.0,-0.0,0.0,0.0
2026-06-29,0.0116815613593459,0.0,0.0,0.0,0.0,0.0,0.0
2026-06-30,0.0078889988381476,0.0,0.0,0.0,0.0,0.0,0.0
2026-07-01,-0.002153150985551,-0.0,-0.0,-0.0,-0.0,0.0,0.0
2026-07-02,1.3702504482182576e-06,0.0,0.0,0.0,0.0,0.0,0.0
2026-07-06,0.0072154138304441,0.0,0.0,0.0,0.0,0.0,0.0
2026-07-07,-0.0044650632531855,-0.0,-0.0,-0.0,-0.0,0.0,0.0
2026-07-08,-0.0028212145626138,-0.0,-0.0,-0.0,-0.0,0.0,0.0
2026-07-09,0.0081098216571575,0.0,0.0,0.0,0.0,0.0,0.0
2026-07-10,0.0042000109925712,0.0,0.0,0.0,0.0,0.0,0.0
2026-07-13,-0.0079586090280425,-0.0,-0.0,-0.0,-0.0,0.0,0.0
2026-07-14,0.0037519310768825,0.0,0.0,0.0,0.0,0.0,0.0
2026-07-15,0.003811869942055,0.0,0.0,0.0,0.0,0.0,0.0
2026-07-16,-0.0051144621327665,-0.0,-0.0,-0.0,-0.0,0.0,0.0
2026-07-17,-0.0101498761921128,-0.0,-0.0,-0.0,-0.0,0.0,0.0
2026-07-20,-0.0019341238867802,-0.0,-0.0,-0.0,-0.0,0.0,0.0
2026-07-21,0.0088173784322123,0.0,0.0,0.0,0.0,0.0,0.0
2026-07-22,-0.001364622426399,-0.0,-0.0,-0.0,-0.0,0.0,0.0
2026-07-23,-0.0121633721312761,-0.0,-0.0,-0.0,-0.0,0.0,0.0
2026-07-24,0.0004966405371877,0.0,0.0,0.0,0.0,0.0,0.0
2026-07-27,0.0001619133017758,0.0,0.0,0.0,0.0,0.0,0.0
2026-07-28,0.0021020963754594,0.0,0.0,0.0,0.0,0.0,0.0
2026-07-29,-0.0152773971570727,-0.0,-0.0,-0.0,-0.0,0.0,0.0
2026-07-30,0.0164680139770556,0.0,0.0,0.0,0.0,0.0,0.0
2026-07-31,0.0069792083833792,0.0,0.0,0.0,0.0,0.0,0.0
2026-08-03,0.0146825922639965,0.0,0.0,0.0,0.0,0.0,0.0
2026-08-04,0.0177379420151861,-0.01915208872855104,-0.01936898270770248,-0.01915208872855104,-0.01936898270770248,-1.079724395995558,-1.079724395995558
2026-08-05,-0.0016778990048802,0.0019031610389348382,0.0018906571869804687,0.0019031610389348382,0.0018906571869804687,-1.1342524391512596,-1.1342524391512596
2026-08-06,-0.001761083184407,0.002038972986557245,0.0020323860008588193,0.002038972986557245,0.0020323860008588193,-1.1577948188993796,-1.1577948188993796
2026-08-07,0.0061651874247115,-0.007266455089774879,-0.007272747994281001,-0.007266455089774879,-0.007272747994281001,-1.1786267941586404,-1.1786267941586404
2026-08-10,-0.0005841462941909,-0.0,-0.00023572535883172808,-0.0,-0.00023572535883172808,0.0,0.0
2026-08-11,-0.0032180337931322,-0.0,-0.0,-0.0,-0.0,0.0,0.0
2026-08-12,0.0026232744800278,0.0,0.0,0.0,0.0,0.0,0.0
2026-08-13,0.0064949919385863,0.0,0.0,0.0,0.0,0.0,0.0
2026-08-14,-0.0016978741305937,-0.0,-0.0,-0.0,-0.0,0.0,0.0
2026-08-17,-0.0052411657156081,-0.0,-0.0,-0.0,-0.0,0.0,0.0
2026-08-18,-0.0069056328168422,-0.0,-0.0,-0.0,-0.0,0.0,0.0
2026-08-19,0.0021065577872612,0.0,0.0,0.0,0.0,0.0,0.0
2026-08-20,-0.0087067087458088,-0.0,-0.0,-0.0,-0.0,0.0,0.0
2026-08-21,0.0043367761213097,0.0,0.0,0.0,0.0,0.0,0.0
2026-08-24,-0.0028068043678342,-0.0,-0.0,-0.0,-0.0,0.0,0.0
