date,window_start,window_end,window_length,beta,pinned,accepted,convergence_flag
1991-12-24,1990-01-03,1991-12-23,500,0.974023550233085,False,True,0
1991-12-26,1990-01-03,1991-12-24,501,0.9741050227780701,False,True,0
1991-12-27,1990-01-03,1991-12-26,502,0.9739497593077007,False,True,0
1991-12-30,1990-01-03,1991-12-27,503,0.9740445129746149,False,True,0
1991-12-31,1990-01-03,1991-12-30,504,0.9743113766601766,False,True,0
1992-01-02,1990-01-03,1991-12-31,505,0.9744237567206233,False,True,0
1992-01-03,1990-01-03,1992-01-02,506,0.9744244070419007,False,True,0
1992-01-06,1990-01-03,1992-01-03,507,0.9744646497630346,False,True,0
1992-01-07,1990-01-03,1992-01-06,508,0.9742423086848739,False,True,0
1992-01-08,1990-01-03,1992-01-07,509,0.974163785553204,False,True,0
1992-01-09,1990-01-03,1992-01-08,510,0.9742386798308285,False,True,0
1992-01-10,1990-01-03,1992-01-09,511,0.9741524997363796,False,True,0
1992-01-13,1990-01-03,1992-01-10,512,0.9739319897883627,False,True,0
1992-01-14,1990-01-03,1992-01-13,513,0.9741761229801466,False,True,0
1992-01-15,1990-01-03,1992-01-14,514,0.9729932135947688,False,True,0
1992-01-16,1990-01-03,1992-01-15,515,0.9734126143235589,False,True,0
1992-01-17,1990-01-03,1992-01-16,516,0.9731535486998928,False,True,0
1992-01-20,1990-01-03,1992-01-17,517,0.9738746796685734,False,True,0
1992-01-21,1990-01-03,1992-01-20,518,0.9736264261273238,False,True,0
1992-01-22,1990-01-03,1992-01-21,519,0.9726709586077933,False,True,0
1992-01-23,1990-01-03,1992-01-22,520,0.9701813632499771,False,True,0
1992-01-24,1990-01-03,1992-01-23,521,0.9695877704250109,False,True,0
1992-01-27,1990-01-03,1992-01-24,522,0.9710859818547376,False,True,0
1992-01-28,1990-01-03,1992-01-27,523,0.9722457908440488,False,True,0
1992-01-29,1990-01-03,1992-01-28,524,0.9734390959880038,False,True,0
1992-01-30,1990-01-03,1992-01-29,525,0.9717602992305535,False,True,0
1992-01-31,1990-01-03,1992-01-30,526,0.9730829015565617,False,True,0
1992-02-03,1990-01-03,1992-01-31,527,0.9727914464927834,False,True,0
1992-02-04,1990-01-03,1992-02-03,528,0.9742514271674788,False,True,0
1992-02-05,1990-01-03,1992-02-04,529,0.9729503529425763,False,True,0
1992-02-06,1990-01-03,1992-02-05,530,0.9741234620174136,False,True,0
1992-02-07,1990-01-03,1992-02-06,531,0.9752078136439133,False,True,0
1992-02-10,1990-01-03,1992-02-07,532,0.9749332045749856,False,True,0
1992-02-11,1990-01-03,1992-02-10,533,0.9750858711359488,False,True,0
1992-02-12,1990-01-03,1992-02-11,534,0.9761434527137248,False,True,0
1992-02-13,1990-01-03,1992-02-12,535,0.9756989098946515,False,True,0
1992-02-14,1990-01-03,1992-02-13,536,0.9749789061685916,False,True,0
1992-02-18,1990-01-03,1992-02-14,537,0.9757374136330372,False,True,0
1992-02-19,1990-01-03,1992-02-18,538,0.9737707804786321,False,True,0
1992-02-20,1990-01-03,1992-02-19,539,0.9752021830846955,False,True,0
1992-02-21,1990-01-03,1992-02-20,540,0.9727584972022443,False,True,0
1992-02-24,1990-01-03,1992-02-21,541,0.9728660361681515,False,True,0
1992-02-25,1990-01-03,1992-02-24,542,0.9741058252722533,False,True,0
1992-02-26,1990-01-03,1992-02-25,543,0.9745799135418265,False,True,0
1992-02-27,1990-01-03,1992-02-26,544,0.9730851213038818,False,True,0
1992-02-28,1990-01-03,1992-02-27,545,0.9736814316999118,False,True,0
1992-03-02,1990-01-03,1992-02-28,546,0.9744326294338423,False,True,0
1992-03-03,1990-01-03,1992-03-02,547,0.9754553704260728,False,True,0
1992-03-04,1990-01-03,1992-03-03,548,0.976465131759712,False,True,0
1992-03-05,1990-01-03,1992-03-04,549,0.9757990082167849,False,True,0
1992-03-06,1990-01-03,1992-03-05,550,0.9756302603037675,False,True,0
1992-03-09,1990-01-03,1992-03-06,551,0.9760410827611183,False,True,0
1992-03-10,1990-01-03,1992-03-09,552,0.9772343582905851,False,True,0
1992-03-11,1990-01-03,1992-03-10,553,0.9780081495736994,False,True,0
1992-03-12,1990-01-03,1992-03-11,554,0.9777987824099862,False,True,0
1992-03-13,1990-01-03,1992-03-12,555,0.9788870698944624,False,True,0
1992-03-16,1990-01-03,1992-03-13,556,0.9794442658900633,False,True,0
1992-03-17,1990-01-03,1992-03-16,557,0.9803573853111148,False,True,0
1992-03-18,1990-01-03,1992-03-17,558,0.9801039057806182,False,True,0
1992-03-19,1990-01-03,1992-03-18,559,0.980788099475393,False,True,0
1992-03-20,1990-01-03,1992-03-19,560,0.9815076095926067,False,True,0
1992-03-23,1990-01-03,1992-03-20,561,0.9819860288066768,False,True,0
1992-03-24,1990-01-03,1992-03-23,562,0.9822604136407794,False,True,0
1992-03-25,1990-01-03,1992-03-24,563,0.9827110595733355,False,True,0
1992-03-26,1990-01-03,1992-03-25,564,0.9830502209942377,False,True,0
1992-03-27,1990-01-03,1992-03-26,565,0.9838250644287204,False,True,0
1992-03-30,1990-01-03,1992-03-27,566,0.9827439914759137,False,True,0
1992-03-31,1990-01-03,1992-03-30,567,0.9836612165170291,False,True,0
1992-04-01,1990-01-03,1992-03-31,568,0.9845776438945667,False,True,0
1992-04-02,1990-01-03,1992-04-01,569,0.9854460249085115,False,True,0
1992-04-03,1990-01-03,1992-04-02,570,0.9845131368155412,False,True,0
1992-04-06,1990-01-03,1992-04-03,571,0.9853905033623871,False,True,0
1992-04-07,1990-01-03,1992-04-06,572,0.9842068801186276,False,True,0
1992-04-08,1990-01-03,1992-04-07,573,0.9818199015240998,False,True,0
1992-04-09,1990-01-03,1992-04-08,574,0.9810237477421905,False,True,0
1992-04-10,1990-01-03,1992-04-09,575,0.9778766778683728,False,True,0
1992-04-13,1990-01-03,1992-04-10,576,0.9773816717529813,False,True,0
1992-04-14,1990-01-03,1992-04-13,577,0.9782350820783025,False,True,0
1992-04-15,1990-01-03,1992-04-14,578,0.9758663630438754,False,True,0
1992-04-16,1990-01-03,1992-04-15,579,0.9753600875262738,False,True,0
1992-04-20,1990-01-03,1992-04-16,580,0.9762165292437609,False,True,0
1992-04-21,1990-01-03,1992-04-20,581,0.9746942045498834,False,True,0
1992-04-22,1990-01-03,1992-04-21,582,0.9758350784984781,False,True,0
1992-04-23,1990-01-03,1992-04-22,583,0.9767536654280058,False,True,0
1992-04-24,1990-01-03,1992-04-23,584,0.977356788681084,False,True,0
1992-04-27,1990-01-03,1992-04-24,585,0.9773489291641692,False,True,0
1992-04-28,1990-01-03,1992-04-27,586,0.9781300372106294,False,True,0
1992-04-29,1990-01-03,1992-04-28,587,0.9789187544028459,False,True,0
1992-04-30,1990-01-03,1992-04-29,588,0.9789218629286698,False,True,0
1992-05-01,1990-01-03,1992-04-30,589,0.9789229773742711,False,True,0
1992-05-04,1990-01-03,1992-05-01,590,0.9788851555466498,False,True,0
1992-05-05,1990-01-03,1992-05-04,591,0.9782444221439506,False,True,0
1992-05-06,1990-01-03,1992-05-05,592,0.9788000697899049,False,True,0
1992-05-07,1990-01-03,1992-05-06,593,0.9792776373666846,False,True,0
1992-05-08,1990-01-03,1992-05-07,594,0.9795566178529757,False,True,0
1992-05-11,1990-01-03,1992-05-08,595,0.9800005911658773,False,True,0
1992-05-12,1990-01-03,1992-05-11,596,0.9800835351519553,False,True,0
1992-05-13,1990-01-03,1992-05-12,597,0.9799980319459243,False,True,0
1992-05-14,1990-01-03,1992-05-13,598,0.9804653228449756,False,True,0
1992-05-15,1990-01-03,1992-05-14,599,0.9800984619534382,False,True,0
1992-05-18,1990-01-03,1992-05-15,600,0.9797608681185395,False,True,0
1992-05-19,1990-01-03,1992-05-18,601,0.979820726704712,False,True,0
1992-05-20,1990-01-03,1992-05-19,602,0.9794366625870617,False,True,0
1992-05-21,1990-01-03,1992-05-20,603,0.9799267877991549,False,True,0
1992-05-22,1990-01-03,1992-05-21,604,0.9797186271917373,False,True,0
1992-05-26,1990-01-03,1992-05-22,605,0.9803700030669167,False,True,0
1992-05-27,1990-01-03,1992-05-26,606,0.9802421046172481,False,True,0
1992-05-28,1990-01-03,1992-05-27,607,0.9810660373371224,False,True,0
1992-05-29,1990-01-03,1992-05-28,608,0.9801072563969603,False,True,0
1992-06-01,1990-01-03,1992-05-29,609,0.9804862866758091,False,True,0
1992-06-02,1990-01-03,1992-06-01,610,0.9808753831829983,False,True,0
1992-06-03,1990-01-03,1992-06-02,611,0.9802253462471345,False,True,0
1992-06-04,1990-01-03,1992-06-03,612,0.9810164770525681,False,True,0
1992-06-05,1990-01-03,1992-06-04,613,0.9814760440379022,False,True,0
1992-06-08,1990-01-03,1992-06-05,614,0.9822620700659347,False,True,0
1992-06-09,1990-01-03,1992-06-08,615,0.982925920996307,False,True,0
1992-06-10,1990-01-03,1992-06-09,616,0.9824794232254155,False,True,0
1992-06-11,1990-01-03,1992-06-10,617,0.9822634198724163,False,True,0
1992-06-12,1990-01-03,1992-06-11,618,0.9828167745163524,False,True,0
1992-06-15,1990-01-03,1992-06-12,619,0.9836015347415963,False,True,0
1992-06-16,1990-01-03,1992-06-15,620,0.9843150789078081,False,True,0
1992-06-17,1990-01-03,1992-06-16,621,0.984415881176284,False,True,0
1992-06-18,1990-01-03,1992-06-17,622,0.9828411002653181,False,True,0
1992-06-19,1990-01-03,1992-06-18,623,0.9836096227105564,False,True,0
1992-06-22,1990-01-03,1992-06-19,624,0.9837216238606625,False,True,0
1992-06-23,1990-01-03,1992-06-22,625,0.9846449436338601,False,True,0
1992-06-24,1990-01-03,1992-06-23,626,0.9854719320415897,False,True,0
1992-06-25,1990-01-03,1992-06-24,627,0.9861818011424115,False,True,0
1992-06-26,1990-01-03,1992-06-25,628,0.9867086197090308,False,True,0
1992-06-29,1990-01-03,1992-06-26,629,0.9873099867485658,False,True,0
1992-06-30,1990-01-03,1992-06-29,630,0.9861610208157855,False,True,0
1992-07-01,1990-01-03,1992-06-30,631,0.9865749100999576,False,True,0
1992-07-02,1990-01-03,1992-07-01,632,0.9856914918284914,False,True,0
1992-07-06,1990-01-03,1992-07-02,633,0.9860171219787488,False,True,0
1992-07-07,1990-01-03,1992-07-06,634,0.9862235190715659,False,True,0
1992-07-08,1990-01-03,1992-07-07,635,0.9853978299639125,False,True,0
1992-07-09,1990-01-03,1992-07-08,636,0.9860869247639091,False,True,0
1992-07-10,1990-01-03,1992-07-09,637,0.9853843660862981,False,True,0
1992-07-13,1990-01-03,1992-07-10,638,0.986085529711234,False,True,0
1992-07-14,1990-01-03,1992-07-13,639,0.9867052043074914,False,True,0
1992-07-15,1990-01-03,1992-07-14,640,0.9866025426109678,False,True,0
1992-07-16,1990-01-03,1992-07-15,641,0.9870248530155896,False,True,0
1992-07-17,1990-01-03,1992-07-16,642,0.9875122676554006,False,True,0
1992-07-20,1990-01-03,1992-07-17,643,0.9875107035708368,False,True,0
1992-07-21,1990-01-03,1992-07-20,644,0.9875663899505628,False,True,0
1992-07-22,1990-01-03,1992-07-21,645,0.9881555583104857,False,True,0
1992-07-23,1990-01-03,1992-07-22,646,0.9878423893080411,False,True,0
1992-07-24,1990-01-03,1992-07-23,647,0.9884004635040647,False,True,0
1992-07-27,1990-01-03,1992-07-24,648,0.9889314785395609,False,True,0
1992-07-28,1990-01-03,1992-07-27,649,0.9894729827787841,False,True,0
1992-07-29,1990-01-03,1992-07-28,650,0.9881637280338812,False,True,0
1992-07-30,1990-01-03,1992-07-29,651,0.9870813481070324,False,True,0
1992-07-31,1990-01-03,1992-07-30,652,0.9874230849644321,False,True,0
1992-08-03,1990-01-03,1992-07-31,653,0.9880082142153715,False,True,0
1992-08-04,1990-01-03,1992-08-03,654,0.9884755400426594,False,True,0
1992-08-05,1990-01-03,1992-08-04,655,0.9888172425609446,False,True,0
1992-08-06,1990-01-03,1992-08-05,656,0.9886883694875671,False,True,0
1992-08-07,1990-01-03,1992-08-06,657,0.9888500844058733,False,True,0
1992-08-10,1990-01-03,1992-08-07,658,0.9889961593245089,False,True,0
1992-08-11,1990-01-03,1992-08-10,659,0.989727852684931,False,True,0
1992-08-12,1990-01-03,1992-08-11,660,0.9903073460300164,False,True,0
1992-08-13,1990-01-03,1992-08-12,661,0.9906603616903716,False,True,0
1992-08-14,1990-01-03,1992-08-13,662,0.9912889156454395,False,True,0
1992-08-17,1990-01-03,1992-08-14,663,0.9912886556522644,False,True,0
1992-08-18,1990-01-03,1992-08-17,664,0.9917693126751521,False,True,0
1992-08-19,1990-01-03,1992-08-18,665,0.99223614097296,False,True,0
1992-08-20,1990-01-03,1992-08-19,666,0.9917019360134701,False,True,0
1992-08-21,1990-01-03,1992-08-20,667,0.9923713681359954,False,True,0
1992-08-24,1990-01-03,1992-08-21,668,0.9915922903447948,False,True,0
1992-08-25,1990-01-03,1992-08-24,669,0.9901169553969115,False,True,0
1992-08-26,1990-01-03,1992-08-25,670,0.9911586825167132,False,True,0
1992-08-27,1990-01-03,1992-08-26,671,0.9914999975690192,False,True,0
1992-08-28,1990-01-03,1992-08-27,672,0.9925086650661438,False,True,0
1992-08-31,1990-01-03,1992-08-28,673,0.9930764967813442,False,True,0
1992-09-01,1990-01-03,1992-08-31,674,0.9936600059784955,False,True,0
1992-09-02,1990-01-03,1992-09-01,675,0.9937308324876776,False,True,0
1992-09-03,1990-01-03,1992-09-02,676,0.9938742227809124,False,True,0
1992-09-04,1990-01-03,1992-09-03,677,0.9945459035270138,False,True,0
1992-09-08,1990-01-03,1992-09-04,678,0.9948978598734636,False,True,0
1992-09-09,1990-01-03,1992-09-08,679,0.994486488562543,False,True,0
1992-09-10,1990-01-03,1992-09-09,680,0.9945984070495096,False,True,0
1992-09-11,1990-01-03,1992-09-10,681,0.9935516237042785,False,True,0
1992-09-14,1990-01-03,1992-09-11,682,0.9942849319340882,False,True,0
1992-09-15,1990-01-03,1992-09-14,683,0.9920284137783555,False,True,0
1992-09-16,1990-01-03,1992-09-15,684,0.9896185514128949,False,True,0
1992-09-17,1990-01-03,1992-09-16,685,0.9909205954736484,False,True,0
1992-09-18,1990-01-03,1992-09-17,686,0.992161538827784,False,True,0
1992-09-21,1990-01-03,1992-09-18,687,0.9914444742510662,False,True,0
1992-09-22,1990-01-03,1992-09-21,688,0.9923289433419658,False,True,0
1992-09-23,1990-01-03,1992-09-22,689,0.9899196691822445,False,True,0
1992-09-24,1990-01-03,1992-09-23,690,0.9912917880705147,False,True,0
1992-09-25,1990-01-03,1992-09-24,691,0.992388024433246,False,True,0
1992-09-28,1990-01-03,1992-09-25,692,0.9905097138750033,False,True,0
1992-09-29,1990-01-03,1992-09-28,693,0.9907073850215766,False,True,0
1992-09-30,1990-01-03,1992-09-29,694,0.9920789119588777,False,True,0
1992-10-01,1990-01-03,1992-09-30,695,0.9932454021113225,False,True,0
1992-10-02,1990-01-03,1992-10-01,696,0.9938692030144867,False,True,0
1992-10-05,1990-01-03,1992-10-02,697,0.9906886739626416,False,True,0
1992-10-06,1990-01-03,1992-10-05,698,0.9902036977030226,False,True,0
1992-10-07,1990-01-03,1992-10-06,699,0.9916791090200991,False,True,0
1992-10-08,1990-01-03,1992-10-07,700,0.9911743240059667,False,True,0
1992-10-09,1990-01-03,1992-10-08,701,0.9902313009348043,False,True,0
1992-10-12,1990-01-03,1992-10-09,702,0.9881526824492416,False,True,0
1992-10-13,1990-01-03,1992-10-12,703,0.9865410832020143,False,True,0
1992-10-14,1990-01-03,1992-10-13,704,0.9872025869861656,False,True,0
1992-10-15,1990-01-03,1992-10-14,705,0.988289515099624,False,True,0
1992-10-16,1990-01-03,1992-10-15,706,0.9893488599151329,False,True,0
1992-10-19,1990-01-03,1992-10-16,707,0.9897010983400666,False,True,0
1992-10-20,1990-01-03,1992-10-19,708,0.9892811845592655,False,True,0
1992-10-21,1990-01-03,1992-10-20,709,0.9901927699907555,False,True,0
1992-10-22,1990-01-03,1992-10-21,710,0.9911385036714133,False,True,0
1992-10-23,1990-01-03,1992-10-22,711,0.9919015599880491,False,True,0
1992-10-26,1990-01-03,1992-10-23,712,0.9927301266013484,False,True,0
1992-10-27,1990-01-03,1992-10-26,713,0.9914593987848985,False,True,0
1992-10-28,1990-01-03,1992-10-27,714,0.9923770142267413,False,True,0
1992-10-29,1990-01-03,1992-10-28,715,0.9928989766103473,False,True,0
1992-10-30,1990-01-03,1992-10-29,716,0.9940328271816032,False,True,0
1992-11-02,1990-01-03,1992-10-30,717,0.9939406901423368,False,True,0
1992-11-03,1990-01-03,1992-11-02,718,0.9923228125166075,False,True,0
1992-11-04,1990-01-03,1992-11-03,719,0.9918813037460462,False,True,0
1992-11-05,1990-01-03,1992-11-04,720,0.9914999765478807,False,True,0
1992-11-06,1990-01-03,1992-11-05,721,0.992316416990163,False,True,0
1992-11-09,1990-01-03,1992-11-06,722,0.9932990437599636,False,True,0
1992-11-10,1990-01-03,1992-11-09,723,0.9898937414837237,False,True,9
1992-11-11,1990-01-03,1992-11-10,724,0.9995931052907052,False,False,9
1992-11-12,1990-01-03,1992-11-11,725,0.9999999849505032,True,False,9
1992-11-13,1990-01-03,1992-11-12,726,0.9999332504524844,True,False,0
1992-11-16,1990-01-03,1992-11-13,727,0.9988284996483083,False,False,0
1992-11-17,1990-01-03,1992-11-16,728,0.9999999991265495,True,False,4
1992-11-18,1990-01-03,1992-11-17,729,0.9998796722600033,False,False,9
1992-11-19,1990-01-03,1992-11-18,730,0.9999999989017772,True,False,4
1992-11-20,1990-01-03,1992-11-19,731,0.9992507995490496,False,False,9
1992-11-23,1990-01-03,1992-11-20,732,5.663531169013131e-17,False,False,9
1992-11-24,1990-01-03,1992-11-23,733,0.00970234668779276,False,False,0
1992-11-25,1990-01-03,1992-11-24,734,9.159221619259306e-06,False,False,4
1992-11-27,1990-01-03,1992-11-25,735,0.08633385646791031,False,False,0
1992-11-30,1990-01-03,1992-11-27,736,0.9996528178542908,False,False,4
1992-12-01,1990-01-03,1992-11-30,737,1.0,True,False,0
1992-12-02,1990-01-03,1992-12-01,738,2.5659628155344945e-05,False,False,0
1992-12-03,1990-01-03,1992-12-02,739,1.0,True,False,9
1992-12-04,1990-01-03,1992-12-03,740,0.8008740536053627,False,True,9
1992-12-07,1990-01-03,1992-12-04,741,0.8915324572905325,False,True,9
1992-12-08,1990-01-03,1992-12-07,742,0.9995652079896059,False,False,9
1992-12-09,1990-01-03,1992-12-08,743,5.819156057744226e-10,False,False,9
1992-12-10,1990-01-03,1992-12-09,744,0.9997968450032987,False,False,9
1992-12-11,1990-01-03,1992-12-10,745,0.9988104125467773,False,False,0
1992-12-14,1990-01-03,1992-12-11,746,0.942575948705581,False,False,0
1992-12-15,1990-01-03,1992-12-14,747,0.9995147574094871,False,False,0
1992-12-16,1990-01-03,1992-12-15,748,1.0,True,False,9
1992-12-17,1990-01-03,1992-12-16,749,0.9921391578342256,False,True,9
1992-12-18,1990-01-03,1992-12-17,750,4.813585022230165e-15,False,False,9
1992-12-21,1990-01-03,1992-12-18,751,0.7365804723746129,False,False,0
1992-12-22,1990-01-03,1992-12-21,752,0.9999964291109675,True,False,9
1992-12-23,1990-01-03,1992-12-22,753,0.9166800242067105,False,False,9
1992-12-24,1990-01-03,1992-12-23,754,0.9998190615205709,False,False,4
1992-12-28,1990-01-03,1992-12-24,755,7.931843051557227e-08,False,False,0
1992-12-29,1990-01-03,1992-12-28,756,0.2406193861810566,False,False,4
1992-12-30,1990-01-03,1992-12-29,757,0.9999999970493475,True,False,4
1992-12-31,1990-01-03,1992-12-30,758,0.37201691910074947,False,False,0
1993-01-04,1990-01-03,1992-12-31,759,0.9999164856013745,True,False,0
1993-01-05,1990-01-03,1993-01-04,760,0.9999771625377378,True,False,0
1993-01-06,1990-01-03,1993-01-05,761,0.0,False,False,4
1993-01-07,1990-01-03,1993-01-06,762,0.9992353484967536,False,False,9
1993-01-08,1990-01-03,1993-01-07,763,0.08649753166864639,False,False,9
1993-01-11,1990-01-03,1993-01-08,764,5.883171404475233e-18,False,False,9
1993-01-12,1990-01-03,1993-01-11,765,1.0,True,False,4
1993-01-13,1990-01-03,1993-01-12,766,4.497391485981596e-19,False,False,9
1993-01-14,1990-01-03,1993-01-13,767,0.9998929759337147,False,False,9
1993-01-15,1990-01-03,1993-01-14,768,0.0,False,False,9
1993-01-18,1990-01-03,1993-01-15,769,0.06263603222163586,False,True,9
1993-01-19,1990-01-03,1993-01-18,770,0.5989270849829406,False,False,9
1993-01-20,1990-01-03,1993-01-19,771,0.04276409590036808,False,False,9
1993-01-21,1990-01-03,1993-01-20,772,0.9997327264829559,False,False,0
1993-01-22,1990-01-03,1993-01-21,773,0.0,False,False,9
1993-01-25,1990-01-03,1993-01-22,774,0.9990532926268959,False,False,4
1993-01-26,1990-01-03,1993-01-25,775,0.8580669159891419,False,False,0
1993-01-27,1990-01-03,1993-01-26,776,0.9981929923532342,False,False,4
1993-01-28,1990-01-03,1993-01-27,777,0.0,False,True,9
1993-01-29,1990-01-03,1993-01-28,778,0.9054030690567597,False,False,0
1993-02-01,1990-01-03,1993-01-29,779,0.9995390144278201,False,False,0
1993-02-02,1990-01-03,1993-02-01,780,0.9990234270950824,False,False,4
1993-02-03,1990-01-03,1993-02-02,781,0.6999464305866789,False,False,9
1993-02-04,1990-01-03,1993-02-03,782,0.9886463923758506,False,True,0
1993-02-05,1990-01-03,1993-02-04,783,0.978421736865602,False,True,9
1993-02-08,1990-01-03,1993-02-05,784,0.9995196650067208,False,False,0
1993-02-09,1990-01-03,1993-02-08,785,0.0,False,False,9
1993-02-10,1990-01-03,1993-02-09,786,0.9998275544054981,False,False,0
1993-02-11,1990-01-03,1993-02-10,787,0.9440181244992967,False,False,0
1993-02-12,1990-01-03,1993-02-11,788,0.7957175917070538,False,True,4
1993-02-16,1990-01-03,1993-02-12,789,0.9999405469962747,True,False,9
1993-02-17,1990-01-03,1993-02-16,790,0.5098104988207897,False,False,4
1993-02-18,1990-01-03,1993-02-17,791,0.9990772878615451,False,False,0
1993-02-19,1990-01-03,1993-02-18,792,0.9995252173587965,False,False,9
1993-02-22,1990-01-03,1993-02-19,793,0.9999615392547736,True,False,9
1993-02-23,1990-01-03,1993-02-22,794,0.9816715601236977,False,True,9
1993-02-24,1990-01-03,1993-02-23,795,0.9999999417904205,True,False,4
1993-02-25,1990-01-03,1993-02-24,796,7.353958785237737e-14,False,False,0
1993-02-26,1990-01-03,1993-02-25,797,0.9999999999999993,True,False,9
1993-03-01,1990-01-03,1993-02-26,798,0.3626873920727,False,False,9
1993-03-02,1990-01-03,1993-03-01,799,0.5841510961601963,False,True,9
1993-03-03,1990-01-03,1993-03-02,800,1.0,True,False,4
1993-03-04,1990-01-03,1993-03-03,801,0.9988854138947292,False,True,0
1993-03-05,1990-01-03,1993-03-04,802,1.0,True,False,9
1993-03-08,1990-01-03,1993-03-05,803,0.9990572952179103,False,False,9
1993-03-09,1990-01-03,1993-03-08,804,0.9921019335523191,False,True,0
1993-03-10,1990-01-03,1993-03-09,805,0.9933243909562757,False,True,0
1993-03-11,1990-01-03,1993-03-10,806,0.9938009662412353,False,True,0
1993-03-12,1990-01-03,1993-03-11,807,0.993164765724352,False,True,0
1993-03-15,1990-01-03,1993-03-12,808,0.991679696437816,False,True,0
1993-03-16,1990-01-03,1993-03-15,809,0.9923088261770772,False,True,0
1993-03-17,1990-01-03,1993-03-16,810,0.9934396523066447,False,True,0
1993-03-18,1990-01-03,1993-03-17,811,0.9926794382836788,False,True,0
1993-03-19,1990-01-03,1993-03-18,812,0.9919565101075251,False,True,0
1993-03-22,1990-01-03,1993-03-19,813,0.9922976711362234,False,True,0
1993-03-23,1990-01-03,1993-03-22,814,0.9928797749063077,False,True,0
1993-03-24,1990-01-03,1993-03-23,815,0.9939225136495926,False,True,0
1993-03-25,1990-01-03,1993-03-24,816,0.9949722692403822,False,True,0
1993-03-26,1990-01-03,1993-03-25,817,0.9945899673698456,False,True,0
1993-03-29,1990-01-03,1993-03-26,818,0.9937903561915412,False,True,0
1993-03-30,1990-01-03,1993-03-29,819,0.9934772574812437,False,True,0
1993-03-31,1990-01-03,1993-03-30,820,0.9941967903721678,False,True,0
1993-04-01,1990-01-03,1993-03-31,821,0.99523428706441,False,True,0
1993-04-02,1990-01-03,1993-04-01,822,0.9959147104220689,False,True,0
1993-04-05,1990-01-03,1993-04-02,823,0.9925817409410447,False,True,0
1993-04-06,1990-01-03,1993-04-05,824,0.9934515499944659,False,True,0
1993-04-07,1990-01-03,1993-04-06,825,0.9941560545539158,False,True,0
1993-04-08,1990-01-03,1993-04-07,826,0.9948087533680012,False,True,0
1993-04-12,1990-01-03,1993-04-08,827,0.9957183860891501,False,True,0
1993-04-13,1990-01-03,1993-04-12,828,0.993349466423694,False,True,0
1993-04-14,1990-01-03,1993-04-13,829,0.9941118450102765,False,True,0
1993-04-15,1990-01-03,1993-04-14,830,0.9949333389476559,False,True,0
1993-04-16,1990-01-03,1993-04-15,831,0.9959900224816607,False,True,0
1993-04-19,1990-01-03,1993-04-16,832,0.9993851843831598,False,False,0
1993-04-20,1990-01-03,1993-04-19,833,0.9612154681183246,False,True,9
1993-04-21,1990-01-03,1993-04-20,834,0.999146183768261,False,False,0
1993-04-22,1990-01-03,1993-04-21,835,0.9991818020262309,False,False,9
1993-04-23,1990-01-03,1993-04-22,836,0.9964417854050018,False,True,0
1993-04-26,1990-01-03,1993-04-23,837,0.9963139949842337,False,True,0
1993-04-27,1990-01-03,1993-04-26,838,0.995421912712783,False,True,0
1993-04-28,1990-01-03,1993-04-27,839,0.9943552319389628,False,True,0
1993-04-29,1990-01-03,1993-04-28,840,0.9952107732507256,False,True,0
1993-04-30,1990-01-03,1993-04-29,841,0.9960301729732166,False,True,0
1993-05-03,1990-01-03,1993-04-30,842,0.996850559606471,False,True,0
1993-05-04,1990-01-03,1993-05-03,843,0.9970159605351494,False,True,0
1993-05-05,1990-01-03,1993-05-04,844,0.9993258923564581,False,False,9
1993-05-06,1990-01-03,1993-05-05,845,1.0,True,False,9
1993-05-07,1990-01-03,1993-05-06,846,0.9629372067559125,False,False,9
1993-05-10,1990-01-03,1993-05-07,847,1.6338197216216913e-11,False,False,0
1993-05-11,1990-01-03,1993-05-10,848,0.9991786886322518,False,False,9
1993-05-12,1990-01-03,1993-05-11,849,0.6792015433921382,False,False,4
1993-05-13,1990-01-03,1993-05-12,850,0.8999999999824391,False,False,9
1993-05-14,1990-01-03,1993-05-13,851,8.157442107780704e-15,False,False,0
1993-05-17,1990-01-03,1993-05-14,852,1.0,True,False,9
1993-05-18,1990-01-03,1993-05-17,853,0.9990069786234338,False,False,9
1993-05-19,1990-01-03,1993-05-18,854,0.9857703727068399,False,True,0
1993-05-20,1990-01-03,1993-05-19,855,0.7505326367144918,False,False,4
1993-05-21,1990-01-03,1993-05-20,856,0.9985513097706314,False,False,0
1993-05-24,1990-01-03,1993-05-21,857,0.9670054295663296,False,False,4
1993-05-25,1990-01-03,1993-05-24,858,9.68058399925672e-06,False,False,9
1993-05-26,1990-01-03,1993-05-25,859,0.8991130417440851,False,False,9
1993-05-27,1990-01-03,1993-05-26,860,0.9975009190926192,False,True,0
1993-05-28,1990-01-03,1993-05-27,861,0.9984863802108865,False,True,0
1993-06-01,1990-01-03,1993-05-28,862,0.9992317652902217,False,False,0
1993-06-02,1990-01-03,1993-06-01,863,0.9971859209031048,False,True,0
1993-06-03,1990-01-03,1993-06-02,864,1.0,True,False,9
1993-06-04,1990-01-03,1993-06-03,865,0.9660510188918509,False,False,9
1993-06-07,1990-01-03,1993-06-04,866,0.9047003871827252,False,True,9
1993-06-08,1990-01-03,1993-06-07,867,0.8059550974890352,False,False,0
1993-06-09,1990-01-03,1993-06-08,868,0.9977141454284739,False,True,0
1993-06-10,1990-01-03,1993-06-09,869,0.0,False,False,9
1993-06-11,1990-01-03,1993-06-10,870,0.9986090877542638,False,True,0
1993-06-14,1990-01-03,1993-06-11,871,0.0,False,False,4
1993-06-15,1990-01-03,1993-06-14,872,0.9909071765024954,False,False,0
1993-06-16,1990-01-03,1993-06-15,873,0.9983035972279087,False,True,9
1993-06-17,1990-01-03,1993-06-16,874,0.5669245411016006,False,False,4
1993-06-18,1990-01-03,1993-06-17,875,0.27113909583889556,False,False,4
1993-06-21,1990-01-03,1993-06-18,876,0.9990822987599366,False,False,9
1993-06-22,1990-01-03,1993-06-21,877,0.9975352360019134,False,False,0
1993-06-23,1990-01-03,1993-06-22,878,0.9981227148455176,False,False,0
1993-06-24,1990-01-03,1993-06-23,879,0.9984712151921203,False,False,9
1993-06-25,1990-01-03,1993-06-24,880,0.7002241470895199,False,False,0
1993-06-28,1990-01-03,1993-06-25,881,0.9815258306460264,False,False,0
1993-06-29,1990-01-03,1993-06-28,882,0.9866957466343954,False,False,4
1993-06-30,1990-01-03,1993-06-29,883,0.9980233092351316,False,True,0
1993-07-01,1990-01-03,1993-06-30,884,8.881784195633916e-16,False,False,0
1993-07-02,1990-01-03,1993-07-01,885,1.1832760561354184e-14,False,False,0
1993-07-06,1990-01-03,1993-07-02,886,1.0,True,False,4
1993-07-07,1990-01-03,1993-07-06,887,0.0,False,False,0
1993-07-08,1990-01-03,1993-07-07,888,0.012779885941488473,False,False,0
1993-07-09,1990-01-03,1993-07-08,889,0.9981467513030468,False,True,0
1993-07-12,1990-01-03,1993-07-09,890,0.9985071820539899,False,True,9
1993-07-13,1990-01-03,1993-07-12,891,0.9950119808809392,False,True,9
1993-07-14,1990-01-03,1993-07-13,892,2.447151886808806e-13,False,False,9
1993-07-15,1990-01-03,1993-07-14,893,0.0,False,True,9
1993-07-16,1990-01-03,1993-07-15,894,0.9989278348484598,False,True,9
1993-07-19,1990-01-03,1993-07-16,895,0.9941352828371999,False,True,9
1993-07-20,1990-01-03,1993-07-19,896,0.2966349932000976,False,True,9
1993-07-21,1990-01-03,1993-07-20,897,0.2177551672975027,False,False,0
1993-07-22,1990-01-03,1993-07-21,898,0.9982295187560684,False,False,0
1993-07-23,1990-01-03,1993-07-22,899,0.9985224341944393,False,False,9
1993-07-26,1990-01-03,1993-07-23,900,0.9980024143716563,False,False,4
1993-07-27,1990-01-03,1993-07-26,901,0.998863410681819,False,False,0
1993-07-28,1990-01-03,1993-07-27,902,0.9983961285114206,False,False,4
1993-07-29,1990-01-03,1993-07-28,903,0.998276131482808,False,True,0
1993-07-30,1990-01-03,1993-07-29,904,0.0,False,False,4
1993-08-02,1990-01-03,1993-07-30,905,1.0,True,False,4
1993-08-03,1990-01-03,1993-08-02,906,0.9814118622970057,False,False,9
1993-08-04,1990-01-03,1993-08-03,907,0.9987370367294677,False,False,4
1993-08-05,1990-01-03,1993-08-04,908,0.5639191945690063,False,False,9
1993-08-06,1990-01-03,1993-08-05,909,0.997672883974213,False,True,4
1993-08-09,1990-01-03,1993-08-06,910,0.9862170097205581,False,False,0
1993-08-10,1990-01-03,1993-08-09,911,0.9983996370496935,False,False,4
1993-08-11,1990-01-03,1993-08-10,912,0.9991326974903704,False,False,9
1993-08-12,1990-01-03,1993-08-11,913,0.2743962703761535,False,False,0
1993-08-13,1990-01-03,1993-08-12,914,0.8407407130548874,False,True,9
1993-08-16,1990-01-03,1993-08-13,915,0.999337787660001,False,False,0
1993-08-17,1990-01-03,1993-08-16,916,0.9854854812601287,False,False,9
1993-08-18,1990-01-03,1993-08-17,917,0.404186162307512,False,True,9
1993-08-19,1990-01-03,1993-08-18,918,0.9992102471741694,False,False,0
1993-08-20,1990-01-03,1993-08-19,919,1.0,True,False,4
1993-08-23,1990-01-03,1993-08-20,920,0.9976364143508298,False,False,4
1993-08-24,1990-01-03,1993-08-23,921,0.689277361090298,False,False,9
1993-08-25,1990-01-03,1993-08-24,922,0.9993859854484183,False,False,0
1993-08-26,1990-01-03,1993-08-25,923,0.8529003531980263,False,False,9
1993-08-27,1990-01-03,1993-08-26,924,0.96029951315369,False,False,9
1993-08-30,1990-01-03,1993-08-27,925,0.84117353159479,False,False,0
1993-08-31,1990-01-03,1993-08-30,926,0.9997286251968567,False,False,0
1993-09-01,1990-01-03,1993-08-31,927,0.0,False,False,9
1993-09-02,1990-01-03,1993-09-01,928,0.999906327170466,True,False,0
1993-09-03,1990-01-03,1993-09-02,929,0.9953798453971247,False,True,4
1993-09-07,1990-01-03,1993-09-03,930,0.009251959727896053,False,False,0
1993-09-08,1990-01-03,1993-09-07,931,0.9995694455752405,False,False,4
1993-09-09,1990-01-03,1993-09-08,932,0.9983454915366605,False,True,4
1993-09-10,1990-01-03,1993-09-09,933,0.9609046238014908,False,True,9
1993-09-13,1990-01-03,1993-09-10,934,0.9984250767899666,False,False,4
1993-09-14,1990-01-03,1993-09-13,935,0.9954211475873447,False,True,9
1993-09-15,1990-01-03,1993-09-14,936,0.9630640851347677,False,False,4
1993-09-16,1990-01-03,1993-09-15,937,0.99993005415296,True,False,9
1993-09-17,1990-01-03,1993-09-16,938,0.46201521805069123,False,False,0
1993-09-20,1990-01-03,1993-09-17,939,0.9561976904563786,False,True,9
1993-09-21,1990-01-03,1993-09-20,940,0.9990113512802665,False,False,9
1993-09-22,1990-01-03,1993-09-21,941,0.9995593708437608,False,False,9
1993-09-23,1990-01-03,1993-09-22,942,6.238307614577049e-16,False,False,0
1993-09-24,1990-01-03,1993-09-23,943,0.5981741400407197,False,False,9
1993-09-27,1990-01-03,1993-09-24,944,1.4994608082963268e-06,False,False,4
1993-09-28,1990-01-03,1993-09-27,945,0.9999987888503852,True,False,4
1993-09-29,1990-01-03,1993-09-28,946,0.9987376669395932,False,False,0
1993-09-30,1990-01-03,1993-09-29,947,1.0,True,False,0
1993-10-01,1990-01-03,1993-09-30,948,0.994270203528643,False,True,9
1993-10-04,1990-01-03,1993-10-01,949,9.142970831772633e-19,False,False,0
1993-10-05,1990-01-03,1993-10-04,950,0.08564135364318495,False,True,9
1993-10-06,1990-01-03,1993-10-05,951,0.2350266388801074,False,False,9
1993-10-07,1990-01-03,1993-10-06,952,0.0,False,False,9
1993-10-08,1990-01-03,1993-10-07,953,0.9942844912237944,False,True,9
1993-10-11,1990-01-03,1993-10-08,954,0.9993653389602231,False,False,0
1993-10-12,1990-01-03,1993-10-11,955,0.9991175357521345,False,False,0
1993-10-13,1990-01-03,1993-10-12,956,0.9061451359238589,False,True,9
1993-10-14,1990-01-03,1993-10-13,957,0.9979106621062309,False,False,4
1993-10-15,1990-01-03,1993-10-14,958,0.9999999881689069,True,False,4
1993-10-18,1990-01-03,1993-10-15,959,0.9404387398635039,False,False,9
1993-10-19,1990-01-03,1993-10-18,960,0.8808326285349598,False,False,9
1993-10-20,1990-01-03,1993-10-19,961,1.534647492633482e-14,False,True,9
1993-10-21,1990-01-03,1993-10-20,962,0.8866787927178463,False,False,4
1993-10-22,1990-01-03,1993-10-21,963,0.9050077393871425,False,False,0
1993-10-25,1990-01-03,1993-10-22,964,0.999999999999983,True,False,9
1993-10-26,1990-01-03,1993-10-25,965,0.9994017586330578,False,False,9
1993-10-27,1990-01-03,1993-10-26,966,1.0,True,False,4
1993-10-28,1990-01-03,1993-10-27,967,0.9996799505109114,False,False,0
1993-10-29,1990-01-03,1993-10-28,968,0.0,False,False,4
1993-11-01,1990-01-03,1993-10-29,969,0.9999545683190758,True,False,0
1993-11-02,1990-01-03,1993-11-01,970,0.9871858205366254,False,True,9
1993-11-03,1990-01-03,1993-11-02,971,1.0,True,False,4
1993-11-04,1990-01-03,1993-11-03,972,0.6177475537931207,False,True,9
1993-11-05,1990-01-03,1993-11-04,973,0.08152076383728363,False,False,0
1993-11-08,1990-01-03,1993-11-05,974,0.0,False,False,0
1993-11-09,1990-01-03,1993-11-08,975,0.0,False,False,0
1993-11-10,1990-01-03,1993-11-09,976,0.9747590918979385,False,False,0
1993-11-11,1990-01-03,1993-11-10,977,0.9991938073089335,False,False,9
1993-11-12,1990-01-03,1993-11-11,978,0.9989434781172658,False,False,4
1993-11-15,1990-01-03,1993-11-12,979,1.0,True,False,4
1993-11-16,1990-01-03,1993-11-15,980,0.9997585162198227,False,False,9
1993-11-17,1990-01-03,1993-11-16,981,0.8119151837154461,False,False,9
1993-11-18,1990-01-03,1993-11-17,982,0.7880411638233648,False,False,0
1993-11-19,1990-01-03,1993-11-18,983,0.9992548668716262,False,False,9
1993-11-22,1990-01-03,1993-11-19,984,0.9863599042722556,False,True,9
1993-11-23,1990-01-03,1993-11-22,985,0.15978725538864885,False,False,0
1993-11-24,1990-01-03,1993-11-23,986,0.0,False,False,0
1993-11-26,1990-01-03,1993-11-24,987,0.9999999999999464,True,False,9
1993-11-29,1990-01-03,1993-11-26,988,1.0,True,False,4
1993-11-30,1990-01-03,1993-11-29,989,0.9988597128679217,False,False,0
1993-12-01,1990-01-03,1993-11-30,990,0.9999999652665139,True,False,4
1993-12-02,1990-01-03,1993-12-01,991,0.999168167239259,False,False,0
1993-12-03,1990-01-03,1993-12-02,992,0.10338922451173586,False,False,0
1993-12-06,1990-01-03,1993-12-03,993,0.9995703633613974,False,False,0
1993-12-07,1990-01-03,1993-12-06,994,0.5731043901447638,False,False,0
1993-12-08,1990-01-03,1993-12-07,995,0.9589346323526702,False,False,4
1993-12-09,1990-01-03,1993-12-08,996,0.9999999764823175,True,False,4
1993-12-10,1990-01-03,1993-12-09,997,0.999794239028016,False,False,0
1993-12-13,1990-01-03,1993-12-10,998,0.9922461018610667,False,False,4
1993-12-14,1990-01-03,1993-12-13,999,0.9993639387317094,False,False,9
1993-12-15,1990-01-03,1993-12-14,1000,0.0,False,False,4
1993-12-16,1990-01-03,1993-12-15,1001,0.9989163400242663,False,True,0
1993-12-17,1990-01-03,1993-12-16,1002,0.9999999998077997,True,False,0
1993-12-20,1990-01-03,1993-12-17,1003,1.1752054329683403e-09,False,False,0
1993-12-21,1990-01-03,1993-12-20,1004,0.9941674847447219,False,True,0
1993-12-22,1990-01-03,1993-12-21,1005,0.9849282520004917,False,True,9
1993-12-23,1990-01-03,1993-12-22,1006,0.7380707728274761,False,False,0
1993-12-27,1990-01-03,1993-12-23,1007,0.9678710598708985,False,True,9
1993-12-28,1990-01-03,1993-12-27,1008,0.9995337004979549,False,False,4
1993-12-29,1990-01-03,1993-12-28,1009,0.8916957653841061,False,True,9
1993-12-30,1990-01-03,1993-12-29,1010,4.900518421230444e-17,False,False,9
1993-12-31,1990-01-03,1993-12-30,1011,0.8996857099280315,False,True,9
1994-01-03,1990-01-03,1993-12-31,1012,0.9992672668023401,False,False,9
1994-01-04,1990-01-03,1994-01-03,1013,0.9913773184552861,False,False,4
1994-01-05,1990-01-03,1994-01-04,1014,0.8745245489068428,False,True,9
1994-01-06,1990-01-03,1994-01-05,1015,0.9992442502216191,False,False,4
1994-01-07,1990-01-03,1994-01-06,1016,0.8974681412660469,False,True,9
1994-01-10,1990-01-03,1994-01-07,1017,0.3304451131499082,False,False,0
1994-01-11,1990-01-03,1994-01-10,1018,0.9990289829965339,False,False,9
1994-01-12,1990-01-03,1994-01-11,1019,0.9999999999999969,True,False,9
1994-01-13,1990-01-03,1994-01-12,1020,5.488717689613861e-12,False,False,9
1994-01-14,1990-01-03,1994-01-13,1021,0.9983488820410382,False,False,4
1994-01-17,1990-01-03,1994-01-14,1022,0.4805790970042106,False,False,9
1994-01-18,1990-01-03,1994-01-17,1023,0.9997066188559665,False,False,0
1994-01-19,1990-01-03,1994-01-18,1024,0.9489934844298619,False,False,0
1994-01-20,1990-01-03,1994-01-19,1025,0.7327488103451469,False,False,0
1994-01-21,1990-01-03,1994-01-20,1026,6.661338147750939e-15,False,False,4
1994-01-24,1990-01-03,1994-01-21,1027,0.0,False,False,9
1994-01-25,1990-01-03,1994-01-24,1028,0.0,False,False,4
1994-01-26,1990-01-03,1994-01-25,1029,0.9939762954534938,False,False,4
1994-01-27,1990-01-03,1994-01-26,1030,0.7141037882352247,False,False,0
1994-01-28,1990-01-03,1994-01-27,1031,1.0,True,False,4
1994-01-31,1990-01-03,1994-01-28,1032,0.6150848577440005,False,True,9
1994-02-01,1990-01-03,1994-01-31,1033,0.9965637716688269,False,True,9
1994-02-02,1990-01-03,1994-02-01,1034,0.351079491144881,False,False,9
1994-02-03,1990-01-03,1994-02-02,1035,0.9990725286632427,False,False,0
1994-02-04,1990-01-03,1994-02-03,1036,1.0,True,False,9
1994-02-07,1990-01-03,1994-02-04,1037,0.41262383314495865,False,False,0
1994-02-08,1990-01-03,1994-02-07,1038,0.9981106523420576,False,False,0
1994-02-09,1990-01-03,1994-02-08,1039,0.9979755580588743,False,False,9
1994-02-10,1990-01-03,1994-02-09,1040,1.970778921885408e-07,False,False,0
1994-02-11,1990-01-03,1994-02-10,1041,6.330643984379215e-15,False,False,0
1994-02-14,1990-01-03,1994-02-11,1042,0.9734117832088691,False,False,4
1994-02-15,1990-01-03,1994-02-14,1043,0.9986127115476057,False,False,4
1994-02-16,1990-01-03,1994-02-15,1044,0.9756249842708464,False,False,0
1994-02-17,1990-01-03,1994-02-16,1045,0.9870329732170332,False,False,0
1994-02-18,1990-01-03,1994-02-17,1046,0.1374885184294111,False,False,9
1994-02-22,1990-01-03,1994-02-18,1047,0.9999982934174525,True,False,4
1994-02-23,1990-01-03,1994-02-22,1048,0.999155223087612,False,False,0
1994-02-24,1990-01-03,1994-02-23,1049,0.999339275704486,False,False,4
1994-02-25,1990-01-03,1994-02-24,1050,0.9991800444070573,False,False,0
1994-02-28,1990-01-03,1994-02-25,1051,1.5473657426833445e-08,False,False,4
1994-03-01,1990-01-03,1994-02-28,1052,1.9952057676344233e-16,False,False,9
1994-03-02,1990-01-03,1994-03-01,1053,0.999249755616607,False,False,0
1994-03-03,1990-01-03,1994-03-02,1054,0.9715682027378499,False,True,9
1994-03-04,1990-01-03,1994-03-03,1055,0.011837271085941577,False,False,9
1994-03-07,1990-01-03,1994-03-04,1056,0.993540048420781,False,True,9
1994-03-08,1990-01-03,1994-03-07,1057,0.5508430336408829,False,False,0
1994-03-09,1990-01-03,1994-03-08,1058,0.8418032158579052,False,True,9
1994-03-10,1990-01-03,1994-03-09,1059,0.0,False,False,4
1994-03-11,1990-01-03,1994-03-10,1060,0.32896664263479186,False,False,0
1994-03-14,1990-01-03,1994-03-11,1061,0.9950668590951269,False,True,9
1994-03-15,1990-01-03,1994-03-14,1062,0.08641279486042812,False,False,0
1994-03-16,1990-01-03,1994-03-15,1063,8.357528165170803e-16,False,False,9
1994-03-17,1990-01-03,1994-03-16,1064,0.0017801585867818718,False,False,9
1994-03-18,1990-01-03,1994-03-17,1065,0.0,False,False,4
1994-03-21,1990-01-03,1994-03-18,1066,0.9998437885820747,False,False,0
1994-03-22,1990-01-03,1994-03-21,1067,0.0,False,False,9
1994-03-23,1990-01-03,1994-03-22,1068,0.7420582509145758,False,True,9
1994-03-24,1990-01-03,1994-03-23,1069,1.0,True,False,4
1994-03-25,1990-01-03,1994-03-24,1070,8.97684781742841e-06,False,False,0
1994-03-28,1990-01-03,1994-03-25,1071,0.8439133388327761,False,True,9
1994-03-29,1990-01-03,1994-03-28,1072,1.3154008279368938e-11,False,False,0
1994-03-30,1990-01-03,1994-03-29,1073,0.0,False,False,4
1994-03-31,1990-01-03,1994-03-30,1074,6.290073088307214e-11,False,False,0
1994-04-04,1990-01-03,1994-03-31,1075,0.998471836327582,False,False,4
1994-04-05,1990-01-03,1994-04-04,1076,0.9974055683283977,False,False,0
1994-04-06,1990-01-03,1994-04-05,1077,0.9976284192849705,False,True,9
1994-04-07,1990-01-03,1994-04-06,1078,0.9990450803357526,False,False,0
1994-04-08,1990-01-03,1994-04-07,1079,0.001700247251007863,False,False,9
1994-04-11,1990-01-03,1994-04-08,1080,0.9989952986046208,False,True,0
1994-04-12,1990-01-03,1994-04-11,1081,0.9990709225809684,False,False,4
1994-04-13,1990-01-03,1994-04-12,1082,0.9981366278569315,False,True,9
1994-04-14,1990-01-03,1994-04-13,1083,0.6851123932073719,False,False,4
1994-04-15,1990-01-03,1994-04-14,1084,0.9976126724195968,False,False,4
1994-04-18,1990-01-03,1994-04-15,1085,0.9983138436318916,False,True,0
1994-04-19,1990-01-03,1994-04-18,1086,0.9986637678334583,False,True,0
1994-04-20,1990-01-03,1994-04-19,1087,4.98801679880948e-07,False,False,0
1994-04-21,1990-01-03,1994-04-20,1088,0.9914400054624515,False,True,9
1994-04-22,1990-01-03,1994-04-21,1089,0.0015404865122622426,False,False,4
1994-04-25,1990-01-03,1994-04-22,1090,0.9979971872223957,False,True,0
1994-04-26,1990-01-03,1994-04-25,1091,0.2421487946854415,False,False,0
1994-04-28,1990-01-03,1994-04-26,1092,0.9972837361526513,False,False,9
1994-04-29,1990-01-03,1994-04-28,1093,3.882460057027728e-08,False,False,0
1994-05-02,1990-01-03,1994-04-29,1094,0.9999999999998265,True,False,9
1994-05-03,1990-01-03,1994-05-02,1095,0.0,False,False,4
1994-05-04,1990-01-03,1994-05-03,1096,0.9799244557588724,False,False,9
1994-05-05,1990-01-03,1994-05-04,1097,0.9984711755333335,False,False,4
1994-05-06,1990-01-03,1994-05-05,1098,0.8207914417736649,False,False,4
1994-05-09,1990-01-03,1994-05-06,1099,0.7165802881247312,False,True,9
1994-05-10,1990-01-03,1994-05-09,1100,1.0,True,False,4
1994-05-11,1990-01-03,1994-05-10,1101,0.9979676647278227,False,True,0
1994-05-12,1990-01-03,1994-05-11,1102,0.9975127212984716,False,True,9
1994-05-13,1990-01-03,1994-05-12,1103,0.2522375189174002,False,False,9
1994-05-16,1990-01-03,1994-05-13,1104,1.0,True,False,0
1994-05-17,1990-01-03,1994-05-16,1105,0.9945351600713727,False,False,0
1994-05-18,1990-01-03,1994-05-17,1106,0.9984844452874089,False,True,4
1994-05-19,1990-01-03,1994-05-18,1107,1.0,True,False,9
1994-05-20,1990-01-03,1994-05-19,1108,1.1640294450554478e-07,False,False,0
1994-05-23,1990-01-03,1994-05-20,1109,0.5276298216632144,False,True,9
1994-05-24,1990-01-03,1994-05-23,1110,0.998433871348532,False,True,9
1994-05-25,1990-01-03,1994-05-24,1111,1.0,True,False,4
1994-05-26,1990-01-03,1994-05-25,1112,0.09018180900476051,False,False,9
1994-05-27,1990-01-03,1994-05-26,1113,0.9985739444122306,False,False,9
1994-05-31,1990-01-03,1994-05-27,1114,0.9945691326311947,False,True,9
1994-06-01,1990-01-03,1994-05-31,1115,0.0,False,False,4
1994-06-02,1990-01-03,1994-06-01,1116,0.0,False,False,4
1994-06-03,1990-01-03,1994-06-02,1117,0.9983430508183364,False,False,0
1994-06-06,1990-01-03,1994-06-03,1118,0.998523028508385,False,True,9
1994-06-07,1990-01-03,1994-06-06,1119,0.998899358947295,False,True,9
1994-06-08,1990-01-03,1994-06-07,1120,0.998497835300888,False,False,4
1994-06-09,1990-01-03,1994-06-08,1121,0.9982979653152265,False,False,9
1994-06-10,1990-01-03,1994-06-09,1122,0.8171361084708781,False,True,9
1994-06-13,1990-01-03,1994-06-10,1123,0.48767236323759755,False,False,0
1994-06-14,1990-01-03,1994-06-13,1124,1.0,True,False,4
1994-06-15,1990-01-03,1994-06-14,1125,0.002023886842494826,False,False,0
1994-06-16,1990-01-03,1994-06-15,1126,0.6404003867770653,False,True,9
1994-06-17,1990-01-03,1994-06-16,1127,0.9982767998409696,False,True,4
1994-06-20,1990-01-03,1994-06-17,1128,0.997684938486462,False,False,4
1994-06-21,1990-01-03,1994-06-20,1129,0.9991670561505968,False,False,9
1994-06-22,1990-01-03,1994-06-21,1130,0.9988371336700819,False,True,9
1994-06-23,1990-01-03,1994-06-22,1131,0.5990696830807731,False,False,9
1994-06-24,1990-01-03,1994-06-23,1132,0.9011058083566172,False,False,0
1994-06-27,1990-01-03,1994-06-24,1133,0.9999953023650748,True,False,9
1994-06-28,1990-01-03,1994-06-27,1134,0.998770627531157,False,True,0
1994-06-29,1990-01-03,1994-06-28,1135,0.9980168684495199,False,False,4
1994-06-30,1990-01-03,1994-06-29,1136,1.304512053934559e-15,False,False,9
1994-07-01,1990-01-03,1994-06-30,1137,1.2648594858737874e-07,False,False,0
1994-07-05,1990-01-03,1994-07-01,1138,0.9977578038547151,False,False,0
1994-07-06,1990-01-03,1994-07-05,1139,0.23700796471765542,False,False,0
1994-07-07,1990-01-03,1994-07-06,1140,0.9024767100949865,False,False,0
1994-07-08,1990-01-03,1994-07-07,1141,0.998528119935681,False,False,0
1994-07-11,1990-01-03,1994-07-08,1142,0.9985090805891188,False,False,0
1994-07-12,1990-01-03,1994-07-11,1143,1.076358872324294e-14,False,False,9
1994-07-13,1990-01-03,1994-07-12,1144,0.9978320573902048,False,False,4
1994-07-14,1990-01-03,1994-07-13,1145,0.7401224799489615,False,True,9
1994-07-15,1990-01-03,1994-07-14,1146,0.9984929794183671,False,True,0
1994-07-18,1990-01-03,1994-07-15,1147,0.9984044059184436,False,False,9
1994-07-19,1990-01-03,1994-07-18,1148,0.8969586514626032,False,False,4
1994-07-20,1990-01-03,1994-07-19,1149,0.5120192339198908,False,False,4
1994-07-21,1990-01-03,1994-07-20,1150,1.0,True,False,0
1994-07-22,1990-01-03,1994-07-21,1151,0.9989542428120549,False,True,9
1994-07-25,1990-01-03,1994-07-22,1152,0.03737173385236066,False,False,9
1994-07-26,1990-01-03,1994-07-25,1153,0.002946579761364697,False,False,0
1994-07-27,1990-01-03,1994-07-26,1154,0.9684089288462221,False,False,4
1994-07-28,1990-01-03,1994-07-27,1155,0.9998789183285013,False,False,9
1994-07-29,1990-01-03,1994-07-28,1156,0.358229666864307,False,False,0
1994-08-01,1990-01-03,1994-07-29,1157,0.9991749550466575,False,False,0
1994-08-02,1990-01-03,1994-08-01,1158,0.9987373430467857,False,True,9
1994-08-03,1990-01-03,1994-08-02,1159,0.9977328813493213,False,False,4
1994-08-04,1990-01-03,1994-08-03,1160,1.0,True,False,9
1994-08-05,1990-01-03,1994-08-04,1161,0.771753522693912,False,False,0
1994-08-08,1990-01-03,1994-08-05,1162,0.9991734920093184,False,False,9
1994-08-09,1990-01-03,1994-08-08,1163,0.9983436159240279,False,True,0
1994-08-10,1990-01-03,1994-08-09,1164,0.8774908893582704,False,False,0
1994-08-11,1990-01-03,1994-08-10,1165,2.262202018303463e-19,False,False,0
1994-08-12,1990-01-03,1994-08-11,1166,0.9986684224739623,False,True,9
1994-08-15,1990-01-03,1994-08-12,1167,0.9985138825555616,False,True,9
1994-08-16,1990-01-03,1994-08-15,1168,5.475014056000038e-05,False,False,4
1994-08-17,1990-01-03,1994-08-16,1169,0.997847319362201,False,True,4
1994-08-18,1990-01-03,1994-08-17,1170,0.9972062022924332,False,False,0
1994-08-19,1990-01-03,1994-08-18,1171,1.5657821978316e-13,False,False,9
1994-08-22,1990-01-03,1994-08-19,1172,1.0,True,False,0
1994-08-23,1990-01-03,1994-08-22,1173,0.15168563416835953,False,False,4
1994-08-24,1990-01-03,1994-08-23,1174,0.9977648069904504,False,False,0
1994-08-25,1990-01-03,1994-08-24,1175,0.9981275731451617,False,False,4
1994-08-26,1990-01-03,1994-08-25,1176,1.0,True,False,0
1994-08-29,1990-01-03,1994-08-26,1177,0.9999917700853695,True,False,9
1994-08-30,1990-01-03,1994-08-29,1178,0.0,False,False,4
1994-08-31,1990-01-03,1994-08-30,1179,0.9989176573772184,False,True,9
1994-09-01,1990-01-03,1994-08-31,1180,0.9993383358206397,False,False,4
1994-09-02,1990-01-03,1994-09-01,1181,0.9989865181806088,False,False,9
1994-09-06,1990-01-03,1994-09-02,1182,4.433627832235343e-14,False,False,0
1994-09-07,1990-01-03,1994-09-06,1183,0.999932755132509,True,False,9
1994-09-08,1990-01-03,1994-09-07,1184,0.40632850050699176,False,True,9
1994-09-09,1990-01-03,1994-09-08,1185,0.9999999999987412,True,False,9
1994-09-12,1990-01-03,1994-09-09,1186,0.9993554546943906,False,False,9
1994-09-13,1990-01-03,1994-09-12,1187,1.0,True,False,4
1994-09-14,1990-01-03,1994-09-13,1188,0.0,False,False,0
1994-09-15,1990-01-03,1994-09-14,1189,0.9882202068030054,False,False,9
1994-09-16,1990-01-03,1994-09-15,1190,0.9988193627523755,False,False,9
1994-09-19,1990-01-03,1994-09-16,1191,1.9716216506648898e-16,False,False,0
1994-09-20,1990-01-03,1994-09-19,1192,0.9987590797724591,False,True,0
1994-09-21,1990-01-03,1994-09-20,1193,0.997328477031671,False,True,9
1994-09-22,1990-01-03,1994-09-21,1194,0.3842163420048063,False,False,9
1994-09-23,1990-01-03,1994-09-22,1195,0.38529591473212815,False,False,4
1994-09-26,1990-01-03,1994-09-23,1196,0.0,False,False,9
1994-09-27,1990-01-03,1994-09-26,1197,0.9986996524221461,False,False,0
1994-09-28,1990-01-03,1994-09-27,1198,0.9999999999782913,True,False,4
1994-09-29,1990-01-03,1994-09-28,1199,0.982852210182194,False,False,9
1994-09-30,1990-01-03,1994-09-29,1200,0.6570922410473026,False,True,9
1994-10-03,1990-01-03,1994-09-30,1201,0.9986757610185875,False,False,4
1994-10-04,1990-01-03,1994-10-03,1202,0.999999999999965,True,False,9
1994-10-05,1990-01-03,1994-10-04,1203,0.9987951406973854,False,True,9
1994-10-06,1990-01-03,1994-10-05,1204,0.9980415245089934,False,True,0
1994-10-07,1990-01-03,1994-10-06,1205,0.9987481773164474,False,False,0
1994-10-10,1990-01-03,1994-10-07,1206,0.9980890619405877,False,True,9
1994-10-11,1990-01-03,1994-10-10,1207,0.9124976813712771,False,False,9
1994-10-12,1990-01-03,1994-10-11,1208,0.22187434318875993,False,True,9
1994-10-13,1990-01-03,1994-10-12,1209,0.9986249639479478,False,False,0
1994-10-14,1990-01-03,1994-10-13,1210,0.9985595308716264,False,False,0
1994-10-17,1990-01-03,1994-10-14,1211,0.9414984262496189,False,True,9
1994-10-18,1990-01-03,1994-10-17,1212,0.901844009286694,False,False,9
1994-10-19,1990-01-03,1994-10-18,1213,0.9988870506463043,False,True,0
1994-10-20,1990-01-03,1994-10-19,1214,0.9488119346864302,False,False,4
1994-10-21,1990-01-03,1994-10-20,1215,0.9978230994939514,False,True,4
1994-10-24,1990-01-03,1994-10-21,1216,0.0,False,False,4
1994-10-25,1990-01-03,1994-10-24,1217,0.5180641869218884,False,True,9
1994-10-26,1990-01-03,1994-10-25,1218,0.0,False,False,9
1994-10-27,1990-01-03,1994-10-26,1219,1.8876710227891297e-09,False,False,9
1994-10-28,1990-01-03,1994-10-27,1220,0.7467648515714634,False,False,9
1994-10-31,1990-01-03,1994-10-28,1221,0.998712256327172,False,True,4
1994-11-01,1990-01-03,1994-10-31,1222,0.9986747316734765,False,True,0
1994-11-02,1990-01-03,1994-11-01,1223,0.9992406467628296,False,False,9
1994-11-03,1990-01-03,1994-11-02,1224,0.997947603739261,False,False,0
1994-11-04,1990-01-03,1994-11-03,1225,0.5067608243012709,False,False,4
1994-11-07,1990-01-03,1994-11-04,1226,0.8743877228535076,False,False,0
1994-11-08,1990-01-03,1994-11-07,1227,4.84112211853518e-12,False,False,9
1994-11-09,1990-01-03,1994-11-08,1228,0.9974347449771426,False,True,0
1994-11-10,1990-01-03,1994-11-09,1229,1.0,True,False,4
1994-11-11,1990-01-03,1994-11-10,1230,0.0,False,False,0
1994-11-14,1990-01-03,1994-11-11,1231,0.9997621305984863,False,False,9
1994-11-15,1990-01-03,1994-11-14,1232,0.6769764045125644,False,False,0
1994-11-16,1990-01-03,1994-11-15,1233,0.9986947552905711,False,False,0
1994-11-17,1990-01-03,1994-11-16,1234,0.9939549884460787,False,True,9
1994-11-18,1990-01-03,1994-11-17,1235,1.0,True,False,9
1994-11-21,1990-01-03,1994-11-18,1236,0.9986000913395792,False,False,0
1994-11-22,1990-01-03,1994-11-21,1237,0.3919835591481389,False,False,4
1994-11-23,1990-01-03,1994-11-22,1238,0.0,False,False,4
1994-11-25,1990-01-03,1994-11-23,1239,0.27238890374524033,False,False,0
1994-11-28,1990-01-03,1994-11-25,1240,0.9886130912045986,False,False,4
1994-11-29,1990-01-03,1994-11-28,1241,0.9978604527290322,False,False,0
1994-11-30,1990-01-03,1994-11-29,1242,0.9999999988943373,True,False,4
1994-12-01,1990-01-03,1994-11-30,1243,2.5223266738355355e-16,False,False,9
1994-12-02,1990-01-03,1994-12-01,1244,0.39245431491073396,False,False,9
1994-12-05,1990-01-03,1994-12-02,1245,0.0,False,False,4
1994-12-06,1990-01-03,1994-12-05,1246,0.9981134814902932,False,False,4
1994-12-07,1990-01-03,1994-12-06,1247,0.9978512459785921,False,False,4
1994-12-08,1990-01-03,1994-12-07,1248,3.820558051332293e-12,False,False,0
1994-12-09,1990-01-03,1994-12-08,1249,0.48808357446830514,False,True,9
1994-12-12,1990-01-03,1994-12-09,1250,0.0043127356943213485,False,False,0
1994-12-13,1990-01-03,1994-12-12,1251,0.9987446028393261,False,True,9
1994-12-14,1990-01-03,1994-12-13,1252,0.9410891599899056,False,False,9
1994-12-15,1990-01-03,1994-12-14,1253,0.7187124385742782,False,True,9
1994-12-16,1990-01-03,1994-12-15,1254,9.448069521403737e-09,False,False,4
1994-12-19,1990-01-03,1994-12-16,1255,0.9999999999968139,True,False,9
1994-12-20,1990-01-03,1994-12-19,1256,0.9985658508852336,False,True,9
1994-12-21,1990-01-03,1994-12-20,1257,0.9999999879765192,True,False,4
1994-12-22,1990-01-03,1994-12-21,1258,0.9974103700821597,False,False,4
1994-12-23,1990-01-03,1994-12-22,1259,0.998425971103668,False,False,4
1994-12-27,1990-01-03,1994-12-23,1260,0.9989607384941234,False,True,0
1994-12-28,1990-01-03,1994-12-27,1261,0.998691885813999,False,True,9
1994-12-29,1990-01-03,1994-12-28,1262,0.017696042349580575,False,False,9
1994-12-30,1990-01-03,1994-12-29,1263,2.429024265352555e-12,False,False,0
1995-01-03,1990-01-03,1994-12-30,1264,0.7066724364920497,False,False,4
1995-01-04,1990-01-03,1995-01-03,1265,0.9978219020490607,False,True,0
1995-01-05,1990-01-03,1995-01-04,1266,1.1227766494315006e-09,False,False,4
1995-01-06,1990-01-03,1995-01-05,1267,0.9990738869038532,False,False,0
1995-01-09,1990-01-03,1995-01-06,1268,0.9978549779517852,False,True,0
1995-01-10,1990-01-03,1995-01-09,1269,0.9978969153665014,False,False,0
1995-01-11,1990-01-03,1995-01-10,1270,0.999051756366753,False,False,9
1995-01-12,1990-01-03,1995-01-11,1271,0.7024350749926139,False,True,9
1995-01-13,1990-01-03,1995-01-12,1272,4.5844905356928875e-05,False,False,0
1995-01-16,1990-01-03,1995-01-13,1273,0.25936568074570665,False,False,0
1995-01-17,1990-01-03,1995-01-16,1274,0.9985837212995393,False,True,9
1995-01-18,1990-01-03,1995-01-17,1275,0.998339598757288,False,False,0
1995-01-19,1990-01-03,1995-01-18,1276,0.5747661294840213,False,False,9
1995-01-20,1990-01-03,1995-01-19,1277,0.997902131538825,False,True,0
1995-01-23,1990-01-03,1995-01-20,1278,0.0,False,False,4
1995-01-24,1990-01-03,1995-01-23,1279,0.4860256482577019,False,False,4
1995-01-25,1990-01-03,1995-01-24,1280,0.998269448952716,False,False,0
1995-01-26,1990-01-03,1995-01-25,1281,0.27494103033226724,False,False,0
1995-01-27,1990-01-03,1995-01-26,1282,0.9979215020972494,False,True,0
1995-01-30,1990-01-03,1995-01-27,1283,0.9980879236775789,False,True,4
1995-01-31,1990-01-03,1995-01-30,1284,0.9979156724104288,False,False,4
1995-02-01,1990-01-03,1995-01-31,1285,0.331135899787177,False,True,9
1995-02-02,1990-01-03,1995-02-01,1286,1.0,True,False,9
1995-02-03,1990-01-03,1995-02-02,1287,0.999071718081827,False,False,9
1995-02-06,1990-01-03,1995-02-03,1288,0.6787570417505214,False,False,0
1995-02-07,1990-01-03,1995-02-06,1289,0.9983290337871429,False,True,0
1995-02-08,1990-01-03,1995-02-07,1290,0.781875663476143,False,False,9
1995-02-09,1990-01-03,1995-02-08,1291,0.9998665504402273,False,False,9
1995-02-10,1990-01-03,1995-02-09,1292,0.35886718079901114,False,True,9
1995-02-13,1990-01-03,1995-02-10,1293,0.9987032360591838,False,True,9
1995-02-14,1990-01-03,1995-02-13,1294,1.0,True,False,4
1995-02-15,1990-01-03,1995-02-14,1295,0.68554159321494,False,False,9
1995-02-16,1990-01-03,1995-02-15,1296,0.5631339206504156,False,False,0
1995-02-17,1990-01-03,1995-02-16,1297,0.7068444549638297,False,False,4
1995-02-21,1990-01-03,1995-02-17,1298,0.9999999999400448,True,False,9
1995-02-22,1990-01-03,1995-02-21,1299,0.9999982943879016,True,False,4
1995-02-23,1990-01-03,1995-02-22,1300,0.9986625902602249,False,False,9
1995-02-24,1990-01-03,1995-02-23,1301,0.4321202265715516,False,False,9
1995-02-27,1990-01-03,1995-02-24,1302,0.8209383583214981,False,False,0
1995-02-28,1990-01-03,1995-02-27,1303,0.9981824348608421,False,False,0
1995-03-01,1990-01-03,1995-02-28,1304,0.10000000029315156,False,False,0
1995-03-02,1990-01-03,1995-03-01,1305,1.0,True,False,4
1995-03-03,1990-01-03,1995-03-02,1306,0.5603959775322456,False,False,0
1995-03-06,1990-01-03,1995-03-03,1307,0.08475782802838275,False,True,9
1995-03-07,1990-01-03,1995-03-06,1308,0.9983064955624572,False,False,0
1995-03-08,1990-01-03,1995-03-07,1309,0.9986691366760213,False,False,0
1995-03-09,1990-01-03,1995-03-08,1310,0.9985920011639849,False,False,0
1995-03-10,1990-01-03,1995-03-09,1311,0.997920606440866,False,False,4
1995-03-13,1990-01-03,1995-03-10,1312,4.5593359088158536e-08,False,False,4
1995-03-14,1990-01-03,1995-03-13,1313,0.9917255406191083,False,False,9
1995-03-15,1990-01-03,1995-03-14,1314,0.9978239876324766,False,True,0
1995-03-16,1990-01-03,1995-03-15,1315,7.613562558184128e-12,False,False,0
1995-03-17,1990-01-03,1995-03-16,1316,0.9977351554473217,False,False,4
1995-03-20,1990-01-03,1995-03-17,1317,0.41164125137324376,False,False,0
1995-03-21,1990-01-03,1995-03-20,1318,0.9988299002120736,False,False,0
1995-03-22,1990-01-03,1995-03-21,1319,3.191617654090541e-17,False,False,9
1995-03-23,1990-01-03,1995-03-22,1320,0.4124195678246835,False,False,4
1995-03-24,1990-01-03,1995-03-23,1321,0.9654136373011396,False,False,4
1995-03-27,1990-01-03,1995-03-24,1322,0.6627591503341035,False,True,9
1995-03-28,1990-01-03,1995-03-27,1323,1.0,True,False,4
1995-03-29,1990-01-03,1995-03-28,1324,0.9663942809534002,False,True,4
1995-03-30,1990-01-03,1995-03-29,1325,0.998901220488449,False,False,0
1995-03-31,1990-01-03,1995-03-30,1326,0.9990898502380905,False,False,9
1995-04-03,1990-01-03,1995-03-31,1327,0.999059378072307,False,False,9
1995-04-04,1990-01-03,1995-04-03,1328,0.7174078785762897,False,False,9
1995-04-05,1990-01-03,1995-04-04,1329,2.181397285028197e-10,False,False,4
1995-04-06,1990-01-03,1995-04-05,1330,0.9984309401213384,False,False,9
1995-04-07,1990-01-03,1995-04-06,1331,0.9991302521438923,False,False,9
1995-04-10,1990-01-03,1995-04-07,1332,0.9986124626462463,False,False,0
1995-04-11,1990-01-03,1995-04-10,1333,0.971117276005661,False,False,4
1995-04-12,1990-01-03,1995-04-11,1334,0.9992292745373694,False,False,0
1995-04-13,1990-01-03,1995-04-12,1335,0.998794449328457,False,True,0
1995-04-17,1990-01-03,1995-04-13,1336,0.6064505659601093,False,False,0
1995-04-18,1990-01-03,1995-04-17,1337,0.0,False,False,0
1995-04-19,1990-01-03,1995-04-18,1338,0.031526694518426095,False,False,9
1995-04-20,1990-01-03,1995-04-19,1339,0.9992418341129192,False,False,0
1995-04-21,1990-01-03,1995-04-20,1340,0.9991532423322919,False,False,0
1995-04-24,1990-01-03,1995-04-21,1341,0.9982540968077209,False,False,9
1995-04-25,1990-01-03,1995-04-24,1342,0.9993123057230058,False,False,0
1995-04-26,1990-01-03,1995-04-25,1343,0.0,False,False,4
1995-04-27,1990-01-03,1995-04-26,1344,0.9991299979428983,False,False,0
1995-04-28,1990-01-03,1995-04-27,1345,0.00027126806585745254,False,False,9
1995-05-01,1990-01-03,1995-04-28,1346,0.9999999994438968,True,False,0
1995-05-02,1990-01-03,1995-05-01,1347,0.9978002296348478,False,True,9
1995-05-03,1990-01-03,1995-05-02,1348,0.9992586954961956,False,False,0
1995-05-04,1990-01-03,1995-05-03,1349,1.0,True,False,9
1995-05-05,1990-01-03,1995-05-04,1350,0.6030595187229351,False,True,9
1995-05-08,1990-01-03,1995-05-05,1351,0.8070269382701459,False,False,0
1995-05-09,1990-01-03,1995-05-08,1352,0.2655246880637155,False,False,9
1995-05-10,1990-01-03,1995-05-09,1353,1.0,True,False,0
1995-05-11,1990-01-03,1995-05-10,1354,0.9988816401317798,False,False,9
1995-05-12,1990-01-03,1995-05-11,1355,2.5592789364249972e-18,False,False,9
1995-05-15,1990-01-03,1995-05-12,1356,0.999229028350182,False,False,9
1995-05-16,1990-01-03,1995-05-15,1357,0.9014243911695994,False,False,9
1995-05-17,1990-01-03,1995-05-16,1358,0.9995081283709308,False,False,9
1995-05-18,1990-01-03,1995-05-17,1359,0.49259178112503327,False,False,9
1995-05-19,1990-01-03,1995-05-18,1360,0.9990306354156042,False,False,9
1995-05-22,1990-01-03,1995-05-19,1361,0.9604573165572676,False,False,0
1995-05-23,1990-01-03,1995-05-22,1362,0.2397969364727607,False,False,9
1995-05-24,1990-01-03,1995-05-23,1363,0.9327613634771671,False,False,4
1995-05-25,1990-01-03,1995-05-24,1364,1.0,True,False,4
1995-05-26,1990-01-03,1995-05-25,1365,0.9984539332766026,False,True,4
1995-05-30,1990-01-03,1995-05-26,1366,0.9999999971619098,True,False,0
1995-05-31,1990-01-03,1995-05-30,1367,0.8988480635867867,False,False,0
1995-06-01,1990-01-03,1995-05-31,1368,0.999233291306731,False,False,0
1995-06-02,1990-01-03,1995-06-01,1369,0.9999999999999934,True,False,0
1995-06-05,1990-01-03,1995-06-02,1370,0.9994195942925886,False,False,4
1995-06-06,1990-01-03,1995-06-05,1371,0.9957018998553345,False,True,9
1995-06-07,1990-01-03,1995-06-06,1372,0.0,False,True,4
1995-06-08,1990-01-03,1995-06-07,1373,0.6715423197759595,False,False,0
1995-06-09,1990-01-03,1995-06-08,1374,0.9989728274508661,False,False,0
1995-06-12,1990-01-03,1995-06-09,1375,0.7597517008290265,False,False,0
1995-06-13,1990-01-03,1995-06-12,1376,0.996254338888415,False,True,0
1995-06-14,1990-01-03,1995-06-13,1377,0.9935628095524374,False,True,0
1995-06-15,1990-01-03,1995-06-14,1378,0.9944468188645357,False,True,0
1995-06-16,1990-01-03,1995-06-15,1379,0.9954455805961194,False,True,0
1995-06-19,1990-01-03,1995-06-16,1380,0.9949168860819684,False,True,0
1995-06-20,1990-01-03,1995-06-19,1381,0.9931705787870124,False,True,0
1995-06-21,1990-01-03,1995-06-20,1382,0.9937885173072353,False,True,0
1995-06-22,1990-01-03,1995-06-21,1383,0.9941811300914568,False,True,0
1995-06-23,1990-01-03,1995-06-22,1384,0.9924532246382821,False,True,0
1995-06-26,1990-01-03,1995-06-23,1385,0.9926417540205242,False,True,0
1995-06-27,1990-01-03,1995-06-26,1386,0.9913392191896395,False,True,0
1995-06-28,1990-01-03,1995-06-27,1387,0.9915048895895041,False,True,0
1995-06-29,1990-01-03,1995-06-28,1388,0.991622190690809,False,True,0
1995-06-30,1990-01-03,1995-06-29,1389,0.9920302936302561,False,True,0
1995-07-03,1990-01-03,1995-06-30,1390,0.992522434959501,False,True,0
1995-07-05,1990-01-03,1995-07-03,1391,0.9925789192210779,False,True,0
1995-07-06,1990-01-03,1995-07-05,1392,0.9930852349470052,False,True,0
1995-07-07,1990-01-03,1995-07-06,1393,0.991938849200476,False,True,0
1995-07-10,1990-01-03,1995-07-07,1394,0.9919795908344481,False,True,0
1995-07-11,1990-01-03,1995-07-10,1395,0.9923389911714191,False,True,0
1995-07-12,1990-01-03,1995-07-11,1396,0.992171824371249,False,True,0
1995-07-13,1990-01-03,1995-07-12,1397,0.991354935464705,False,True,0
1995-07-14,1990-01-03,1995-07-13,1398,0.9916926359736877,False,True,0
1995-07-17,1990-01-03,1995-07-14,1399,0.9918776018251299,False,True,0
1995-07-18,1990-01-03,1995-07-17,1400,0.9918062893331818,False,True,0
1995-07-19,1990-01-03,1995-07-18,1401,0.9912615217458962,False,True,0
1995-07-20,1990-01-03,1995-07-19,1402,0.9901970043265639,False,True,0
1995-07-21,1990-01-03,1995-07-20,1403,0.9903254338594017,False,True,0
1995-07-24,1990-01-03,1995-07-21,1404,0.990749921222846,False,True,0
1995-07-25,1990-01-03,1995-07-24,1405,0.9907182078917021,False,True,0
1995-07-26,1990-01-03,1995-07-25,1406,0.9903561869829717,False,True,0
1995-07-27,1990-01-03,1995-07-26,1407,0.990680992007742,False,True,0
1995-07-28,1990-01-03,1995-07-27,1408,0.9905330541138649,False,True,0
1995-07-31,1990-01-03,1995-07-28,1409,0.9905050231313887,False,True,0
1995-08-01,1990-01-03,1995-07-31,1410,0.9907333819488905,False,True,0
1995-08-02,1990-01-03,1995-08-01,1411,0.9906836449024236,False,True,0
1995-08-03,1990-01-03,1995-08-02,1412,0.9909331479592431,False,True,0
1995-08-04,1990-01-03,1995-08-03,1413,0.9912372770552573,False,True,0
1995-08-07,1990-01-03,1995-08-04,1414,0.9915315389615376,False,True,0
1995-08-08,1990-01-03,1995-08-07,1415,0.9917639520118354,False,True,0
1995-08-09,1990-01-03,1995-08-08,1416,0.992019081206936,False,True,0
1995-08-10,1990-01-03,1995-08-09,1417,0.9922055507983898,False,True,0
1995-08-11,1990-01-03,1995-08-10,1418,0.992135692650645,False,True,0
1995-08-14,1990-01-03,1995-08-11,1419,0.9920476899201588,False,True,0
1995-08-15,1990-01-03,1995-08-14,1420,0.9916820184106663,False,True,0
1995-08-16,1990-01-03,1995-08-15,1421,0.991835185156748,False,True,0
1995-08-17,1990-01-03,1995-08-16,1422,0.9920333117149607,False,True,0
1995-08-18,1990-01-03,1995-08-17,1423,0.992204551936179,False,True,0
1995-08-21,1990-01-03,1995-08-18,1424,0.9924548751118167,False,True,0
1995-08-22,1990-01-03,1995-08-21,1425,0.9925766881491386,False,True,0
1995-08-23,1990-01-03,1995-08-22,1426,0.9927463647365463,False,True,0
1995-08-24,1990-01-03,1995-08-23,1427,0.9926412231211517,False,True,0
1995-08-25,1990-01-03,1995-08-24,1428,0.9928894974543608,False,True,0
1995-08-28,1990-01-03,1995-08-25,1429,0.9928746015187695,False,True,0
1995-08-29,1990-01-03,1995-08-28,1430,0.9929844613798449,False,True,0
1995-08-30,1990-01-03,1995-08-29,1431,0.9931683927183658,False,True,0
1995-08-31,1990-01-03,1995-08-30,1432,0.9933436426488003,False,True,0
1995-09-01,1990-01-03,1995-08-31,1433,0.9934914523069868,False,True,0
1995-09-05,1990-01-03,1995-09-01,1434,0.9935383373810887,False,True,0
1995-09-06,1990-01-03,1995-09-05,1435,0.9933153726878368,False,True,0
1995-09-07,1990-01-03,1995-09-06,1436,0.9934364765510654,False,True,0
1995-09-08,1990-01-03,1995-09-07,1437,0.9935571407353092,False,True,0
1995-09-11,1990-01-03,1995-09-08,1438,0.9935615217471273,False,True,0
1995-09-12,1990-01-03,1995-09-11,1439,0.9936291971948868,False,True,0
1995-09-13,1990-01-03,1995-09-12,1440,0.9936209974350814,False,True,0
1995-09-14,1990-01-03,1995-09-13,1441,0.9936300135914689,False,True,0
1995-09-15,1990-01-03,1995-09-14,1442,0.9935804122255117,False,True,0
1995-09-18,1990-01-03,1995-09-15,1443,0.9936410001219276,False,True,0
1995-09-19,1990-01-03,1995-09-18,1444,0.9936799203713612,False,True,0
1995-09-20,1990-01-03,1995-09-19,1445,0.9937288058701853,False,True,0
1995-09-21,1990-01-03,1995-09-20,1446,0.9937303030971059,False,True,0
1995-09-22,1990-01-03,1995-09-21,1447,0.9935917241100831,False,True,0
1995-09-25,1990-01-03,1995-09-22,1448,0.9936247251026712,False,True,0
1995-09-26,1990-01-03,1995-09-25,1449,0.9937914832322333,False,True,0
1995-09-27,1990-01-03,1995-09-26,1450,0.9939154873127521,False,True,0
1995-09-28,1990-01-03,1995-09-27,1451,0.9940347572150093,False,True,0
1995-09-29,1990-01-03,1995-09-28,1452,0.993818976963127,False,True,0
1995-10-02,1990-01-03,1995-09-29,1453,0.9938235049329933,False,True,0
1995-10-03,1990-01-03,1995-10-02,1454,0.993638174260758,False,True,0
1995-10-04,1990-01-03,1995-10-03,1455,0.9938519450403421,False,True,0
1995-10-05,1990-01-03,1995-10-04,1456,0.9939708975289103,False,True,0
1995-10-06,1990-01-03,1995-10-05,1457,0.994125337229749,False,True,0
1995-10-09,1990-01-03,1995-10-06,1458,0.9942949680759758,False,True,0
1995-10-10,1990-01-03,1995-10-09,1459,0.9939282681290452,False,True,0
1995-10-11,1990-01-03,1995-10-10,1460,0.994099625527989,False,True,0
1995-10-12,1990-01-03,1995-10-11,1461,0.9941835620075552,False,True,0
1995-10-13,1990-01-03,1995-10-12,1462,0.9939320471066369,False,True,0
1995-10-16,1990-01-03,1995-10-13,1463,0.9940932239014076,False,True,0
1995-10-17,1990-01-03,1995-10-16,1464,0.994127279576025,False,True,0
1995-10-18,1990-01-03,1995-10-17,1465,0.9938714756800525,False,True,0
1995-10-19,1990-01-03,1995-10-18,1466,0.9940967349202939,False,True,0
1995-10-20,1990-01-03,1995-10-19,1467,0.9939592407556749,False,True,0
1995-10-23,1990-01-03,1995-10-20,1468,0.9936582733588478,False,True,0
1995-10-24,1990-01-03,1995-10-23,1469,0.9935062401094599,False,True,0
1995-10-25,1990-01-03,1995-10-24,1470,0.9937059748210592,False,True,0
1995-10-26,1990-01-03,1995-10-25,1471,0.9931815446644642,False,True,0
1995-10-27,1990-01-03,1995-10-26,1472,0.992200088303832,False,True,0
1995-10-30,1990-01-03,1995-10-27,1473,0.9921363040568493,False,True,0
1995-10-31,1990-01-03,1995-10-30,1474,0.9918996569552838,False,True,0
1995-11-01,1990-01-03,1995-10-31,1475,0.9920216680119583,False,True,0
1995-11-02,1990-01-03,1995-11-01,1476,0.9920443912310033,False,True,0
1995-11-03,1990-01-03,1995-11-02,1477,0.991338890988799,False,True,0
1995-11-06,1990-01-03,1995-11-03,1478,0.9917001692181017,False,True,0
1995-11-07,1990-01-03,1995-11-06,1479,0.9917031222130535,False,True,0
1995-11-08,1990-01-03,1995-11-07,1480,0.9917209419943037,False,True,0
1995-11-09,1990-01-03,1995-11-08,1481,0.9911052279474996,False,True,0
1995-11-10,1990-01-03,1995-11-09,1482,0.9913667689790014,False,True,0
1995-11-13,1990-01-03,1995-11-10,1483,0.9916572226291381,False,True,0
1995-11-14,1990-01-03,1995-11-13,1484,0.99194495401022,False,True,0
1995-11-15,1990-01-03,1995-11-14,1485,0.9917403956746982,False,True,0
1995-11-16,1990-01-03,1995-11-15,1486,0.9913456498061897,False,True,0
1995-11-17,1990-01-03,1995-11-16,1487,0.9912491396565861,False,True,0
1995-11-20,1990-01-03,1995-11-17,1488,0.9912841305821631,False,True,0
1995-11-21,1990-01-03,1995-11-20,1489,0.9910674376076148,False,True,0
1995-11-22,1990-01-03,1995-11-21,1490,0.9909945934793808,False,True,0
1995-11-24,1990-01-03,1995-11-22,1491,0.9910583666761104,False,True,0
1995-11-27,1990-01-03,1995-11-24,1492,0.9912718400246934,False,True,0
1995-11-28,1990-01-03,1995-11-27,1493,0.991491389106498,False,True,0
1995-11-29,1990-01-03,1995-11-28,1494,0.9911657790475698,False,True,0
1995-11-30,1990-01-03,1995-11-29,1495,0.991351719944726,False,True,0
1995-12-01,1990-01-03,1995-11-30,1496,0.9913196502578645,False,True,0
1995-12-04,1990-01-03,1995-12-01,1497,0.9914835797634599,False,True,0
1995-12-05,1990-01-03,1995-12-04,1498,0.9910696289783332,False,True,0
1995-12-06,1990-01-03,1995-12-05,1499,0.9909631896989303,False,True,0
1995-12-07,1990-01-03,1995-12-06,1500,0.9910166590789761,False,True,0
1995-12-08,1990-01-03,1995-12-07,1501,0.9907800716822602,False,True,0
1995-12-11,1990-01-03,1995-12-08,1502,0.9909648331789127,False,True,0
1995-12-12,1990-01-03,1995-12-11,1503,0.991068921164039,False,True,0
1995-12-13,1990-01-03,1995-12-12,1504,0.9912052660857528,False,True,0
1995-12-14,1990-01-03,1995-12-13,1505,0.9912131470678477,False,True,0
1995-12-15,1990-01-03,1995-12-14,1506,0.9909045203631517,False,True,0
1995-12-18,1990-01-03,1995-12-15,1507,0.9910960314650031,False,True,0
1995-12-19,1990-01-03,1995-12-18,1508,0.990337500349728,False,True,0
1995-12-20,1990-01-03,1995-12-19,1509,0.9899926903323761,False,True,0
1995-12-21,1990-01-03,1995-12-20,1510,0.9893477182644272,False,True,0
1995-12-22,1990-01-03,1995-12-21,1511,0.9891721949365938,False,True,0
1995-12-26,1990-01-03,1995-12-22,1512,0.9894753141296325,False,True,0
1995-12-27,1990-01-03,1995-12-26,1513,0.98965636091336,False,True,0
1995-12-28,1990-01-03,1995-12-27,1514,0.9899473239364487,False,True,0
1995-12-29,1990-01-03,1995-12-28,1515,0.9901918909142944,False,True,0
1996-01-02,1990-01-03,1995-12-29,1516,0.9903671908844037,False,True,0
1996-01-03,1990-01-03,1996-01-02,1517,0.990193037423752,False,True,0
1996-01-04,1990-01-03,1996-01-03,1518,0.9903839899779568,False,True,0
1996-01-05,1990-01-03,1996-01-04,1519,0.9902427729458584,False,True,0
1996-01-08,1990-01-03,1996-01-05,1520,0.9904006246037783,False,True,0
1996-01-09,1990-01-03,1996-01-08,1521,0.9905515284343214,False,True,0
1996-01-10,1990-01-03,1996-01-09,1522,0.989958497146494,False,True,0
1996-01-11,1990-01-03,1996-01-10,1523,0.9889000647023911,False,True,0
1996-01-12,1990-01-03,1996-01-11,1524,0.9888661870420465,False,True,0
1996-01-15,1990-01-03,1996-01-12,1525,0.9892072188108801,False,True,0
1996-01-16,1990-01-03,1996-01-15,1526,0.9894077167511943,False,True,0
1996-01-17,1990-01-03,1996-01-16,1527,0.9886826388968187,False,True,0
1996-01-18,1990-01-03,1996-01-17,1528,0.9888438173381046,False,True,0
1996-01-19,1990-01-03,1996-01-18,1529,0.9890736930675864,False,True,0
1996-01-22,1990-01-03,1996-01-19,1530,0.9891121080529862,False,True,0
1996-01-23,1990-01-03,1996-01-22,1531,0.989306522905058,False,True,0
1996-01-24,1990-01-03,1996-01-23,1532,0.9894897569926739,False,True,0
1996-01-25,1990-01-03,1996-01-24,1533,0.9892153539569318,False,True,0
1996-01-26,1990-01-03,1996-01-25,1534,0.9892105408966986,False,True,0
1996-01-29,1990-01-03,1996-01-26,1535,0.9891591659186206,False,True,0
1996-01-30,1990-01-03,1996-01-29,1536,0.9892309745363407,False,True,0
1996-01-31,1990-01-03,1996-01-30,1537,0.9891407520244399,False,True,0
1996-02-01,1990-01-03,1996-01-31,1538,0.9890872465849824,False,True,0
1996-02-02,1990-01-03,1996-02-01,1539,0.9891178644178006,False,True,0
1996-02-05,1990-01-03,1996-02-02,1540,0.9891039392661057,False,True,0
1996-02-06,1990-01-03,1996-02-05,1541,0.9890853723962898,False,True,0
1996-02-07,1990-01-03,1996-02-06,1542,0.9890977546747541,False,True,0
1996-02-08,1990-01-03,1996-02-07,1543,0.9891078225250456,False,True,0
1996-02-09,1990-01-03,1996-02-08,1544,0.989169045204536,False,True,0
1996-02-12,1990-01-03,1996-02-09,1545,0.989131735336526,False,True,0
1996-02-13,1990-01-03,1996-02-12,1546,0.9892024499427282,False,True,0
1996-02-14,1990-01-03,1996-02-13,1547,0.9891327841037983,False,True,0
1996-02-15,1990-01-03,1996-02-14,1548,0.989168094995059,False,True,0
1996-02-16,1990-01-03,1996-02-15,1549,0.9891359337922183,False,True,0
1996-02-20,1990-01-03,1996-02-16,1550,0.9891073068286278,False,True,0
1996-02-21,1990-01-03,1996-02-20,1551,0.9889467586292321,False,True,0
1996-02-22,1990-01-03,1996-02-21,1552,0.9887688145719674,False,True,0
1996-02-23,1990-01-03,1996-02-22,1553,0.9885712652273566,False,True,0
1996-02-26,1990-01-03,1996-02-23,1554,0.9886456815843715,False,True,0
1996-02-27,1990-01-03,1996-02-26,1555,0.9885114893342926,False,True,0
1996-02-28,1990-01-03,1996-02-27,1556,0.9885344349876772,False,True,0
1996-02-29,1990-01-03,1996-02-28,1557,0.9885979789244215,False,True,0
1996-03-01,1990-01-03,1996-02-29,1558,0.9885612246001079,False,True,0
1996-03-04,1990-01-03,1996-03-01,1559,0.9885961505567367,False,True,0
1996-03-05,1990-01-03,1996-03-04,1560,0.9885207732475096,False,True,0
1996-03-06,1990-01-03,1996-03-05,1561,0.9885189780254457,False,True,0
1996-03-07,1990-01-03,1996-03-06,1562,0.9885008307194728,False,True,0
1996-03-08,1990-01-03,1996-03-07,1563,0.9885569351310147,False,True,0
1996-03-11,1990-01-03,1996-03-08,1564,0.988518136123975,False,True,0
1996-03-12,1990-01-03,1996-03-11,1565,0.9884253829794016,False,True,0
1996-03-13,1990-01-03,1996-03-12,1566,0.9885373838807813,False,True,0
1996-03-14,1990-01-03,1996-03-13,1567,0.9887133779071285,False,True,0
1996-03-15,1990-01-03,1996-03-14,1568,0.9888356818012561,False,True,0
1996-03-18,1990-01-03,1996-03-15,1569,0.9889562392134118,False,True,0
1996-03-19,1990-01-03,1996-03-18,1570,0.9888044729285091,False,True,0
1996-03-20,1990-01-03,1996-03-19,1571,0.988850074905324,False,True,0
1996-03-21,1990-01-03,1996-03-20,1572,0.9888744597405152,False,True,0
1996-03-22,1990-01-03,1996-03-21,1573,0.9888919775679077,False,True,0
1996-03-25,1990-01-03,1996-03-22,1574,0.9888955651347461,False,True,0
1996-03-26,1990-01-03,1996-03-25,1575,0.9888742444169037,False,True,0
1996-03-27,1990-01-03,1996-03-26,1576,0.988851304624928,False,True,0
1996-03-28,1990-01-03,1996-03-27,1577,0.9888349218179326,False,True,0
1996-03-29,1990-01-03,1996-03-28,1578,0.9887982042928742,False,True,0
1996-04-01,1990-01-03,1996-03-29,1579,0.9887734481010261,False,True,0
1996-04-02,1990-01-03,1996-04-01,1580,0.9888771512690685,False,True,0
1996-04-03,1990-01-03,1996-04-02,1581,0.9888207020863523,False,True,0
1996-04-04,1990-01-03,1996-04-03,1582,0.9887314416145525,False,True,0
1996-04-08,1990-01-03,1996-04-04,1583,0.988613625430869,False,True,0
1996-04-09,1990-01-03,1996-04-08,1584,0.9890598705972935,False,True,0
1996-04-10,1990-01-03,1996-04-09,1585,0.9890746041303381,False,True,0
1996-04-11,1990-01-03,1996-04-10,1586,0.9889943661187243,False,True,0
1996-04-12,1990-01-03,1996-04-11,1587,0.9890492693093187,False,True,0
1996-04-15,1990-01-03,1996-04-12,1588,0.9890246795405061,False,True,0
1996-04-16,1990-01-03,1996-04-15,1589,0.9890068932525719,False,True,0
1996-04-17,1990-01-03,1996-04-16,1590,0.9890254630843865,False,True,0
1996-04-18,1990-01-03,1996-04-17,1591,0.9890116959651598,False,True,0
1996-04-19,1990-01-03,1996-04-18,1592,0.9890198371759322,False,True,0
1996-04-22,1990-01-03,1996-04-19,1593,0.9890043572838598,False,True,0
1996-04-23,1990-01-03,1996-04-22,1594,0.9889792195477782,False,True,0
1996-04-24,1990-01-03,1996-04-23,1595,0.9889691195802761,False,True,0
1996-04-25,1990-01-03,1996-04-24,1596,0.9888907569967563,False,True,0
1996-04-26,1990-01-03,1996-04-25,1597,0.9888339621528124,False,True,0
1996-04-29,1990-01-03,1996-04-26,1598,0.9887109103331321,False,True,0
1996-04-30,1990-01-03,1996-04-29,1599,0.9885603191083834,False,True,0
1996-05-01,1990-01-03,1996-04-30,1600,0.9883756572234166,False,True,0
1996-05-02,1990-01-03,1996-05-01,1601,0.9881674363064504,False,True,0
1996-05-03,1990-01-03,1996-05-02,1602,0.988923821059742,False,True,0
1996-05-06,1990-01-03,1996-05-03,1603,0.9889045892099927,False,True,0
1996-05-07,1990-01-03,1996-05-06,1604,0.9888846618655236,False,True,0
1996-05-08,1990-01-03,1996-05-07,1605,0.9888587531237996,False,True,0
1996-05-09,1990-01-03,1996-05-08,1606,0.9889101217253216,False,True,0
1996-05-10,1990-01-03,1996-05-09,1607,0.9888685920541052,False,True,0
1996-05-13,1990-01-03,1996-05-10,1608,0.9889835157582794,False,True,0
1996-05-14,1990-01-03,1996-05-13,1609,0.989256315435728,False,True,0
1996-05-15,1990-01-03,1996-05-14,1610,0.9892671353647603,False,True,0
1996-05-16,1990-01-03,1996-05-15,1611,0.989153634616156,False,True,0
1996-05-17,1990-01-03,1996-05-16,1612,0.9890221801213475,False,True,0
1996-05-20,1990-01-03,1996-05-17,1613,0.9890468795518653,False,True,0
1996-05-21,1990-01-03,1996-05-20,1614,0.9890861538213498,False,True,0
1996-05-22,1990-01-03,1996-05-21,1615,0.9889161148059337,False,True,0
1996-05-23,1990-01-03,1996-05-22,1616,0.9891218116002747,False,True,0
1996-05-24,1990-01-03,1996-05-23,1617,0.9890336623563225,False,True,0
1996-05-28,1990-01-03,1996-05-24,1618,0.9889408589202963,False,True,0
1996-05-29,1990-01-03,1996-05-28,1619,0.9891861620299214,False,True,0
1996-05-30,1990-01-03,1996-05-29,1620,0.9891943442986649,False,True,0
1996-05-31,1990-01-03,1996-05-30,1621,0.9891942241712424,False,True,0
1996-06-03,1990-01-03,1996-05-31,1622,0.9891548419236995,False,True,0
1996-06-04,1990-01-03,1996-06-03,1623,0.9891121015627692,False,True,0
1996-06-05,1990-01-03,1996-06-04,1624,0.9891463278194782,False,True,0
1996-06-06,1990-01-03,1996-06-05,1625,0.9892294348611453,False,True,0
1996-06-07,1990-01-03,1996-06-06,1626,0.9892717540583805,False,True,0
1996-06-10,1990-01-03,1996-06-07,1627,0.9892475658438611,False,True,0
1996-06-11,1990-01-03,1996-06-10,1628,0.9892029527045021,False,True,0
1996-06-12,1990-01-03,1996-06-11,1629,0.9891553890500271,False,True,0
1996-06-13,1990-01-03,1996-06-12,1630,0.989111987111006,False,True,0
1996-06-14,1990-01-03,1996-06-13,1631,0.9890754324119299,False,True,0
1996-06-17,1990-01-03,1996-06-14,1632,0.9890339064839876,False,True,0
1996-06-18,1990-01-03,1996-06-17,1633,0.9889987641276499,False,True,0
1996-06-19,1990-01-03,1996-06-18,1634,0.9889736350255651,False,True,0
1996-06-20,1990-01-03,1996-06-19,1635,0.9889558499945343,False,True,0
1996-06-21,1990-01-03,1996-06-20,1636,0.9889231664775521,False,True,0
1996-06-24,1990-01-03,1996-06-21,1637,0.9889715102122679,False,True,0
1996-06-25,1990-01-03,1996-06-24,1638,0.9889263748780125,False,True,0
1996-06-26,1990-01-03,1996-06-25,1639,0.9888395079639573,False,True,0
1996-06-27,1990-01-03,1996-06-26,1640,0.9888678099783,False,True,0
1996-06-28,1990-01-03,1996-06-27,1641,0.9888913086824511,False,True,0
1996-07-01,1990-01-03,1996-06-28,1642,0.9888580045663108,False,True,0
1996-07-02,1990-01-03,1996-07-01,1643,0.988945061572309,False,True,0
1996-07-03,1990-01-03,1996-07-02,1644,0.9889063295763277,False,True,0
1996-07-05,1990-01-03,1996-07-03,1645,0.9888456263925723,False,True,0
1996-07-08,1990-01-03,1996-07-05,1646,0.989157477883546,False,True,0
1996-07-09,1990-01-03,1996-07-08,1647,0.9890426953717972,False,True,0
1996-07-10,1990-01-03,1996-07-09,1648,0.9891773666990775,False,True,0
1996-07-11,1990-01-03,1996-07-10,1649,0.9893168805939371,False,True,0
1996-07-12,1990-01-03,1996-07-11,1650,0.9889219669452647,False,True,0
1996-07-15,1990-01-03,1996-07-12,1651,0.9891453266614039,False,True,0
1996-07-16,1990-01-03,1996-07-15,1652,0.9883731087531431,False,True,0
1996-07-17,1990-01-03,1996-07-16,1653,0.9886726719342491,False,True,0
1996-07-18,1990-01-03,1996-07-17,1654,0.9885834723310608,False,True,0
1996-07-19,1990-01-03,1996-07-18,1655,0.9881338879294467,False,True,0
1996-07-22,1990-01-03,1996-07-19,1656,0.9880897429742961,False,True,0
1996-07-23,1990-01-03,1996-07-22,1657,0.988039679645419,False,True,0
1996-07-24,1990-01-03,1996-07-23,1658,0.9878264785091387,False,True,0
1996-07-25,1990-01-03,1996-07-24,1659,0.9880821821309963,False,True,0
1996-07-26,1990-01-03,1996-07-25,1660,0.9881186382273727,False,True,0
1996-07-29,1990-01-03,1996-07-26,1661,0.9881397599667658,False,True,0
1996-07-30,1990-01-03,1996-07-29,1662,0.9880968386849005,False,True,0
1996-07-31,1990-01-03,1996-07-30,1663,0.9881320004574381,False,True,0
1996-08-01,1990-01-03,1996-07-31,1664,0.9881460776121471,False,True,0
1996-08-02,1990-01-03,1996-08-01,1665,0.9880400277234724,False,True,0
1996-08-05,1990-01-03,1996-08-02,1666,0.9880047305400699,False,True,0
1996-08-06,1990-01-03,1996-08-05,1667,0.9880089685155616,False,True,0
1996-08-07,1990-01-03,1996-08-06,1668,0.9880048227622984,False,True,0
1996-08-08,1990-01-03,1996-08-07,1669,0.9879738927621607,False,True,0
1996-08-09,1990-01-03,1996-08-08,1670,0.9879212521080217,False,True,0
1996-08-12,1990-01-03,1996-08-09,1671,0.9878562221467039,False,True,0
1996-08-13,1990-01-03,1996-08-12,1672,0.9878233479132391,False,True,0
1996-08-14,1990-01-03,1996-08-13,1673,0.9878658336792081,False,True,0
1996-08-15,1990-01-03,1996-08-14,1674,0.9878033087315642,False,True,0
1996-08-16,1990-01-03,1996-08-15,1675,0.9877013643162231,False,True,0
1996-08-19,1990-01-03,1996-08-16,1676,0.9876258757537798,False,True,0
1996-08-20,1990-01-03,1996-08-19,1677,0.9874751351727926,False,True,0
1996-08-21,1990-01-03,1996-08-20,1678,0.9872987869114197,False,True,0
1996-08-22,1990-01-03,1996-08-21,1679,0.987099004512388,False,True,0
1996-08-23,1990-01-03,1996-08-22,1680,0.9872821263813545,False,True,0
1996-08-26,1990-01-03,1996-08-23,1681,0.9872639114038535,False,True,0
1996-08-27,1990-01-03,1996-08-26,1682,0.9872047506682611,False,True,0
1996-08-28,1990-01-03,1996-08-27,1683,0.9871056544677982,False,True,0
1996-08-29,1990-01-03,1996-08-28,1684,0.986961591535654,False,True,0
1996-08-30,1990-01-03,1996-08-29,1685,0.9872323072279755,False,True,0
1996-09-03,1990-01-03,1996-08-30,1686,0.9872475938411028,False,True,0
1996-09-04,1990-01-03,1996-09-03,1687,0.9872363001038106,False,True,0
1996-09-05,1990-01-03,1996-09-04,1688,0.987193998651653,False,True,0
1996-09-06,1990-01-03,1996-09-05,1689,0.987247670674896,False,True,0
1996-09-09,1990-01-03,1996-09-06,1690,0.9872552610233215,False,True,0
1996-09-10,1990-01-03,1996-09-09,1691,0.9873437310739928,False,True,0
1996-09-11,1990-01-03,1996-09-10,1692,0.9872863672226777,False,True,0
1996-09-12,1990-01-03,1996-09-11,1693,0.9872589100769077,False,True,0
1996-09-13,1990-01-03,1996-09-12,1694,0.9872442246411621,False,True,0
1996-09-16,1990-01-03,1996-09-13,1695,0.9876176632934325,False,True,0
1996-09-17,1990-01-03,1996-09-16,1696,0.9875682262046254,False,True,0
1996-09-18,1990-01-03,1996-09-17,1697,0.9874144812840673,False,True,0
1996-09-19,1990-01-03,1996-09-18,1698,0.9872710934668022,False,True,0
1996-09-20,1990-01-03,1996-09-19,1699,0.9871132280797285,False,True,0
1996-09-23,1990-01-03,1996-09-20,1700,0.9871223801365704,False,True,0
1996-09-24,1990-01-03,1996-09-23,1701,0.9869089107741861,False,True,0
1996-09-25,1990-01-03,1996-09-24,1702,0.9866995107048747,False,True,0
1996-09-26,1990-01-03,1996-09-25,1703,0.986459491470565,False,True,0
1996-09-27,1990-01-03,1996-09-26,1704,0.9861948073293474,False,True,0
1996-09-30,1990-01-03,1996-09-27,1705,0.9859055158428766,False,True,0
1996-10-01,1990-01-03,1996-09-30,1706,0.9856239959229436,False,True,0
1996-10-02,1990-01-03,1996-10-01,1707,0.9853839303643,False,True,0
1996-10-03,1990-01-03,1996-10-02,1708,0.9857438946058368,False,True,0
1996-10-04,1990-01-03,1996-10-03,1709,0.9854892214510503,False,True,0
1996-10-07,1990-01-03,1996-10-04,1710,0.9864643086050622,False,True,0
1996-10-08,1990-01-03,1996-10-07,1711,0.9862599274903529,False,True,0
1996-10-09,1990-01-03,1996-10-08,1712,0.986207583198312,False,True,0
1996-10-10,1990-01-03,1996-10-09,1713,0.9862998133680575,False,True,0
1996-10-11,1990-01-03,1996-10-10,1714,0.9862089930547518,False,True,0
1996-10-14,1990-01-03,1996-10-11,1715,0.9864316070269497,False,True,0
1996-10-15,1990-01-03,1996-10-14,1716,0.9863890486925196,False,True,0
1996-10-16,1990-01-03,1996-10-15,1717,0.9862493324050656,False,True,0
1996-10-17,1990-01-03,1996-10-16,1718,0.9861440519448348,False,True,0
1996-10-18,1990-01-03,1996-10-17,1719,0.9860839048885011,False,True,0
1996-10-21,1990-01-03,1996-10-18,1720,0.9861457507687206,False,True,0
1996-10-22,1990-01-03,1996-10-21,1721,0.9859971239103108,False,True,0
1996-10-23,1990-01-03,1996-10-22,1722,0.9859981405424967,False,True,0
1996-10-24,1990-01-03,1996-10-23,1723,0.9858987155465989,False,True,0
1996-10-25,1990-01-03,1996-10-24,1724,0.985989577468376,False,True,0
1996-10-28,1990-01-03,1996-10-25,1725,0.9859648341140282,False,True,0
1996-10-29,1990-01-03,1996-10-28,1726,0.9859277102383754,False,True,0
1996-10-30,1990-01-03,1996-10-29,1727,0.9859382306369631,False,True,0
1996-10-31,1990-01-03,1996-10-30,1728,0.9859485053521005,False,True,0
1996-11-01,1990-01-03,1996-10-31,1729,0.9859693130219992,False,True,0
1996-11-04,1990-01-03,1996-11-01,1730,0.9859486424279804,False,True,0
1996-11-05,1990-01-03,1996-11-04,1731,0.985962120195912,False,True,0
1996-11-06,1990-01-03,1996-11-05,1732,0.9860631237993797,False,True,0
1996-11-07,1990-01-03,1996-11-06,1733,0.9862907785454597,False,True,0
1996-11-08,1990-01-03,1996-11-07,1734,0.9862897938149143,False,True,0
1996-11-11,1990-01-03,1996-11-08,1735,0.9862898486207881,False,True,0
1996-11-12,1990-01-03,1996-11-11,1736,0.986223056427571,False,True,0
1996-11-13,1990-01-03,1996-11-12,1737,0.9861713048359313,False,True,0
1996-11-14,1990-01-03,1996-11-13,1738,0.9861305731300747,False,True,0
1996-11-15,1990-01-03,1996-11-14,1739,0.9862134279673087,False,True,0
1996-11-18,1990-01-03,1996-11-15,1740,0.9861608409519959,False,True,0
1996-11-19,1990-01-03,1996-11-18,1741,0.9860750154471153,False,True,0
1996-11-20,1990-01-03,1996-11-19,1742,0.986206471595938,False,True,0
1996-11-21,1990-01-03,1996-11-20,1743,0.9861464826273145,False,True,0
1996-11-22,1990-01-03,1996-11-21,1744,0.9860600282742941,False,True,0
1996-11-25,1990-01-03,1996-11-22,1745,0.9862503132788614,False,True,0
1996-11-26,1990-01-03,1996-11-25,1746,0.9866120101294766,False,True,0
1996-11-27,1990-01-03,1996-11-26,1747,0.9865284502898061,False,True,0
1996-11-29,1990-01-03,1996-11-27,1748,0.9864517504641613,False,True,0
1996-12-02,1990-01-03,1996-11-29,1749,0.9864169067933658,False,True,0
1996-12-03,1990-01-03,1996-12-02,1750,0.9863418518855943,False,True,0
1996-12-04,1990-01-03,1996-12-03,1751,0.9865216823686105,False,True,0
1996-12-05,1990-01-03,1996-12-04,1752,0.9864811618831774,False,True,0
1996-12-06,1990-01-03,1996-12-05,1753,0.9865803541903814,False,True,0
1996-12-09,1990-01-03,1996-12-06,1754,0.9864327494970191,False,True,0
1996-12-10,1990-01-03,1996-12-09,1755,0.9860098297161637,False,True,0
1996-12-11,1990-01-03,1996-12-10,1756,0.9860690620441286,False,True,0
1996-12-12,1990-01-03,1996-12-11,1757,0.9857383615936431,False,True,0
1996-12-13,1990-01-03,1996-12-12,1758,0.9848713004093043,False,True,0
1996-12-16,1990-01-03,1996-12-13,1759,0.9852536419443798,False,True,0
1996-12-17,1990-01-03,1996-12-16,1760,0.9846704461403225,False,True,0
1996-12-18,1990-01-03,1996-12-17,1761,0.984666605014637,False,True,0
1996-12-19,1990-01-03,1996-12-18,1762,0.9845991913050726,False,True,0
1996-12-20,1990-01-03,1996-12-19,1763,0.9836742972063663,False,True,0
1996-12-23,1990-01-03,1996-12-20,1764,0.9838531971203036,False,True,0
1996-12-24,1990-01-03,1996-12-23,1765,0.9840010404889413,False,True,0
1996-12-26,1990-01-03,1996-12-24,1766,0.9840698669410877,False,True,0
1996-12-27,1990-01-03,1996-12-26,1767,0.9840818773829401,False,True,0
1996-12-30,1990-01-03,1996-12-27,1768,0.9842053052959762,False,True,0
1996-12-31,1990-01-03,1996-12-30,1769,0.984220007462804,False,True,0
1997-01-02,1990-01-03,1996-12-31,1770,0.983881643278486,False,True,0
1997-01-03,1990-01-03,1997-01-02,1771,0.9839465749879512,False,True,0
1997-01-06,1990-01-03,1997-01-03,1772,0.983464681410063,False,True,0
1997-01-07,1990-01-03,1997-01-06,1773,0.9836714102700894,False,True,0
1997-01-08,1990-01-03,1997-01-07,1774,0.9836604947742255,False,True,0
1997-01-09,1990-01-03,1997-01-08,1775,0.9836184325824866,False,True,0
1997-01-10,1990-01-03,1997-01-09,1776,0.9835714503796857,False,True,0
1997-01-13,1990-01-03,1997-01-10,1777,0.9835979911687008,False,True,0
1997-01-14,1990-01-03,1997-01-13,1778,0.9836570871014456,False,True,0
1997-01-15,1990-01-03,1997-01-14,1779,0.9836712079068578,False,True,0
1997-01-16,1990-01-03,1997-01-15,1780,0.9836495075295921,False,True,0
1997-01-17,1990-01-03,1997-01-16,1781,0.9836323327041242,False,True,0
1997-01-20,1990-01-03,1997-01-17,1782,0.9836904281022338,False,True,0
1997-01-21,1990-01-03,1997-01-20,1783,0.9835983381053144,False,True,0
1997-01-22,1990-01-03,1997-01-21,1784,0.9836874148428492,False,True,0
1997-01-23,1990-01-03,1997-01-22,1785,0.9836292710242889,False,True,0
1997-01-24,1990-01-03,1997-01-23,1786,0.9839197000419766,False,True,0
1997-01-27,1990-01-03,1997-01-24,1787,0.9839048777210766,False,True,0
1997-01-28,1990-01-03,1997-01-27,1788,0.9838577823713646,False,True,0
1997-01-29,1990-01-03,1997-01-28,1789,0.9839474413056997,False,True,0
1997-01-30,1990-01-03,1997-01-29,1790,0.9839222844078611,False,True,0
1997-01-31,1990-01-03,1997-01-30,1791,0.9839588009523916,False,True,0
1997-02-03,1990-01-03,1997-01-31,1792,0.9839413389432918,False,True,0
1997-02-04,1990-01-03,1997-02-03,1793,0.9838843046788908,False,True,0
1997-02-05,1990-01-03,1997-02-04,1794,0.9838184230350441,False,True,0
1997-02-06,1990-01-03,1997-02-05,1795,0.9840877555664829,False,True,0
1997-02-07,1990-01-03,1997-02-06,1796,0.9841249759380613,False,True,0
1997-02-10,1990-01-03,1997-02-07,1797,0.9841604368947003,False,True,0
1997-02-11,1990-01-03,1997-02-10,1798,0.9841333364186496,False,True,0
1997-02-12,1990-01-03,1997-02-11,1799,0.9841359033132187,False,True,0
1997-02-13,1990-01-03,1997-02-12,1800,0.9843311317286361,False,True,0
1997-02-14,1990-01-03,1997-02-13,1801,0.9844711881639291,False,True,0
1997-02-18,1990-01-03,1997-02-14,1802,0.9844088302148944,False,True,0
1997-02-19,1990-01-03,1997-02-18,1803,0.984502640457599,False,True,0
1997-02-20,1990-01-03,1997-02-19,1804,0.9844521543205379,False,True,0
1997-02-21,1990-01-03,1997-02-20,1805,0.9845477413099168,False,True,0
1997-02-24,1990-01-03,1997-02-21,1806,0.9845645946354539,False,True,0
1997-02-25,1990-01-03,1997-02-24,1807,0.9845950443983946,False,True,0
1997-02-26,1990-01-03,1997-02-25,1808,0.9845627249872797,False,True,0
1997-02-27,1990-01-03,1997-02-26,1809,0.9845585172034425,False,True,0
1997-02-28,1990-01-03,1997-02-27,1810,0.9845588876454132,False,True,0
1997-03-03,1990-01-03,1997-02-28,1811,0.9845710082451048,False,True,0
1997-03-04,1990-01-03,1997-03-03,1812,0.9846091649584701,False,True,0
1997-03-05,1990-01-03,1997-03-04,1813,0.9846050044784178,False,True,0
1997-03-06,1990-01-03,1997-03-05,1814,0.9845588429731241,False,True,0
1997-03-07,1990-01-03,1997-03-06,1815,0.984552147810612,False,True,0
1997-03-10,1990-01-03,1997-03-07,1816,0.9845563655737739,False,True,0
1997-03-11,1990-01-03,1997-03-10,1817,0.9846070274784061,False,True,0
1997-03-12,1990-01-03,1997-03-11,1818,0.9845431257649658,False,True,0
1997-03-13,1990-01-03,1997-03-12,1819,0.984557047613429,False,True,0
1997-03-14,1990-01-03,1997-03-13,1820,0.9845973255042537,False,True,0
1997-03-17,1990-01-03,1997-03-14,1821,0.9846739705612617,False,True,0
1997-03-18,1990-01-03,1997-03-17,1822,0.9847253380237698,False,True,0
1997-03-19,1990-01-03,1997-03-18,1823,0.984703031080883,False,True,0
1997-03-20,1990-01-03,1997-03-19,1824,0.9847127442246533,False,True,0
1997-03-21,1990-01-03,1997-03-20,1825,0.9847307990836567,False,True,0
1997-03-24,1990-01-03,1997-03-21,1826,0.9847572187457756,False,True,0
1997-03-25,1990-01-03,1997-03-24,1827,0.9847642304393045,False,True,0
1997-03-26,1990-01-03,1997-03-25,1828,0.9847165811259377,False,True,0
1997-03-27,1990-01-03,1997-03-26,1829,0.9846490932917407,False,True,0
1997-03-31,1990-01-03,1997-03-27,1830,0.9850025105871458,False,True,0
1997-04-01,1990-01-03,1997-03-31,1831,0.9847605542998619,False,True,0
1997-04-02,1990-01-03,1997-04-01,1832,0.984931738383617,False,True,0
1997-04-03,1990-01-03,1997-04-02,1833,0.9847873822748342,False,True,0
1997-04-04,1990-01-03,1997-04-03,1834,0.9849560607073353,False,True,0
1997-04-07,1990-01-03,1997-04-04,1835,0.9849378945517496,False,True,0
1997-04-08,1990-01-03,1997-04-07,1836,0.9849753520534201,False,True,0
1997-04-09,1990-01-03,1997-04-08,1837,0.9849833030758939,False,True,0
1997-04-10,1990-01-03,1997-04-09,1838,0.9849649212445099,False,True,0
1997-04-11,1990-01-03,1997-04-10,1839,0.9849521187304469,False,True,0
1997-04-14,1990-01-03,1997-04-11,1840,0.9850853505302525,False,True,0
1997-04-15,1990-01-03,1997-04-14,1841,0.9851261890138432,False,True,0
1997-04-16,1990-01-03,1997-04-15,1842,0.985050364584584,False,True,0
1997-04-17,1990-01-03,1997-04-16,1843,0.9850417588490273,False,True,0
1997-04-18,1990-01-03,1997-04-17,1844,0.9850238173283183,False,True,0
1997-04-21,1990-01-03,1997-04-18,1845,0.9849933586186799,False,True,0
1997-04-22,1990-01-03,1997-04-21,1846,0.984972234438798,False,True,0
1997-04-23,1990-01-03,1997-04-22,1847,0.9851588602671719,False,True,0
1997-04-24,1990-01-03,1997-04-23,1848,0.9850484123369553,False,True,0
1997-04-25,1990-01-03,1997-04-24,1849,0.9849283747240458,False,True,0
1997-04-28,1990-01-03,1997-04-25,1850,0.9849033333446355,False,True,0
1997-04-29,1990-01-03,1997-04-28,1851,0.9849370617873175,False,True,0
1997-04-30,1990-01-03,1997-04-29,1852,0.9856612469816471,False,True,0
1997-05-01,1990-01-03,1997-04-30,1853,0.9856732741048746,False,True,0
1997-05-02,1990-01-03,1997-05-01,1854,0.9854979908926981,False,True,0
1997-05-05,1990-01-03,1997-05-02,1855,0.9860250197717384,False,True,0
1997-05-06,1990-01-03,1997-05-05,1856,0.9867303380375325,False,True,0
1997-05-07,1990-01-03,1997-05-06,1857,0.9865221691873609,False,True,0
1997-05-08,1990-01-03,1997-05-07,1858,0.9868866578690331,False,True,0
1997-05-09,1990-01-03,1997-05-08,1859,0.9867810051511842,False,True,0
1997-05-12,1990-01-03,1997-05-09,1860,0.9866572509998507,False,True,0
1997-05-13,1990-01-03,1997-05-12,1861,0.9870232272594018,False,True,0
1997-05-14,1990-01-03,1997-05-13,1862,0.9869004619837196,False,True,0
1997-05-15,1990-01-03,1997-05-14,1863,0.9866983461884256,False,True,0
1997-05-16,1990-01-03,1997-05-15,1864,0.9866154260128046,False,True,0
1997-05-19,1990-01-03,1997-05-16,1865,0.9870519737637583,False,True,0
1997-05-20,1990-01-03,1997-05-19,1866,0.9869033363051708,False,True,0
1997-05-21,1990-01-03,1997-05-20,1867,0.9869725144985019,False,True,0
1997-05-22,1990-01-03,1997-05-21,1868,0.986776233841666,False,True,0
1997-05-23,1990-01-03,1997-05-22,1869,0.9866262064905237,False,True,0
1997-05-27,1990-01-03,1997-05-23,1870,0.9869407491416711,False,True,0
1997-05-28,1990-01-03,1997-05-27,1871,0.9867164916683464,False,True,0
1997-05-29,1990-01-03,1997-05-28,1872,0.986495007788453,False,True,0
1997-05-30,1990-01-03,1997-05-29,1873,0.9863015053696222,False,True,0
1997-06-02,1990-01-03,1997-05-30,1874,0.9861357970651163,False,True,0
1997-06-03,1990-01-03,1997-06-02,1875,0.9858794563234625,False,True,0
1997-06-04,1990-01-03,1997-06-03,1876,0.9855885592788549,False,True,0
1997-06-05,1990-01-03,1997-06-04,1877,0.9855731765602065,False,True,0
1997-06-06,1990-01-03,1997-06-05,1878,0.9853705314032228,False,True,0
1997-06-09,1990-01-03,1997-06-06,1879,0.9862079787017812,False,True,0
1997-06-10,1990-01-03,1997-06-09,1880,0.9860977747572223,False,True,0
1997-06-11,1990-01-03,1997-06-10,1881,0.9858244553239273,False,True,0
1997-06-12,1990-01-03,1997-06-11,1882,0.9856671463758492,False,True,0
1997-06-13,1990-01-03,1997-06-12,1883,0.9866013463927515,False,True,0
1997-06-16,1990-01-03,1997-06-13,1884,0.9870200596019151,False,True,0
1997-06-17,1990-01-03,1997-06-16,1885,0.9866873755344188,False,True,0
1997-06-18,1990-01-03,1997-06-17,1886,0.9863313370590066,False,True,0
1997-06-19,1990-01-03,1997-06-18,1887,0.9863642178515497,False,True,0
1997-06-20,1990-01-03,1997-06-19,1888,0.9867080841607665,False,True,0
1997-06-23,1990-01-03,1997-06-20,1889,0.9863956738889951,False,True,0
1997-06-24,1990-01-03,1997-06-23,1890,0.9877628447031331,False,True,0
1997-06-25,1990-01-03,1997-06-24,1891,0.988153825126402,False,True,0
1997-06-26,1990-01-03,1997-06-25,1892,0.9881738609845,False,True,0
1997-06-27,1990-01-03,1997-06-26,1893,0.9881377502785165,False,True,0
1997-06-30,1990-01-03,1997-06-27,1894,0.9880795740072779,False,True,0
1997-07-01,1990-01-03,1997-06-30,1895,0.9879894843400249,False,True,0
1997-07-02,1990-01-03,1997-07-01,1896,0.9879629017612428,False,True,0
1997-07-03,1990-01-03,1997-07-02,1897,0.9882292619479143,False,True,0
1997-07-07,1990-01-03,1997-07-03,1898,0.9885042510850081,False,True,0
1997-07-08,1990-01-03,1997-07-07,1899,0.9884345133837011,False,True,0
1997-07-09,1990-01-03,1997-07-08,1900,0.98841650052563,False,True,0
1997-07-10,1990-01-03,1997-07-09,1901,0.9886216930243562,False,True,0
1997-07-11,1990-01-03,1997-07-10,1902,0.9885978455423847,False,True,0
1997-07-14,1990-01-03,1997-07-11,1903,0.9884960890417837,False,True,0
1997-07-15,1990-01-03,1997-07-14,1904,0.9883573791892468,False,True,0
1997-07-16,1990-01-03,1997-07-15,1905,0.9883860538684974,False,True,0
1997-07-17,1990-01-03,1997-07-16,1906,0.9886206524573404,False,True,0
1997-07-18,1990-01-03,1997-07-17,1907,0.9885605075055371,False,True,0
1997-07-21,1990-01-03,1997-07-18,1908,0.9889991183017386,False,True,0
1997-07-22,1990-01-03,1997-07-21,1909,0.9889417636362445,False,True,0
1997-07-23,1990-01-03,1997-07-22,1910,0.9892600278524455,False,True,0
1997-07-24,1990-01-03,1997-07-23,1911,0.989182462653424,False,True,0
1997-07-25,1990-01-03,1997-07-24,1912,0.9890935032531545,False,True,0
1997-07-28,1990-01-03,1997-07-25,1913,0.9889690483254525,False,True,0
1997-07-29,1990-01-03,1997-07-28,1914,0.9888411391645815,False,True,0
1997-07-30,1990-01-03,1997-07-29,1915,0.9888050392327369,False,True,0
1997-07-31,1990-01-03,1997-07-30,1916,0.9889554715744557,False,True,0
1997-08-01,1990-01-03,1997-07-31,1917,0.9887834185123135,False,True,0
1997-08-04,1990-01-03,1997-08-01,1918,0.9888356649120154,False,True,0
1997-08-05,1990-01-03,1997-08-04,1919,0.9887078191876089,False,True,0
1997-08-06,1990-01-03,1997-08-05,1920,0.9885408975878726,False,True,0
1997-08-07,1990-01-03,1997-08-06,1921,0.9886228385297768,False,True,0
1997-08-08,1990-01-03,1997-08-07,1922,0.9888025176123484,False,True,0
1997-08-11,1990-01-03,1997-08-08,1923,0.9892262821864716,False,True,0
1997-08-12,1990-01-03,1997-08-11,1924,0.9891970223170329,False,True,0
1997-08-13,1990-01-03,1997-08-12,1925,0.989238771546384,False,True,0
1997-08-14,1990-01-03,1997-08-13,1926,0.9892223955221892,False,True,0
1997-08-15,1990-01-03,1997-08-14,1927,0.9892051283874463,False,True,0
1997-08-18,1990-01-03,1997-08-15,1928,0.989387007079998,False,True,0
1997-08-19,1990-01-03,1997-08-18,1929,0.9893337283124967,False,True,0
1997-08-20,1990-01-03,1997-08-19,1930,0.9892784210992197,False,True,0
1997-08-21,1990-01-03,1997-08-20,1931,0.989253202771944,False,True,0
1997-08-22,1990-01-03,1997-08-21,1932,0.9892352488391174,False,True,0
1997-08-25,1990-01-03,1997-08-22,1933,0.9892751219947556,False,True,0
1997-08-26,1990-01-03,1997-08-25,1934,0.9892899347189443,False,True,0
1997-08-27,1990-01-03,1997-08-26,1935,0.9892805684946504,False,True,0
1997-08-28,1990-01-03,1997-08-27,1936,0.9892889653307478,False,True,0
1997-08-29,1990-01-03,1997-08-28,1937,0.9892855886368503,False,True,0
1997-09-02,1990-01-03,1997-08-29,1938,0.9892834081136822,False,True,0
1997-09-03,1990-01-03,1997-09-02,1939,0.9893971867310689,False,True,0
1997-09-04,1990-01-03,1997-09-03,1940,0.9893705714193013,False,True,0
1997-09-05,1990-01-03,1997-09-04,1941,0.9893200524442485,False,True,0
1997-09-08,1990-01-03,1997-09-05,1942,0.9892393499228626,False,True,0
1997-09-09,1990-01-03,1997-09-08,1943,0.989138794738596,False,True,0
1997-09-10,1990-01-03,1997-09-09,1944,0.9890140976624239,False,True,0
1997-09-11,1990-01-03,1997-09-10,1945,0.9892924225979804,False,True,0
1997-09-12,1990-01-03,1997-09-11,1946,0.9892670565048161,False,True,0
1997-09-15,1990-01-03,1997-09-12,1947,0.9893268036851228,False,True,0
1997-09-16,1990-01-03,1997-09-15,1948,0.9892638388507915,False,True,0
1997-09-17,1990-01-03,1997-09-16,1949,0.9896826150232112,False,True,0
1997-09-18,1990-01-03,1997-09-17,1950,0.9895904152553405,False,True,0
1997-09-19,1990-01-03,1997-09-18,1951,0.9894991221204925,False,True,0
1997-09-22,1990-01-03,1997-09-19,1952,0.9893808888848702,False,True,0
1997-09-23,1990-01-03,1997-09-22,1953,0.9892710433272549,False,True,0
1997-09-24,1990-01-03,1997-09-23,1954,0.9891302661152633,False,True,0
1997-09-25,1990-01-03,1997-09-24,1955,0.9891372192875375,False,True,0
1997-09-26,1990-01-03,1997-09-25,1956,0.9891042408330479,False,True,0
1997-09-29,1990-01-03,1997-09-26,1957,0.9890877965773871,False,True,0
1997-09-30,1990-01-03,1997-09-29,1958,0.9890953909231014,False,True,0
1997-10-01,1990-01-03,1997-09-30,1959,0.9890513418622243,False,True,0
1997-10-02,1990-01-03,1997-10-01,1960,0.9890598162500202,False,True,0
1997-10-03,1990-01-03,1997-10-02,1961,0.9889526152080036,False,True,0
1997-10-06,1990-01-03,1997-10-03,1962,0.9888246760032089,False,True,0
1997-10-07,1990-01-03,1997-10-06,1963,0.9888340525687653,False,True,0
1997-10-08,1990-01-03,1997-10-07,1964,0.989031164886573,False,True,0
1997-10-09,1990-01-03,1997-10-08,1965,0.9891799762740828,False,True,0
1997-10-10,1990-01-03,1997-10-09,1966,0.9890407154401122,False,True,0
1997-10-13,1990-01-03,1997-10-10,1967,0.9889124918581031,False,True,0
1997-10-14,1990-01-03,1997-10-13,1968,0.9887302689387603,False,True,0
1997-10-15,1990-01-03,1997-10-14,1969,0.9885270459664863,False,True,0
1997-10-16,1990-01-03,1997-10-15,1970,0.9884250459948702,False,True,0
1997-10-17,1990-01-03,1997-10-16,1971,0.9886502857060073,False,True,0
1997-10-20,1990-01-03,1997-10-17,1972,0.9887969977785682,False,True,0
1997-10-21,1990-01-03,1997-10-20,1973,0.9888907921730618,False,True,0
1997-10-22,1990-01-03,1997-10-21,1974,0.9891507101804903,False,True,0
1997-10-23,1990-01-03,1997-10-22,1975,0.9890667797982495,False,True,0
1997-10-24,1990-01-03,1997-10-23,1976,0.9893489914327096,False,True,0
1997-10-27,1990-01-03,1997-10-24,1977,0.9893379857119069,False,True,0
1997-10-28,1990-01-03,1997-10-27,1978,0.9895565365037022,False,True,0
1997-10-29,1990-01-03,1997-10-28,1979,0.9882340686101699,False,True,0
1997-10-30,1990-01-03,1997-10-29,1980,0.9885354777496803,False,True,0
1997-10-31,1990-01-03,1997-10-30,1981,0.9884166428117293,False,True,0
1997-11-03,1990-01-03,1997-10-31,1982,0.9884868952368592,False,True,0
1997-11-04,1990-01-03,1997-11-03,1983,0.9882129274593723,False,True,0
1997-11-05,1990-01-03,1997-11-04,1984,0.9883343197628038,False,True,0
1997-11-06,1990-01-03,1997-11-05,1985,0.9884032496823636,False,True,0
1997-11-07,1990-01-03,1997-11-06,1986,0.9884222795852724,False,True,0
1997-11-10,1990-01-03,1997-11-07,1987,0.9884151092190068,False,True,0
1997-11-11,1990-01-03,1997-11-10,1988,0.9884110657727992,False,True,0
1997-11-12,1990-01-03,1997-11-11,1989,0.9883859992960066,False,True,0
1997-11-13,1990-01-03,1997-11-12,1990,0.9884551200090911,False,True,0
1997-11-14,1990-01-03,1997-11-13,1991,0.9884431931506941,False,True,0
1997-11-17,1990-01-03,1997-11-14,1992,0.988437037568804,False,True,0
1997-11-18,1990-01-03,1997-11-17,1993,0.9885614448625127,False,True,0
1997-11-19,1990-01-03,1997-11-18,1994,0.988498885861195,False,True,0
1997-11-20,1990-01-03,1997-11-19,1995,0.9883887033541844,False,True,0
1997-11-21,1990-01-03,1997-11-20,1996,0.9884911796181558,False,True,0
1997-11-24,1990-01-03,1997-11-21,1997,0.9882876389383539,False,True,0
1997-11-25,1990-01-03,1997-11-24,1998,0.9885651816954562,False,True,0
1997-11-26,1990-01-03,1997-11-25,1999,0.9883921810257553,False,True,0
1997-11-28,1990-01-03,1997-11-26,2000,0.9881525934645422,False,True,0
1997-12-01,1990-01-03,1997-11-28,2001,0.9878935161955484,False,True,0
1997-12-02,1990-01-03,1997-12-01,2002,0.9884802421204523,False,True,0
1997-12-03,1990-01-03,1997-12-02,2003,0.9882033557541686,False,True,0
1997-12-04,1990-01-03,1997-12-03,2004,0.987935964540253,False,True,0
1997-12-05,1990-01-03,1997-12-04,2005,0.9876307002291352,False,True,0
1997-12-08,1990-01-03,1997-12-05,2006,0.9877257559997576,False,True,0
1997-12-09,1990-01-03,1997-12-08,2007,0.9873229788707332,False,True,0
1997-12-10,1990-01-03,1997-12-09,2008,0.9871766172846501,False,True,0
1997-12-11,1990-01-03,1997-12-10,2009,0.9869983021852295,False,True,0
1997-12-12,1990-01-03,1997-12-11,2010,0.9875164833170809,False,True,0
1997-12-15,1990-01-03,1997-12-12,2011,0.9872535268906548,False,True,0
1997-12-16,1990-01-03,1997-12-15,2012,0.9872998362012513,False,True,0
1997-12-17,1990-01-03,1997-12-16,2013,0.987047065888754,False,True,0
1997-12-18,1990-01-03,1997-12-17,2014,0.9867330020368582,False,True,0
1997-12-19,1990-01-03,1997-12-18,2015,0.9869106252225889,False,True,0
1997-12-22,1990-01-03,1997-12-19,2016,0.9869244810993252,False,True,0
1997-12-23,1990-01-03,1997-12-22,2017,0.9868173181451114,False,True,0
1997-12-24,1990-01-03,1997-12-23,2018,0.987196166278237,False,True,0
1997-12-26,1990-01-03,1997-12-24,2019,0.9871176633700842,False,True,0
1997-12-29,1990-01-03,1997-12-26,2020,0.9869595878903727,False,True,0
1997-12-30,1990-01-03,1997-12-29,2021,0.9873548844678928,False,True,0
1997-12-31,1990-01-03,1997-12-30,2022,0.9877936731768149,False,True,0
1998-01-02,1990-01-03,1997-12-31,2023,0.9875414393268372,False,True,0
1998-01-05,1990-01-03,1998-01-02,2024,0.9873237648018891,False,True,0
1998-01-06,1990-01-03,1998-01-05,2025,0.9870128535279439,False,True,0
1998-01-07,1990-01-03,1998-01-06,2026,0.9872192732835621,False,True,0
1998-01-08,1990-01-03,1998-01-07,2027,0.9869860336617235,False,True,0
1998-01-09,1990-01-03,1998-01-08,2028,0.9869900128333371,False,True,0
1998-01-12,1990-01-03,1998-01-09,2029,0.9879077584373854,False,True,0
1998-01-13,1990-01-03,1998-01-12,2030,0.987917625818732,False,True,0
1998-01-14,1990-01-03,1998-01-13,2031,0.9879626698388055,False,True,0
1998-01-15,1990-01-03,1998-01-14,2032,0.9878831644136048,False,True,0
1998-01-16,1990-01-03,1998-01-15,2033,0.9878386869160375,False,True,0
1998-01-20,1990-01-03,1998-01-16,2034,0.9878630538020837,False,True,0
1998-01-21,1990-01-03,1998-01-20,2035,0.9881326001448522,False,True,0
1998-01-22,1990-01-03,1998-01-21,2036,0.9880876699932548,False,True,0
1998-01-23,1990-01-03,1998-01-22,2037,0.988045152522635,False,True,0
1998-01-26,1990-01-03,1998-01-23,2038,0.9879567038442763,False,True,0
1998-01-27,1990-01-03,1998-01-26,2039,0.9878086572529466,False,True,0
1998-01-28,1990-01-03,1998-01-27,2040,0.9879164443599957,False,True,0
1998-01-29,1990-01-03,1998-01-28,2041,0.9878788175608884,False,True,0
1998-01-30,1990-01-03,1998-01-29,2042,0.9878208871089487,False,True,0
1998-02-02,1990-01-03,1998-01-30,2043,0.9876788734462961,False,True,0
1998-02-03,1990-01-03,1998-02-02,2044,0.9883564733561218,False,True,0
1998-02-04,1990-01-03,1998-02-03,2045,0.9881552532132258,False,True,0
1998-02-05,1990-01-03,1998-02-04,2046,0.9878625550165683,False,True,0
1998-02-06,1990-01-03,1998-02-05,2047,0.9876178624133313,False,True,0
1998-02-09,1990-01-03,1998-02-06,2048,0.9876496357515387,False,True,0
1998-02-10,1990-01-03,1998-02-09,2049,0.9873394231534743,False,True,0
1998-02-11,1990-01-03,1998-02-10,2050,0.9873538660268464,False,True,0
1998-02-12,1990-01-03,1998-02-11,2051,0.9869781835948189,False,True,0
1998-02-13,1990-01-03,1998-02-12,2052,0.9866886291453453,False,True,0
1998-02-17,1990-01-03,1998-02-13,2053,0.986448649420085,False,True,0
1998-02-18,1990-01-03,1998-02-17,2054,0.9860927101081471,False,True,0
1998-02-19,1990-01-03,1998-02-18,2055,0.986343712157793,False,True,0
1998-02-20,1990-01-03,1998-02-19,2056,0.9860959287394296,False,True,0
1998-02-23,1990-01-03,1998-02-20,2057,0.9859843087538163,False,True,0
1998-02-24,1990-01-03,1998-02-23,2058,0.9857062506031335,False,True,0
1998-02-25,1990-01-03,1998-02-24,2059,0.9858537506279809,False,True,0
1998-02-26,1990-01-03,1998-02-25,2060,0.9863681486642588,False,True,0
1998-02-27,1990-01-03,1998-02-26,2061,0.9862546876298041,False,True,0
1998-03-02,1990-01-03,1998-02-27,2062,0.9859150512899546,False,True,0
1998-03-03,1990-01-03,1998-03-02,2063,0.9856024133950608,False,True,0
1998-03-04,1990-01-03,1998-03-03,2064,0.9854007133169252,False,True,0
1998-03-05,1990-01-03,1998-03-04,2065,0.9852947570283392,False,True,0
1998-03-06,1990-01-03,1998-03-05,2066,0.9858528228874588,False,True,0
1998-03-09,1990-01-03,1998-03-06,2067,0.9865827775595153,False,True,0
1998-03-10,1990-01-03,1998-03-09,2068,0.9864453618980557,False,True,0
1998-03-11,1990-01-03,1998-03-10,2069,0.9866937199654358,False,True,0
1998-03-12,1990-01-03,1998-03-11,2070,0.9865551130907069,False,True,0
1998-03-13,1990-01-03,1998-03-12,2071,0.9863410730566069,False,True,0
1998-03-16,1990-01-03,1998-03-13,2072,0.9861248754541112,False,True,0
1998-03-17,1990-01-03,1998-03-16,2073,0.9864100951692646,False,True,0
1998-03-18,1990-01-03,1998-03-17,2074,0.98616639338953,False,True,0
1998-03-19,1990-01-03,1998-03-18,2075,0.986058533221745,False,True,0
1998-03-20,1990-01-03,1998-03-19,2076,0.9859043346844771,False,True,0
1998-03-23,1990-01-03,1998-03-20,2077,0.9861895556826443,False,True,0
1998-03-24,1990-01-03,1998-03-23,2078,0.9860418166294672,False,True,0
1998-03-25,1990-01-03,1998-03-24,2079,0.9863454799729906,False,True,0
1998-03-26,1990-01-03,1998-03-25,2080,0.9862179465987108,False,True,0
1998-03-27,1990-01-03,1998-03-26,2081,0.9860155096451387,False,True,0
1998-03-30,1990-01-03,1998-03-27,2082,0.9859894659800562,False,True,0
1998-03-31,1990-01-03,1998-03-30,2083,0.9858447393381844,False,True,0
1998-04-01,1990-01-03,1998-03-31,2084,0.9859463912614823,False,True,0
1998-04-02,1990-01-03,1998-04-01,2085,0.985954786570239,False,True,0
1998-04-03,1990-01-03,1998-04-02,2086,0.9863206840397893,False,True,0
1998-04-06,1990-01-03,1998-04-03,2087,0.9861662720403108,False,True,0
1998-04-07,1990-01-03,1998-04-06,2088,0.9859925348231995,False,True,0
1998-04-08,1990-01-03,1998-04-07,2089,0.9863429511484005,False,True,0
1998-04-09,1990-01-03,1998-04-08,2090,0.9863595881870929,False,True,0
1998-04-13,1990-01-03,1998-04-09,2091,0.9863877325160686,False,True,0
1998-04-14,1990-01-03,1998-04-13,2092,0.9863442432032383,False,True,0
1998-04-15,1990-01-03,1998-04-14,2093,0.986351281540218,False,True,0
1998-04-16,1990-01-03,1998-04-15,2094,0.9863041233607176,False,True,0
1998-04-17,1990-01-03,1998-04-16,2095,0.9863959186975894,False,True,0
1998-04-20,1990-01-03,1998-04-17,2096,0.986455428323316,False,True,0
1998-04-21,1990-01-03,1998-04-20,2097,0.986440953248671,False,True,0
1998-04-22,1990-01-03,1998-04-21,2098,0.9864111783161669,False,True,0
1998-04-23,1990-01-03,1998-04-22,2099,0.9863748025830019,False,True,0
1998-04-24,1990-01-03,1998-04-23,2100,0.9864415879906459,False,True,0
1998-04-27,1990-01-03,1998-04-24,2101,0.9863975082245241,False,True,0
1998-04-28,1990-01-03,1998-04-27,2102,0.9861374719647746,False,True,0
1998-04-29,1990-01-03,1998-04-28,2103,0.9863231910854419,False,True,0
1998-04-30,1990-01-03,1998-04-29,2104,0.9862902202945022,False,True,0
1998-05-01,1990-01-03,1998-04-30,2105,0.9860321725968456,False,True,0
1998-05-04,1990-01-03,1998-05-01,2106,0.9860171376171334,False,True,0
1998-05-05,1990-01-03,1998-05-04,2107,0.986105294885052,False,True,0
1998-05-06,1990-01-03,1998-05-05,2108,0.9860939117288835,False,True,0
1998-05-07,1990-01-03,1998-05-06,2109,0.9860128989140833,False,True,0
1998-05-08,1990-01-03,1998-05-07,2110,0.9859409258543361,False,True,0
1998-05-11,1990-01-03,1998-05-08,2111,0.9858290270858355,False,True,0
1998-05-12,1990-01-03,1998-05-11,2112,0.9859201354236913,False,True,0
1998-05-13,1990-01-03,1998-05-12,2113,0.9859178844569793,False,True,0
1998-05-14,1990-01-03,1998-05-13,2114,0.9859543894460335,False,True,0
1998-05-15,1990-01-03,1998-05-14,2115,0.9859646230323217,False,True,0
1998-05-18,1990-01-03,1998-05-15,2116,0.9859420734600404,False,True,0
1998-05-19,1990-01-03,1998-05-18,2117,0.9859567755899277,False,True,0
1998-05-20,1990-01-03,1998-05-19,2118,0.9859713956161082,False,True,0
1998-05-21,1990-01-03,1998-05-20,2119,0.9859872481163882,False,True,0
1998-05-22,1990-01-03,1998-05-21,2120,0.9859580010582286,False,True,0
1998-05-26,1990-01-03,1998-05-22,2121,0.9859296043110306,False,True,0
1998-05-27,1990-01-03,1998-05-26,2122,0.9859565182676402,False,True,0
1998-05-28,1990-01-03,1998-05-27,2123,0.9860259105288862,False,True,0
1998-05-29,1990-01-03,1998-05-28,2124,0.9860614757105166,False,True,0
1998-06-01,1990-01-03,1998-05-29,2125,0.9860459797492356,False,True,0
1998-06-02,1990-01-03,1998-06-01,2126,0.9860850296172153,False,True,0
1998-06-03,1990-01-03,1998-06-02,2127,0.9860979939032729,False,True,0
1998-06-04,1990-01-03,1998-06-03,2128,0.9860837872535348,False,True,0
1998-06-05,1990-01-03,1998-06-04,2129,0.9860626112187129,False,True,0
1998-06-08,1990-01-03,1998-06-05,2130,0.9860946109842084,False,True,0
1998-06-09,1990-01-03,1998-06-08,2131,0.9860872073553149,False,True,0
1998-06-10,1990-01-03,1998-06-09,2132,0.9860508962628377,False,True,0
1998-06-11,1990-01-03,1998-06-10,2133,0.986019547283363,False,True,0
1998-06-12,1990-01-03,1998-06-11,2134,0.9861073836032369,False,True,0
1998-06-15,1990-01-03,1998-06-12,2135,0.9861572501608633,False,True,0
1998-06-16,1990-01-03,1998-06-15,2136,0.986040738165541,False,True,0
1998-06-17,1990-01-03,1998-06-16,2137,0.9860144763446345,False,True,0
1998-06-18,1990-01-03,1998-06-17,2138,0.9858194177212238,False,True,0
1998-06-19,1990-01-03,1998-06-18,2139,0.9858965971208704,False,True,0
1998-06-22,1990-01-03,1998-06-19,2140,0.9859075926333026,False,True,0
1998-06-23,1990-01-03,1998-06-22,2141,0.9859487800362632,False,True,0
1998-06-24,1990-01-03,1998-06-23,2142,0.9859649281329756,False,True,0
1998-06-25,1990-01-03,1998-06-24,2143,0.985998437963018,False,True,0
1998-06-26,1990-01-03,1998-06-25,2144,0.9859596998349295,False,True,0
1998-06-29,1990-01-03,1998-06-26,2145,0.9859142210699412,False,True,0
1998-06-30,1990-01-03,1998-06-29,2146,0.9858600866026715,False,True,0
1998-07-01,1990-01-03,1998-06-30,2147,0.9857887449105585,False,True,0
1998-07-02,1990-01-03,1998-07-01,2148,0.9859629728937676,False,True,0
1998-07-06,1990-01-03,1998-07-02,2149,0.9858568834609195,False,True,0
1998-07-07,1990-01-03,1998-07-06,2150,0.9859433791053,False,True,0
1998-07-08,1990-01-03,1998-07-07,2151,0.9858177228488783,False,True,0
1998-07-09,1990-01-03,1998-07-08,2152,0.9859594510748532,False,True,0
1998-07-10,1990-01-03,1998-07-09,2153,0.9859586322116735,False,True,0
1998-07-13,1990-01-03,1998-07-10,2154,0.9858950564845231,False,True,0
1998-07-14,1990-01-03,1998-07-13,2155,0.9857487557506708,False,True,0
1998-07-15,1990-01-03,1998-07-14,2156,0.9859629869419236,False,True,0
1998-07-16,1990-01-03,1998-07-15,2157,0.9858153756548861,False,True,0
1998-07-17,1990-01-03,1998-07-16,2158,0.9858800748803195,False,True,0
1998-07-20,1990-01-03,1998-07-17,2159,0.9857079071099321,False,True,0
1998-07-21,1990-01-03,1998-07-20,2160,0.9855343386839341,False,True,0
1998-07-22,1990-01-03,1998-07-21,2161,0.9861378203092352,False,True,0
1998-07-23,1990-01-03,1998-07-22,2162,0.9861029024790564,False,True,0
1998-07-24,1990-01-03,1998-07-23,2163,0.98630607411333,False,True,0
1998-07-27,1990-01-03,1998-07-24,2164,0.9864048234924415,False,True,0
1998-07-28,1990-01-03,1998-07-27,2165,0.986436944099628,False,True,0
1998-07-29,1990-01-03,1998-07-28,2166,0.9863471017973623,False,True,0
1998-07-30,1990-01-03,1998-07-29,2167,0.9864012232640496,False,True,0
1998-07-31,1990-01-03,1998-07-30,2168,0.9862638001872446,False,True,0
1998-08-03,1990-01-03,1998-07-31,2169,0.9860662590947925,False,True,0
1998-08-04,1990-01-03,1998-08-03,2170,0.9860952586348345,False,True,0
1998-08-05,1990-01-03,1998-08-04,2171,0.9855148862591593,False,True,0
1998-08-06,1990-01-03,1998-08-05,2172,0.9856575380472286,False,True,0
1998-08-07,1990-01-03,1998-08-06,2173,0.9857940375093838,False,True,0
1998-08-10,1990-01-03,1998-08-07,2174,0.9859795188101191,False,True,0
1998-08-11,1990-01-03,1998-08-10,2175,0.9860573447621209,False,True,0
1998-08-12,1990-01-03,1998-08-11,2176,0.9859758654938167,False,True,0
1998-08-13,1990-01-03,1998-08-12,2177,0.9859083299690304,False,True,0
1998-08-14,1990-01-03,1998-08-13,2178,0.9859188360469927,False,True,0
1998-08-17,1990-01-03,1998-08-14,2179,0.9858911752863241,False,True,0
1998-08-18,1990-01-03,1998-08-17,2180,0.9857851234647642,False,True,0
1998-08-19,1990-01-03,1998-08-18,2181,0.9857585056447776,False,True,0
1998-08-20,1990-01-03,1998-08-19,2182,0.985752511768235,False,True,0
1998-08-21,1990-01-03,1998-08-20,2183,0.9857269597880912,False,True,0
1998-08-24,1990-01-03,1998-08-21,2184,0.9857107174814176,False,True,0
1998-08-25,1990-01-03,1998-08-24,2185,0.9856864498241608,False,True,0
1998-08-26,1990-01-03,1998-08-25,2186,0.9856207300940766,False,True,0
1998-08-27,1990-01-03,1998-08-26,2187,0.9855816621897319,False,True,0
1998-08-28,1990-01-03,1998-08-27,2188,0.9860633420369019,False,True,0
1998-08-31,1990-01-03,1998-08-28,2189,0.9860103884204251,False,True,0
1998-09-01,1990-01-03,1998-08-31,2190,0.9856563236261335,False,True,0
1998-09-02,1990-01-03,1998-09-01,2191,0.9850804740535521,False,True,0
1998-09-03,1990-01-03,1998-09-02,2192,0.9852899601233702,False,True,0
1998-09-04,1990-01-03,1998-09-03,2193,0.9854056987739196,False,True,0
1998-09-08,1990-01-03,1998-09-04,2194,0.9854897995960764,False,True,0
1998-09-09,1990-01-03,1998-09-08,2195,0.9853254566966846,False,True,0
1998-09-10,1990-01-03,1998-09-09,2196,0.9853189496099806,False,True,0
1998-09-11,1990-01-03,1998-09-10,2197,0.9853080308957115,False,True,0
1998-09-14,1990-01-03,1998-09-11,2198,0.9852923658207435,False,True,0
1998-09-15,1990-01-03,1998-09-14,2199,0.9852935990293646,False,True,0
1998-09-16,1990-01-03,1998-09-15,2200,0.9852003506174628,False,True,0
1998-09-17,1990-01-03,1998-09-16,2201,0.9850612930714769,False,True,0
1998-09-18,1990-01-03,1998-09-17,2202,0.9853033232818712,False,True,0
1998-09-21,1990-01-03,1998-09-18,2203,0.9851476687005332,False,True,0
1998-09-22,1990-01-03,1998-09-21,2204,0.9849365303732698,False,True,0
1998-09-23,1990-01-03,1998-09-22,2205,0.984689857646818,False,True,0
1998-09-24,1990-01-03,1998-09-23,2206,0.9855582285278025,False,True,0
1998-09-25,1990-01-03,1998-09-24,2207,0.9858700963447066,False,True,0
1998-09-28,1990-01-03,1998-09-25,2208,0.9856220777738204,False,True,0
1998-09-29,1990-01-03,1998-09-28,2209,0.9853306018300645,False,True,0
1998-09-30,1990-01-03,1998-09-29,2210,0.9849716186589517,False,True,0
1998-10-01,1990-01-03,1998-09-30,2211,0.9859021401505821,False,True,0
1998-10-02,1990-01-03,1998-10-01,2212,0.9863161695048159,False,True,0
1998-10-05,1990-01-03,1998-10-02,2213,0.9863008921493114,False,True,0
1998-10-06,1990-01-03,1998-10-05,2214,0.9862706170415478,False,True,0
1998-10-07,1990-01-03,1998-10-06,2215,0.9861153963020151,False,True,0
1998-10-08,1990-01-03,1998-10-07,2216,0.9860926540491047,False,True,0
1998-10-09,1990-01-03,1998-10-08,2217,0.9860204253984343,False,True,0
1998-10-12,1990-01-03,1998-10-09,2218,0.9862539305096975,False,True,0
1998-10-13,1990-01-03,1998-10-12,2219,0.9861878789262892,False,True,0
1998-10-14,1990-01-03,1998-10-13,2220,0.9859372414220254,False,True,0
1998-10-15,1990-01-03,1998-10-14,2221,0.9857960754661973,False,True,0
1998-10-16,1990-01-03,1998-10-15,2222,0.9869658025696437,False,True,0
1998-10-19,1990-01-03,1998-10-16,2223,0.9867479737104421,False,True,0
1998-10-20,1990-01-03,1998-10-19,2224,0.9864341496959308,False,True,0
1998-10-21,1990-01-03,1998-10-20,2225,0.9860215764659083,False,True,0
1998-10-22,1990-01-03,1998-10-21,2226,0.9856491323105385,False,True,0
1998-10-23,1990-01-03,1998-10-22,2227,0.9853811430088555,False,True,0
1998-10-26,1990-01-03,1998-10-23,2228,0.9851359565596918,False,True,0
1998-10-27,1990-01-03,1998-10-26,2229,0.9846374762533887,False,True,0
1998-10-28,1990-01-03,1998-10-27,2230,0.9843637526172475,False,True,0
1998-10-29,1990-01-03,1998-10-28,2231,0.9838613379318956,False,True,0
1998-10-30,1990-01-03,1998-10-29,2232,0.9845697856842833,False,True,0
1998-11-02,1990-01-03,1998-10-30,2233,0.9847429935543707,False,True,0
1998-11-03,1990-01-03,1998-11-02,2234,0.9849456276185254,False,True,0
1998-11-04,1990-01-03,1998-11-03,2235,0.984431743688491,False,True,0
1998-11-05,1990-01-03,1998-11-04,2236,0.9842145076333859,False,True,0
1998-11-06,1990-01-03,1998-11-05,2237,0.9848056725224432,False,True,0
1998-11-09,1990-01-03,1998-11-06,2238,0.9845534651683682,False,True,0
1998-11-10,1990-01-03,1998-11-09,2239,0.9847404981007333,False,True,0
1998-11-11,1990-01-03,1998-11-10,2240,0.9843371735917573,False,True,0
1998-11-12,1990-01-03,1998-11-11,2241,0.9842120450831479,False,True,0
1998-11-13,1990-01-03,1998-11-12,2242,0.9838952206326532,False,True,0
1998-11-16,1990-01-03,1998-11-13,2243,0.9837909849697094,False,True,0
1998-11-17,1990-01-03,1998-11-16,2244,0.9838644391742694,False,True,0
1998-11-18,1990-01-03,1998-11-17,2245,0.9835187876767889,False,True,0
1998-11-19,1990-01-03,1998-11-18,2246,0.9832504318371513,False,True,0
1998-11-20,1990-01-03,1998-11-19,2247,0.983223127856722,False,True,0
1998-11-23,1990-01-03,1998-11-20,2248,0.9834927780522821,False,True,0
1998-11-24,1990-01-03,1998-11-23,2249,0.9849628368793686,False,True,0
1998-11-25,1990-01-03,1998-11-24,2250,0.9847693716525715,False,True,0
1998-11-27,1990-01-03,1998-11-25,2251,0.9844822837334964,False,True,0
1998-11-30,1990-01-03,1998-11-27,2252,0.9842748534127895,False,True,0
1998-12-01,1990-01-03,1998-11-30,2253,0.985690011112286,False,True,0
1998-12-02,1990-01-03,1998-12-01,2254,0.9857335582721363,False,True,0
1998-12-03,1990-01-03,1998-12-02,2255,0.9856110289089969,False,True,0
1998-12-04,1990-01-03,1998-12-03,2256,0.9859447890278027,False,True,0
1998-12-07,1990-01-03,1998-12-04,2257,0.9861936929112084,False,True,0
1998-12-08,1990-01-03,1998-12-07,2258,0.986187732477316,False,True,0
1998-12-09,1990-01-03,1998-12-08,2259,0.9861213543787424,False,True,0
1998-12-10,1990-01-03,1998-12-09,2260,0.9860143809169118,False,True,0
1998-12-11,1990-01-03,1998-12-10,2261,0.9861969852643238,False,True,0
1998-12-14,1990-01-03,1998-12-11,2262,0.9861275601005817,False,True,0
1998-12-15,1990-01-03,1998-12-14,2263,0.9863493366461027,False,True,0
1998-12-16,1990-01-03,1998-12-15,2264,0.986379647782996,False,True,0
1998-12-17,1990-01-03,1998-12-16,2265,0.986347767235404,False,True,0
1998-12-18,1990-01-03,1998-12-17,2266,0.9864190679849689,False,True,0
1998-12-21,1990-01-03,1998-12-18,2267,0.98637551491525,False,True,0
1998-12-22,1990-01-03,1998-12-21,2268,0.9864367980166924,False,True,0
1998-12-23,1990-01-03,1998-12-22,2269,0.9863166410945954,False,True,0
1998-12-24,1990-01-03,1998-12-23,2270,0.9867193254714388,False,True,0
1998-12-28,1990-01-03,1998-12-24,2271,0.9865784138110765,False,True,0
1998-12-29,1990-01-03,1998-12-28,2272,0.9864126350842813,False,True,0
1998-12-30,1990-01-03,1998-12-29,2273,0.9866356106327714,False,True,0
1998-12-31,1990-01-03,1998-12-30,2274,0.9866338954047045,False,True,0
1999-01-04,1990-01-03,1998-12-31,2275,0.986492410845982,False,True,0
1999-01-05,1990-01-03,1999-01-04,2276,0.9863275802330965,False,True,0
1999-01-06,1990-01-03,1999-01-05,2277,0.9865860611371413,False,True,0
1999-01-07,1990-01-03,1999-01-06,2278,0.9872305970220153,False,True,0
1999-01-08,1990-01-03,1999-01-07,2279,0.9870659273688097,False,True,0
1999-01-11,1990-01-03,1999-01-08,2280,0.9869225110359657,False,True,0
1999-01-12,1990-01-03,1999-01-11,2281,0.9869891239007725,False,True,0
1999-01-13,1990-01-03,1999-01-12,2282,0.9873899555607963,False,True,0
1999-01-14,1990-01-03,1999-01-13,2283,0.9873436115781987,False,True,0
1999-01-15,1990-01-03,1999-01-14,2284,0.9874501774253537,False,True,0
1999-01-19,1990-01-03,1999-01-15,2285,0.9875034503243679,False,True,0
1999-01-20,1990-01-03,1999-01-19,2286,0.987490949011863,False,True,0
1999-01-21,1990-01-03,1999-01-20,2287,0.9874500443429766,False,True,0
1999-01-22,1990-01-03,1999-01-21,2288,0.9875448460640381,False,True,0
1999-01-25,1990-01-03,1999-01-22,2289,0.9875327627006407,False,True,0
1999-01-26,1990-01-03,1999-01-25,2290,0.9875239281301578,False,True,0
1999-01-27,1990-01-03,1999-01-26,2291,0.9875624624867027,False,True,0
1999-01-28,1990-01-03,1999-01-27,2292,0.9875365165113658,False,True,0
1999-01-29,1990-01-03,1999-01-28,2293,0.9876294238876938,False,True,0
1999-02-01,1990-01-03,1999-01-29,2294,0.9876438848214921,False,True,0
1999-02-02,1990-01-03,1999-02-01,2295,0.9875841344660371,False,True,0
1999-02-03,1990-01-03,1999-02-02,2296,0.9875653997121185,False,True,0
1999-02-04,1990-01-03,1999-02-03,2297,0.9875367493494108,False,True,0
1999-02-05,1990-01-03,1999-02-04,2298,0.9876990773014026,False,True,0
1999-02-08,1990-01-03,1999-02-05,2299,0.9876790351774963,False,True,0
1999-02-09,1990-01-03,1999-02-08,2300,0.9876463366398568,False,True,0
1999-02-10,1990-01-03,1999-02-09,2301,0.9877692265439075,False,True,0
1999-02-11,1990-01-03,1999-02-10,2302,0.9877713886321876,False,True,0
1999-02-12,1990-01-03,1999-02-11,2303,0.9878549536863477,False,True,0
1999-02-16,1990-01-03,1999-02-12,2304,0.9878983394974131,False,True,0
1999-02-17,1990-01-03,1999-02-16,2305,0.9878936479643085,False,True,0
1999-02-18,1990-01-03,1999-02-17,2306,0.9878965956411639,False,True,0
1999-02-19,1990-01-03,1999-02-18,2307,0.9878903896091192,False,True,0
1999-02-22,1990-01-03,1999-02-19,2308,0.9878564260588952,False,True,0
1999-02-23,1990-01-03,1999-02-22,2309,0.988055807474089,False,True,0
1999-02-24,1990-01-03,1999-02-23,2310,0.9879752731254051,False,True,0
1999-02-25,1990-01-03,1999-02-24,2311,0.9880279710807517,False,True,0
1999-02-26,1990-01-03,1999-02-25,2312,0.987984942102966,False,True,0
1999-03-01,1990-01-03,1999-02-26,2313,0.9879290286958233,False,True,0
1999-03-02,1990-01-03,1999-03-01,2314,0.9878476028847365,False,True,0
1999-03-03,1990-01-03,1999-03-02,2315,0.9878112214475835,False,True,0
1999-03-04,1990-01-03,1999-03-03,2316,0.9877133261440131,False,True,0
1999-03-05,1990-01-03,1999-03-04,2317,0.9878288796475038,False,True,0
1999-03-08,1990-01-03,1999-03-05,2318,0.9881894995710289,False,True,0
1999-03-09,1990-01-03,1999-03-08,2319,0.9880800869406686,False,True,0
1999-03-10,1990-01-03,1999-03-09,2320,0.9879214446989681,False,True,0
1999-03-11,1990-01-03,1999-03-10,2321,0.9877898263918321,False,True,0
1999-03-12,1990-01-03,1999-03-11,2322,0.9877432931183567,False,True,0
1999-03-15,1990-01-03,1999-03-12,2323,0.9875436986434659,False,True,0
1999-03-16,1990-01-03,1999-03-15,2324,0.9875818349638886,False,True,0
1999-03-17,1990-01-03,1999-03-16,2325,0.9873398945871991,False,True,0
1999-03-18,1990-01-03,1999-03-17,2326,0.9872665712460724,False,True,0
1999-03-19,1990-01-03,1999-03-18,2327,0.9875940296660304,False,True,0
1999-03-22,1990-01-03,1999-03-19,2328,0.9878398367029069,False,True,0
1999-03-23,1990-01-03,1999-03-22,2329,0.9876893585124261,False,True,0
1999-03-24,1990-01-03,1999-03-23,2330,0.9882851308753223,False,True,0
1999-03-25,1990-01-03,1999-03-24,2331,0.9882529419799119,False,True,0
1999-03-26,1990-01-03,1999-03-25,2332,0.988338451892121,False,True,0
1999-03-29,1990-01-03,1999-03-26,2333,0.9882891092467452,False,True,0
1999-03-30,1990-01-03,1999-03-29,2334,0.9884847472420732,False,True,0
1999-03-31,1990-01-03,1999-03-30,2335,0.9884428410548577,False,True,0
1999-04-01,1990-01-03,1999-03-31,2336,0.988452840918779,False,True,0
1999-04-05,1990-01-03,1999-04-01,2337,0.9884033644862965,False,True,0
1999-04-06,1990-01-03,1999-04-05,2338,0.9886033917753271,False,True,0
1999-04-07,1990-01-03,1999-04-06,2339,0.9885151360444949,False,True,0
1999-04-08,1990-01-03,1999-04-07,2340,0.9884540412357943,False,True,0
1999-04-09,1990-01-03,1999-04-08,2341,0.9885374375290966,False,True,0
1999-04-12,1990-01-03,1999-04-09,2342,0.988406328645481,False,True,0
1999-04-13,1990-01-03,1999-04-12,2343,0.9883536537435742,False,True,0
1999-04-14,1990-01-03,1999-04-13,2344,0.9882852299641913,False,True,0
1999-04-15,1990-01-03,1999-04-14,2345,0.9885206347479885,False,True,0
1999-04-16,1990-01-03,1999-04-15,2346,0.9884501225765214,False,True,0
1999-04-19,1990-01-03,1999-04-16,2347,0.9883655444663845,False,True,0
1999-04-20,1990-01-03,1999-04-19,2348,0.9886319039067731,False,True,0
1999-04-21,1990-01-03,1999-04-20,2349,0.9886380198840311,False,True,0
1999-04-22,1990-01-03,1999-04-21,2350,0.9887629512029215,False,True,0
1999-04-23,1990-01-03,1999-04-22,2351,0.9888428959091692,False,True,0
1999-04-26,1990-01-03,1999-04-23,2352,0.9887673509602504,False,True,0
1999-04-27,1990-01-03,1999-04-26,2353,0.9886744936354187,False,True,0
1999-04-28,1990-01-03,1999-04-27,2354,0.9885558307289887,False,True,0
1999-04-29,1990-01-03,1999-04-28,2355,0.9885480841930787,False,True,0
1999-04-30,1990-01-03,1999-04-29,2356,0.9884855697717203,False,True,0
1999-05-03,1990-01-03,1999-04-30,2357,0.9884222213544432,False,True,0
1999-05-04,1990-01-03,1999-05-03,2358,0.9885365159764598,False,True,0
1999-05-05,1990-01-03,1999-05-04,2359,0.9887020317444339,False,True,0
1999-05-06,1990-01-03,1999-05-05,2360,0.9887115496917929,False,True,0
1999-05-07,1990-01-03,1999-05-06,2361,0.9887244829604372,False,True,0
1999-05-10,1990-01-03,1999-05-07,2362,0.9887148628683916,False,True,0
1999-05-11,1990-01-03,1999-05-10,2363,0.9886540479584086,False,True,0
1999-05-12,1990-01-03,1999-05-11,2364,0.9886726928111347,False,True,0
1999-05-13,1990-01-03,1999-05-12,2365,0.9886070070998293,False,True,0
1999-05-14,1990-01-03,1999-05-13,2366,0.9884899626151017,False,True,0
1999-05-17,1990-01-03,1999-05-14,2367,0.9888470828489014,False,True,0
1999-05-18,1990-01-03,1999-05-17,2368,0.9887977431846127,False,True,0
1999-05-19,1990-01-03,1999-05-18,2369,0.9887457053220196,False,True,0
1999-05-20,1990-01-03,1999-05-19,2370,0.9887178554297341,False,True,0
1999-05-21,1990-01-03,1999-05-20,2371,0.9886473826989325,False,True,0
1999-05-24,1990-01-03,1999-05-21,2372,0.9885977148134494,False,True,0
1999-05-25,1990-01-03,1999-05-24,2373,0.9887403449627973,False,True,0
1999-05-26,1990-01-03,1999-05-25,2374,0.9887637626775598,False,True,0
1999-05-27,1990-01-03,1999-05-26,2375,0.988763231659675,False,True,0
1999-05-28,1990-01-03,1999-05-27,2376,0.9887657272866949,False,True,0
1999-06-01,1990-01-03,1999-05-28,2377,0.9887555994308801,False,True,0
1999-06-02,1990-01-03,1999-06-01,2378,0.9887497478225528,False,True,0
1999-06-03,1990-01-03,1999-06-02,2379,0.9887358732878048,False,True,0
1999-06-04,1990-01-03,1999-06-03,2380,0.9886947269962003,False,True,0
1999-06-07,1990-01-03,1999-06-04,2381,0.9888543891314089,False,True,0
1999-06-08,1990-01-03,1999-06-07,2382,0.9887901701483315,False,True,0
1999-06-09,1990-01-03,1999-06-08,2383,0.9888331821763883,False,True,0
1999-06-10,1990-01-03,1999-06-09,2384,0.9887622820845543,False,True,0
1999-06-11,1990-01-03,1999-06-10,2385,0.9887873019393542,False,True,0
1999-06-14,1990-01-03,1999-06-11,2386,0.9887521429694567,False,True,0
1999-06-15,1990-01-03,1999-06-14,2387,0.9886856198219958,False,True,0
1999-06-16,1990-01-03,1999-06-15,2388,0.9886156629401025,False,True,0
1999-06-17,1990-01-03,1999-06-16,2389,0.9889252938575643,False,True,0
1999-06-18,1990-01-03,1999-06-17,2390,0.9888612187438446,False,True,0
1999-06-21,1990-01-03,1999-06-18,2391,0.9887269627520983,False,True,0
1999-06-22,1990-01-03,1999-06-21,2392,0.9885959986489974,False,True,0
1999-06-23,1990-01-03,1999-06-22,2393,0.9886336519828932,False,True,0
1999-06-24,1990-01-03,1999-06-23,2394,0.9885030235687685,False,True,0
1999-06-25,1990-01-03,1999-06-24,2395,0.9886281964373932,False,True,0
1999-06-28,1990-01-03,1999-06-25,2396,0.9885258520352129,False,True,0
1999-06-29,1990-01-03,1999-06-28,2397,0.9886026276100541,False,True,0
1999-06-30,1990-01-03,1999-06-29,2398,0.988788671251365,False,True,0
1999-07-01,1990-01-03,1999-06-30,2399,0.9890121375546951,False,True,0
1999-07-02,1990-01-03,1999-07-01,2400,0.9889224341019577,False,True,0
1999-07-06,1990-01-03,1999-07-02,2401,0.988874110760852,False,True,0
1999-07-07,1990-01-03,1999-07-06,2402,0.9887165642860504,False,True,0
1999-07-08,1990-01-03,1999-07-07,2403,0.9886103887998189,False,True,0
1999-07-09,1990-01-03,1999-07-08,2404,0.9884232722269611,False,True,0
1999-07-12,1990-01-03,1999-07-09,2405,0.9883454162294277,False,True,0
1999-07-13,1990-01-03,1999-07-12,2406,0.9881787786848959,False,True,0
1999-07-14,1990-01-03,1999-07-13,2407,0.9880431391398559,False,True,0
1999-07-15,1990-01-03,1999-07-14,2408,0.9878725016525973,False,True,0
1999-07-16,1990-01-03,1999-07-15,2409,0.9879257155224516,False,True,0
1999-07-19,1990-01-03,1999-07-16,2410,0.987890857422714,False,True,0
1999-07-20,1990-01-03,1999-07-19,2411,0.9879614529177387,False,True,0
1999-07-21,1990-01-03,1999-07-20,2412,0.9885655444964374,False,True,0
1999-07-22,1990-01-03,1999-07-21,2413,0.988525766237349,False,True,0
1999-07-23,1990-01-03,1999-07-22,2414,0.9885778032815122,False,True,0
1999-07-26,1990-01-03,1999-07-23,2415,0.9885640682379244,False,True,0
1999-07-27,1990-01-03,1999-07-26,2416,0.9885481814809498,False,True,0
1999-07-28,1990-01-03,1999-07-27,2417,0.9885594467078481,False,True,0
1999-07-29,1990-01-03,1999-07-28,2418,0.9885257873035129,False,True,0
1999-07-30,1990-01-03,1999-07-29,2419,0.9886228785016861,False,True,0
1999-08-02,1990-01-03,1999-07-30,2420,0.9886109975435543,False,True,0
1999-08-03,1990-01-03,1999-08-02,2421,0.9886324861181301,False,True,0
1999-08-04,1990-01-03,1999-08-03,2422,0.9886292012580399,False,True,0
1999-08-05,1990-01-03,1999-08-04,2423,0.9886174795788708,False,True,0
1999-08-06,1990-01-03,1999-08-05,2424,0.9886279658512666,False,True,0
1999-08-09,1990-01-03,1999-08-06,2425,0.9886153998921438,False,True,0
1999-08-10,1990-01-03,1999-08-09,2426,0.9886281010641609,False,True,0
1999-08-11,1990-01-03,1999-08-10,2427,0.9886145041449403,False,True,0
1999-08-12,1990-01-03,1999-08-11,2428,0.9885987447948307,False,True,0
1999-08-13,1990-01-03,1999-08-12,2429,0.9886006870325497,False,True,0
1999-08-16,1990-01-03,1999-08-13,2430,0.9886635907665282,False,True,0
1999-08-17,1990-01-03,1999-08-16,2431,0.9886400135317879,False,True,0
1999-08-18,1990-01-03,1999-08-17,2432,0.9886432591428761,False,True,0
1999-08-19,1990-01-03,1999-08-18,2433,0.9886309927258388,False,True,0
1999-08-20,1990-01-03,1999-08-19,2434,0.9886079356994215,False,True,0
1999-08-23,1990-01-03,1999-08-20,2435,0.9886081755237911,False,True,0
1999-08-24,1990-01-03,1999-08-23,2436,0.9887281125663229,False,True,0
1999-08-25,1990-01-03,1999-08-24,2437,0.9886598595536386,False,True,0
1999-08-26,1990-01-03,1999-08-25,2438,0.988753047556283,False,True,0
1999-08-27,1990-01-03,1999-08-26,2439,0.9888611913142511,False,True,0
1999-08-30,1990-01-03,1999-08-27,2440,0.9888598703010953,False,True,0
1999-08-31,1990-01-03,1999-08-30,2441,0.9888923336890216,False,True,0
1999-09-01,1990-01-03,1999-08-31,2442,0.988905143478967,False,True,0
1999-09-02,1990-01-03,1999-09-01,2443,0.9889022090423382,False,True,0
1999-09-03,1990-01-03,1999-09-02,2444,0.9888906094328411,False,True,0
1999-09-07,1990-01-03,1999-09-03,2445,0.9889917491254072,False,True,0
1999-09-08,1990-01-03,1999-09-07,2446,0.9889726261831593,False,True,0
1999-09-09,1990-01-03,1999-09-08,2447,0.9889462038828664,False,True,0
1999-09-10,1990-01-03,1999-09-09,2448,0.9889077756760057,False,True,0
1999-09-13,1990-01-03,1999-09-10,2449,0.9888494751171518,False,True,0
1999-09-14,1990-01-03,1999-09-13,2450,0.9887985303422685,False,True,0
1999-09-15,1990-01-03,1999-09-14,2451,0.98875341504412,False,True,0
1999-09-16,1990-01-03,1999-09-15,2452,0.9888053502222421,False,True,0
1999-09-17,1990-01-03,1999-09-16,2453,0.9887665372320589,False,True,0
1999-09-20,1990-01-03,1999-09-17,2454,0.9888058622000663,False,True,0
1999-09-21,1990-01-03,1999-09-20,2455,0.9887280827551257,False,True,0
1999-09-22,1990-01-03,1999-09-21,2456,0.9889551590539825,False,True,0
1999-09-23,1990-01-03,1999-09-22,2457,0.9889303394809446,False,True,0
1999-09-24,1990-01-03,1999-09-23,2458,0.9890279852620237,False,True,0
1999-09-27,1990-01-03,1999-09-24,2459,0.9890472140651707,False,True,0
1999-09-28,1990-01-03,1999-09-27,2460,0.9890467259290716,False,True,0
1999-09-29,1990-01-03,1999-09-28,2461,0.9890277129382634,False,True,0
1999-09-30,1990-01-03,1999-09-29,2462,0.9890241412543784,False,True,0
1999-10-01,1990-01-03,1999-09-30,2463,0.989025832313647,False,True,0
1999-10-04,1990-01-03,1999-10-01,2464,0.988983366580678,False,True,0
1999-10-05,1990-01-03,1999-10-04,2465,0.989086150668346,False,True,0
1999-10-06,1990-01-03,1999-10-05,2466,0.9890173913754835,False,True,0
1999-10-07,1990-01-03,1999-10-06,2467,0.9891974966206143,False,True,0
1999-10-08,1990-01-03,1999-10-07,2468,0.9891433789541392,False,True,0
1999-10-11,1990-01-03,1999-10-08,2469,0.9892287352334719,False,True,0
1999-10-12,1990-01-03,1999-10-11,2470,0.9891279192930201,False,True,0
1999-10-13,1990-01-03,1999-10-12,2471,0.9893073024321326,False,True,0
1999-10-14,1990-01-03,1999-10-13,2472,0.9894185762579171,False,True,0
1999-10-15,1990-01-03,1999-10-14,2473,0.9894165714791506,False,True,0
1999-10-18,1990-01-03,1999-10-15,2474,0.9894689150966122,False,True,0
1999-10-19,1990-01-03,1999-10-18,2475,0.989505373624098,False,True,0
1999-10-20,1990-01-03,1999-10-19,2476,0.9895208078072207,False,True,0
1999-10-21,1990-01-03,1999-10-20,2477,0.9895385269598115,False,True,0
1999-10-22,1990-01-03,1999-10-21,2478,0.9895239237457228,False,True,0
1999-10-25,1990-01-03,1999-10-22,2479,0.9895346586601654,False,True,0
1999-10-26,1990-01-03,1999-10-25,2480,0.9895056993990816,False,True,0
1999-10-27,1990-01-03,1999-10-26,2481,0.9894885390811534,False,True,0
1999-10-28,1990-01-03,1999-10-27,2482,0.9894868037952378,False,True,0
1999-10-29,1990-01-03,1999-10-28,2483,0.9897927020721671,False,True,0
1999-11-01,1990-01-03,1999-10-29,2484,0.9898383314932575,False,True,0
1999-11-02,1990-01-03,1999-11-01,2485,0.9897914063640955,False,True,0
1999-11-03,1990-01-03,1999-11-02,2486,0.9897307397019715,False,True,0
1999-11-04,1990-01-03,1999-11-03,2487,0.9896620075133777,False,True,0
1999-11-05,1990-01-03,1999-11-04,2488,0.9895834825751063,False,True,0
1999-11-08,1990-01-03,1999-11-05,2489,0.9894922620022015,False,True,0
1999-11-09,1990-01-03,1999-11-08,2490,0.9893810762892706,False,True,0
1999-11-10,1990-01-03,1999-11-09,2491,0.9893627589494715,False,True,0
1999-11-11,1990-01-03,1999-11-10,2492,0.9892737475617361,False,True,0
1999-11-12,1990-01-03,1999-11-11,2493,0.9891747975388536,False,True,0
1999-11-15,1990-01-03,1999-11-12,2494,0.9892248098133105,False,True,0
1999-11-16,1990-01-03,1999-11-15,2495,0.9890535869683711,False,True,0
1999-11-17,1990-01-03,1999-11-16,2496,0.9894990223055916,False,True,0
1999-11-18,1990-01-03,1999-11-17,2497,0.9894401634450346,False,True,0
1999-11-19,1990-01-03,1999-11-18,2498,0.989482344779216,False,True,0
1999-11-22,1990-01-03,1999-11-19,2499,0.9893300391563821,False,True,0
1999-11-23,1990-01-03,1999-11-22,2500,0.9891576938796784,False,True,0
1999-11-24,1990-01-03,1999-11-23,2501,0.9893102063703643,False,True,0
1999-11-26,1990-01-03,1999-11-24,2502,0.989310644373416,False,True,0
1999-11-29,1990-01-03,1999-11-26,2503,0.9891679358913575,False,True,0
1999-11-30,1990-01-03,1999-11-29,2504,0.9891158763505516,False,True,0
1999-12-01,1990-01-03,1999-11-30,2505,0.9892768744498897,False,True,0
1999-12-02,1990-01-03,1999-12-01,2506,0.9892316298919205,False,True,0
1999-12-03,1990-01-03,1999-12-02,2507,0.9892153013835663,False,True,0
1999-12-06,1990-01-03,1999-12-03,2508,0.9894655002437674,False,True,0
1999-12-07,1990-01-03,1999-12-06,2509,0.989434527152494,False,True,0
1999-12-08,1990-01-03,1999-12-07,2510,0.9894585676646276,False,True,0
1999-12-09,1990-01-03,1999-12-08,2511,0.9894024540792136,False,True,0
1999-12-10,1990-01-03,1999-12-09,2512,0.9893364733938472,False,True,0
1999-12-13,1990-01-03,1999-12-10,2513,0.9892932211913138,False,True,0
1999-12-14,1990-01-03,1999-12-13,2514,0.9891962716308025,False,True,0
1999-12-15,1990-01-03,1999-12-14,2515,0.9892055148707685,False,True,0
1999-12-16,1990-01-03,1999-12-15,2516,0.9891822781630971,False,True,0
1999-12-17,1990-01-03,1999-12-16,2517,0.9891036510403622,False,True,0
1999-12-20,1990-01-03,1999-12-17,2518,0.9889946694694818,False,True,0
1999-12-21,1990-01-03,1999-12-20,2519,0.9888858132430386,False,True,0
1999-12-22,1990-01-03,1999-12-21,2520,0.9890010322818837,False,True,0
1999-12-23,1990-01-03,1999-12-22,2521,0.9888740455440858,False,True,0
1999-12-27,1990-01-03,1999-12-23,2522,0.9892349984064367,False,True,0
1999-12-28,1990-01-03,1999-12-27,2523,0.9890993545090658,False,True,0
1999-12-29,1990-01-03,1999-12-28,2524,0.9889511118792413,False,True,0
1999-12-30,1990-01-03,1999-12-29,2525,0.9888429003433797,False,True,0
1999-12-31,1990-01-03,1999-12-30,2526,0.9886730379722612,False,True,0
2000-01-03,1990-01-03,1999-12-31,2527,0.9885351989796275,False,True,0
2000-01-04,1990-01-03,2000-01-03,2528,0.9887523012056719,False,True,0
2000-01-05,1990-01-03,2000-01-04,2529,0.9895378123852933,False,True,0
2000-01-06,1990-01-03,2000-01-05,2530,0.9896302035038722,False,True,0
2000-01-07,1990-01-03,2000-01-06,2531,0.9897032842994339,False,True,0
2000-01-10,1990-01-03,2000-01-07,2532,0.9895692114549514,False,True,0
2000-01-11,1990-01-03,2000-01-10,2533,0.9895529129224386,False,True,0
2000-01-12,1990-01-03,2000-01-11,2534,0.9895034031826475,False,True,0
2000-01-13,1990-01-03,2000-01-12,2535,0.9895389469955899,False,True,0
2000-01-14,1990-01-03,2000-01-13,2536,0.9895187377278446,False,True,0
2000-01-18,1990-01-03,2000-01-14,2537,0.9895117930557121,False,True,0
2000-01-19,1990-01-03,2000-01-18,2538,0.9895106374853069,False,True,0
2000-01-20,1990-01-03,2000-01-19,2539,0.9895305823694168,False,True,0
2000-01-21,1990-01-03,2000-01-20,2540,0.9895227734641808,False,True,0
2000-01-24,1990-01-03,2000-01-21,2541,0.9895269790863045,False,True,0
2000-01-25,1990-01-03,2000-01-24,2542,0.9895312049511474,False,True,0
2000-01-26,1990-01-03,2000-01-25,2543,0.9895846541759564,False,True,0
2000-01-27,1990-01-03,2000-01-26,2544,0.989627346888516,False,True,0
2000-01-28,1990-01-03,2000-01-27,2545,0.9896614832508508,False,True,0
2000-01-31,1990-01-03,2000-01-28,2546,0.9895419244930566,False,True,0
2000-02-01,1990-01-03,2000-01-31,2547,0.9893540810144831,False,True,0
2000-02-02,1990-01-03,2000-02-01,2548,0.9893663556410711,False,True,0
2000-02-03,1990-01-03,2000-02-02,2549,0.9894189935628852,False,True,0
2000-02-04,1990-01-03,2000-02-03,2550,0.9894168052089009,False,True,0
2000-02-07,1990-01-03,2000-02-04,2551,0.9894270426737248,False,True,0
2000-02-08,1990-01-03,2000-02-07,2552,0.9894163937081564,False,True,0
2000-02-09,1990-01-03,2000-02-08,2553,0.9894329271969146,False,True,0
2000-02-10,1990-01-03,2000-02-09,2554,0.9895181709710874,False,True,0
2000-02-11,1990-01-03,2000-02-10,2555,0.9895260388309223,False,True,0
2000-02-14,1990-01-03,2000-02-11,2556,0.9895307797936316,False,True,0
2000-02-15,1990-01-03,2000-02-14,2557,0.989563594063647,False,True,0
2000-02-16,1990-01-03,2000-02-15,2558,0.9895654648489259,False,True,0
2000-02-17,1990-01-03,2000-02-16,2559,0.9895577802277894,False,True,0
2000-02-18,1990-01-03,2000-02-17,2560,0.9895593477341601,False,True,0
2000-02-22,1990-01-03,2000-02-18,2561,0.9896229147174143,False,True,0
2000-02-23,1990-01-03,2000-02-22,2562,0.9896677618720763,False,True,0
2000-02-24,1990-01-03,2000-02-23,2563,0.9896860676847705,False,True,0
2000-02-25,1990-01-03,2000-02-24,2564,0.9896906408213697,False,True,0
2000-02-28,1990-01-03,2000-02-25,2565,0.9896797556814038,False,True,0
2000-02-29,1990-01-03,2000-02-28,2566,0.9896798013475416,False,True,0
2000-03-01,1990-01-03,2000-02-29,2567,0.9896799725552207,False,True,0
2000-03-02,1990-01-03,2000-03-01,2568,0.9896698834793354,False,True,0
2000-03-03,1990-01-03,2000-03-02,2569,0.9896288149933959,False,True,0
2000-03-06,1990-01-03,2000-03-03,2570,0.9897487307954194,False,True,0
2000-03-07,1990-01-03,2000-03-06,2571,0.9897698964675432,False,True,0
2000-03-08,1990-01-03,2000-03-07,2572,0.9898762695902745,False,True,0
2000-03-09,1990-01-03,2000-03-08,2573,0.9898779094374859,False,True,0
2000-03-10,1990-01-03,2000-03-09,2574,0.9899256804219736,False,True,0
2000-03-13,1990-01-03,2000-03-10,2575,0.9899042158658397,False,True,0
2000-03-14,1990-01-03,2000-03-13,2576,0.9898860735088837,False,True,0
2000-03-15,1990-01-03,2000-03-14,2577,0.989907729857301,False,True,0
2000-03-16,1990-01-03,2000-03-15,2578,0.9899380140075902,False,True,0
2000-03-17,1990-01-03,2000-03-16,2579,0.9901502404093382,False,True,0
2000-03-20,1990-01-03,2000-03-17,2580,0.9901135595152672,False,True,0
2000-03-21,1990-01-03,2000-03-20,2581,0.9900705668726254,False,True,0
2000-03-22,1990-01-03,2000-03-21,2582,0.990229491248212,False,True,0
2000-03-23,1990-01-03,2000-03-22,2583,0.9901578405082667,False,True,0
2000-03-24,1990-01-03,2000-03-23,2584,0.9902559524766956,False,True,0
2000-03-27,1990-01-03,2000-03-24,2585,0.9901486434738387,False,True,0
2000-03-28,1990-01-03,2000-03-27,2586,0.9900323405431481,False,True,0
2000-03-29,1990-01-03,2000-03-28,2587,0.9900327561263006,False,True,0
2000-03-30,1990-01-03,2000-03-29,2588,0.9899143702802222,False,True,0
2000-03-31,1990-01-03,2000-03-30,2589,0.9899839285461873,False,True,0
2000-04-03,1990-01-03,2000-03-31,2590,0.9899181894140465,False,True,0
2000-04-04,1990-01-03,2000-04-03,2591,0.9898175704871088,False,True,0
2000-04-05,1990-01-03,2000-04-04,2592,0.9897622129234545,False,True,0
2000-04-06,1990-01-03,2000-04-05,2593,0.9896742103356088,False,True,0
2000-04-07,1990-01-03,2000-04-06,2594,0.9896471938371406,False,True,0
2000-04-10,1990-01-03,2000-04-07,2595,0.9896396856469334,False,True,0
2000-04-11,1990-01-03,2000-04-10,2596,0.9895969816934855,False,True,0
2000-04-12,1990-01-03,2000-04-11,2597,0.9894763280443204,False,True,0
2000-04-13,1990-01-03,2000-04-12,2598,0.9898004853811061,False,True,0
2000-04-14,1990-01-03,2000-04-13,2599,0.9898681855481047,False,True,0
2000-04-17,1990-01-03,2000-04-14,2600,0.990072272928133,False,True,0
2000-04-18,1990-01-03,2000-04-17,2601,0.989885424306562,False,True,0
2000-04-19,1990-01-03,2000-04-18,2602,0.9897764036823277,False,True,0
2000-04-20,1990-01-03,2000-04-19,2603,0.9898075828431162,False,True,0
2000-04-24,1990-01-03,2000-04-20,2604,0.9898461365720379,False,True,0
2000-04-25,1990-01-03,2000-04-24,2605,0.9898600385334988,False,True,0
2000-04-26,1990-01-03,2000-04-25,2606,0.9898964153199268,False,True,0
2000-04-27,1990-01-03,2000-04-26,2607,0.9898851969999163,False,True,0
2000-04-28,1990-01-03,2000-04-27,2608,0.9898582989390253,False,True,0
2000-05-01,1990-01-03,2000-04-28,2609,0.9898285189150685,False,True,0
2000-05-02,1990-01-03,2000-05-01,2610,0.9898004841340209,False,True,0
2000-05-03,1990-01-03,2000-05-02,2611,0.9898132070707102,False,True,0
2000-05-04,1990-01-03,2000-05-03,2612,0.9898596844244772,False,True,0
2000-05-05,1990-01-03,2000-05-04,2613,0.9898360106406667,False,True,0
2000-05-08,1990-01-03,2000-05-05,2614,0.9898420036594894,False,True,0
2000-05-09,1990-01-03,2000-05-08,2615,0.989787903049343,False,True,0
2000-05-10,1990-01-03,2000-05-09,2616,0.9897433574697602,False,True,0
2000-05-11,1990-01-03,2000-05-10,2617,0.9898029776984477,False,True,0
2000-05-12,1990-01-03,2000-05-11,2618,0.9898173066059065,False,True,0
2000-05-15,1990-01-03,2000-05-12,2619,0.9897669228132133,False,True,0
2000-05-16,1990-01-03,2000-05-15,2620,0.9898760540120043,False,True,0
2000-05-17,1990-01-03,2000-05-16,2621,0.9898095691992596,False,True,0
2000-05-18,1990-01-03,2000-05-17,2622,0.9897968096134294,False,True,0
2000-05-19,1990-01-03,2000-05-18,2623,0.9897250877030705,False,True,0
2000-05-22,1990-01-03,2000-05-19,2624,0.9898351500490691,False,True,0
2000-05-23,1990-01-03,2000-05-22,2625,0.989769506523385,False,True,0
2000-05-24,1990-01-03,2000-05-23,2626,0.989823056927804,False,True,0
2000-05-25,1990-01-03,2000-05-24,2627,0.9898448746745482,False,True,0
2000-05-26,1990-01-03,2000-05-25,2628,0.9898262652308261,False,True,0
2000-05-30,1990-01-03,2000-05-26,2629,0.9897545960608587,False,True,0
2000-05-31,1990-01-03,2000-05-30,2630,0.9900042836643776,False,True,0
2000-06-01,1990-01-03,2000-05-31,2631,0.9898991168953194,False,True,0
2000-06-02,1990-01-03,2000-06-01,2632,0.9900004565033541,False,True,0
2000-06-05,1990-01-03,2000-06-02,2633,0.990124927619748,False,True,0
2000-06-06,1990-01-03,2000-06-05,2634,0.9900198017138098,False,True,0
2000-06-07,1990-01-03,2000-06-06,2635,0.9899167891700105,False,True,0
2000-06-08,1990-01-03,2000-06-07,2636,0.9898327081881975,False,True,0
2000-06-09,1990-01-03,2000-06-08,2637,0.9897211238810766,False,True,0
2000-06-12,1990-01-03,2000-06-09,2638,0.9895709177290614,False,True,0
2000-06-13,1990-01-03,2000-06-12,2639,0.989475403178451,False,True,0
2000-06-14,1990-01-03,2000-06-13,2640,0.9895815138891306,False,True,0
2000-06-15,1990-01-03,2000-06-14,2641,0.989393616185568,False,True,0
2000-06-16,1990-01-03,2000-06-15,2642,0.9892301855981821,False,True,0
2000-06-19,1990-01-03,2000-06-16,2643,0.989205314156367,False,True,0
2000-06-20,1990-01-03,2000-06-19,2644,0.989317908299637,False,True,0
2000-06-21,1990-01-03,2000-06-20,2645,0.9892113554584107,False,True,0
2000-06-22,1990-01-03,2000-06-21,2646,0.9890217676097793,False,True,0
2000-06-23,1990-01-03,2000-06-22,2647,0.9893174911683359,False,True,0
2000-06-26,1990-01-03,2000-06-23,2648,0.9892431606558482,False,True,0
2000-06-27,1990-01-03,2000-06-26,2649,0.9891985052661694,False,True,0
2000-06-28,1990-01-03,2000-06-27,2650,0.9890670904518064,False,True,0
2000-06-29,1990-01-03,2000-06-28,2651,0.9889143610092762,False,True,0
2000-06-30,1990-01-03,2000-06-29,2652,0.9888715023114649,False,True,0
2000-07-03,1990-01-03,2000-06-30,2653,0.9888100989466038,False,True,0
2000-07-05,1990-01-03,2000-07-03,2654,0.9888039264897769,False,True,0
2000-07-06,1990-01-03,2000-07-05,2655,0.9890003633246863,False,True,0
2000-07-07,1990-01-03,2000-07-06,2656,0.9889255117272637,False,True,0
2000-07-10,1990-01-03,2000-07-07,2657,0.9890545381930177,False,True,0
2000-07-11,1990-01-03,2000-07-10,2658,0.988917309619126,False,True,0
2000-07-12,1990-01-03,2000-07-11,2659,0.9887734381057434,False,True,0
2000-07-13,1990-01-03,2000-07-12,2660,0.9887182461362308,False,True,0
2000-07-14,1990-01-03,2000-07-13,2661,0.9885394777014637,False,True,0
2000-07-17,1990-01-03,2000-07-14,2662,0.9885594848586485,False,True,0
2000-07-18,1990-01-03,2000-07-17,2663,0.9883555367791542,False,True,0
2000-07-19,1990-01-03,2000-07-18,2664,0.9884976926599327,False,True,0
2000-07-20,1990-01-03,2000-07-19,2665,0.9884748586260402,False,True,0
2000-07-21,1990-01-03,2000-07-20,2666,0.988473464378088,False,True,0
2000-07-24,1990-01-03,2000-07-21,2667,0.9885205476279021,False,True,0
2000-07-25,1990-01-03,2000-07-24,2668,0.9885512899713621,False,True,0
2000-07-26,1990-01-03,2000-07-25,2669,0.9885059409852589,False,True,0
2000-07-27,1990-01-03,2000-07-26,2670,0.9886117395690414,False,True,0
2000-07-28,1990-01-03,2000-07-27,2671,0.9885590045925393,False,True,0
2000-07-31,1990-01-03,2000-07-28,2672,0.9886792629301606,False,True,0
2000-08-01,1990-01-03,2000-07-31,2673,0.9886702099305784,False,True,0
2000-08-02,1990-01-03,2000-08-01,2674,0.9886406628471591,False,True,0
2000-08-03,1990-01-03,2000-08-02,2675,0.9885922927687116,False,True,0
2000-08-04,1990-01-03,2000-08-03,2676,0.98858537815562,False,True,0
2000-08-07,1990-01-03,2000-08-04,2677,0.9885453999118157,False,True,0
2000-08-08,1990-01-03,2000-08-07,2678,0.9885804582283337,False,True,0
2000-08-09,1990-01-03,2000-08-08,2679,0.9884762144341539,False,True,0
2000-08-10,1990-01-03,2000-08-09,2680,0.9884406511219255,False,True,0
2000-08-11,1990-01-03,2000-08-10,2681,0.988433002248185,False,True,0
2000-08-14,1990-01-03,2000-08-11,2682,0.9884092793917116,False,True,0
2000-08-15,1990-01-03,2000-08-14,2683,0.9885056541353133,False,True,0
2000-08-16,1990-01-03,2000-08-15,2684,0.988442059858385,False,True,0
2000-08-17,1990-01-03,2000-08-16,2685,0.9883645002861002,False,True,0
2000-08-18,1990-01-03,2000-08-17,2686,0.9884136740232089,False,True,0
2000-08-21,1990-01-03,2000-08-18,2687,0.988326464494807,False,True,0
2000-08-22,1990-01-03,2000-08-21,2688,0.9882567108654673,False,True,0
2000-08-23,1990-01-03,2000-08-22,2689,0.9881452115147578,False,True,0
2000-08-24,1990-01-03,2000-08-23,2690,0.9880693303311665,False,True,0
2000-08-25,1990-01-03,2000-08-24,2691,0.9879352099314597,False,True,0
2000-08-28,1990-01-03,2000-08-25,2692,0.9878000101343608,False,True,0
2000-08-29,1990-01-03,2000-08-28,2693,0.9877243575229924,False,True,0
2000-08-30,1990-01-03,2000-08-29,2694,0.9876045195107053,False,True,0
2000-08-31,1990-01-03,2000-08-30,2695,0.9875456487405959,False,True,0
2000-09-01,1990-01-03,2000-08-31,2696,0.9876701335082054,False,True,0
2000-09-05,1990-01-03,2000-09-01,2697,0.9875453732535474,False,True,0
2000-09-06,1990-01-03,2000-09-05,2698,0.9876371414309374,False,True,0
2000-09-07,1990-01-03,2000-09-06,2699,0.9876999398402221,False,True,0
2000-09-08,1990-01-03,2000-09-07,2700,0.9876908036400731,False,True,0
2000-09-11,1990-01-03,2000-09-08,2701,0.987660454274311,False,True,0
2000-09-12,1990-01-03,2000-09-11,2702,0.9876266599544431,False,True,0
2000-09-13,1990-01-03,2000-09-12,2703,0.9875991579930398,False,True,0
2000-09-14,1990-01-03,2000-09-13,2704,0.987564229915871,False,True,0
2000-09-15,1990-01-03,2000-09-14,2705,0.9875244784700015,False,True,0
2000-09-18,1990-01-03,2000-09-15,2706,0.9875436709481783,False,True,0
2000-09-19,1990-01-03,2000-09-18,2707,0.9875416594839596,False,True,0
2000-09-20,1990-01-03,2000-09-19,2708,0.9875318319811393,False,True,0
2000-09-21,1990-01-03,2000-09-20,2709,0.9875322762813642,False,True,0
2000-09-22,1990-01-03,2000-09-21,2710,0.9875512222068944,False,True,0
2000-09-25,1990-01-03,2000-09-22,2711,0.9875595316713216,False,True,0
2000-09-26,1990-01-03,2000-09-25,2712,0.9875496979747621,False,True,0
2000-09-27,1990-01-03,2000-09-26,2713,0.9875304539984414,False,True,0
2000-09-28,1990-01-03,2000-09-27,2714,0.9875509722633006,False,True,0
2000-09-29,1990-01-03,2000-09-28,2715,0.9875990802908425,False,True,0
2000-10-02,1990-01-03,2000-09-29,2716,0.9875855728274671,False,True,0
2000-10-03,1990-01-03,2000-10-02,2717,0.9876190280132131,False,True,0
2000-10-04,1990-01-03,2000-10-03,2718,0.987615875841393,False,True,0
2000-10-05,1990-01-03,2000-10-04,2719,0.9876284658506609,False,True,0
2000-10-06,1990-01-03,2000-10-05,2720,0.9876339895147828,False,True,0
2000-10-09,1990-01-03,2000-10-06,2721,0.9876332986801842,False,True,0
2000-10-10,1990-01-03,2000-10-09,2722,0.9876589961892587,False,True,0
2000-10-11,1990-01-03,2000-10-10,2723,0.9876336454910944,False,True,0
2000-10-12,1990-01-03,2000-10-11,2724,0.9875495303472838,False,True,0
2000-10-13,1990-01-03,2000-10-12,2725,0.9873527847581368,False,True,0
2000-10-16,1990-01-03,2000-10-13,2726,0.9870700520327123,False,True,0
2000-10-17,1990-01-03,2000-10-16,2727,0.9871511377754072,False,True,0
2000-10-18,1990-01-03,2000-10-17,2728,0.987083593342054,False,True,0
2000-10-19,1990-01-03,2000-10-18,2729,0.9871348258744476,False,True,0
2000-10-20,1990-01-03,2000-10-19,2730,0.9870107796678835,False,True,0
2000-10-23,1990-01-03,2000-10-20,2731,0.9870373169337222,False,True,0
2000-10-24,1990-01-03,2000-10-23,2732,0.9870528995895248,False,True,0
2000-10-25,1990-01-03,2000-10-24,2733,0.9870428037555093,False,True,0
2000-10-26,1990-01-03,2000-10-25,2734,0.9870810260025393,False,True,0
2000-10-27,1990-01-03,2000-10-26,2735,0.9871014342347532,False,True,0
2000-10-30,1990-01-03,2000-10-27,2736,0.9870969484194094,False,True,0
2000-10-31,1990-01-03,2000-10-30,2737,0.987105572527616,False,True,0
2000-11-01,1990-01-03,2000-10-31,2738,0.9872050862827759,False,True,0
2000-11-02,1990-01-03,2000-11-01,2739,0.9871651846371349,False,True,0
2000-11-03,1990-01-03,2000-11-02,2740,0.9871194461708772,False,True,0
2000-11-06,1990-01-03,2000-11-03,2741,0.9870457278987503,False,True,0
2000-11-07,1990-01-03,2000-11-06,2742,0.9869615879748476,False,True,0
2000-11-08,1990-01-03,2000-11-07,2743,0.9868564262599778,False,True,0
2000-11-09,1990-01-03,2000-11-08,2744,0.9869966536924772,False,True,0
2000-11-10,1990-01-03,2000-11-09,2745,0.9869557340532786,False,True,0
2000-11-13,1990-01-03,2000-11-10,2746,0.9871170805520332,False,True,0
2000-11-14,1990-01-03,2000-11-13,2747,0.9871103803183042,False,True,0
2000-11-15,1990-01-03,2000-11-14,2748,0.9871089979386642,False,True,0
2000-11-16,1990-01-03,2000-11-15,2749,0.9870941652814169,False,True,0
2000-11-17,1990-01-03,2000-11-16,2750,0.9870985316711766,False,True,0
2000-11-20,1990-01-03,2000-11-17,2751,0.9870803522882786,False,True,0
2000-11-21,1990-01-03,2000-11-20,2752,0.9871050934059048,False,True,0
2000-11-22,1990-01-03,2000-11-21,2753,0.987100397636927,False,True,0
2000-11-24,1990-01-03,2000-11-22,2754,0.9871112256869075,False,True,0
2000-11-27,1990-01-03,2000-11-24,2755,0.9871079630220378,False,True,0
2000-11-28,1990-01-03,2000-11-27,2756,0.987088590344314,False,True,0
2000-11-29,1990-01-03,2000-11-28,2757,0.9870716406513077,False,True,0
2000-11-30,1990-01-03,2000-11-29,2758,0.987035706437615,False,True,0
2000-12-01,1990-01-03,2000-11-30,2759,0.9870976834703115,False,True,0
2000-12-04,1990-01-03,2000-12-01,2760,0.9870804874869415,False,True,0
2000-12-05,1990-01-03,2000-12-04,2761,0.9870490453774308,False,True,0
2000-12-06,1990-01-03,2000-12-05,2762,0.9873680819563244,False,True,0
2000-12-07,1990-01-03,2000-12-06,2763,0.9874289694688345,False,True,0
2000-12-08,1990-01-03,2000-12-07,2764,0.9874000675849411,False,True,0
2000-12-11,1990-01-03,2000-12-08,2765,0.9874507477007654,False,True,0
2000-12-12,1990-01-03,2000-12-11,2766,0.987408608751919,False,True,0
2000-12-13,1990-01-03,2000-12-12,2767,0.9873549661368771,False,True,0
2000-12-14,1990-01-03,2000-12-13,2768,0.9873169225320556,False,True,0
2000-12-15,1990-01-03,2000-12-14,2769,0.9873338832308701,False,True,0
2000-12-18,1990-01-03,2000-12-15,2770,0.987392471939054,False,True,0
2000-12-19,1990-01-03,2000-12-18,2771,0.9873764977409796,False,True,0
2000-12-20,1990-01-03,2000-12-19,2772,0.9873710952832687,False,True,0
2000-12-21,1990-01-03,2000-12-20,2773,0.9874262854899368,False,True,0
2000-12-22,1990-01-03,2000-12-21,2774,0.9874356620333855,False,True,0
2000-12-26,1990-01-03,2000-12-22,2775,0.987447784467088,False,True,0
2000-12-27,1990-01-03,2000-12-26,2776,0.9874222543717736,False,True,0
2000-12-28,1990-01-03,2000-12-27,2777,0.9873942888587675,False,True,0
2000-12-29,1990-01-03,2000-12-28,2778,0.9873240545456807,False,True,0
2001-01-02,1990-01-03,2000-12-29,2779,0.9872991100892927,False,True,0
2001-01-03,1990-01-03,2001-01-02,2780,0.9874597752823483,False,True,0
2001-01-04,1990-01-03,2001-01-03,2781,0.9876503371853829,False,True,0
2001-01-05,1990-01-03,2001-01-04,2782,0.9876304606313744,False,True,0
2001-01-08,1990-01-03,2001-01-05,2783,0.9876769648306811,False,True,0
2001-01-09,1990-01-03,2001-01-08,2784,0.9876652525450559,False,True,0
2001-01-10,1990-01-03,2001-01-09,2785,0.9876311862386753,False,True,0
2001-01-11,1990-01-03,2001-01-10,2786,0.987591160647574,False,True,0
2001-01-12,1990-01-03,2001-01-11,2787,0.9875472311923527,False,True,0
2001-01-16,1990-01-03,2001-01-12,2788,0.9874759125517687,False,True,0
2001-01-17,1990-01-03,2001-01-16,2789,0.9873862782770868,False,True,0
2001-01-18,1990-01-03,2001-01-17,2790,0.9872618492013451,False,True,0
2001-01-19,1990-01-03,2001-01-18,2791,0.9872884328101411,False,True,0
2001-01-22,1990-01-03,2001-01-19,2792,0.9871551783021858,False,True,0
2001-01-23,1990-01-03,2001-01-22,2793,0.9869887749081978,False,True,0
2001-01-24,1990-01-03,2001-01-23,2794,0.987041839809062,False,True,0
2001-01-25,1990-01-03,2001-01-24,2795,0.986850116562267,False,True,0
2001-01-26,1990-01-03,2001-01-25,2796,0.9867006954253034,False,True,0
2001-01-29,1990-01-03,2001-01-26,2797,0.9865038975811021,False,True,0
2001-01-30,1990-01-03,2001-01-29,2798,0.9863815447129718,False,True,0
2001-01-31,1990-01-03,2001-01-30,2799,0.9862700160709925,False,True,0
2001-02-01,1990-01-03,2001-01-31,2800,0.9861390228279784,False,True,0
2001-02-02,1990-01-03,2001-02-01,2801,0.9859861108645006,False,True,0
2001-02-05,1990-01-03,2001-02-02,2802,0.9864053475250008,False,True,0
2001-02-06,1990-01-03,2001-02-05,2803,0.9862752199470903,False,True,0
2001-02-07,1990-01-03,2001-02-06,2804,0.986125725935116,False,True,0
2001-02-08,1990-01-03,2001-02-07,2805,0.9861037892733568,False,True,0
2001-02-09,1990-01-03,2001-02-08,2806,0.986034154343897,False,True,0
2001-02-12,1990-01-03,2001-02-09,2807,0.9861155364698617,False,True,0
2001-02-13,1990-01-03,2001-02-12,2808,0.9861352595908682,False,True,0
2001-02-14,1990-01-03,2001-02-13,2809,0.986111776857539,False,True,0
2001-02-15,1990-01-03,2001-02-14,2810,0.9860357683035702,False,True,0
2001-02-16,1990-01-03,2001-02-15,2811,0.9859993952798629,False,True,0
2001-02-20,1990-01-03,2001-02-16,2812,0.9861774206710872,False,True,0
2001-02-21,1990-01-03,2001-02-20,2813,0.9862127008932122,False,True,0
2001-02-22,1990-01-03,2001-02-21,2814,0.9862091701542315,False,True,0
2001-02-23,1990-01-03,2001-02-22,2815,0.9862269768718666,False,True,0
2001-02-26,1990-01-03,2001-02-23,2816,0.9862259073880891,False,True,0
2001-02-27,1990-01-03,2001-02-26,2817,0.986238023252901,False,True,0
2001-02-28,1990-01-03,2001-02-27,2818,0.9862192857229832,False,True,0
2001-03-01,1990-01-03,2001-02-28,2819,0.986221884339449,False,True,0
2001-03-02,1990-01-03,2001-03-01,2820,0.9862092812995281,False,True,0
2001-03-05,1990-01-03,2001-03-02,2821,0.986184365179322,False,True,0
2001-03-06,1990-01-03,2001-03-05,2822,0.9861487595814754,False,True,0
2001-03-07,1990-01-03,2001-03-06,2823,0.9861295358666307,False,True,0
2001-03-08,1990-01-03,2001-03-07,2824,0.9860733752966178,False,True,0
2001-03-09,1990-01-03,2001-03-08,2825,0.985978200484842,False,True,0
2001-03-12,1990-01-03,2001-03-09,2826,0.9862679866695235,False,True,0
2001-03-13,1990-01-03,2001-03-12,2827,0.9864027787296145,False,True,0
2001-03-14,1990-01-03,2001-03-13,2828,0.9864039016043169,False,True,0
2001-03-15,1990-01-03,2001-03-14,2829,0.9863304380542414,False,True,0
2001-03-16,1990-01-03,2001-03-15,2830,0.9863812557676899,False,True,0
2001-03-19,1990-01-03,2001-03-16,2831,0.9863598095654796,False,True,0
2001-03-20,1990-01-03,2001-03-19,2832,0.9863521710770389,False,True,0
2001-03-21,1990-01-03,2001-03-20,2833,0.9863277016028085,False,True,0
2001-03-22,1990-01-03,2001-03-21,2834,0.9863198257535475,False,True,0
2001-03-23,1990-01-03,2001-03-22,2835,0.9863534808195047,False,True,0
2001-03-26,1990-01-03,2001-03-23,2836,0.9863456408083128,False,True,0
2001-03-27,1990-01-03,2001-03-26,2837,0.9863302029306455,False,True,0
2001-03-28,1990-01-03,2001-03-27,2838,0.9863826994378588,False,True,0
2001-03-29,1990-01-03,2001-03-28,2839,0.9864434012454634,False,True,0
2001-03-30,1990-01-03,2001-03-29,2840,0.9864196644335739,False,True,0
2001-04-02,1990-01-03,2001-03-30,2841,0.9863861109588725,False,True,0
2001-04-03,1990-01-03,2001-04-02,2842,0.9863655457035203,False,True,0
2001-04-04,1990-01-03,2001-04-03,2843,0.9864927672591652,False,True,0
2001-04-05,1990-01-03,2001-04-04,2844,0.9864836047124962,False,True,0
2001-04-06,1990-01-03,2001-04-05,2845,0.9866302827175623,False,True,0
2001-04-09,1990-01-03,2001-04-06,2846,0.9866437642335144,False,True,0
2001-04-10,1990-01-03,2001-04-09,2847,0.9866050203313209,False,True,0
2001-04-11,1990-01-03,2001-04-10,2848,0.986686594114482,False,True,0
2001-04-12,1990-01-03,2001-04-11,2849,0.9866015782965708,False,True,0
2001-04-16,1990-01-03,2001-04-12,2850,0.9865864136453377,False,True,0
2001-04-17,1990-01-03,2001-04-16,2851,0.9864664792859422,False,True,0
2001-04-18,1990-01-03,2001-04-17,2852,0.9863874648516463,False,True,0
2001-04-19,1990-01-03,2001-04-18,2853,0.9869630998786142,False,True,0
2001-04-20,1990-01-03,2001-04-19,2854,0.9869214255519134,False,True,0
2001-04-23,1990-01-03,2001-04-20,2855,0.9868272105055272,False,True,0
2001-04-24,1990-01-03,2001-04-23,2856,0.9868628617633126,False,True,0
2001-04-25,1990-01-03,2001-04-24,2857,0.9868341085623606,False,True,0
2001-04-26,1990-01-03,2001-04-25,2858,0.9868534578601291,False,True,0
2001-04-27,1990-01-03,2001-04-26,2859,0.9867187684708424,False,True,0
2001-04-30,1990-01-03,2001-04-27,2860,0.9867541965735283,False,True,0
2001-05-01,1990-01-03,2001-04-30,2861,0.9865930162302815,False,True,0
2001-05-02,1990-01-03,2001-05-01,2862,0.9866211044320117,False,True,0
2001-05-03,1990-01-03,2001-05-02,2863,0.9864209277698831,False,True,0
2001-05-04,1990-01-03,2001-05-03,2864,0.9865460993803219,False,True,0
2001-05-07,1990-01-03,2001-05-04,2865,0.9866017650387384,False,True,0
2001-05-08,1990-01-03,2001-05-07,2866,0.9864374720767128,False,True,0
2001-05-09,1990-01-03,2001-05-08,2867,0.9862618270937817,False,True,0
2001-05-10,1990-01-03,2001-05-09,2868,0.9861113650476937,False,True,0
2001-05-11,1990-01-03,2001-05-10,2869,0.9859189677759722,False,True,0
2001-05-14,1990-01-03,2001-05-11,2870,0.9858433933612869,False,True,0
2001-05-15,1990-01-03,2001-05-14,2871,0.9856662600545563,False,True,0
2001-05-16,1990-01-03,2001-05-15,2872,0.9854647270840552,False,True,0
2001-05-17,1990-01-03,2001-05-16,2873,0.9863103969553783,False,True,0
2001-05-18,1990-01-03,2001-05-17,2874,0.9861089865582824,False,True,0
2001-05-21,1990-01-03,2001-05-18,2875,0.9858997340111922,False,True,0
2001-05-22,1990-01-03,2001-05-21,2876,0.9863188191874876,False,True,0
2001-05-23,1990-01-03,2001-05-22,2877,0.9861225253162816,False,True,0
2001-05-24,1990-01-03,2001-05-23,2878,0.9864755801907374,False,True,0
2001-05-25,1990-01-03,2001-05-24,2879,0.9863417786560731,False,True,0
2001-05-29,1990-01-03,2001-05-25,2880,0.9864260035562569,False,True,0
2001-05-30,1990-01-03,2001-05-29,2881,0.9863906704667531,False,True,0
2001-05-31,1990-01-03,2001-05-30,2882,0.9864878927658084,False,True,0
2001-06-01,1990-01-03,2001-05-31,2883,0.9864451198258456,False,True,0
2001-06-04,1990-01-03,2001-06-01,2884,0.9863781769378315,False,True,0
2001-06-05,1990-01-03,2001-06-04,2885,0.9863097405393197,False,True,0
2001-06-06,1990-01-03,2001-06-05,2886,0.9863836777689055,False,True,0
2001-06-07,1990-01-03,2001-06-06,2887,0.9864058170002136,False,True,0
2001-06-08,1990-01-03,2001-06-07,2888,0.9863456484467968,False,True,0
2001-06-11,1990-01-03,2001-06-08,2889,0.9863420722597689,False,True,0
2001-06-12,1990-01-03,2001-06-11,2890,0.9863241522177222,False,True,0
2001-06-13,1990-01-03,2001-06-12,2891,0.986265791466598,False,True,0
2001-06-14,1990-01-03,2001-06-13,2892,0.9862868017370804,False,True,0
2001-06-15,1990-01-03,2001-06-14,2893,0.9863306158296471,False,True,0
2001-06-18,1990-01-03,2001-06-15,2894,0.9863214788712499,False,True,0
2001-06-19,1990-01-03,2001-06-18,2895,0.9863075781439571,False,True,0
2001-06-20,1990-01-03,2001-06-19,2896,0.9862854653977742,False,True,0
2001-06-21,1990-01-03,2001-06-20,2897,0.9862770477165689,False,True,0
2001-06-22,1990-01-03,2001-06-21,2898,0.9862901729402971,False,True,0
2001-06-25,1990-01-03,2001-06-22,2899,0.9862814653935879,False,True,0
2001-06-26,1990-01-03,2001-06-25,2900,0.9862435874567708,False,True,0
2001-06-27,1990-01-03,2001-06-26,2901,0.9861988445212241,False,True,0
2001-06-28,1990-01-03,2001-06-27,2902,0.9861571938350684,False,True,0
2001-06-29,1990-01-03,2001-06-28,2903,0.9861973381813613,False,True,0
2001-07-02,1990-01-03,2001-06-29,2904,0.9861326865852533,False,True,0
2001-07-03,1990-01-03,2001-07-02,2905,0.9861467999164175,False,True,0
2001-07-05,1990-01-03,2001-07-03,2906,0.9860665157862135,False,True,0
2001-07-06,1990-01-03,2001-07-05,2907,0.9861224876692659,False,True,0
2001-07-09,1990-01-03,2001-07-06,2908,0.9862588831031806,False,True,0
2001-07-10,1990-01-03,2001-07-09,2909,0.986261271784801,False,True,0
2001-07-11,1990-01-03,2001-07-10,2910,0.9862638385304706,False,True,0
2001-07-12,1990-01-03,2001-07-11,2911,0.9862727019509318,False,True,0
2001-07-13,1990-01-03,2001-07-12,2912,0.9863046289862363,False,True,0
2001-07-16,1990-01-03,2001-07-13,2913,0.9862888436077831,False,True,0
2001-07-17,1990-01-03,2001-07-16,2914,0.9862849246346556,False,True,0
2001-07-18,1990-01-03,2001-07-17,2915,0.9862793597063647,False,True,0
2001-07-19,1990-01-03,2001-07-18,2916,0.9862560807860372,False,True,0
2001-07-20,1990-01-03,2001-07-19,2917,0.9862294818049663,False,True,0
2001-07-23,1990-01-03,2001-07-20,2918,0.986188489305702,False,True,0
2001-07-24,1990-01-03,2001-07-23,2919,0.9862455288288379,False,True,0
2001-07-25,1990-01-03,2001-07-24,2920,0.9862536145394608,False,True,0
2001-07-26,1990-01-03,2001-07-25,2921,0.9862523981517666,False,True,0
2001-07-27,1990-01-03,2001-07-26,2922,0.9862462625974867,False,True,0
2001-07-30,1990-01-03,2001-07-27,2923,0.9862217251880006,False,True,0
2001-07-31,1990-01-03,2001-07-30,2924,0.9861763750130215,False,True,0
2001-08-01,1990-01-03,2001-07-31,2925,0.9861377942109997,False,True,0
2001-08-02,1990-01-03,2001-08-01,2926,0.9860776602347738,False,True,0
2001-08-03,1990-01-03,2001-08-02,2927,0.9860063613922841,False,True,0
2001-08-06,1990-01-03,2001-08-03,2928,0.9859553880049863,False,True,0
2001-08-07,1990-01-03,2001-08-06,2929,0.9859889758969904,False,True,0
2001-08-08,1990-01-03,2001-08-07,2930,0.9859376459004429,False,True,0
2001-08-09,1990-01-03,2001-08-08,2931,0.9860342831834168,False,True,0
2001-08-10,1990-01-03,2001-08-09,2932,0.9860142902203366,False,True,0
2001-08-13,1990-01-03,2001-08-10,2933,0.9859882125441126,False,True,0
2001-08-14,1990-01-03,2001-08-13,2934,0.9859381878741343,False,True,0
2001-08-15,1990-01-03,2001-08-14,2935,0.9858897161047154,False,True,0
2001-08-16,1990-01-03,2001-08-15,2936,0.9858683562709121,False,True,0
2001-08-17,1990-01-03,2001-08-16,2937,0.9858211031401932,False,True,0
2001-08-20,1990-01-03,2001-08-17,2938,0.9859052655602258,False,True,0
2001-08-21,1990-01-03,2001-08-20,2939,0.985899425261061,False,True,0
2001-08-22,1990-01-03,2001-08-21,2940,0.9859002344879735,False,True,0
2001-08-23,1990-01-03,2001-08-22,2941,0.9858944123452867,False,True,0
2001-08-24,1990-01-03,2001-08-23,2942,0.985875949598471,False,True,0
2001-08-27,1990-01-03,2001-08-24,2943,0.9859640694067237,False,True,0
2001-08-28,1990-01-03,2001-08-27,2944,0.9859352825542634,False,True,0
2001-08-29,1990-01-03,2001-08-28,2945,0.9859617645047771,False,True,0
2001-08-30,1990-01-03,2001-08-29,2946,0.9859527745510754,False,True,0
2001-08-31,1990-01-03,2001-08-30,2947,0.985926459654389,False,True,0
2001-09-04,1990-01-03,2001-08-31,2948,0.9859511323766266,False,True,0
2001-09-05,1990-01-03,2001-09-04,2949,0.9859636765100493,False,True,0
2001-09-06,1990-01-03,2001-09-05,2950,0.9859601965498088,False,True,0
2001-09-07,1990-01-03,2001-09-06,2951,0.9859940456740658,False,True,0
2001-09-10,1990-01-03,2001-09-07,2952,0.985955016598228,False,True,0
2001-09-17,1990-01-03,2001-09-10,2953,0.9859864563615335,False,True,0
2001-09-18,1990-01-03,2001-09-17,2954,0.985893906005255,False,True,0
2001-09-19,1990-01-03,2001-09-18,2955,0.9859800536025727,False,True,0
2001-09-20,1990-01-03,2001-09-19,2956,0.9859761813274628,False,True,0
2001-09-21,1990-01-03,2001-09-20,2957,0.9858441343054828,False,True,0
2001-09-24,1990-01-03,2001-09-21,2958,0.9858372245278973,False,True,0
2001-09-25,1990-01-03,2001-09-24,2959,0.9857022851418971,False,True,0
2001-09-26,1990-01-03,2001-09-25,2960,0.9857360598495687,False,True,0
2001-09-27,1990-01-03,2001-09-26,2961,0.9857593444300993,False,True,0
2001-09-28,1990-01-03,2001-09-27,2962,0.9857573654755526,False,True,0
2001-10-01,1990-01-03,2001-09-28,2963,0.9857662073241785,False,True,0
2001-10-02,1990-01-03,2001-10-01,2964,0.9857317752665435,False,True,0
2001-10-03,1990-01-03,2001-10-02,2965,0.9857065605368576,False,True,0
2001-10-04,1990-01-03,2001-10-03,2966,0.9857581881749204,False,True,0
2001-10-05,1990-01-03,2001-10-04,2967,0.9856728185823195,False,True,0
2001-10-08,1990-01-03,2001-10-05,2968,0.985565854935837,False,True,0
2001-10-09,1990-01-03,2001-10-08,2969,0.9855012530071635,False,True,0
2001-10-10,1990-01-03,2001-10-09,2970,0.9854093244209506,False,True,0
2001-10-11,1990-01-03,2001-10-10,2971,0.9856161823703171,False,True,0
2001-10-12,1990-01-03,2001-10-11,2972,0.9856694992647536,False,True,0
2001-10-15,1990-01-03,2001-10-12,2973,0.9855609771622968,False,True,0
2001-10-16,1990-01-03,2001-10-15,2974,0.9854206392461675,False,True,0
2001-10-17,1990-01-03,2001-10-16,2975,0.9853148712687297,False,True,0
2001-10-18,1990-01-03,2001-10-17,2976,0.9855303184174686,False,True,0
2001-10-19,1990-01-03,2001-10-18,2977,0.9854727527392153,False,True,0
2001-10-22,1990-01-03,2001-10-19,2978,0.9853766304688559,False,True,0
2001-10-23,1990-01-03,2001-10-22,2979,0.9854517908061374,False,True,0
2001-10-24,1990-01-03,2001-10-23,2980,0.9853502282016442,False,True,0
2001-10-25,1990-01-03,2001-10-24,2981,0.9852161197390793,False,True,0
2001-10-26,1990-01-03,2001-10-25,2982,0.9853044065053881,False,True,0
2001-10-29,1990-01-03,2001-10-26,2983,0.9851651136184788,False,True,0
2001-10-30,1990-01-03,2001-10-29,2984,0.9855945318531734,False,True,0
2001-10-31,1990-01-03,2001-10-30,2985,0.9856568128284297,False,True,0
2001-11-01,1990-01-03,2001-10-31,2986,0.9856126776065117,False,True,0
2001-11-02,1990-01-03,2001-11-01,2987,0.9857450948200751,False,True,0
2001-11-05,1990-01-03,2001-11-02,2988,0.9856683685694335,False,True,0
2001-11-06,1990-01-03,2001-11-05,2989,0.9857223163850978,False,True,0
2001-11-07,1990-01-03,2001-11-06,2990,0.9857957329109971,False,True,0
2001-11-08,1990-01-03,2001-11-07,2991,0.9856924673735502,False,True,0
2001-11-09,1990-01-03,2001-11-08,2992,0.9855740552385435,False,True,0
2001-11-12,1990-01-03,2001-11-09,2993,0.9854401418327826,False,True,0
2001-11-13,1990-01-03,2001-11-12,2994,0.9853046859595853,False,True,0
2001-11-14,1990-01-03,2001-11-13,2995,0.9856521670310112,False,True,0
2001-11-15,1990-01-03,2001-11-14,2996,0.985500348865321,False,True,0
2001-11-16,1990-01-03,2001-11-15,2997,0.9853350346688007,False,True,0
2001-11-19,1990-01-03,2001-11-16,2998,0.9851972221931101,False,True,0
2001-11-20,1990-01-03,2001-11-19,2999,0.9853232970485913,False,True,0
2001-11-21,1990-01-03,2001-11-20,3000,0.9853064576587944,False,True,0
2001-11-23,1990-01-03,2001-11-21,3001,0.985227334149966,False,True,0
2001-11-26,1990-01-03,2001-11-23,3002,0.9853427867385409,False,True,0
2001-11-27,1990-01-03,2001-11-26,3003,0.9852863612552152,False,True,0
2001-11-28,1990-01-03,2001-11-27,3004,0.9852612030797832,False,True,0
2001-11-29,1990-01-03,2001-11-28,3005,0.9855152707193936,False,True,0
2001-11-30,1990-01-03,2001-11-29,3006,0.9855252907815581,False,True,0
2001-12-03,1990-01-03,2001-11-30,3007,0.9854717233531479,False,True,0
2001-12-04,1990-01-03,2001-12-03,3008,0.9854608637119362,False,True,0
2001-12-05,1990-01-03,2001-12-04,3009,0.9855118956671408,False,True,0
2001-12-06,1990-01-03,2001-12-05,3010,0.9857267102327556,False,True,0
2001-12-07,1990-01-03,2001-12-06,3011,0.9856703156271823,False,True,0
2001-12-10,1990-01-03,2001-12-07,3012,0.9856562015676116,False,True,0
2001-12-11,1990-01-03,2001-12-10,3013,0.98571495404882,False,True,0
2001-12-12,1990-01-03,2001-12-11,3014,0.9857039787010766,False,True,0
2001-12-13,1990-01-03,2001-12-12,3015,0.9856847037016345,False,True,0
2001-12-14,1990-01-03,2001-12-13,3016,0.9857103349155362,False,True,0
2001-12-17,1990-01-03,2001-12-14,3017,0.9857087473292254,False,True,0
2001-12-18,1990-01-03,2001-12-17,3018,0.9857101560541212,False,True,0
2001-12-19,1990-01-03,2001-12-18,3019,0.9856990438537135,False,True,0
2001-12-20,1990-01-03,2001-12-19,3020,0.9856736084564063,False,True,0
2001-12-21,1990-01-03,2001-12-20,3021,0.9856620707329736,False,True,0
2001-12-24,1990-01-03,2001-12-21,3022,0.985632669959996,False,True,0
2001-12-26,1990-01-03,2001-12-24,3023,0.9855857659600554,False,True,0
2001-12-27,1990-01-03,2001-12-26,3024,0.9855391970240767,False,True,0
2001-12-28,1990-01-03,2001-12-27,3025,0.9855189785603481,False,True,0
2001-12-31,1990-01-03,2001-12-28,3026,0.9854533367981264,False,True,0
2002-01-02,1990-01-03,2001-12-31,3027,0.9855154684415064,False,True,0
2002-01-03,1990-01-03,2002-01-02,3028,0.9854910307863057,False,True,0
2002-01-04,1990-01-03,2002-01-03,3029,0.9855132372391813,False,True,0
2002-01-07,1990-01-03,2002-01-04,3030,0.9854915987257307,False,True,0
2002-01-08,1990-01-03,2002-01-07,3031,0.985470330824614,False,True,0
2002-01-09,1990-01-03,2002-01-08,3032,0.9854283913031283,False,True,0
2002-01-10,1990-01-03,2002-01-09,3033,0.9853965796009088,False,True,0
2002-01-11,1990-01-03,2002-01-10,3034,0.9853546097055615,False,True,0
2002-01-14,1990-01-03,2002-01-11,3035,0.9853649469464116,False,True,0
2002-01-15,1990-01-03,2002-01-14,3036,0.9853491775856191,False,True,0
2002-01-16,1990-01-03,2002-01-15,3037,0.985347327958902,False,True,0
2002-01-17,1990-01-03,2002-01-16,3038,0.9853721549081534,False,True,0
2002-01-18,1990-01-03,2002-01-17,3039,0.9853704506177744,False,True,0
2002-01-22,1990-01-03,2002-01-18,3040,0.9853564038892195,False,True,0
2002-01-23,1990-01-03,2002-01-22,3041,0.9853558624472619,False,True,0
2002-01-24,1990-01-03,2002-01-23,3042,0.9853638487401909,False,True,0
2002-01-25,1990-01-03,2002-01-24,3043,0.9853733695487593,False,True,0
2002-01-28,1990-01-03,2002-01-25,3044,0.9853721852482121,False,True,0
2002-01-29,1990-01-03,2002-01-28,3045,0.9853613726458988,False,True,0
2002-01-30,1990-01-03,2002-01-29,3046,0.9854524435667725,False,True,0
2002-01-31,1990-01-03,2002-01-30,3047,0.9854429993881902,False,True,0
2002-02-01,1990-01-03,2002-01-31,3048,0.98541153383262,False,True,0
2002-02-04,1990-01-03,2002-02-01,3049,0.9854180673993058,False,True,0
2002-02-05,1990-01-03,2002-02-04,3050,0.9853201745852218,False,True,0
2002-02-06,1990-01-03,2002-02-05,3051,0.9853768659056178,False,True,0
2002-02-07,1990-01-03,2002-02-06,3052,0.9854136902689012,False,True,0
2002-02-08,1990-01-03,2002-02-07,3053,0.985457816333635,False,True,0
2002-02-11,1990-01-03,2002-02-08,3054,0.9854401546468641,False,True,0
2002-02-12,1990-01-03,2002-02-11,3055,0.9854327191804417,False,True,0
2002-02-13,1990-01-03,2002-02-12,3056,0.9854359555323657,False,True,0
2002-02-14,1990-01-03,2002-02-13,3057,0.9854354981186435,False,True,0
2002-02-15,1990-01-03,2002-02-14,3058,0.98542083654974,False,True,0
2002-02-19,1990-01-03,2002-02-15,3059,0.9854159256039186,False,True,0
2002-02-20,1990-01-03,2002-02-19,3060,0.9854131559748034,False,True,0
2002-02-21,1990-01-03,2002-02-20,3061,0.9854061963495117,False,True,0
2002-02-22,1990-01-03,2002-02-21,3062,0.9853957384246621,False,True,0
2002-02-25,1990-01-03,2002-02-22,3063,0.9854027080891627,False,True,0
2002-02-26,1990-01-03,2002-02-25,3064,0.9854004704842628,False,True,0
2002-02-27,1990-01-03,2002-02-26,3065,0.9853909176252571,False,True,0
2002-02-28,1990-01-03,2002-02-27,3066,0.9853657817464953,False,True,0
2002-03-01,1990-01-03,2002-02-28,3067,0.9853319985562462,False,True,0
2002-03-04,1990-01-03,2002-03-01,3068,0.9854843867993626,False,True,0
2002-03-05,1990-01-03,2002-03-04,3069,0.9856277206870876,False,True,0
2002-03-06,1990-01-03,2002-03-05,3070,0.9855946398013558,False,True,0
2002-03-07,1990-01-03,2002-03-06,3071,0.9856608409855416,False,True,0
2002-03-08,1990-01-03,2002-03-07,3072,0.98560959707772,False,True,0
2002-03-11,1990-01-03,2002-03-08,3073,0.9855663532273748,False,True,0
2002-03-12,1990-01-03,2002-03-11,3074,0.9854965136348239,False,True,0
2002-03-13,1990-01-03,2002-03-12,3075,0.985417505850553,False,True,0
2002-03-14,1990-01-03,2002-03-13,3076,0.9854342795306542,False,True,0
2002-03-15,1990-01-03,2002-03-14,3077,0.9853726599038116,False,True,0
2002-03-18,1990-01-03,2002-03-15,3078,0.9854224633817243,False,True,0
2002-03-19,1990-01-03,2002-03-18,3079,0.9853426529844436,False,True,0
2002-03-20,1990-01-03,2002-03-19,3080,0.9852720291305295,False,True,0
2002-03-21,1990-01-03,2002-03-20,3081,0.985433829540626,False,True,0
2002-03-22,1990-01-03,2002-03-21,3082,0.98539349485117,False,True,0
2002-03-25,1990-01-03,2002-03-22,3083,0.9853553980917482,False,True,0
2002-03-26,1990-01-03,2002-03-25,3084,0.9854008583676941,False,True,0
2002-03-27,1990-01-03,2002-03-26,3085,0.9853928719496662,False,True,0
2002-03-28,1990-01-03,2002-03-27,3086,0.9853762349739467,False,True,0
2002-04-01,1990-01-03,2002-03-28,3087,0.9853424981132971,False,True,0
2002-04-02,1990-01-03,2002-04-01,3088,0.9852990449621977,False,True,0
2002-04-03,1990-01-03,2002-04-02,3089,0.9852932595197275,False,True,0
2002-04-04,1990-01-03,2002-04-03,3090,0.9852922934360836,False,True,0
2002-04-05,1990-01-03,2002-04-04,3091,0.9852785583054988,False,True,0
2002-04-08,1990-01-03,2002-04-05,3092,0.9852578100407132,False,True,0
2002-04-09,1990-01-03,2002-04-08,3093,0.9852293693683288,False,True,0
2002-04-10,1990-01-03,2002-04-09,3094,0.985218422960379,False,True,0
2002-04-11,1990-01-03,2002-04-10,3095,0.9852371767080045,False,True,0
2002-04-12,1990-01-03,2002-04-11,3096,0.9853530143539857,False,True,0
2002-04-15,1990-01-03,2002-04-12,3097,0.9853705141739242,False,True,0
2002-04-16,1990-01-03,2002-04-15,3098,0.9853697441318315,False,True,0
2002-04-17,1990-01-03,2002-04-16,3099,0.98534789750682,False,True,0
2002-04-18,1990-01-03,2002-04-17,3100,0.9853551082083961,False,True,0
2002-04-19,1990-01-03,2002-04-18,3101,0.9853538467556271,False,True,0
2002-04-22,1990-01-03,2002-04-19,3102,0.9853426527304286,False,True,0
2002-04-23,1990-01-03,2002-04-22,3103,0.9853573260464615,False,True,0
2002-04-24,1990-01-03,2002-04-23,3104,0.9853588030323115,False,True,0
2002-04-25,1990-01-03,2002-04-24,3105,0.9853580657911362,False,True,0
2002-04-26,1990-01-03,2002-04-25,3106,0.985371197244601,False,True,0
2002-04-29,1990-01-03,2002-04-26,3107,0.9853527622781578,False,True,0
2002-04-30,1990-01-03,2002-04-29,3108,0.9853452497067443,False,True,0
2002-05-01,1990-01-03,2002-04-30,3109,0.9853465808356435,False,True,0
2002-05-02,1990-01-03,2002-05-01,3110,0.9853495694096942,False,True,0
2002-05-03,1990-01-03,2002-05-02,3111,0.985348790406284,False,True,0
2002-05-06,1990-01-03,2002-05-03,3112,0.98533989994986,False,True,0
2002-05-07,1990-01-03,2002-05-06,3113,0.9853184123758308,False,True,0
2002-05-08,1990-01-03,2002-05-07,3114,0.9853472486976406,False,True,0
2002-05-09,1990-01-03,2002-05-08,3115,0.9853445999893757,False,True,0
2002-05-10,1990-01-03,2002-05-09,3116,0.9853299039063758,False,True,0
2002-05-13,1990-01-03,2002-05-10,3117,0.9853026877941418,False,True,0
2002-05-14,1990-01-03,2002-05-13,3118,0.9852796294914036,False,True,0
2002-05-15,1990-01-03,2002-05-14,3119,0.9852704637074139,False,True,0
2002-05-16,1990-01-03,2002-05-15,3120,0.9852686039147823,False,True,0
2002-05-17,1990-01-03,2002-05-16,3121,0.9852601751375735,False,True,0
2002-05-20,1990-01-03,2002-05-17,3122,0.9852440275900551,False,True,0
2002-05-21,1990-01-03,2002-05-20,3123,0.9852483424871235,False,True,0
2002-05-22,1990-01-03,2002-05-21,3124,0.9852406647225952,False,True,0
2002-05-23,1990-01-03,2002-05-22,3125,0.9852287460034811,False,True,0
2002-05-24,1990-01-03,2002-05-23,3126,0.9852204137924914,False,True,0
2002-05-28,1990-01-03,2002-05-24,3127,0.9852192600294388,False,True,0
2002-05-29,1990-01-03,2002-05-28,3128,0.9852056358033693,False,True,0
2002-05-30,1990-01-03,2002-05-29,3129,0.9851900575429273,False,True,0
2002-05-31,1990-01-03,2002-05-30,3130,0.9851685198151894,False,True,0
2002-06-03,1990-01-03,2002-05-31,3131,0.985135393335607,False,True,0
2002-06-04,1990-01-03,2002-06-03,3132,0.9852326015355333,False,True,0
2002-06-05,1990-01-03,2002-06-04,3133,0.9852348237842627,False,True,0
2002-06-06,1990-01-03,2002-06-05,3134,0.9852242717088788,False,True,0
2002-06-07,1990-01-03,2002-06-06,3135,0.9852501037658401,False,True,0
2002-06-10,1990-01-03,2002-06-07,3136,0.9852502469340524,False,True,0
2002-06-11,1990-01-03,2002-06-10,3137,0.9852338429566743,False,True,0
2002-06-12,1990-01-03,2002-06-11,3138,0.9852457979145723,False,True,0
2002-06-13,1990-01-03,2002-06-12,3139,0.9852356999661349,False,True,0
2002-06-14,1990-01-03,2002-06-13,3140,0.9852261097099035,False,True,0
2002-06-17,1990-01-03,2002-06-14,3141,0.9852094349846319,False,True,0
2002-06-18,1990-01-03,2002-06-17,3142,0.985330901805029,False,True,0
2002-06-19,1990-01-03,2002-06-18,3143,0.9852858818370958,False,True,0
2002-06-20,1990-01-03,2002-06-19,3144,0.9853261981037797,False,True,0
2002-06-21,1990-01-03,2002-06-20,3145,0.985324645652698,False,True,0
2002-06-24,1990-01-03,2002-06-21,3146,0.9853249409845798,False,True,0
2002-06-25,1990-01-03,2002-06-24,3147,0.9853225427308606,False,True,0
2002-06-26,1990-01-03,2002-06-25,3148,0.9853222313152178,False,True,0
2002-06-27,1990-01-03,2002-06-26,3149,0.985321594729881,False,True,0
2002-06-28,1990-01-03,2002-06-27,3150,0.9853326774869732,False,True,0
2002-07-01,1990-01-03,2002-06-28,3151,0.9853017860921359,False,True,0
2002-07-02,1990-01-03,2002-07-01,3152,0.9853528506287995,False,True,0
2002-07-03,1990-01-03,2002-07-02,3153,0.9853550676673166,False,True,0
2002-07-05,1990-01-03,2002-07-03,3154,0.9853575242917295,False,True,0
2002-07-08,1990-01-03,2002-07-05,3155,0.9854364382882635,False,True,0
2002-07-09,1990-01-03,2002-07-08,3156,0.9854276258657709,False,True,0
2002-07-10,1990-01-03,2002-07-09,3157,0.9854476438866977,False,True,0
2002-07-11,1990-01-03,2002-07-10,3158,0.9854299025461373,False,True,0
2002-07-12,1990-01-03,2002-07-11,3159,0.9854523695902485,False,True,0
2002-07-15,1990-01-03,2002-07-12,3160,0.9854635653474411,False,True,0
2002-07-16,1990-01-03,2002-07-15,3161,0.9854646216368438,False,True,0
2002-07-17,1990-01-03,2002-07-16,3162,0.9854631977665375,False,True,0
2002-07-18,1990-01-03,2002-07-17,3163,0.9854534721132276,False,True,0
2002-07-19,1990-01-03,2002-07-18,3164,0.985476598929193,False,True,0
2002-07-22,1990-01-03,2002-07-19,3165,0.9854703428697434,False,True,0
2002-07-23,1990-01-03,2002-07-22,3166,0.9854307967189649,False,True,0
2002-07-24,1990-01-03,2002-07-23,3167,0.9854123855391103,False,True,0
2002-07-25,1990-01-03,2002-07-24,3168,0.985342015599128,False,True,0
2002-07-26,1990-01-03,2002-07-25,3169,0.9853520791219119,False,True,0
2002-07-29,1990-01-03,2002-07-26,3170,0.9853410350718121,False,True,0
2002-07-30,1990-01-03,2002-07-29,3171,0.9854832997945463,False,True,0
2002-07-31,1990-01-03,2002-07-30,3172,0.9854274492035766,False,True,0
2002-08-01,1990-01-03,2002-07-31,3173,0.9853644166246124,False,True,0
2002-08-02,1990-01-03,2002-08-01,3174,0.985468817326785,False,True,0
2002-08-05,1990-01-03,2002-08-02,3175,0.9854812831839389,False,True,0
2002-08-06,1990-01-03,2002-08-05,3176,0.9855348267334179,False,True,0
2002-08-07,1990-01-03,2002-08-06,3177,0.9855466618861171,False,True,0
2002-08-08,1990-01-03,2002-08-07,3178,0.9855305533353105,False,True,0
2002-08-09,1990-01-03,2002-08-08,3179,0.9856135831921014,False,True,0
2002-08-12,1990-01-03,2002-08-09,3180,0.9855221171042599,False,True,0
2002-08-13,1990-01-03,2002-08-12,3181,0.9854236656526493,False,True,0
2002-08-14,1990-01-03,2002-08-13,3182,0.9854610240481253,False,True,0
2002-08-15,1990-01-03,2002-08-14,3183,0.985691901201634,False,True,0
2002-08-16,1990-01-03,2002-08-15,3184,0.9856135962274797,False,True,0
2002-08-19,1990-01-03,2002-08-16,3185,0.9854828680037522,False,True,0
2002-08-20,1990-01-03,2002-08-19,3186,0.9855952443077716,False,True,0
2002-08-21,1990-01-03,2002-08-20,3187,0.9855583998464326,False,True,0
2002-08-22,1990-01-03,2002-08-21,3188,0.9854912635923063,False,True,0
2002-08-23,1990-01-03,2002-08-22,3189,0.985449493554816,False,True,0
2002-08-26,1990-01-03,2002-08-23,3190,0.9856033497328321,False,True,0
2002-08-27,1990-01-03,2002-08-26,3191,0.9854934313711396,False,True,0
2002-08-28,1990-01-03,2002-08-27,3192,0.9854656911402333,False,True,0
2002-08-29,1990-01-03,2002-08-28,3193,0.9854904300005602,False,True,0
2002-08-30,1990-01-03,2002-08-29,3194,0.9853828577656746,False,True,0
2002-09-03,1990-01-03,2002-08-30,3195,0.9852623676320418,False,True,0
2002-09-04,1990-01-03,2002-09-03,3196,0.9856888009201867,False,True,0
2002-09-05,1990-01-03,2002-09-04,3197,0.9856756021993239,False,True,0
2002-09-06,1990-01-03,2002-09-05,3198,0.9856625286076186,False,True,0
2002-09-09,1990-01-03,2002-09-06,3199,0.9856459446502912,False,True,0
2002-09-10,1990-01-03,2002-09-09,3200,0.9855836620561855,False,True,0
2002-09-11,1990-01-03,2002-09-10,3201,0.9854961440605834,False,True,0
2002-09-12,1990-01-03,2002-09-11,3202,0.9853788078028077,False,True,0
2002-09-13,1990-01-03,2002-09-12,3203,0.9855392254688431,False,True,0
2002-09-16,1990-01-03,2002-09-13,3204,0.9854303610832207,False,True,0
2002-09-17,1990-01-03,2002-09-16,3205,0.9853231737862371,False,True,0
2002-09-18,1990-01-03,2002-09-17,3206,0.9853975001700014,False,True,0
2002-09-19,1990-01-03,2002-09-18,3207,0.9853198366416234,False,True,0
2002-09-20,1990-01-03,2002-09-19,3208,0.9854894033477523,False,True,0
2002-09-23,1990-01-03,2002-09-20,3209,0.9854345434659071,False,True,0
2002-09-24,1990-01-03,2002-09-23,3210,0.9854172901352294,False,True,0
2002-09-25,1990-01-03,2002-09-24,3211,0.9854183791002352,False,True,0
2002-09-26,1990-01-03,2002-09-25,3212,0.9854622518128887,False,True,0
2002-09-27,1990-01-03,2002-09-26,3213,0.9854678434631389,False,True,0
2002-09-30,1990-01-03,2002-09-27,3214,0.9856240354281001,False,True,0
2002-10-01,1990-01-03,2002-09-30,3215,0.9856092356054265,False,True,0
2002-10-02,1990-01-03,2002-10-01,3216,0.9857258724971306,False,True,0
2002-10-03,1990-01-03,2002-10-02,3217,0.98575362893714,False,True,0
2002-10-04,1990-01-03,2002-10-03,3218,0.9857292580026166,False,True,0
2002-10-07,1990-01-03,2002-10-04,3219,0.985740129188227,False,True,0
2002-10-08,1990-01-03,2002-10-07,3220,0.9857366561204475,False,True,0
2002-10-09,1990-01-03,2002-10-08,3221,0.9857193536181322,False,True,0
2002-10-10,1990-01-03,2002-10-09,3222,0.9857500902644674,False,True,0
2002-10-11,1990-01-03,2002-10-10,3223,0.9857967981104658,False,True,0
2002-10-14,1990-01-03,2002-10-11,3224,0.9859021434035061,False,True,0
2002-10-15,1990-01-03,2002-10-14,3225,0.9858400748590072,False,True,0
2002-10-16,1990-01-03,2002-10-15,3226,0.9861601767180647,False,True,0
2002-10-17,1990-01-03,2002-10-16,3227,0.9862168253097439,False,True,0
2002-10-18,1990-01-03,2002-10-17,3228,0.986232209842045,False,True,0
2002-10-21,1990-01-03,2002-10-18,3229,0.9861412851144344,False,True,0
2002-10-22,1990-01-03,2002-10-21,3230,0.9861298292182488,False,True,0
2002-10-23,1990-01-03,2002-10-22,3231,0.9860619077984732,False,True,0
2002-10-24,1990-01-03,2002-10-23,3232,0.9859533660996662,False,True,0
2002-10-25,1990-01-03,2002-10-24,3233,0.9859421505905445,False,True,0
2002-10-28,1990-01-03,2002-10-25,3234,0.9859433169958342,False,True,0
2002-10-29,1990-01-03,2002-10-28,3235,0.985855270157428,False,True,0
2002-10-30,1990-01-03,2002-10-29,3236,0.985775705209902,False,True,0
2002-10-31,1990-01-03,2002-10-30,3237,0.9856749545220586,False,True,0
2002-11-01,1990-01-03,2002-10-31,3238,0.9855618419212107,False,True,0
2002-11-04,1990-01-03,2002-11-01,3239,0.9856211628362841,False,True,0
2002-11-05,1990-01-03,2002-11-04,3240,0.9854987439043658,False,True,0
2002-11-06,1990-01-03,2002-11-05,3241,0.9853802890041798,False,True,0
2002-11-07,1990-01-03,2002-11-06,3242,0.9852907278825481,False,True,0
2002-11-08,1990-01-03,2002-11-07,3243,0.9855921910728531,False,True,0
2002-11-11,1990-01-03,2002-11-08,3244,0.9855265298054836,False,True,0
2002-11-12,1990-01-03,2002-11-11,3245,0.9856245421856457,False,True,0
2002-11-13,1990-01-03,2002-11-12,3246,0.9855609136754646,False,True,0
2002-11-14,1990-01-03,2002-11-13,3247,0.9854675734511323,False,True,0
2002-11-15,1990-01-03,2002-11-14,3248,0.9856515995981187,False,True,0
2002-11-18,1990-01-03,2002-11-15,3249,0.9855553838446,False,True,0
2002-11-19,1990-01-03,2002-11-18,3250,0.9855180607842143,False,True,0
2002-11-20,1990-01-03,2002-11-19,3251,0.9854204039208817,False,True,0
2002-11-21,1990-01-03,2002-11-20,3252,0.9855479681378139,False,True,0
2002-11-22,1990-01-03,2002-11-21,3253,0.9857700593410583,False,True,0
2002-11-25,1990-01-03,2002-11-22,3254,0.9856527362105408,False,True,0
2002-11-26,1990-01-03,2002-11-25,3255,0.9855194201256703,False,True,0
2002-11-27,1990-01-03,2002-11-26,3256,0.9857400000093839,False,True,0
2002-11-29,1990-01-03,2002-11-27,3257,0.9860134321902168,False,True,0
2002-12-02,1990-01-03,2002-11-29,3258,0.9859214581079986,False,True,0
2002-12-03,1990-01-03,2002-12-02,3259,0.9858216910992021,False,True,0
2002-12-04,1990-01-03,2002-12-03,3260,0.9858731690571739,False,True,0
2002-12-05,1990-01-03,2002-12-04,3261,0.9857986910882941,False,True,0
2002-12-06,1990-01-03,2002-12-05,3262,0.985796485338413,False,True,0
2002-12-09,1990-01-03,2002-12-06,3263,0.9857390357258777,False,True,0
2002-12-10,1990-01-03,2002-12-09,3264,0.9858469589174315,False,True,0
2002-12-11,1990-01-03,2002-12-10,3265,0.9858423033866591,False,True,0
2002-12-12,1990-01-03,2002-12-11,3266,0.9857916340082532,False,True,0
2002-12-13,1990-01-03,2002-12-12,3267,0.9857338577581517,False,True,0
2002-12-16,1990-01-03,2002-12-13,3268,0.9857426297262202,False,True,0
2002-12-17,1990-01-03,2002-12-16,3269,0.9858646772044278,False,True,0
2002-12-18,1990-01-03,2002-12-17,3270,0.9858147722847602,False,True,0
2002-12-19,1990-01-03,2002-12-18,3271,0.9858200771789167,False,True,0
2002-12-20,1990-01-03,2002-12-19,3272,0.9857919158472974,False,True,0
2002-12-23,1990-01-03,2002-12-20,3273,0.9857849643951829,False,True,0
2002-12-24,1990-01-03,2002-12-23,3274,0.9857318289855017,False,True,0
2002-12-26,1990-01-03,2002-12-24,3275,0.9856818256784663,False,True,0
2002-12-27,1990-01-03,2002-12-26,3276,0.9856224822284422,False,True,0
2002-12-30,1990-01-03,2002-12-27,3277,0.985665094923468,False,True,0
2002-12-31,1990-01-03,2002-12-30,3278,0.9856215462871132,False,True,0
2003-01-02,1990-01-03,2002-12-31,3279,0.9855630617649461,False,True,0
2003-01-03,1990-01-03,2003-01-02,3280,0.9858993703801656,False,True,0
2003-01-06,1990-01-03,2003-01-03,3281,0.9858222466370465,False,True,0
2003-01-07,1990-01-03,2003-01-06,3282,0.9860505827847793,False,True,0
2003-01-08,1990-01-03,2003-01-07,3283,0.985996235242402,False,True,0
2003-01-09,1990-01-03,2003-01-08,3284,0.986039029677104,False,True,0
2003-01-10,1990-01-03,2003-01-09,3285,0.9861394277609001,False,True,0
2003-01-13,1990-01-03,2003-01-10,3286,0.9860704502454223,False,True,0
2003-01-14,1990-01-03,2003-01-13,3287,0.985994295625998,False,True,0
2003-01-15,1990-01-03,2003-01-14,3288,0.9859334369390852,False,True,0
2003-01-16,1990-01-03,2003-01-15,3289,0.9860058111384346,False,True,0
2003-01-17,1990-01-03,2003-01-16,3290,0.9859556663142431,False,True,0
2003-01-21,1990-01-03,2003-01-17,3291,0.985983963615293,False,True,0
2003-01-22,1990-01-03,2003-01-21,3292,0.9859839388343025,False,True,0
2003-01-23,1990-01-03,2003-01-22,3293,0.9859745819988729,False,True,0
2003-01-24,1990-01-03,2003-01-23,3294,0.9859686394170791,False,True,0
2003-01-27,1990-01-03,2003-01-24,3295,0.9860232279843736,False,True,0
2003-01-28,1990-01-03,2003-01-27,3296,0.9860121788092872,False,True,0
2003-01-29,1990-01-03,2003-01-28,3297,0.9860145835593883,False,True,0
2003-01-30,1990-01-03,2003-01-29,3298,0.9860173252364823,False,True,0
2003-01-31,1990-01-03,2003-01-30,3299,0.9860154291077318,False,True,0
2003-02-03,1990-01-03,2003-01-31,3300,0.9860123382733588,False,True,0
2003-02-04,1990-01-03,2003-02-03,3301,0.9860073809492067,False,True,0
2003-02-05,1990-01-03,2003-02-04,3302,0.9860079762233676,False,True,0
2003-02-06,1990-01-03,2003-02-05,3303,0.9860013488069724,False,True,0
2003-02-07,1990-01-03,2003-02-06,3304,0.9859953949800183,False,True,0
2003-02-10,1990-01-03,2003-02-07,3305,0.9859858954563523,False,True,0
2003-02-11,1990-01-03,2003-02-10,3306,0.9859695482583664,False,True,0
2003-02-12,1990-01-03,2003-02-11,3307,0.9859511968890424,False,True,0
2003-02-13,1990-01-03,2003-02-12,3308,0.985942871599749,False,True,0
2003-02-14,1990-01-03,2003-02-13,3309,0.9859227829032539,False,True,0
2003-02-18,1990-01-03,2003-02-14,3310,0.9859614414881698,False,True,0
2003-02-19,1990-01-03,2003-02-18,3311,0.9860135961189079,False,True,0
2003-02-20,1990-01-03,2003-02-19,3312,0.9859761223575105,False,True,0
2003-02-21,1990-01-03,2003-02-20,3313,0.9859522189855674,False,True,0
2003-02-24,1990-01-03,2003-02-21,3314,0.9859522769079284,False,True,0
2003-02-25,1990-01-03,2003-02-24,3315,0.9859975261388344,False,True,0
2003-02-26,1990-01-03,2003-02-25,3316,0.9859694323969654,False,True,0
2003-02-27,1990-01-03,2003-02-26,3317,0.9859720007905122,False,True,0
2003-02-28,1990-01-03,2003-02-27,3318,0.9859602265358465,False,True,0
2003-03-03,1990-01-03,2003-02-28,3319,0.9859211906473766,False,True,0
2003-03-04,1990-01-03,2003-03-03,3320,0.9858825890450158,False,True,0
2003-03-05,1990-01-03,2003-03-04,3321,0.985903535547478,False,True,0
2003-03-06,1990-01-03,2003-03-05,3322,0.9858788399629647,False,True,0
2003-03-07,1990-01-03,2003-03-06,3323,0.9858604968944633,False,True,0
2003-03-10,1990-01-03,2003-03-07,3324,0.9858312160304985,False,True,0
2003-03-11,1990-01-03,2003-03-10,3325,0.9859358990575252,False,True,0
2003-03-12,1990-01-03,2003-03-11,3326,0.9859268093329453,False,True,0
2003-03-13,1990-01-03,2003-03-12,3327,0.9859096622014556,False,True,0
2003-03-14,1990-01-03,2003-03-13,3328,0.9860407481164771,False,True,0
2003-03-17,1990-01-03,2003-03-14,3329,0.985997104102728,False,True,0
2003-03-18,1990-01-03,2003-03-17,3330,0.9862371864190682,False,True,0
2003-03-19,1990-01-03,2003-03-18,3331,0.986177125384347,False,True,0
2003-03-20,1990-01-03,2003-03-19,3332,0.9861402419895935,False,True,0
2003-03-21,1990-01-03,2003-03-20,3333,0.9860546686969541,False,True,0
2003-03-24,1990-01-03,2003-03-21,3334,0.9863150500155452,False,True,0
2003-03-25,1990-01-03,2003-03-24,3335,0.986712201894047,False,True,0
2003-03-26,1990-01-03,2003-03-25,3336,0.9867068271182714,False,True,0
2003-03-27,1990-01-03,2003-03-26,3337,0.9866850598807813,False,True,0
2003-03-28,1990-01-03,2003-03-27,3338,0.9866565472685617,False,True,0
2003-03-31,1990-01-03,2003-03-28,3339,0.9866283950117474,False,True,0
2003-04-01,1990-01-03,2003-03-31,3340,0.9866507239444969,False,True,0
2003-04-02,1990-01-03,2003-04-01,3341,0.9866444325397438,False,True,0
2003-04-03,1990-01-03,2003-04-02,3342,0.9867290739518639,False,True,0
2003-04-04,1990-01-03,2003-04-03,3343,0.9866955571617263,False,True,0
2003-04-07,1990-01-03,2003-04-04,3344,0.986652636983926,False,True,0
2003-04-08,1990-01-03,2003-04-07,3345,0.9865957070040421,False,True,0
2003-04-09,1990-01-03,2003-04-08,3346,0.986533189974558,False,True,0
2003-04-10,1990-01-03,2003-04-09,3347,0.9865656908665094,False,True,0
2003-04-11,1990-01-03,2003-04-10,3348,0.986528146458816,False,True,0
2003-04-14,1990-01-03,2003-04-11,3349,0.9864786642195303,False,True,0
2003-04-15,1990-01-03,2003-04-14,3350,0.9865872739441974,False,True,0
2003-04-16,1990-01-03,2003-04-15,3351,0.9865554063502349,False,True,0
2003-04-17,1990-01-03,2003-04-16,3352,0.9865641618391946,False,True,0
2003-04-21,1990-01-03,2003-04-17,3353,0.9866296547130309,False,True,0
2003-04-22,1990-01-03,2003-04-21,3354,0.9865683694980464,False,True,0
2003-04-23,1990-01-03,2003-04-22,3355,0.9867572192861841,False,True,0
2003-04-24,1990-01-03,2003-04-23,3356,0.9867345024331516,False,True,0
2003-04-25,1990-01-03,2003-04-24,3357,0.9867100145430593,False,True,0
2003-04-28,1990-01-03,2003-04-25,3358,0.9867500533378417,False,True,0
2003-04-29,1990-01-03,2003-04-28,3359,0.9868229645748683,False,True,0
2003-04-30,1990-01-03,2003-04-29,3360,0.9867725321388277,False,True,0
2003-05-01,1990-01-03,2003-04-30,3361,0.9867115953127524,False,True,0
2003-05-02,1990-01-03,2003-05-01,3362,0.9866430356716657,False,True,0
2003-05-05,1990-01-03,2003-05-02,3363,0.9867530230125261,False,True,0
2003-05-06,1990-01-03,2003-05-05,3364,0.9866879772720795,False,True,0
2003-05-07,1990-01-03,2003-05-06,3365,0.986679021138667,False,True,0
2003-05-08,1990-01-03,2003-05-07,3366,0.9866269807342053,False,True,0
2003-05-09,1990-01-03,2003-05-08,3367,0.9866388633166077,False,True,0
2003-05-12,1990-01-03,2003-05-09,3368,0.9867077883195929,False,True,0
2003-05-13,1990-01-03,2003-05-12,3369,0.9867616598551192,False,True,0
2003-05-14,1990-01-03,2003-05-13,3370,0.986703963946801,False,True,0
2003-05-15,1990-01-03,2003-05-14,3371,0.9866487859265392,False,True,0
2003-05-16,1990-01-03,2003-05-15,3372,0.9866387380697487,False,True,0
2003-05-19,1990-01-03,2003-05-16,3373,0.9865762466612791,False,True,0
2003-05-20,1990-01-03,2003-05-19,3374,0.9868305323778559,False,True,0
2003-05-21,1990-01-03,2003-05-20,3375,0.9868271674012951,False,True,0
2003-05-22,1990-01-03,2003-05-21,3376,0.9868164032062255,False,True,0
2003-05-23,1990-01-03,2003-05-22,3377,0.9868161599950644,False,True,0
2003-05-27,1990-01-03,2003-05-23,3378,0.986789023210386,False,True,0
2003-05-28,1990-01-03,2003-05-27,3379,0.9869111939001554,False,True,0
2003-05-29,1990-01-03,2003-05-28,3380,0.9868704547293993,False,True,0
2003-05-30,1990-01-03,2003-05-29,3381,0.9868304978278888,False,True,0
2003-06-02,1990-01-03,2003-05-30,3382,0.9869241855508939,False,True,0
2003-06-03,1990-01-03,2003-06-02,3383,0.9868800054662736,False,True,0
2003-06-04,1990-01-03,2003-06-03,3384,0.9868453514813473,False,True,0
2003-06-05,1990-01-03,2003-06-04,3385,0.9870048746746766,False,True,0
2003-06-06,1990-01-03,2003-06-05,3386,0.9869572495351279,False,True,0
2003-06-09,1990-01-03,2003-06-06,3387,0.986896685687593,False,True,0
2003-06-10,1990-01-03,2003-06-09,3388,0.9869695919948764,False,True,0
2003-06-11,1990-01-03,2003-06-10,3389,0.9869854660119723,False,True,0
2003-06-12,1990-01-03,2003-06-11,3390,0.9870572069774798,False,True,0
2003-06-13,1990-01-03,2003-06-12,3391,0.9870138975653052,False,True,0
2003-06-16,1990-01-03,2003-06-13,3392,0.987033359165254,False,True,0
2003-06-17,1990-01-03,2003-06-16,3393,0.987187942066431,False,True,0
2003-06-18,1990-01-03,2003-06-17,3394,0.987155886468334,False,True,0
2003-06-19,1990-01-03,2003-06-18,3395,0.9871239711541292,False,True,0
2003-06-20,1990-01-03,2003-06-19,3396,0.9871816779428455,False,True,0
2003-06-23,1990-01-03,2003-06-20,3397,0.9871812654714496,False,True,0
2003-06-24,1990-01-03,2003-06-23,3398,0.9871696392773215,False,True,0
2003-06-25,1990-01-03,2003-06-24,3399,0.9871864790088057,False,True,0
2003-06-26,1990-01-03,2003-06-25,3400,0.9871765371334827,False,True,0
2003-06-27,1990-01-03,2003-06-26,3401,0.9871747915176163,False,True,0
2003-06-30,1990-01-03,2003-06-27,3402,0.9871613815946418,False,True,0
2003-07-01,1990-01-03,2003-06-30,3403,0.9871774088788796,False,True,0
2003-07-02,1990-01-03,2003-07-01,3404,0.9871821347156878,False,True,0
2003-07-03,1990-01-03,2003-07-02,3405,0.9871891383707676,False,True,0
2003-07-07,1990-01-03,2003-07-03,3406,0.9871771767657441,False,True,0
2003-07-08,1990-01-03,2003-07-07,3407,0.9871941951944575,False,True,0
2003-07-09,1990-01-03,2003-07-08,3408,0.9871924117283228,False,True,0
2003-07-10,1990-01-03,2003-07-09,3409,0.9871809896686583,False,True,0
2003-07-11,1990-01-03,2003-07-10,3410,0.9871677986349598,False,True,0
2003-07-14,1990-01-03,2003-07-11,3411,0.987168945498197,False,True,0
2003-07-15,1990-01-03,2003-07-14,3412,0.9871756755223275,False,True,0
2003-07-16,1990-01-03,2003-07-15,3413,0.987173511423334,False,True,0
2003-07-17,1990-01-03,2003-07-16,3414,0.9871652898656287,False,True,0
2003-07-18,1990-01-03,2003-07-17,3415,0.9871456112296743,False,True,0
2003-07-21,1990-01-03,2003-07-18,3416,0.9871425937554754,False,True,0
2003-07-22,1990-01-03,2003-07-21,3417,0.9871124726221198,False,True,0
2003-07-23,1990-01-03,2003-07-22,3418,0.9871176000812151,False,True,0
2003-07-24,1990-01-03,2003-07-23,3419,0.9871361580386165,False,True,0
2003-07-25,1990-01-03,2003-07-24,3420,0.9871335899662255,False,True,0
2003-07-28,1990-01-03,2003-07-25,3421,0.9871298658623706,False,True,0
2003-07-29,1990-01-03,2003-07-28,3422,0.9871348056393415,False,True,0
2003-07-30,1990-01-03,2003-07-29,3423,0.98712697792325,False,True,0
2003-07-31,1990-01-03,2003-07-30,3424,0.9871310131560651,False,True,0
2003-08-01,1990-01-03,2003-07-31,3425,0.9871285930459752,False,True,0
2003-08-04,1990-01-03,2003-08-01,3426,0.9871188935038497,False,True,0
2003-08-05,1990-01-03,2003-08-04,3427,0.9871228348015743,False,True,0
2003-08-06,1990-01-03,2003-08-05,3428,0.9871101481871448,False,True,0
2003-08-07,1990-01-03,2003-08-06,3429,0.9871314859063506,False,True,0
2003-08-08,1990-01-03,2003-08-07,3430,0.9871378134016751,False,True,0
2003-08-11,1990-01-03,2003-08-08,3431,0.9871420002041564,False,True,0
2003-08-12,1990-01-03,2003-08-11,3432,0.9871374336166333,False,True,0
2003-08-13,1990-01-03,2003-08-12,3433,0.987146887685364,False,True,0
2003-08-14,1990-01-03,2003-08-13,3434,0.9871322421560035,False,True,0
2003-08-15,1990-01-03,2003-08-14,3435,0.9871284559283589,False,True,0
2003-08-18,1990-01-03,2003-08-15,3436,0.9871108802645204,False,True,0
2003-08-19,1990-01-03,2003-08-18,3437,0.987122823370411,False,True,0
2003-08-20,1990-01-03,2003-08-19,3438,0.9870938200916989,False,True,0
2003-08-21,1990-01-03,2003-08-20,3439,0.9870579664890963,False,True,0
2003-08-22,1990-01-03,2003-08-21,3440,0.9870259109761406,False,True,0
2003-08-25,1990-01-03,2003-08-22,3441,0.9870437807398906,False,True,0
2003-08-26,1990-01-03,2003-08-25,3442,0.9870251298619578,False,True,0
2003-08-27,1990-01-03,2003-08-26,3443,0.9870045228774521,False,True,0
2003-08-28,1990-01-03,2003-08-27,3444,0.9869748536610471,False,True,0
2003-08-29,1990-01-03,2003-08-28,3445,0.9869712915328864,False,True,0
2003-09-02,1990-01-03,2003-08-29,3446,0.9869584675025652,False,True,0
2003-09-03,1990-01-03,2003-09-02,3447,0.9871060622672057,False,True,0
2003-09-04,1990-01-03,2003-09-03,3448,0.9870820268748112,False,True,0
2003-09-05,1990-01-03,2003-09-04,3449,0.987034426079475,False,True,0
2003-09-08,1990-01-03,2003-09-05,3450,0.9870286791602918,False,True,0
2003-09-09,1990-01-03,2003-09-08,3451,0.9870909961020295,False,True,0
2003-09-10,1990-01-03,2003-09-09,3452,0.9870945592741218,False,True,0
2003-09-11,1990-01-03,2003-09-10,3453,0.9870897553733752,False,True,0
2003-09-12,1990-01-03,2003-09-11,3454,0.9870988491501745,False,True,0
2003-09-15,1990-01-03,2003-09-12,3455,0.9871075312026165,False,True,0
2003-09-16,1990-01-03,2003-09-15,3456,0.9871026891383793,False,True,0
2003-09-17,1990-01-03,2003-09-16,3457,0.9871236686819739,False,True,0
2003-09-18,1990-01-03,2003-09-17,3458,0.9871187641576409,False,True,0
2003-09-19,1990-01-03,2003-09-18,3459,0.9871437119081673,False,True,0
2003-09-22,1990-01-03,2003-09-19,3460,0.9871359488748209,False,True,0
2003-09-23,1990-01-03,2003-09-22,3461,0.9871111229224084,False,True,0
2003-09-24,1990-01-03,2003-09-23,3462,0.9871244521618443,False,True,0
2003-09-25,1990-01-03,2003-09-24,3463,0.9870431981053048,False,True,0
2003-09-26,1990-01-03,2003-09-25,3464,0.987062866401368,False,True,0
2003-09-29,1990-01-03,2003-09-26,3465,0.9870799978643516,False,True,0
2003-09-30,1990-01-03,2003-09-29,3466,0.9870801706807945,False,True,0
2003-10-01,1990-01-03,2003-09-30,3467,0.9870524938100783,False,True,0
2003-10-02,1990-01-03,2003-10-01,3468,0.9869517874046567,False,True,0
2003-10-03,1990-01-03,2003-10-02,3469,0.9869899392343504,False,True,0
2003-10-06,1990-01-03,2003-10-03,3470,0.986992027378262,False,True,0
2003-10-07,1990-01-03,2003-10-06,3471,0.9870096388542435,False,True,0
2003-10-08,1990-01-03,2003-10-07,3472,0.9870190178019049,False,True,0
2003-10-09,1990-01-03,2003-10-08,3473,0.9870159786830657,False,True,0
2003-10-10,1990-01-03,2003-10-09,3474,0.9870237457095186,False,True,0
2003-10-13,1990-01-03,2003-10-10,3475,0.9870254290121814,False,True,0
2003-10-14,1990-01-03,2003-10-13,3476,0.987028510649065,False,True,0
2003-10-15,1990-01-03,2003-10-14,3477,0.9870226514310035,False,True,0
2003-10-16,1990-01-03,2003-10-15,3478,0.9870064697282984,False,True,0
2003-10-17,1990-01-03,2003-10-16,3479,0.9869946400818082,False,True,0
2003-10-20,1990-01-03,2003-10-17,3480,0.9869929856053632,False,True,0
2003-10-21,1990-01-03,2003-10-20,3481,0.9869965511639397,False,True,0
2003-10-22,1990-01-03,2003-10-21,3482,0.9869932918360211,False,True,0
2003-10-23,1990-01-03,2003-10-22,3483,0.9869880487112921,False,True,0
2003-10-24,1990-01-03,2003-10-23,3484,0.9870089408058037,False,True,0
2003-10-27,1990-01-03,2003-10-24,3485,0.987013628687365,False,True,0
2003-10-28,1990-01-03,2003-10-27,3486,0.9870317355412408,False,True,0
2003-10-29,1990-01-03,2003-10-28,3487,0.9870346736556835,False,True,0
2003-10-30,1990-01-03,2003-10-29,3488,0.987041744370331,False,True,0
2003-10-31,1990-01-03,2003-10-30,3489,0.9870392618720302,False,True,0
2003-11-03,1990-01-03,2003-10-31,3490,0.9870373013695674,False,True,0
2003-11-04,1990-01-03,2003-11-03,3491,0.987050553986001,False,True,0
2003-11-05,1990-01-03,2003-11-04,3492,0.9870353406431923,False,True,0
2003-11-06,1990-01-03,2003-11-05,3493,0.9870293950679947,False,True,0
2003-11-07,1990-01-03,2003-11-06,3494,0.9870338929714086,False,True,0
2003-11-10,1990-01-03,2003-11-07,3495,0.9870189971348603,False,True,0
2003-11-11,1990-01-03,2003-11-10,3496,0.9870054626366749,False,True,0
2003-11-12,1990-01-03,2003-11-11,3497,0.9870107399097308,False,True,0
2003-11-13,1990-01-03,2003-11-12,3498,0.9870325736838388,False,True,0
2003-11-14,1990-01-03,2003-11-13,3499,0.9870280022316069,False,True,0
2003-11-17,1990-01-03,2003-11-14,3500,0.9870123478885768,False,True,0
2003-11-18,1990-01-03,2003-11-17,3501,0.9869982348958458,False,True,0
2003-11-19,1990-01-03,2003-11-18,3502,0.9869682029633479,False,True,0
2003-11-20,1990-01-03,2003-11-19,3503,0.9869727059905153,False,True,0
2003-11-21,1990-01-03,2003-11-20,3504,0.9869497670096233,False,True,0
2003-11-24,1990-01-03,2003-11-21,3505,0.9869838534642321,False,True,0
2003-11-25,1990-01-03,2003-11-24,3506,0.9869519199011462,False,True,0
2003-11-26,1990-01-03,2003-11-25,3507,0.9869714999766696,False,True,0
2003-11-28,1990-01-03,2003-11-26,3508,0.9869833198591509,False,True,0
2003-12-01,1990-01-03,2003-11-28,3509,0.9869910627358709,False,True,0
2003-12-02,1990-01-03,2003-12-01,3510,0.9870101293024399,False,True,0
2003-12-03,1990-01-03,2003-12-02,3511,0.9870021854646839,False,True,0
2003-12-04,1990-01-03,2003-12-03,3512,0.9869999966191307,False,True,0
2003-12-05,1990-01-03,2003-12-04,3513,0.9870040504283231,False,True,0
2003-12-08,1990-01-03,2003-12-05,3514,0.9869857970246473,False,True,0
2003-12-09,1990-01-03,2003-12-08,3515,0.986993391034004,False,True,0
2003-12-10,1990-01-03,2003-12-09,3516,0.9869673652226687,False,True,0
2003-12-11,1990-01-03,2003-12-10,3517,0.9869884802208211,False,True,0
2003-12-12,1990-01-03,2003-12-11,3518,0.9869844719196543,False,True,0
2003-12-15,1990-01-03,2003-12-12,3519,0.9869966675637692,False,True,0
2003-12-16,1990-01-03,2003-12-15,3520,0.9869843813723337,False,True,0
2003-12-17,1990-01-03,2003-12-16,3521,0.9869927006986868,False,True,0
2003-12-18,1990-01-03,2003-12-17,3522,0.9870035933881532,False,True,0
2003-12-19,1990-01-03,2003-12-18,3523,0.9870233047804093,False,True,0
2003-12-22,1990-01-03,2003-12-19,3524,0.9870242018210038,False,True,0
2003-12-23,1990-01-03,2003-12-22,3525,0.9870256633638029,False,True,0
2003-12-24,1990-01-03,2003-12-23,3526,0.9870235742247846,False,True,0
2003-12-26,1990-01-03,2003-12-24,3527,0.9870096842308285,False,True,0
2003-12-29,1990-01-03,2003-12-26,3528,0.9870029244815444,False,True,0
2003-12-30,1990-01-03,2003-12-29,3529,0.9870751854420304,False,True,0
2003-12-31,1990-01-03,2003-12-30,3530,0.9870600155234431,False,True,0
2004-01-02,1990-01-03,2003-12-31,3531,0.9870468446840417,False,True,0
2004-01-05,1990-01-03,2004-01-02,3532,0.9870242647916954,False,True,0
2004-01-06,1990-01-03,2004-01-05,3533,0.9871226300479324,False,True,0
2004-01-07,1990-01-03,2004-01-06,3534,0.9871099980568484,False,True,0
2004-01-08,1990-01-03,2004-01-07,3535,0.987100869927569,False,True,0
2004-01-09,1990-01-03,2004-01-08,3536,0.9871146099827367,False,True,0
2004-01-12,1990-01-03,2004-01-09,3537,0.9871094348005103,False,True,0
2004-01-13,1990-01-03,2004-01-12,3538,0.9871291115731902,False,True,0
2004-01-14,1990-01-03,2004-01-13,3539,0.9870988845215634,False,True,0
2004-01-15,1990-01-03,2004-01-14,3540,0.9871023503006138,False,True,0
2004-01-16,1990-01-03,2004-01-15,3541,0.9871232748104742,False,True,0
2004-01-20,1990-01-03,2004-01-16,3542,0.9871294582988985,False,True,0
2004-01-21,1990-01-03,2004-01-20,3543,0.9871419960257993,False,True,0
2004-01-22,1990-01-03,2004-01-21,3544,0.9871521454029917,False,True,0
2004-01-23,1990-01-03,2004-01-22,3545,0.9871433221999967,False,True,0
2004-01-26,1990-01-03,2004-01-23,3546,0.9871484304998197,False,True,0
2004-01-27,1990-01-03,2004-01-26,3547,0.9871403589789904,False,True,0
2004-01-28,1990-01-03,2004-01-27,3548,0.9870658042177831,False,True,0
2004-01-29,1990-01-03,2004-01-28,3549,0.9868997212128691,False,True,0
2004-01-30,1990-01-03,2004-01-29,3550,0.9869470693715512,False,True,0
2004-02-02,1990-01-03,2004-01-30,3551,0.9869892127439688,False,True,0
2004-02-03,1990-01-03,2004-02-02,3552,0.9870446547054944,False,True,0
2004-02-04,1990-01-03,2004-02-03,3553,0.9871026901994241,False,True,0
2004-02-05,1990-01-03,2004-02-04,3554,0.9870319735624788,False,True,0
2004-02-06,1990-01-03,2004-02-05,3555,0.9870945767406483,False,True,0
2004-02-09,1990-01-03,2004-02-06,3556,0.9870149103164797,False,True,0
2004-02-10,1990-01-03,2004-02-09,3557,0.987049270761165,False,True,0
2004-02-11,1990-01-03,2004-02-10,3558,0.9870749054350464,False,True,0
2004-02-12,1990-01-03,2004-02-11,3559,0.9870296824688972,False,True,0
2004-02-13,1990-01-03,2004-02-12,3560,0.9870280449157673,False,True,0
2004-02-17,1990-01-03,2004-02-13,3561,0.9870188693966505,False,True,0
2004-02-18,1990-01-03,2004-02-17,3562,0.9869840454094986,False,True,0
2004-02-19,1990-01-03,2004-02-18,3563,0.9869953529572891,False,True,0
2004-02-20,1990-01-03,2004-02-19,3564,0.9870089543991354,False,True,0
2004-02-23,1990-01-03,2004-02-20,3565,0.9870437115290258,False,True,0
2004-02-24,1990-01-03,2004-02-23,3566,0.9870755163292897,False,True,0
2004-02-25,1990-01-03,2004-02-24,3567,0.9871148771935028,False,True,0
2004-02-26,1990-01-03,2004-02-25,3568,0.9871465703697747,False,True,0
2004-02-27,1990-01-03,2004-02-26,3569,0.9871846161250258,False,True,0
2004-03-01,1990-01-03,2004-02-27,3570,0.9872161442191688,False,True,0
2004-03-02,1990-01-03,2004-03-01,3571,0.987202392119536,False,True,0
2004-03-03,1990-01-03,2004-03-02,3572,0.9871829733969291,False,True,0
2004-03-04,1990-01-03,2004-03-03,3573,0.9872155581467026,False,True,0
2004-03-05,1990-01-03,2004-03-04,3574,0.9872394938990364,False,True,0
2004-03-08,1990-01-03,2004-03-05,3575,0.9872612634696388,False,True,0
2004-03-09,1990-01-03,2004-03-08,3576,0.9872120691431338,False,True,0
2004-03-10,1990-01-03,2004-03-09,3577,0.9871900459267655,False,True,0
2004-03-11,1990-01-03,2004-03-10,3578,0.9870393651872256,False,True,0
2004-03-12,1990-01-03,2004-03-11,3579,0.9868616459522668,False,True,0
2004-03-15,1990-01-03,2004-03-12,3580,0.9867951487993711,False,True,0
2004-03-16,1990-01-03,2004-03-15,3581,0.9866592094714245,False,True,0
2004-03-17,1990-01-03,2004-03-16,3582,0.9867183063156293,False,True,0
2004-03-18,1990-01-03,2004-03-17,3583,0.9866809333435085,False,True,0
2004-03-19,1990-01-03,2004-03-18,3584,0.9867455970599487,False,True,0
2004-03-22,1990-01-03,2004-03-19,3585,0.9866905411612246,False,True,0
2004-03-23,1990-01-03,2004-03-22,3586,0.9866175302493653,False,True,0
2004-03-24,1990-01-03,2004-03-23,3587,0.9866888377285825,False,True,0
2004-03-25,1990-01-03,2004-03-24,3588,0.986746422300924,False,True,0
2004-03-26,1990-01-03,2004-03-25,3589,0.986675079122576,False,True,0
2004-03-29,1990-01-03,2004-03-26,3590,0.9867203346557485,False,True,0
2004-03-30,1990-01-03,2004-03-29,3591,0.9866956090584506,False,True,0
2004-03-31,1990-01-03,2004-03-30,3592,0.9867202539176446,False,True,0
2004-04-01,1990-01-03,2004-03-31,3593,0.9867425034633949,False,True,0
2004-04-02,1990-01-03,2004-04-01,3594,0.9867519154212745,False,True,0
2004-04-05,1990-01-03,2004-04-02,3595,0.9867567719019538,False,True,0
2004-04-06,1990-01-03,2004-04-05,3596,0.986757800989391,False,True,0
2004-04-07,1990-01-03,2004-04-06,3597,0.9867536666655645,False,True,0
2004-04-08,1990-01-03,2004-04-07,3598,0.9867434150697024,False,True,0
2004-04-12,1990-01-03,2004-04-08,3599,0.9867476136944127,False,True,0
2004-04-13,1990-01-03,2004-04-12,3600,0.9867488574092601,False,True,0
2004-04-14,1990-01-03,2004-04-13,3601,0.9867388827599153,False,True,0
2004-04-15,1990-01-03,2004-04-14,3602,0.9867596195607533,False,True,0
2004-04-16,1990-01-03,2004-04-15,3603,0.9867768843375513,False,True,0
2004-04-19,1990-01-03,2004-04-16,3604,0.98678485505002,False,True,0
2004-04-20,1990-01-03,2004-04-19,3605,0.9867894285411835,False,True,0
2004-04-21,1990-01-03,2004-04-20,3606,0.9867686627000237,False,True,0
2004-04-22,1990-01-03,2004-04-21,3607,0.9867891468511292,False,True,0
2004-04-23,1990-01-03,2004-04-22,3608,0.986770707705096,False,True,0
2004-04-26,1990-01-03,2004-04-23,3609,0.986787530191464,False,True,0
2004-04-27,1990-01-03,2004-04-26,3610,0.9867867773997414,False,True,0
2004-04-28,1990-01-03,2004-04-27,3611,0.9867998357593393,False,True,0
2004-04-29,1990-01-03,2004-04-28,3612,0.9867621305311916,False,True,0
2004-04-30,1990-01-03,2004-04-29,3613,0.9867536044993664,False,True,0
2004-05-03,1990-01-03,2004-04-30,3614,0.98676403143002,False,True,0
2004-05-04,1990-01-03,2004-05-03,3615,0.9867663994689989,False,True,0
2004-05-05,1990-01-03,2004-05-04,3616,0.9867962563149035,False,True,0
2004-05-06,1990-01-03,2004-05-05,3617,0.9868183563896085,False,True,0
2004-05-07,1990-01-03,2004-05-06,3618,0.986811274909426,False,True,0
2004-05-10,1990-01-03,2004-05-07,3619,0.9867574911382025,False,True,0
2004-05-11,1990-01-03,2004-05-10,3620,0.9867298073305485,False,True,0
2004-05-12,1990-01-03,2004-05-11,3621,0.9867486556648543,False,True,0
2004-05-13,1990-01-03,2004-05-12,3622,0.9867868107914897,False,True,0
2004-05-14,1990-01-03,2004-05-13,3623,0.9868169953010281,False,True,0
2004-05-17,1990-01-03,2004-05-14,3624,0.9868381516860804,False,True,0
2004-05-18,1990-01-03,2004-05-17,3625,0.9868129761578271,False,True,0
2004-05-19,1990-01-03,2004-05-18,3626,0.9868272483160792,False,True,0
2004-05-20,1990-01-03,2004-05-19,3627,0.9868430827931521,False,True,0
2004-05-21,1990-01-03,2004-05-20,3628,0.9868592799861794,False,True,0
2004-05-24,1990-01-03,2004-05-21,3629,0.9868662821996229,False,True,0
2004-05-25,1990-01-03,2004-05-24,3630,0.9868678777972962,False,True,0
2004-05-26,1990-01-03,2004-05-25,3631,0.9869133938089691,False,True,0
2004-05-27,1990-01-03,2004-05-26,3632,0.9869036132850343,False,True,0
2004-05-28,1990-01-03,2004-05-27,3633,0.9869014923299301,False,True,0
2004-06-01,1990-01-03,2004-05-28,3634,0.9868798046503803,False,True,0
2004-06-02,1990-01-03,2004-06-01,3635,0.9868534882412502,False,True,0
2004-06-03,1990-01-03,2004-06-02,3636,0.9868329135623979,False,True,0
2004-06-04,1990-01-03,2004-06-03,3637,0.9868298169751324,False,True,0
2004-06-07,1990-01-03,2004-06-04,3638,0.9868286505874082,False,True,0
2004-06-08,1990-01-03,2004-06-07,3639,0.9869382492431391,False,True,0
2004-06-09,1990-01-03,2004-06-08,3640,0.9869176806778627,False,True,0
2004-06-10,1990-01-03,2004-06-09,3641,0.9869232855931475,False,True,0
2004-06-14,1990-01-03,2004-06-10,3642,0.9869265591799183,False,True,0
2004-06-15,1990-01-03,2004-06-14,3643,0.9869090090691754,False,True,0
2004-06-16,1990-01-03,2004-06-15,3644,0.9869188207838278,False,True,0
2004-06-17,1990-01-03,2004-06-16,3645,0.9869292798350747,False,True,0
2004-06-18,1990-01-03,2004-06-17,3646,0.986931818084351,False,True,0
2004-06-21,1990-01-03,2004-06-18,3647,0.9869350561189694,False,True,0
2004-06-22,1990-01-03,2004-06-21,3648,0.9869246555222425,False,True,0
2004-06-23,1990-01-03,2004-06-22,3649,0.9869302479121319,False,True,0
2004-06-24,1990-01-03,2004-06-23,3650,0.9869459409643887,False,True,0
2004-06-25,1990-01-03,2004-06-24,3651,0.9869357684626848,False,True,0
2004-06-28,1990-01-03,2004-06-25,3652,0.9869214842444987,False,True,0
2004-06-29,1990-01-03,2004-06-28,3653,0.9869281842251663,False,True,0
2004-06-30,1990-01-03,2004-06-29,3654,0.986934731582717,False,True,0
2004-07-01,1990-01-03,2004-06-30,3655,0.9869400758950245,False,True,0
2004-07-02,1990-01-03,2004-07-01,3656,0.9869161526091801,False,True,0
2004-07-06,1990-01-03,2004-07-02,3657,0.9869272105044551,False,True,0
2004-07-07,1990-01-03,2004-07-06,3658,0.9868954796376911,False,True,0
2004-07-08,1990-01-03,2004-07-07,3659,0.9869317503689365,False,True,0
2004-07-09,1990-01-03,2004-07-08,3660,0.9868997592872495,False,True,0
2004-07-12,1990-01-03,2004-07-09,3661,0.9869362259986414,False,True,0
2004-07-13,1990-01-03,2004-07-12,3662,0.9869714691207087,False,True,0
2004-07-14,1990-01-03,2004-07-13,3663,0.9870009024001344,False,True,0
2004-07-15,1990-01-03,2004-07-14,3664,0.9870099006262176,False,True,0
2004-07-16,1990-01-03,2004-07-15,3665,0.9870130700628127,False,True,0
2004-07-19,1990-01-03,2004-07-16,3666,0.9870157469918897,False,True,0
2004-07-20,1990-01-03,2004-07-19,3667,0.9870466260174947,False,True,0
2004-07-21,1990-01-03,2004-07-20,3668,0.987053293380258,False,True,0
2004-07-22,1990-01-03,2004-07-21,3669,0.986977531370972,False,True,0
2004-07-23,1990-01-03,2004-07-22,3670,0.9870208017078775,False,True,0
2004-07-26,1990-01-03,2004-07-23,3671,0.9869716541927274,False,True,0
2004-07-27,1990-01-03,2004-07-26,3672,0.9870160022717308,False,True,0
2004-07-28,1990-01-03,2004-07-27,3673,0.986999841939445,False,True,0
2004-07-29,1990-01-03,2004-07-28,3674,0.9870396173412953,False,True,0
2004-07-30,1990-01-03,2004-07-29,3675,0.9870627184660942,False,True,0
2004-08-02,1990-01-03,2004-07-30,3676,0.9870898063984227,False,True,0
2004-08-03,1990-01-03,2004-08-02,3677,0.9871058506455939,False,True,0
2004-08-04,1990-01-03,2004-08-03,3678,0.9870904584922419,False,True,0
2004-08-05,1990-01-03,2004-08-04,3679,0.9871139526284913,False,True,0
2004-08-06,1990-01-03,2004-08-05,3680,0.9870211524652137,False,True,0
2004-08-09,1990-01-03,2004-08-06,3681,0.9868787474240694,False,True,0
2004-08-10,1990-01-03,2004-08-09,3682,0.9869620850638909,False,True,0
2004-08-11,1990-01-03,2004-08-10,3683,0.9869109687296921,False,True,0
2004-08-12,1990-01-03,2004-08-11,3684,0.9869504963472238,False,True,0
2004-08-13,1990-01-03,2004-08-12,3685,0.9868832811342152,False,True,0
2004-08-16,1990-01-03,2004-08-13,3686,0.9869510659871625,False,True,0
2004-08-17,1990-01-03,2004-08-16,3687,0.9869057752694524,False,True,0
2004-08-18,1990-01-03,2004-08-17,3688,0.9869445765340711,False,True,0
2004-08-19,1990-01-03,2004-08-18,3689,0.9869221521732504,False,True,0
2004-08-20,1990-01-03,2004-08-19,3690,0.9869365121230531,False,True,0
2004-08-23,1990-01-03,2004-08-20,3691,0.9869503639536764,False,True,0
2004-08-24,1990-01-03,2004-08-23,3692,0.9869631168402674,False,True,0
2004-08-25,1990-01-03,2004-08-24,3693,0.9869786091521873,False,True,0
2004-08-26,1990-01-03,2004-08-25,3694,0.9869846346538884,False,True,0
2004-08-27,1990-01-03,2004-08-26,3695,0.9869878765193624,False,True,0
2004-08-30,1990-01-03,2004-08-27,3696,0.9869866095576172,False,True,0
2004-08-31,1990-01-03,2004-08-30,3697,0.9869715659172177,False,True,0
2004-09-01,1990-01-03,2004-08-31,3698,0.986979163810822,False,True,0
2004-09-02,1990-01-03,2004-09-01,3699,0.9869816662778398,False,True,0
2004-09-03,1990-01-03,2004-09-02,3700,0.9870102306097036,False,True,0
2004-09-07,1990-01-03,2004-09-03,3701,0.9869974577630053,False,True,0
2004-09-08,1990-01-03,2004-09-07,3702,0.987006671959378,False,True,0
2004-09-09,1990-01-03,2004-09-08,3703,0.9869939781690461,False,True,0
2004-09-10,1990-01-03,2004-09-09,3704,0.9869966950941766,False,True,0
2004-09-13,1990-01-03,2004-09-10,3705,0.987000436351113,False,True,0
2004-09-14,1990-01-03,2004-09-13,3706,0.9869951929650842,False,True,0
2004-09-15,1990-01-03,2004-09-14,3707,0.9869888387089906,False,True,0
2004-09-16,1990-01-03,2004-09-15,3708,0.9869734442957699,False,True,0
2004-09-17,1990-01-03,2004-09-16,3709,0.986980256495391,False,True,0
2004-09-20,1990-01-03,2004-09-17,3710,0.9869853287880713,False,True,0
2004-09-21,1990-01-03,2004-09-20,3711,0.98696880970485,False,True,0
2004-09-22,1990-01-03,2004-09-21,3712,0.986979379395344,False,True,0
2004-09-23,1990-01-03,2004-09-22,3713,0.9869342967554983,False,True,0
2004-09-24,1990-01-03,2004-09-23,3714,0.9869446260338965,False,True,0
2004-09-27,1990-01-03,2004-09-24,3715,0.9869866040949483,False,True,0
2004-09-28,1990-01-03,2004-09-27,3716,0.9869773844227576,False,True,0
2004-09-29,1990-01-03,2004-09-28,3717,0.9869979270720467,False,True,0
2004-09-30,1990-01-03,2004-09-29,3718,0.9870238066215282,False,True,0
2004-10-01,1990-01-03,2004-09-30,3719,0.9870522256111102,False,True,0
2004-10-04,1990-01-03,2004-10-01,3720,0.9870275563459135,False,True,0
2004-10-05,1990-01-03,2004-10-04,3721,0.9870449192931898,False,True,0
2004-10-06,1990-01-03,2004-10-05,3722,0.987057156389013,False,True,0
2004-10-07,1990-01-03,2004-10-06,3723,0.9870655261153912,False,True,0
2004-10-08,1990-01-03,2004-10-07,3724,0.9870294316335188,False,True,0
2004-10-11,1990-01-03,2004-10-08,3725,0.9870013477424118,False,True,0
2004-10-12,1990-01-03,2004-10-11,3726,0.9870392994845836,False,True,0
2004-10-13,1990-01-03,2004-10-12,3727,0.9870645018160878,False,True,0
2004-10-14,1990-01-03,2004-10-13,3728,0.9870392886082088,False,True,0
2004-10-15,1990-01-03,2004-10-14,3729,0.9869902823126566,False,True,0
2004-10-18,1990-01-03,2004-10-15,3730,0.9870275401918366,False,True,0
2004-10-19,1990-01-03,2004-10-18,3731,0.9870536850884759,False,True,0
2004-10-20,1990-01-03,2004-10-19,3732,0.9870055183808368,False,True,0
2004-10-21,1990-01-03,2004-10-20,3733,0.9870559298493322,False,True,0
2004-10-22,1990-01-03,2004-10-21,3734,0.9870956238448209,False,True,0
2004-10-25,1990-01-03,2004-10-22,3735,0.9870489043577835,False,True,0
2004-10-26,1990-01-03,2004-10-25,3736,0.9870944289470246,False,True,0
2004-10-27,1990-01-03,2004-10-26,3737,0.9870320088435587,False,True,0
2004-10-28,1990-01-03,2004-10-27,3738,0.9869989558990399,False,True,0
2004-10-29,1990-01-03,2004-10-28,3739,0.9870266860776835,False,True,0
2004-11-01,1990-01-03,2004-10-29,3740,0.9870480694098746,False,True,0
2004-11-02,1990-01-03,2004-11-01,3741,0.9870645938716021,False,True,0
2004-11-03,1990-01-03,2004-11-02,3742,0.9870741679887917,False,True,0
2004-11-04,1990-01-03,2004-11-03,3743,0.9870933631024658,False,True,0
2004-11-05,1990-01-03,2004-11-04,3744,0.9871472755125863,False,True,0
2004-11-08,1990-01-03,2004-11-05,3745,0.9871496418339677,False,True,0
2004-11-09,1990-01-03,2004-11-08,3746,0.9871409077928011,False,True,0
2004-11-10,1990-01-03,2004-11-09,3747,0.9871313022929694,False,True,0
2004-11-11,1990-01-03,2004-11-10,3748,0.9871198523630692,False,True,0
2004-11-12,1990-01-03,2004-11-11,3749,0.9871591356615136,False,True,0
2004-11-15,1990-01-03,2004-11-12,3750,0.9872033203233913,False,True,0
2004-11-16,1990-01-03,2004-11-15,3751,0.9871868231612698,False,True,0
2004-11-17,1990-01-03,2004-11-16,3752,0.9871755879532722,False,True,0
2004-11-18,1990-01-03,2004-11-17,3753,0.9871861854180126,False,True,0
2004-11-19,1990-01-03,2004-11-18,3754,0.9871866238083622,False,True,0
2004-11-22,1990-01-03,2004-11-19,3755,0.987162063396949,False,True,0
2004-11-23,1990-01-03,2004-11-22,3756,0.9871736237433553,False,True,0
2004-11-24,1990-01-03,2004-11-23,3757,0.9871971328049428,False,True,0
2004-11-26,1990-01-03,2004-11-24,3758,0.9872125592377948,False,True,0
2004-11-29,1990-01-03,2004-11-26,3759,0.9872287003756045,False,True,0
2004-11-30,1990-01-03,2004-11-29,3760,0.9872234030455144,False,True,0
2004-12-01,1990-01-03,2004-11-30,3761,0.9872175312405442,False,True,0
2004-12-02,1990-01-03,2004-12-01,3762,0.987190312871285,False,True,0
2004-12-03,1990-01-03,2004-12-02,3763,0.9872070450579435,False,True,0
2004-12-06,1990-01-03,2004-12-03,3764,0.9872251215428007,False,True,0
2004-12-07,1990-01-03,2004-12-06,3765,0.9872372607945574,False,True,0
2004-12-08,1990-01-03,2004-12-07,3766,0.9871753505135813,False,True,0
2004-12-09,1990-01-03,2004-12-08,3767,0.98719762191908,False,True,0
2004-12-10,1990-01-03,2004-12-09,3768,0.9872128129031579,False,True,0
2004-12-13,1990-01-03,2004-12-10,3769,0.9872400736971846,False,True,0
2004-12-14,1990-01-03,2004-12-13,3770,0.9872269194477216,False,True,0
2004-12-15,1990-01-03,2004-12-14,3771,0.9872462271029969,False,True,0
2004-12-16,1990-01-03,2004-12-15,3772,0.9872665493838864,False,True,0
2004-12-17,1990-01-03,2004-12-16,3773,0.9872754501830882,False,True,0
2004-12-20,1990-01-03,2004-12-17,3774,0.9872298348699501,False,True,0
2004-12-21,1990-01-03,2004-12-20,3775,0.9872679540537109,False,True,0
2004-12-22,1990-01-03,2004-12-21,3776,0.9872474692615975,False,True,0
2004-12-23,1990-01-03,2004-12-22,3777,0.9872697442070347,False,True,0
2004-12-27,1990-01-03,2004-12-23,3778,0.9872959042495806,False,True,0
2004-12-28,1990-01-03,2004-12-27,3779,0.9872841410485698,False,True,0
2004-12-29,1990-01-03,2004-12-28,3780,0.987279592909088,False,True,0
2004-12-30,1990-01-03,2004-12-29,3781,0.9873059217125291,False,True,0
2004-12-31,1990-01-03,2004-12-30,3782,0.9873298226664379,False,True,0
2005-01-03,1990-01-03,2004-12-31,3783,0.9873417384203079,False,True,0
2005-01-04,1990-01-03,2005-01-03,3784,0.9872791309505218,False,True,0
2005-01-05,1990-01-03,2005-01-04,3785,0.9871445473656544,False,True,0
2005-01-06,1990-01-03,2005-01-05,3786,0.9871744162876335,False,True,0
2005-01-07,1990-01-03,2005-01-06,3787,0.9872254178806255,False,True,0
2005-01-10,1990-01-03,2005-01-07,3788,0.9872761576057858,False,True,0
2005-01-11,1990-01-03,2005-01-10,3789,0.9873199972744721,False,True,0
2005-01-12,1990-01-03,2005-01-11,3790,0.987294772856445,False,True,0
2005-01-13,1990-01-03,2005-01-12,3791,0.9873344371123055,False,True,0
2005-01-14,1990-01-03,2005-01-13,3792,0.987262617237197,False,True,0
2005-01-18,1990-01-03,2005-01-14,3793,0.9872819045033189,False,True,0
2005-01-19,1990-01-03,2005-01-18,3794,0.9872391885191137,False,True,0
2005-01-20,1990-01-03,2005-01-19,3795,0.9871586631012238,False,True,0
2005-01-21,1990-01-03,2005-01-20,3796,0.9871221659333512,False,True,0
2005-01-24,1990-01-03,2005-01-21,3797,0.9871214297159274,False,True,0
2005-01-25,1990-01-03,2005-01-24,3798,0.9871673457768935,False,True,0
2005-01-26,1990-01-03,2005-01-25,3799,0.9872196825865187,False,True,0
2005-01-27,1990-01-03,2005-01-26,3800,0.9872580034831953,False,True,0
2005-01-28,1990-01-03,2005-01-27,3801,0.9873126717105085,False,True,0
2005-01-31,1990-01-03,2005-01-28,3802,0.9873444177621923,False,True,0
2005-02-01,1990-01-03,2005-01-31,3803,0.987334170904803,False,True,0
2005-02-02,1990-01-03,2005-02-01,3804,0.9873405671603249,False,True,0
2005-02-03,1990-01-03,2005-02-02,3805,0.9873722576677387,False,True,0
2005-02-04,1990-01-03,2005-02-03,3806,0.9873861506672142,False,True,0
2005-02-07,1990-01-03,2005-02-04,3807,0.9873618119994383,False,True,0
2005-02-08,1990-01-03,2005-02-07,3808,0.987383728850739,False,True,0
2005-02-09,1990-01-03,2005-02-08,3809,0.9874059884960642,False,True,0
2005-02-10,1990-01-03,2005-02-09,3810,0.9873625049240983,False,True,0
2005-02-11,1990-01-03,2005-02-10,3811,0.9873874468419297,False,True,0
2005-02-14,1990-01-03,2005-02-11,3812,0.9873923075102317,False,True,0
2005-02-15,1990-01-03,2005-02-14,3813,0.9874178745222506,False,True,0
2005-02-16,1990-01-03,2005-02-15,3814,0.987436872054735,False,True,0
2005-02-17,1990-01-03,2005-02-16,3815,0.9874538916669188,False,True,0
2005-02-18,1990-01-03,2005-02-17,3816,0.9874158558062188,False,True,0
2005-02-22,1990-01-03,2005-02-18,3817,0.9874467288095158,False,True,0
2005-02-23,1990-01-03,2005-02-22,3818,0.9873355734481718,False,True,0
2005-02-24,1990-01-03,2005-02-23,3819,0.9873624799029823,False,True,0
2005-02-25,1990-01-03,2005-02-24,3820,0.9873543263348442,False,True,0
2005-02-28,1990-01-03,2005-02-25,3821,0.9873308355269907,False,True,0
2005-03-01,1990-01-03,2005-02-28,3822,0.9873130084297641,False,True,0
2005-03-02,1990-01-03,2005-03-01,3823,0.9873322189327334,False,True,0
2005-03-03,1990-01-03,2005-03-02,3824,0.9873711277974684,False,True,0
2005-03-04,1990-01-03,2005-03-03,3825,0.9874067834374407,False,True,0
2005-03-07,1990-01-03,2005-03-04,3826,0.9873893313731373,False,True,0
2005-03-08,1990-01-03,2005-03-07,3827,0.9874133865647228,False,True,0
2005-03-09,1990-01-03,2005-03-08,3828,0.9874045865562332,False,True,0
2005-03-10,1990-01-03,2005-03-09,3829,0.9873343341943641,False,True,0
2005-03-11,1990-01-03,2005-03-10,3830,0.9873803490111553,False,True,0
2005-03-14,1990-01-03,2005-03-11,3831,0.9873444425788014,False,True,0
2005-03-15,1990-01-03,2005-03-14,3832,0.987367673165,False,True,0
2005-03-16,1990-01-03,2005-03-15,3833,0.9873360229357857,False,True,0
2005-03-17,1990-01-03,2005-03-16,3834,0.9873033330916965,False,True,0
2005-03-18,1990-01-03,2005-03-17,3835,0.987360034750148,False,True,0
2005-03-21,1990-01-03,2005-03-18,3836,0.9874106489576002,False,True,0
2005-03-22,1990-01-03,2005-03-21,3837,0.9874211494607086,False,True,0
2005-03-23,1990-01-03,2005-03-22,3838,0.9873586948043589,False,True,0
2005-03-24,1990-01-03,2005-03-23,3839,0.9874167829380279,False,True,0
2005-03-28,1990-01-03,2005-03-24,3840,0.9874648961243375,False,True,0
2005-03-29,1990-01-03,2005-03-28,3841,0.9875073668238838,False,True,0
2005-03-30,1990-01-03,2005-03-29,3842,0.9874819461084798,False,True,0
2005-03-31,1990-01-03,2005-03-30,3843,0.9874202637381516,False,True,0
2005-04-01,1990-01-03,2005-03-31,3844,0.9874581082115378,False,True,0
2005-04-04,1990-01-03,2005-04-01,3845,0.9874488152025537,False,True,0
2005-04-05,1990-01-03,2005-04-04,3846,0.9874849606233645,False,True,0
2005-04-06,1990-01-03,2005-04-05,3847,0.9875088546535203,False,True,0
2005-04-07,1990-01-03,2005-04-06,3848,0.9875353998084705,False,True,0
2005-04-08,1990-01-03,2005-04-07,3849,0.9875471768168956,False,True,0
2005-04-11,1990-01-03,2005-04-08,3850,0.9875162057312439,False,True,0
2005-04-12,1990-01-03,2005-04-11,3851,0.9875468525790121,False,True,0
2005-04-13,1990-01-03,2005-04-12,3852,0.9875606767505266,False,True,0
2005-04-14,1990-01-03,2005-04-13,3853,0.9875004505379744,False,True,0
2005-04-15,1990-01-03,2005-04-14,3854,0.9874522203444779,False,True,0
2005-04-18,1990-01-03,2005-04-15,3855,0.987304289596484,False,True,0
2005-04-19,1990-01-03,2005-04-18,3856,0.9873658208979385,False,True,0
2005-04-20,1990-01-03,2005-04-19,3857,0.9873998414066009,False,True,0
2005-04-21,1990-01-03,2005-04-20,3858,0.9873276329194115,False,True,0
2005-04-22,1990-01-03,2005-04-21,3859,0.9872013065320725,False,True,0
2005-04-25,1990-01-03,2005-04-22,3860,0.987214370229501,False,True,0
2005-04-26,1990-01-03,2005-04-25,3861,0.9872245755745016,False,True,0
2005-04-27,1990-01-03,2005-04-26,3862,0.987214775646113,False,True,0
2005-04-28,1990-01-03,2005-04-27,3863,0.9872533775955237,False,True,0
2005-04-29,1990-01-03,2005-04-28,3864,0.9872251457495365,False,True,0
2005-05-02,1990-01-03,2005-04-29,3865,0.9872060744454507,False,True,0
2005-05-03,1990-01-03,2005-05-02,3866,0.9872347960281309,False,True,0
2005-05-04,1990-01-03,2005-05-03,3867,0.9872620749947799,False,True,0
2005-05-05,1990-01-03,2005-05-04,3868,0.9872529237536042,False,True,0
2005-05-06,1990-01-03,2005-05-05,3869,0.9872638338893311,False,True,0
2005-05-09,1990-01-03,2005-05-06,3870,0.9872738048580323,False,True,0
2005-05-10,1990-01-03,2005-05-09,3871,0.9872923671652731,False,True,0
2005-05-11,1990-01-03,2005-05-10,3872,0.9872638117636747,False,True,0
2005-05-12,1990-01-03,2005-05-11,3873,0.9872758400797558,False,True,0
2005-05-13,1990-01-03,2005-05-12,3874,0.9872588931527441,False,True,0
2005-05-16,1990-01-03,2005-05-13,3875,0.9872704440655611,False,True,0
2005-05-17,1990-01-03,2005-05-16,3876,0.9872683416338396,False,True,0
2005-05-18,1990-01-03,2005-05-17,3877,0.9872747620325277,False,True,0
2005-05-19,1990-01-03,2005-05-18,3878,0.9872933565829809,False,True,0
2005-05-20,1990-01-03,2005-05-19,3879,0.9872945030974731,False,True,0
2005-05-23,1990-01-03,2005-05-20,3880,0.9872867631028325,False,True,0
2005-05-24,1990-01-03,2005-05-23,3881,0.9872791779684402,False,True,0
2005-05-25,1990-01-03,2005-05-24,3882,0.9872621559421213,False,True,0
2005-05-26,1990-01-03,2005-05-25,3883,0.9872417332676682,False,True,0
2005-05-27,1990-01-03,2005-05-26,3884,0.9872431758475603,False,True,0
2005-05-31,1990-01-03,2005-05-27,3885,0.9872178044104487,False,True,0
2005-06-01,1990-01-03,2005-05-31,3886,0.9872045782309097,False,True,0
2005-06-02,1990-01-03,2005-06-01,3887,0.9872264526326681,False,True,0
2005-06-03,1990-01-03,2005-06-02,3888,0.9872056915609392,False,True,0
2005-06-06,1990-01-03,2005-06-03,3889,0.9871972986428675,False,True,0
2005-06-07,1990-01-03,2005-06-06,3890,0.9871853165737288,False,True,0
2005-06-08,1990-01-03,2005-06-07,3891,0.9871691478054133,False,True,0
2005-06-09,1990-01-03,2005-06-08,3892,0.9871473993594355,False,True,0
2005-06-10,1990-01-03,2005-06-09,3893,0.9871455996458905,False,True,0
2005-06-13,1990-01-03,2005-06-10,3894,0.9871233887401077,False,True,0
2005-06-14,1990-01-03,2005-06-13,3895,0.9871065524755254,False,True,0
2005-06-15,1990-01-03,2005-06-14,3896,0.9870874363043239,False,True,0
2005-06-16,1990-01-03,2005-06-15,3897,0.9870649338575046,False,True,0
2005-06-17,1990-01-03,2005-06-16,3898,0.9870510075660094,False,True,0
2005-06-20,1990-01-03,2005-06-17,3899,0.9870571037835679,False,True,0
2005-06-21,1990-01-03,2005-06-20,3900,0.9870207380674763,False,True,0
2005-06-22,1990-01-03,2005-06-21,3901,0.9869873727101343,False,True,0
2005-06-23,1990-01-03,2005-06-22,3902,0.9869556389782334,False,True,0
2005-06-24,1990-01-03,2005-06-23,3903,0.9870078117848521,False,True,0
2005-06-27,1990-01-03,2005-06-24,3904,0.9869689016159906,False,True,0
2005-06-28,1990-01-03,2005-06-27,3905,0.9869881191130899,False,True,0
2005-06-29,1990-01-03,2005-06-28,3906,0.9869992169919546,False,True,0
2005-06-30,1990-01-03,2005-06-29,3907,0.9869967101569558,False,True,0
2005-07-01,1990-01-03,2005-06-30,3908,0.9869717857073956,False,True,0
2005-07-05,1990-01-03,2005-07-01,3909,0.9869967895681442,False,True,0
2005-07-06,1990-01-03,2005-07-05,3910,0.9870086059968596,False,True,0
2005-07-07,1990-01-03,2005-07-06,3911,0.9869587939991293,False,True,0
2005-07-08,1990-01-03,2005-07-07,3912,0.9869894902025148,False,True,0
2005-07-11,1990-01-03,2005-07-08,3913,0.9869790660077253,False,True,0
2005-07-12,1990-01-03,2005-07-11,3914,0.986987839980625,False,True,0
2005-07-13,1990-01-03,2005-07-12,3915,0.9870061528613638,False,True,0
2005-07-14,1990-01-03,2005-07-13,3916,0.9870197507043744,False,True,0
2005-07-15,1990-01-03,2005-07-14,3917,0.9870341572427475,False,True,0
2005-07-18,1990-01-03,2005-07-15,3918,0.9870414062808591,False,True,0
2005-07-19,1990-01-03,2005-07-18,3919,0.9870189308446838,False,True,0
2005-07-20,1990-01-03,2005-07-19,3920,0.9870284904380393,False,True,0
2005-07-21,1990-01-03,2005-07-20,3921,0.9870410412604671,False,True,0
2005-07-22,1990-01-03,2005-07-21,3922,0.987011586546356,False,True,0
2005-07-25,1990-01-03,2005-07-22,3923,0.9870267359296251,False,True,0
2005-07-26,1990-01-03,2005-07-25,3924,0.9870219083297225,False,True,0
2005-07-27,1990-01-03,2005-07-26,3925,0.9870508578828695,False,True,0
2005-07-28,1990-01-03,2005-07-27,3926,0.9870670096004943,False,True,0
2005-07-29,1990-01-03,2005-07-28,3927,0.9870787206231432,False,True,0
2005-08-01,1990-01-03,2005-07-29,3928,0.9870357657881024,False,True,0
2005-08-02,1990-01-03,2005-08-01,3929,0.9870700828238609,False,True,0
2005-08-03,1990-01-03,2005-08-02,3930,0.9870697219465621,False,True,0
2005-08-04,1990-01-03,2005-08-03,3931,0.9870956509627961,False,True,0
2005-08-05,1990-01-03,2005-08-04,3932,0.9870495073083623,False,True,0
2005-08-08,1990-01-03,2005-08-05,3933,0.9869960246563976,False,True,0
2005-08-09,1990-01-03,2005-08-08,3934,0.9870281345819549,False,True,0
2005-08-10,1990-01-03,2005-08-09,3935,0.9870316343666441,False,True,0
2005-08-11,1990-01-03,2005-08-10,3936,0.9870660253807995,False,True,0
2005-08-12,1990-01-03,2005-08-11,3937,0.9870654950314147,False,True,0
2005-08-15,1990-01-03,2005-08-12,3938,0.9870424856766341,False,True,0
2005-08-16,1990-01-03,2005-08-15,3939,0.9870837778235247,False,True,0
2005-08-17,1990-01-03,2005-08-16,3940,0.9869566995070154,False,True,0
2005-08-18,1990-01-03,2005-08-17,3941,0.9870188959340811,False,True,0
2005-08-19,1990-01-03,2005-08-18,3942,0.9870690405945738,False,True,0
2005-08-22,1990-01-03,2005-08-19,3943,0.987118848468745,False,True,0
2005-08-23,1990-01-03,2005-08-22,3944,0.9871772622507993,False,True,0
2005-08-24,1990-01-03,2005-08-23,3945,0.9871930076448447,False,True,0
2005-08-25,1990-01-03,2005-08-24,3946,0.9871516482304888,False,True,0
2005-08-26,1990-01-03,2005-08-25,3947,0.9871979745552413,False,True,0
2005-08-29,1990-01-03,2005-08-26,3948,0.9871854138688964,False,True,0
2005-08-30,1990-01-03,2005-08-29,3949,0.9871991693899147,False,True,0
2005-08-31,1990-01-03,2005-08-30,3950,0.9872221771506638,False,True,0
2005-09-01,1990-01-03,2005-08-31,3951,0.987187436556909,False,True,0
2005-09-02,1990-01-03,2005-09-01,3952,0.9872270900836029,False,True,0
2005-09-06,1990-01-03,2005-09-02,3953,0.9872440524502629,False,True,0
2005-09-07,1990-01-03,2005-09-06,3954,0.9872038523695909,False,True,0
2005-09-08,1990-01-03,2005-09-07,3955,0.9872339296944891,False,True,0
2005-09-09,1990-01-03,2005-09-08,3956,0.9872358918594689,False,True,0
2005-09-12,1990-01-03,2005-09-09,3957,0.9872291855089198,False,True,0
2005-09-13,1990-01-03,2005-09-12,3958,0.9872524058204367,False,True,0
2005-09-14,1990-01-03,2005-09-13,3959,0.9872135137739904,False,True,0
2005-09-15,1990-01-03,2005-09-14,3960,0.987229723174141,False,True,0
2005-09-16,1990-01-03,2005-09-15,3961,0.9872680813806424,False,True,0
2005-09-19,1990-01-03,2005-09-16,3962,0.9872577299272285,False,True,0
2005-09-20,1990-01-03,2005-09-19,3963,0.987241430583687,False,True,0
2005-09-21,1990-01-03,2005-09-20,3964,0.987185558206392,False,True,0
2005-09-22,1990-01-03,2005-09-21,3965,0.9871302556761913,False,True,0
2005-09-23,1990-01-03,2005-09-22,3966,0.9871744255873656,False,True,0
2005-09-26,1990-01-03,2005-09-23,3967,0.9872263949405427,False,True,0
2005-09-27,1990-01-03,2005-09-26,3968,0.9872723998689613,False,True,0
2005-09-28,1990-01-03,2005-09-27,3969,0.9873119642577495,False,True,0
2005-09-29,1990-01-03,2005-09-28,3970,0.9873474943212236,False,True,0
2005-09-30,1990-01-03,2005-09-29,3971,0.9873482857239746,False,True,0
2005-10-03,1990-01-03,2005-09-30,3972,0.9873748432843543,False,True,0
2005-10-04,1990-01-03,2005-10-03,3973,0.9873895012752929,False,True,0
2005-10-05,1990-01-03,2005-10-04,3974,0.9873123883530505,False,True,0
2005-10-06,1990-01-03,2005-10-05,3975,0.987174759651988,False,True,0
2005-10-07,1990-01-03,2005-10-06,3976,0.9872094722099999,False,True,0
2005-10-10,1990-01-03,2005-10-07,3977,0.9872608043334669,False,True,0
2005-10-11,1990-01-03,2005-10-10,3978,0.9872460818894966,False,True,0
2005-10-12,1990-01-03,2005-10-11,3979,0.9872967850004228,False,True,0
2005-10-13,1990-01-03,2005-10-12,3980,0.9873022492075072,False,True,0
2005-10-14,1990-01-03,2005-10-13,3981,0.9873570091323217,False,True,0
2005-10-17,1990-01-03,2005-10-14,3982,0.9873543773104826,False,True,0
2005-10-18,1990-01-03,2005-10-17,3983,0.9873942990957991,False,True,0
2005-10-19,1990-01-03,2005-10-18,3984,0.9873415699711957,False,True,0
2005-10-20,1990-01-03,2005-10-19,3985,0.9872599386064885,False,True,0
2005-10-21,1990-01-03,2005-10-20,3986,0.9871537573084829,False,True,0
2005-10-24,1990-01-03,2005-10-21,3987,0.987210139135096,False,True,0
2005-10-25,1990-01-03,2005-10-24,3988,0.9871162804432938,False,True,0
2005-10-26,1990-01-03,2005-10-25,3989,0.9871520363252503,False,True,0
2005-10-27,1990-01-03,2005-10-26,3990,0.987172412451311,False,True,0
2005-10-28,1990-01-03,2005-10-27,3991,0.9871355626252886,False,True,0
2005-10-31,1990-01-03,2005-10-28,3992,0.9870578455228725,False,True,0
2005-11-01,1990-01-03,2005-10-31,3993,0.9870738317893374,False,True,0
2005-11-02,1990-01-03,2005-11-01,3994,0.9870943497845345,False,True,0
2005-11-03,1990-01-03,2005-11-02,3995,0.9870891113548219,False,True,0
2005-11-04,1990-01-03,2005-11-03,3996,0.9871069844384591,False,True,0
2005-11-07,1990-01-03,2005-11-04,3997,0.9871248027820789,False,True,0
2005-11-08,1990-01-03,2005-11-07,3998,0.9871335952717185,False,True,0
2005-11-09,1990-01-03,2005-11-08,3999,0.9871327792829442,False,True,0
2005-11-10,1990-01-03,2005-11-09,4000,0.9871388341525792,False,True,0
2005-11-11,1990-01-03,2005-11-10,4001,0.9871488586374665,False,True,0
2005-11-14,1990-01-03,2005-11-11,4002,0.9871447025701798,False,True,0
2005-11-15,1990-01-03,2005-11-14,4003,0.9871370950629904,False,True,0
2005-11-16,1990-01-03,2005-11-15,4004,0.987123351025082,False,True,0
2005-11-17,1990-01-03,2005-11-16,4005,0.9871183770146106,False,True,0
2005-11-18,1990-01-03,2005-11-17,4006,0.987138442108465,False,True,0
2005-11-21,1990-01-03,2005-11-18,4007,0.9871373520057776,False,True,0
2005-11-22,1990-01-03,2005-11-21,4008,0.9871408374197541,False,True,0
2005-11-23,1990-01-03,2005-11-22,4009,0.9871588688481425,False,True,0
2005-11-25,1990-01-03,2005-11-23,4010,0.9871480266995832,False,True,0
2005-11-28,1990-01-03,2005-11-25,4011,0.9871278558983196,False,True,0
2005-11-29,1990-01-03,2005-11-28,4012,0.9871254928924191,False,True,0
2005-11-30,1990-01-03,2005-11-29,4013,0.9871241380604833,False,True,0
2005-12-01,1990-01-03,2005-11-30,4014,0.9871078674961811,False,True,0
2005-12-02,1990-01-03,2005-12-01,4015,0.9871320517368919,False,True,0
2005-12-05,1990-01-03,2005-12-02,4016,0.9871382090074915,False,True,0
2005-12-06,1990-01-03,2005-12-05,4017,0.9871193579891706,False,True,0
2005-12-07,1990-01-03,2005-12-06,4018,0.9871246336990432,False,True,0
2005-12-08,1990-01-03,2005-12-07,4019,0.9871086442197196,False,True,0
2005-12-09,1990-01-03,2005-12-08,4020,0.9871159929845819,False,True,0
2005-12-12,1990-01-03,2005-12-09,4021,0.9871263470715512,False,True,0
2005-12-13,1990-01-03,2005-12-12,4022,0.9871333444769669,False,True,0
2005-12-14,1990-01-03,2005-12-13,4023,0.9871572427641095,False,True,0
2005-12-15,1990-01-03,2005-12-14,4024,0.9871670361056346,False,True,0
2005-12-16,1990-01-03,2005-12-15,4025,0.9871608282394824,False,True,0
2005-12-19,1990-01-03,2005-12-16,4026,0.9871496383213515,False,True,0
2005-12-20,1990-01-03,2005-12-19,4027,0.9871153565542916,False,True,0
2005-12-21,1990-01-03,2005-12-20,4028,0.9871320789768048,False,True,0
2005-12-22,1990-01-03,2005-12-21,4029,0.9871484537215879,False,True,0
2005-12-23,1990-01-03,2005-12-22,4030,0.9871761868541187,False,True,0
2005-12-27,1990-01-03,2005-12-23,4031,0.9871865467817209,False,True,0
2005-12-28,1990-01-03,2005-12-27,4032,0.987129096103038,False,True,0
2005-12-29,1990-01-03,2005-12-28,4033,0.987161832026694,False,True,0
2005-12-30,1990-01-03,2005-12-29,4034,0.987173335070369,False,True,0
2006-01-03,1990-01-03,2005-12-30,4035,0.9871635196222944,False,True,0
2006-01-04,1990-01-03,2006-01-03,4036,0.9870471280822687,False,True,0
2006-01-05,1990-01-03,2006-01-04,4037,0.9870756086469298,False,True,0
2006-01-06,1990-01-03,2006-01-05,4038,0.9871065297881016,False,True,0
2006-01-09,1990-01-03,2006-01-06,4039,0.9871005067966436,False,True,0
2006-01-10,1990-01-03,2006-01-09,4040,0.9871213299319439,False,True,0
2006-01-11,1990-01-03,2006-01-10,4041,0.9871397919977054,False,True,0
2006-01-12,1990-01-03,2006-01-11,4042,0.9871624477576821,False,True,0
2006-01-13,1990-01-03,2006-01-12,4043,0.9871222926446134,False,True,0
2006-01-17,1990-01-03,2006-01-13,4044,0.9871537759201303,False,True,0
2006-01-18,1990-01-03,2006-01-17,4045,0.9871526221507699,False,True,0
2006-01-19,1990-01-03,2006-01-18,4046,0.9871365310670593,False,True,0
2006-01-20,1990-01-03,2006-01-19,4047,0.9871606916166601,False,True,0
2006-01-23,1990-01-03,2006-01-20,4048,0.9869673224043106,False,True,0
2006-01-24,1990-01-03,2006-01-23,4049,0.9870400221084904,False,True,0
2006-01-25,1990-01-03,2006-01-24,4050,0.9871033460186798,False,True,0
2006-01-26,1990-01-03,2006-01-25,4051,0.9871584522758415,False,True,0
2006-01-27,1990-01-03,2006-01-26,4052,0.9871450548882915,False,True,0
2006-01-30,1990-01-03,2006-01-27,4053,0.9871289184727333,False,True,0
2006-01-31,1990-01-03,2006-01-30,4054,0.9871928084794261,False,True,0
2006-02-01,1990-01-03,2006-01-31,4055,0.987188083463398,False,True,0
2006-02-02,1990-01-03,2006-02-01,4056,0.9872341732654373,False,True,0
2006-02-03,1990-01-03,2006-02-02,4057,0.9871623062914161,False,True,0
2006-02-06,1990-01-03,2006-02-03,4058,0.9871643594190153,False,True,0
2006-02-07,1990-01-03,2006-02-06,4059,0.9872239465065101,False,True,0
2006-02-08,1990-01-03,2006-02-07,4060,0.98717292589154,False,True,0
2006-02-09,1990-01-03,2006-02-08,4061,0.9871509459339466,False,True,0
2006-02-10,1990-01-03,2006-02-09,4062,0.9872001366573282,False,True,0
2006-02-13,1990-01-03,2006-02-10,4063,0.987247065248279,False,True,0
2006-02-14,1990-01-03,2006-02-13,4064,0.9872714681616218,False,True,0
2006-02-15,1990-01-03,2006-02-14,4065,0.9872239298193657,False,True,0
2006-02-16,1990-01-03,2006-02-15,4066,0.9872559678896422,False,True,0
2006-02-17,1990-01-03,2006-02-16,4067,0.9872538861993821,False,True,0
2006-02-21,1990-01-03,2006-02-17,4068,0.9872788010896459,False,True,0
2006-02-22,1990-01-03,2006-02-21,4069,0.9872877635632673,False,True,0
2006-02-23,1990-01-03,2006-02-22,4070,0.9872969754569132,False,True,0
2006-02-24,1990-01-03,2006-02-23,4071,0.9872875751435114,False,True,0
2006-02-27,1990-01-03,2006-02-24,4072,0.9873211350656439,False,True,0
2006-02-28,1990-01-03,2006-02-27,4073,0.9873567780331661,False,True,0
2006-03-01,1990-01-03,2006-02-28,4074,0.9872705506283043,False,True,0
2006-03-02,1990-01-03,2006-03-01,4075,0.9872540081446286,False,True,0
2006-03-03,1990-01-03,2006-03-02,4076,0.9872860289971445,False,True,0
2006-03-06,1990-01-03,2006-03-03,4077,0.9873175877278112,False,True,0
2006-03-07,1990-01-03,2006-03-06,4078,0.9872910051867185,False,True,0
2006-03-08,1990-01-03,2006-03-07,4079,0.9873275621175668,False,True,0
2006-03-09,1990-01-03,2006-03-08,4080,0.9873671555050024,False,True,0
2006-03-10,1990-01-03,2006-03-09,4081,0.9873691973468303,False,True,0
2006-03-13,1990-01-03,2006-03-10,4082,0.9873608509448655,False,True,0
2006-03-14,1990-01-03,2006-03-13,4083,0.9873946632877317,False,True,0
2006-03-15,1990-01-03,2006-03-14,4084,0.987374577765908,False,True,0
2006-03-16,1990-01-03,2006-03-15,4085,0.9873975963294379,False,True,0
2006-03-17,1990-01-03,2006-03-16,4086,0.987422011657539,False,True,0
2006-03-20,1990-01-03,2006-03-17,4087,0.9874428608908339,False,True,0
2006-03-21,1990-01-03,2006-03-20,4088,0.9874525182193564,False,True,0
2006-03-22,1990-01-03,2006-03-21,4089,0.9874132381676972,False,True,0
2006-03-23,1990-01-03,2006-03-22,4090,0.9874347217246355,False,True,0
2006-03-24,1990-01-03,2006-03-23,4091,0.9874453934669875,False,True,0
2006-03-27,1990-01-03,2006-03-24,4092,0.9874729981749012,False,True,0
2006-03-28,1990-01-03,2006-03-27,4093,0.9874923881613376,False,True,0
2006-03-29,1990-01-03,2006-03-28,4094,0.9874457710090968,False,True,0
2006-03-30,1990-01-03,2006-03-29,4095,0.9874381896173098,False,True,0
2006-03-31,1990-01-03,2006-03-30,4096,0.9874570219087988,False,True,0
2006-04-03,1990-01-03,2006-03-31,4097,0.9874555645358353,False,True,0
2006-04-04,1990-01-03,2006-04-03,4098,0.9874898622130338,False,True,0
2006-04-05,1990-01-03,2006-04-04,4099,0.9875081466522181,False,True,0
2006-04-06,1990-01-03,2006-04-05,4100,0.9875258830541949,False,True,0
2006-04-07,1990-01-03,2006-04-06,4101,0.9875405241340621,False,True,0
2006-04-10,1990-01-03,2006-04-07,4102,0.9874433338912467,False,True,0
2006-04-11,1990-01-03,2006-04-10,4103,0.9874913518155786,False,True,0
2006-04-12,1990-01-03,2006-04-11,4104,0.9874491008873583,False,True,0
2006-04-13,1990-01-03,2006-04-12,4105,0.9874999459033635,False,True,0
2006-04-17,1990-01-03,2006-04-13,4106,0.9875469090985592,False,True,0
2006-04-18,1990-01-03,2006-04-17,4107,0.9875701609945774,False,True,0
2006-04-19,1990-01-03,2006-04-18,4108,0.9874368202735889,False,True,0
2006-04-20,1990-01-03,2006-04-19,4109,0.9874756361395419,False,True,0
2006-04-21,1990-01-03,2006-04-20,4110,0.9875110072048058,False,True,0
2006-04-24,1990-01-03,2006-04-21,4111,0.9875428135967578,False,True,0
2006-04-25,1990-01-03,2006-04-24,4112,0.9875547791483923,False,True,0
2006-04-26,1990-01-03,2006-04-25,4113,0.987541771820463,False,True,0
2006-04-27,1990-01-03,2006-04-26,4114,0.9875743553224792,False,True,0
2006-04-28,1990-01-03,2006-04-27,4115,0.9876014938355274,False,True,0
2006-05-01,1990-01-03,2006-04-28,4116,0.987631458358853,False,True,0
2006-05-02,1990-01-03,2006-05-01,4117,0.9876232209249344,False,True,0
2006-05-03,1990-01-03,2006-05-02,4118,0.9876264036065439,False,True,0
2006-05-04,1990-01-03,2006-05-03,4119,0.9876226812278719,False,True,0
2006-05-05,1990-01-03,2006-05-04,4120,0.9876521045257561,False,True,0
2006-05-08,1990-01-03,2006-05-05,4121,0.9876262383970988,False,True,0
2006-05-09,1990-01-03,2006-05-08,4122,0.9876506863451228,False,True,0
2006-05-10,1990-01-03,2006-05-09,4123,0.9876779814091664,False,True,0
2006-05-11,1990-01-03,2006-05-10,4124,0.9876914182503986,False,True,0
2006-05-12,1990-01-03,2006-05-11,4125,0.9875646917372453,False,True,0
2006-05-15,1990-01-03,2006-05-12,4126,0.9874315938328838,False,True,0
2006-05-16,1990-01-03,2006-05-15,4127,0.987497393377216,False,True,0
2006-05-17,1990-01-03,2006-05-16,4128,0.9875499010600919,False,True,0
2006-05-18,1990-01-03,2006-05-17,4129,0.9873266839230771,False,True,0
2006-05-19,1990-01-03,2006-05-18,4130,0.9873351684864756,False,True,0
2006-05-22,1990-01-03,2006-05-19,4131,0.9873957439096452,False,True,0
2006-05-23,1990-01-03,2006-05-22,4132,0.9874427129413975,False,True,0
2006-05-24,1990-01-03,2006-05-23,4133,0.9874802540799058,False,True,0
2006-05-25,1990-01-03,2006-05-24,4134,0.9875476682794767,False,True,0
2006-05-26,1990-01-03,2006-05-25,4135,0.9874846729113806,False,True,0
2006-05-30,1990-01-03,2006-05-26,4136,0.9875100733370762,False,True,0
2006-05-31,1990-01-03,2006-05-30,4137,0.9873781738167228,False,True,0
2006-06-01,1990-01-03,2006-05-31,4138,0.9873857520047621,False,True,0
2006-06-02,1990-01-03,2006-06-01,4139,0.9873279531296927,False,True,0
2006-06-05,1990-01-03,2006-06-02,4140,0.9873722206200081,False,True,0
2006-06-06,1990-01-03,2006-06-05,4141,0.9872426271186053,False,True,0
2006-06-07,1990-01-03,2006-06-06,4142,0.9873012783802726,False,True,0
2006-06-08,1990-01-03,2006-06-07,4143,0.9873194768141818,False,True,0
2006-06-09,1990-01-03,2006-06-08,4144,0.9873735407782305,False,True,0
2006-06-12,1990-01-03,2006-06-09,4145,0.9873991290455165,False,True,0
2006-06-13,1990-01-03,2006-06-12,4146,0.9873490669352036,False,True,0
2006-06-14,1990-01-03,2006-06-13,4147,0.9873168378968596,False,True,0
2006-06-15,1990-01-03,2006-06-14,4148,0.9873584677799687,False,True,0
2006-06-16,1990-01-03,2006-06-15,4149,0.9872504819597856,False,True,0
2006-06-19,1990-01-03,2006-06-16,4150,0.9872795263696964,False,True,0
2006-06-20,1990-01-03,2006-06-19,4151,0.9872698814872103,False,True,0
2006-06-21,1990-01-03,2006-06-20,4152,0.9873091079419153,False,True,0
2006-06-22,1990-01-03,2006-06-21,4153,0.9873100160894756,False,True,0
2006-06-23,1990-01-03,2006-06-22,4154,0.9873197465185117,False,True,0
2006-06-26,1990-01-03,2006-06-23,4155,0.9873423202825927,False,True,0
2006-06-27,1990-01-03,2006-06-26,4156,0.9873557916831428,False,True,0
2006-06-28,1990-01-03,2006-06-27,4157,0.9873422879468066,False,True,0
2006-06-29,1990-01-03,2006-06-28,4158,0.9873560279991511,False,True,0
2006-06-30,1990-01-03,2006-06-29,4159,0.9873531068540081,False,True,0
2006-07-03,1990-01-03,2006-06-30,4160,0.9873565539203064,False,True,0
2006-07-05,1990-01-03,2006-07-03,4161,0.9873610216690083,False,True,0
2006-07-06,1990-01-03,2006-07-05,4162,0.9873512233150298,False,True,0
2006-07-07,1990-01-03,2006-07-06,4163,0.9873558355965074,False,True,0
2006-07-10,1990-01-03,2006-07-07,4164,0.987346294017406,False,True,0
2006-07-11,1990-01-03,2006-07-10,4165,0.987349756635909,False,True,0
2006-07-12,1990-01-03,2006-07-11,4166,0.9873489610315064,False,True,0
2006-07-13,1990-01-03,2006-07-12,4167,0.9873415026509076,False,True,0
2006-07-14,1990-01-03,2006-07-13,4168,0.9873176857231634,False,True,0
2006-07-17,1990-01-03,2006-07-14,4169,0.9873292035745294,False,True,0
2006-07-18,1990-01-03,2006-07-17,4170,0.9873491967872958,False,True,0
2006-07-19,1990-01-03,2006-07-18,4171,0.9873642141068449,False,True,0
2006-07-20,1990-01-03,2006-07-19,4172,0.9873673256232832,False,True,0
2006-07-21,1990-01-03,2006-07-20,4173,0.9873582580532057,False,True,0
2006-07-24,1990-01-03,2006-07-21,4174,0.9873540580970311,False,True,0
2006-07-25,1990-01-03,2006-07-24,4175,0.9873466445254948,False,True,0
2006-07-26,1990-01-03,2006-07-25,4176,0.9873509941291931,False,True,0
2006-07-27,1990-01-03,2006-07-26,4177,0.9873506982996143,False,True,0
2006-07-28,1990-01-03,2006-07-27,4178,0.9873431271274399,False,True,0
2006-07-31,1990-01-03,2006-07-28,4179,0.9873587735804241,False,True,0
2006-08-01,1990-01-03,2006-07-31,4180,0.9873476201013499,False,True,0
2006-08-02,1990-01-03,2006-08-01,4181,0.9873349970976127,False,True,0
2006-08-03,1990-01-03,2006-08-02,4182,0.9873295029665027,False,True,0
2006-08-04,1990-01-03,2006-08-03,4183,0.9873142578828107,False,True,0
2006-08-07,1990-01-03,2006-08-04,4184,0.9872908257835693,False,True,0
2006-08-08,1990-01-03,2006-08-07,4185,0.9872681851792073,False,True,0
2006-08-09,1990-01-03,2006-08-08,4186,0.9872463973454758,False,True,0
2006-08-10,1990-01-03,2006-08-09,4187,0.9872284799525374,False,True,0
2006-08-11,1990-01-03,2006-08-10,4188,0.9872197037553877,False,True,0
2006-08-14,1990-01-03,2006-08-11,4189,0.9872005936580432,False,True,0
2006-08-15,1990-01-03,2006-08-14,4190,0.9871824542234058,False,True,0
2006-08-16,1990-01-03,2006-08-15,4191,0.9872593762443689,False,True,0
2006-08-17,1990-01-03,2006-08-16,4192,0.987274259589793,False,True,0
2006-08-18,1990-01-03,2006-08-17,4193,0.9872455491999399,False,True,0
2006-08-21,1990-01-03,2006-08-18,4194,0.9872247052314735,False,True,0
2006-08-22,1990-01-03,2006-08-21,4195,0.9871978013541285,False,True,0
2006-08-23,1990-01-03,2006-08-22,4196,0.9871679266717749,False,True,0
2006-08-24,1990-01-03,2006-08-23,4197,0.9871470559899564,False,True,0
2006-08-25,1990-01-03,2006-08-24,4198,0.9871263864458355,False,True,0
2006-08-28,1990-01-03,2006-08-25,4199,0.9870969269315059,False,True,0
2006-08-29,1990-01-03,2006-08-28,4200,0.9870979050423833,False,True,0
2006-08-30,1990-01-03,2006-08-29,4201,0.9870696120478466,False,True,0
2006-08-31,1990-01-03,2006-08-30,4202,0.9870354241523889,False,True,0
2006-09-01,1990-01-03,2006-08-31,4203,0.9869982481715849,False,True,0
2006-09-05,1990-01-03,2006-09-01,4204,0.9870078136909346,False,True,0
2006-09-06,1990-01-03,2006-09-05,4205,0.9869713321034077,False,True,0
2006-09-07,1990-01-03,2006-09-06,4206,0.9870355177322774,False,True,0
2006-09-08,1990-01-03,2006-09-07,4207,0.9870232791634196,False,True,0
2006-09-11,1990-01-03,2006-09-08,4208,0.987030560436231,False,True,0
2006-09-12,1990-01-03,2006-09-11,4209,0.9870318756400752,False,True,0
2006-09-13,1990-01-03,2006-09-12,4210,0.9870625663269293,False,True,0
2006-09-14,1990-01-03,2006-09-13,4211,0.9870633733741272,False,True,0
2006-09-15,1990-01-03,2006-09-14,4212,0.9870532229728125,False,True,0
2006-09-18,1990-01-03,2006-09-15,4213,0.9870494334551672,False,True,0
2006-09-19,1990-01-03,2006-09-18,4214,0.9870397780069583,False,True,0
2006-09-20,1990-01-03,2006-09-19,4215,0.987030254132253,False,True,0
2006-09-21,1990-01-03,2006-09-20,4216,0.9870419244722484,False,True,0
2006-09-22,1990-01-03,2006-09-21,4217,0.9870278124881244,False,True,0
2006-09-25,1990-01-03,2006-09-22,4218,0.9870313954337083,False,True,0
2006-09-26,1990-01-03,2006-09-25,4219,0.9870282193863161,False,True,0
2006-09-27,1990-01-03,2006-09-26,4220,0.9870370259552294,False,True,0
2006-09-28,1990-01-03,2006-09-27,4221,0.9870432518404582,False,True,0
2006-09-29,1990-01-03,2006-09-28,4222,0.9870490387859545,False,True,0
2006-10-02,1990-01-03,2006-09-29,4223,0.9870414742184044,False,True,0
2006-10-03,1990-01-03,2006-10-02,4224,0.9870310352955532,False,True,0
2006-10-04,1990-01-03,2006-10-03,4225,0.9870461338913016,False,True,0
2006-10-05,1990-01-03,2006-10-04,4226,0.9870554204641401,False,True,0
2006-10-06,1990-01-03,2006-10-05,4227,0.9870634519066164,False,True,0
2006-10-09,1990-01-03,2006-10-06,4228,0.9870624029819698,False,True,0
2006-10-10,1990-01-03,2006-10-09,4229,0.9870764830713736,False,True,0
2006-10-11,1990-01-03,2006-10-10,4230,0.9870833510889231,False,True,0
2006-10-12,1990-01-03,2006-10-11,4231,0.9870856062194813,False,True,0
2006-10-13,1990-01-03,2006-10-12,4232,0.9870762332189845,False,True,0
2006-10-16,1990-01-03,2006-10-13,4233,0.9871068965913068,False,True,0
2006-10-17,1990-01-03,2006-10-16,4234,0.9871232828190679,False,True,0
2006-10-18,1990-01-03,2006-10-17,4235,0.9871014668474946,False,True,0
2006-10-19,1990-01-03,2006-10-18,4236,0.9871296563107433,False,True,0
2006-10-20,1990-01-03,2006-10-19,4237,0.9871521097746356,False,True,0
2006-10-23,1990-01-03,2006-10-20,4238,0.9871743022091257,False,True,0
2006-10-24,1990-01-03,2006-10-23,4239,0.9871829603618394,False,True,0
2006-10-25,1990-01-03,2006-10-24,4240,0.987201459659731,False,True,0
2006-10-26,1990-01-03,2006-10-25,4241,0.9872191384683612,False,True,0
2006-10-27,1990-01-03,2006-10-26,4242,0.9872349197104994,False,True,0
2006-10-30,1990-01-03,2006-10-27,4243,0.9871433681253,False,True,0
2006-10-31,1990-01-03,2006-10-30,4244,0.9871889858201346,False,True,0
2006-11-01,1990-01-03,2006-10-31,4245,0.9872354296244475,False,True,0
2006-11-02,1990-01-03,2006-11-01,4246,0.9871121651399128,False,True,0
2006-11-03,1990-01-03,2006-11-02,4247,0.9871679318796696,False,True,0
2006-11-06,1990-01-03,2006-11-03,4248,0.9871946519939898,False,True,0
2006-11-07,1990-01-03,2006-11-06,4249,0.9870684751018733,False,True,0
2006-11-08,1990-01-03,2006-11-07,4250,0.9871170954115516,False,True,0
2006-11-09,1990-01-03,2006-11-08,4251,0.9871685884517919,False,True,0
2006-11-10,1990-01-03,2006-11-09,4252,0.9871097031516247,False,True,0
2006-11-13,1990-01-03,2006-11-10,4253,0.9871661074249075,False,True,0
2006-11-14,1990-01-03,2006-11-13,4254,0.9872137126070579,False,True,0
2006-11-15,1990-01-03,2006-11-14,4255,0.9871875537237679,False,True,0
2006-11-16,1990-01-03,2006-11-15,4256,0.9872353138538007,False,True,0
2006-11-17,1990-01-03,2006-11-16,4257,0.9872798419694492,False,True,0
2006-11-20,1990-01-03,2006-11-17,4258,0.9873294335304651,False,True,0
2006-11-21,1990-01-03,2006-11-20,4259,0.9873703382867048,False,True,0
2006-11-22,1990-01-03,2006-11-21,4260,0.9874162836442884,False,True,0
2006-11-24,1990-01-03,2006-11-22,4261,0.9874564426159653,False,True,0
2006-11-27,1990-01-03,2006-11-24,4262,0.9874234568310793,False,True,0
2006-11-28,1990-01-03,2006-11-27,4263,0.9871431914823208,False,True,0
2006-11-29,1990-01-03,2006-11-28,4264,0.9872005767778664,False,True,0
2006-11-30,1990-01-03,2006-11-29,4265,0.9870774639310306,False,True,0
2006-12-01,1990-01-03,2006-11-30,4266,0.9871557313786232,False,True,0
2006-12-04,1990-01-03,2006-12-01,4267,0.987184857709228,False,True,0
2006-12-05,1990-01-03,2006-12-04,4268,0.9870760520274917,False,True,0
2006-12-06,1990-01-03,2006-12-05,4269,0.9871097581930082,False,True,0
2006-12-07,1990-01-03,2006-12-06,4270,0.9871624647252708,False,True,0
2006-12-08,1990-01-03,2006-12-07,4271,0.9871535138154981,False,True,0
2006-12-11,1990-01-03,2006-12-08,4272,0.9872208586589009,False,True,0
2006-12-12,1990-01-03,2006-12-11,4273,0.987278973990493,False,True,0
2006-12-13,1990-01-03,2006-12-12,4274,0.987331306940958,False,True,0
2006-12-14,1990-01-03,2006-12-13,4275,0.9873947793327548,False,True,0
2006-12-15,1990-01-03,2006-12-14,4276,0.9872972756291337,False,True,0
2006-12-18,1990-01-03,2006-12-15,4277,0.9873553343671904,False,True,0
2006-12-19,1990-01-03,2006-12-18,4278,0.9873517490211005,False,True,0
2006-12-20,1990-01-03,2006-12-19,4279,0.9874048271174082,False,True,0
2006-12-21,1990-01-03,2006-12-20,4280,0.987444725746292,False,True,0
2006-12-22,1990-01-03,2006-12-21,4281,0.987430334453873,False,True,0
2006-12-26,1990-01-03,2006-12-22,4282,0.9873723031761067,False,True,0
2006-12-27,1990-01-03,2006-12-26,4283,0.9873971448969125,False,True,0
2006-12-28,1990-01-03,2006-12-27,4284,0.9873473918472109,False,True,0
2006-12-29,1990-01-03,2006-12-28,4285,0.9873932873626854,False,True,0
2007-01-03,1990-01-03,2006-12-29,4286,0.987365898268075,False,True,0
2007-01-04,1990-01-03,2007-01-03,4287,0.9874215082016039,False,True,0
2007-01-05,1990-01-03,2007-01-04,4288,0.9874868215374701,False,True,0
2007-01-08,1990-01-03,2007-01-05,4289,0.9874144469099666,False,True,0
2007-01-09,1990-01-03,2007-01-08,4290,0.9874784247498715,False,True,0
2007-01-10,1990-01-03,2007-01-09,4291,0.9875404774076321,False,True,0
2007-01-11,1990-01-03,2007-01-10,4292,0.9876014037219171,False,True,0
2007-01-12,1990-01-03,2007-01-11,4293,0.9875742977698767,False,True,0
2007-01-16,1990-01-03,2007-01-12,4294,0.9875824820618333,False,True,0
2007-01-17,1990-01-03,2007-01-16,4295,0.9876387656431698,False,True,0
2007-01-18,1990-01-03,2007-01-17,4296,0.9876819332107933,False,True,0
2007-01-19,1990-01-03,2007-01-18,4297,0.9876866377957602,False,True,0
2007-01-22,1990-01-03,2007-01-19,4298,0.9877286210521472,False,True,0
2007-01-23,1990-01-03,2007-01-22,4299,0.9876698152706306,False,True,0
2007-01-24,1990-01-03,2007-01-23,4300,0.987705623341404,False,True,0
2007-01-25,1990-01-03,2007-01-24,4301,0.9876186875001032,False,True,0
2007-01-26,1990-01-03,2007-01-25,4302,0.9873995125030354,False,True,0
2007-01-29,1990-01-03,2007-01-26,4303,0.9874663209651348,False,True,0
2007-01-30,1990-01-03,2007-01-29,4304,0.987530817595109,False,True,0
2007-01-31,1990-01-03,2007-01-30,4305,0.9875297253577516,False,True,0
2007-02-01,1990-01-03,2007-01-31,4306,0.9875062939657279,False,True,0
2007-02-02,1990-01-03,2007-02-01,4307,0.9875106288745096,False,True,0
2007-02-05,1990-01-03,2007-02-02,4308,0.9875675410244683,False,True,0
2007-02-06,1990-01-03,2007-02-05,4309,0.9876162783327234,False,True,0
2007-02-07,1990-01-03,2007-02-06,4310,0.9876717009680043,False,True,0
2007-02-08,1990-01-03,2007-02-07,4311,0.9877231552523045,False,True,0
2007-02-09,1990-01-03,2007-02-08,4312,0.9877610425746325,False,True,0
2007-02-12,1990-01-03,2007-02-09,4313,0.9876581079134352,False,True,0
2007-02-13,1990-01-03,2007-02-12,4314,0.9876721785884649,False,True,0
2007-02-14,1990-01-03,2007-02-13,4315,0.9876214415017409,False,True,0
2007-02-15,1990-01-03,2007-02-14,4316,0.9875696469819877,False,True,0
2007-02-16,1990-01-03,2007-02-15,4317,0.9876279088979245,False,True,0
2007-02-20,1990-01-03,2007-02-16,4318,0.9876741349972519,False,True,0
2007-02-21,1990-01-03,2007-02-20,4319,0.9877147804670722,False,True,0
2007-02-22,1990-01-03,2007-02-21,4320,0.9877493963832039,False,True,0
2007-02-23,1990-01-03,2007-02-22,4321,0.9877907169709464,False,True,0
2007-02-26,1990-01-03,2007-02-23,4322,0.9877843020321022,False,True,0
2007-02-27,1990-01-03,2007-02-26,4323,0.9878242277318838,False,True,0
2007-02-28,1990-01-03,2007-02-27,4324,0.9875255306044881,False,True,0
2007-03-01,1990-01-03,2007-02-28,4325,0.9876004301311655,False,True,0
2007-03-02,1990-01-03,2007-03-01,4326,0.9876945076037714,False,True,0
2007-03-05,1990-01-03,2007-03-02,4327,0.9875909811211979,False,True,0
2007-03-06,1990-01-03,2007-03-05,4328,0.9875628776404415,False,True,0
2007-03-07,1990-01-03,2007-03-06,4329,0.9874322459827457,False,True,0
2007-03-08,1990-01-03,2007-03-07,4330,0.9875106197884013,False,True,0
2007-03-09,1990-01-03,2007-03-08,4331,0.987543191046346,False,True,0
2007-03-12,1990-01-03,2007-03-09,4332,0.9876188917801213,False,True,0
2007-03-13,1990-01-03,2007-03-12,4333,0.9876844832050059,False,True,0
2007-03-14,1990-01-03,2007-03-13,4334,0.9874719664437799,False,True,0
2007-03-15,1990-01-03,2007-03-14,4335,0.987513174212993,False,True,0
2007-03-16,1990-01-03,2007-03-15,4336,0.9875711270162152,False,True,0
2007-03-19,1990-01-03,2007-03-16,4337,0.9876137560138116,False,True,0
2007-03-20,1990-01-03,2007-03-19,4338,0.9875919753652831,False,True,0
2007-03-21,1990-01-03,2007-03-20,4339,0.9876155709612865,False,True,0
2007-03-22,1990-01-03,2007-03-21,4340,0.9875403312358682,False,True,0
2007-03-23,1990-01-03,2007-03-22,4341,0.987574050585633,False,True,0
2007-03-26,1990-01-03,2007-03-23,4342,0.9876026947228265,False,True,0
2007-03-27,1990-01-03,2007-03-26,4343,0.9876262078624752,False,True,0
2007-03-28,1990-01-03,2007-03-27,4344,0.9876204462840015,False,True,0
2007-03-29,1990-01-03,2007-03-28,4345,0.9876044422826659,False,True,0
2007-03-30,1990-01-03,2007-03-29,4346,0.9876292579271041,False,True,0
2007-04-02,1990-01-03,2007-03-30,4347,0.9876508935618895,False,True,0
2007-04-03,1990-01-03,2007-04-02,4348,0.9876694594678634,False,True,0
2007-04-04,1990-01-03,2007-04-03,4349,0.9876696630823418,False,True,0
2007-04-05,1990-01-03,2007-04-04,4350,0.9876798101183446,False,True,0
2007-04-09,1990-01-03,2007-04-05,4351,0.9876860816835032,False,True,0
2007-04-10,1990-01-03,2007-04-09,4352,0.9876870020909628,False,True,0
2007-04-11,1990-01-03,2007-04-10,4353,0.9876863588137603,False,True,0
2007-04-12,1990-01-03,2007-04-11,4354,0.9876739989207226,False,True,0
2007-04-13,1990-01-03,2007-04-12,4355,0.9876806721843205,False,True,0
2007-04-16,1990-01-03,2007-04-13,4356,0.9876843221055871,False,True,0
2007-04-17,1990-01-03,2007-04-16,4357,0.9877095385774551,False,True,0
2007-04-18,1990-01-03,2007-04-17,4358,0.9877060152469744,False,True,0
2007-04-19,1990-01-03,2007-04-18,4359,0.9876961329186403,False,True,0
2007-04-20,1990-01-03,2007-04-19,4360,0.9876835789887091,False,True,0
2007-04-23,1990-01-03,2007-04-20,4361,0.9877230794881293,False,True,0
2007-04-24,1990-01-03,2007-04-23,4362,0.9877073956120218,False,True,0
2007-04-25,1990-01-03,2007-04-24,4363,0.9876956335462219,False,True,0
2007-04-26,1990-01-03,2007-04-25,4364,0.9877503364870113,False,True,0
2007-04-27,1990-01-03,2007-04-26,4365,0.9877345766728174,False,True,0
2007-04-30,1990-01-03,2007-04-27,4366,0.9877186173465967,False,True,0
2007-05-01,1990-01-03,2007-04-30,4367,0.9877176492846808,False,True,0
2007-05-02,1990-01-03,2007-05-01,4368,0.987724569149321,False,True,0
2007-05-03,1990-01-03,2007-05-02,4369,0.9877357903159037,False,True,0
2007-05-04,1990-01-03,2007-05-03,4370,0.9877432770219193,False,True,0
2007-05-07,1990-01-03,2007-05-04,4371,0.9877445923671766,False,True,0
2007-05-08,1990-01-03,2007-05-07,4372,0.9877452799124672,False,True,0
2007-05-09,1990-01-03,2007-05-08,4373,0.9877356371910959,False,True,0
2007-05-10,1990-01-03,2007-05-09,4374,0.9877384883934972,False,True,0
2007-05-11,1990-01-03,2007-05-10,4375,0.9877414843808224,False,True,0
2007-05-14,1990-01-03,2007-05-11,4376,0.9877098644840738,False,True,0
2007-05-15,1990-01-03,2007-05-14,4377,0.9877310775034289,False,True,0
2007-05-16,1990-01-03,2007-05-15,4378,0.987755716458875,False,True,0
2007-05-17,1990-01-03,2007-05-16,4379,0.9877380614062363,False,True,0
2007-05-18,1990-01-03,2007-05-17,4380,0.9877602522878294,False,True,0
2007-05-21,1990-01-03,2007-05-18,4381,0.9877608200054104,False,True,0
2007-05-22,1990-01-03,2007-05-21,4382,0.9877820641498843,False,True,0
2007-05-23,1990-01-03,2007-05-22,4383,0.9877969538637861,False,True,0
2007-05-24,1990-01-03,2007-05-23,4384,0.9878071006757012,False,True,0
2007-05-25,1990-01-03,2007-05-24,4385,0.9877454443502194,False,True,0
2007-05-29,1990-01-03,2007-05-25,4386,0.9877564108407831,False,True,0
2007-05-30,1990-01-03,2007-05-29,4387,0.9877906303437227,False,True,0
2007-05-31,1990-01-03,2007-05-30,4388,0.987774175811912,False,True,0
2007-06-01,1990-01-03,2007-05-31,4389,0.9878013569702355,False,True,0
2007-06-04,1990-01-03,2007-06-01,4390,0.9878166287954985,False,True,0
2007-06-05,1990-01-03,2007-06-04,4391,0.9878368333654257,False,True,0
2007-06-06,1990-01-03,2007-06-05,4392,0.9878132876707532,False,True,0
2007-06-07,1990-01-03,2007-06-06,4393,0.9877385071365259,False,True,0
2007-06-08,1990-01-03,2007-06-07,4394,0.9875373312671455,False,True,0
2007-06-11,1990-01-03,2007-06-08,4395,0.9874596782954129,False,True,0
2007-06-12,1990-01-03,2007-06-11,4396,0.9875252279265153,False,True,0
2007-06-13,1990-01-03,2007-06-12,4397,0.9874317999226375,False,True,0
2007-06-14,1990-01-03,2007-06-13,4398,0.987298084176309,False,True,0
2007-06-15,1990-01-03,2007-06-14,4399,0.9873362402178011,False,True,0
2007-06-18,1990-01-03,2007-06-15,4400,0.9873495689308064,False,True,0
2007-06-19,1990-01-03,2007-06-18,4401,0.9873938371823004,False,True,0
2007-06-20,1990-01-03,2007-06-19,4402,0.9874378499330685,False,True,0
2007-06-21,1990-01-03,2007-06-20,4403,0.9873242816215664,False,True,0
2007-06-22,1990-01-03,2007-06-21,4404,0.9873462051194892,False,True,0
2007-06-25,1990-01-03,2007-06-22,4405,0.9872458937972171,False,True,0
2007-06-26,1990-01-03,2007-06-25,4406,0.9872903633235868,False,True,0
2007-06-27,1990-01-03,2007-06-26,4407,0.9873318044523323,False,True,0
2007-06-28,1990-01-03,2007-06-27,4408,0.9873244675888697,False,True,0
2007-06-29,1990-01-03,2007-06-28,4409,0.9873704016623766,False,True,0
2007-07-02,1990-01-03,2007-06-29,4410,0.9874057368888418,False,True,0
2007-07-03,1990-01-03,2007-07-02,4411,0.9873822812330929,False,True,0
2007-07-05,1990-01-03,2007-07-03,4412,0.9874077159542122,False,True,0
2007-07-06,1990-01-03,2007-07-05,4413,0.9874328497126826,False,True,0
2007-07-09,1990-01-03,2007-07-06,4414,0.9874508492774404,False,True,0
2007-07-10,1990-01-03,2007-07-09,4415,0.9874670352103299,False,True,0
2007-07-11,1990-01-03,2007-07-10,4416,0.9874142715165144,False,True,0
2007-07-12,1990-01-03,2007-07-11,4417,0.987431770268873,False,True,0
2007-07-13,1990-01-03,2007-07-12,4418,0.9873625079862366,False,True,0
2007-07-16,1990-01-03,2007-07-13,4419,0.9873846595960789,False,True,0
2007-07-17,1990-01-03,2007-07-16,4420,0.987399372388997,False,True,0
2007-07-18,1990-01-03,2007-07-17,4421,0.9874170711126854,False,True,0
2007-07-19,1990-01-03,2007-07-18,4422,0.9874262217764894,False,True,0
2007-07-20,1990-01-03,2007-07-19,4423,0.9874356724923881,False,True,0
2007-07-23,1990-01-03,2007-07-20,4424,0.987396260825436,False,True,0
2007-07-24,1990-01-03,2007-07-23,4425,0.9874153454427756,False,True,0
2007-07-25,1990-01-03,2007-07-24,4426,0.9873098343974237,False,True,0
2007-07-26,1990-01-03,2007-07-25,4427,0.9873485462021703,False,True,0
2007-07-27,1990-01-03,2007-07-26,4428,0.9871723721545701,False,True,0
2007-07-30,1990-01-03,2007-07-27,4429,0.9870798397718463,False,True,0
2007-07-31,1990-01-03,2007-07-30,4430,0.9870928672411285,False,True,0
2007-08-01,1990-01-03,2007-07-31,4431,0.9870592971833518,False,True,0
2007-08-02,1990-01-03,2007-08-01,4432,0.9870962058068868,False,True,0
2007-08-03,1990-01-03,2007-08-02,4433,0.9871421027395259,False,True,0
2007-08-06,1990-01-03,2007-08-03,4434,0.9869982716242572,False,True,0
2007-08-07,1990-01-03,2007-08-06,4435,0.9868905053492986,False,True,0
2007-08-08,1990-01-03,2007-08-07,4436,0.9869264707764583,False,True,0
2007-08-09,1990-01-03,2007-08-08,4437,0.9869128922399458,False,True,0
2007-08-10,1990-01-03,2007-08-09,4438,0.9867991059984196,False,True,0
2007-08-13,1990-01-03,2007-08-10,4439,0.9868606604392248,False,True,0
2007-08-14,1990-01-03,2007-08-13,4440,0.9868995554016377,False,True,0
2007-08-15,1990-01-03,2007-08-14,4441,0.9868496948705051,False,True,0
2007-08-16,1990-01-03,2007-08-15,4442,0.9868407640992282,False,True,0
2007-08-17,1990-01-03,2007-08-16,4443,0.986876446388975,False,True,0
2007-08-20,1990-01-03,2007-08-17,4444,0.9868480202206309,False,True,0
2007-08-21,1990-01-03,2007-08-20,4445,0.9868641421980751,False,True,0
2007-08-22,1990-01-03,2007-08-21,4446,0.9868744324698739,False,True,0
2007-08-23,1990-01-03,2007-08-22,4447,0.9868747865233791,False,True,0
2007-08-24,1990-01-03,2007-08-23,4448,0.9868660031763343,False,True,0
2007-08-27,1990-01-03,2007-08-24,4449,0.9868685631753453,False,True,0
2007-08-28,1990-01-03,2007-08-27,4450,0.9868570765939413,False,True,0
2007-08-29,1990-01-03,2007-08-28,4451,0.986878010764232,False,True,0
2007-08-30,1990-01-03,2007-08-29,4452,0.9868875945354463,False,True,0
2007-08-31,1990-01-03,2007-08-30,4453,0.9868838946485787,False,True,0
2007-09-04,1990-01-03,2007-08-31,4454,0.9868873220714665,False,True,0
2007-09-05,1990-01-03,2007-09-04,4455,0.9868846502864506,False,True,0
2007-09-06,1990-01-03,2007-09-05,4456,0.9868776207138671,False,True,0
2007-09-07,1990-01-03,2007-09-06,4457,0.986862138144066,False,True,0
2007-09-10,1990-01-03,2007-09-07,4458,0.98686838125869,False,True,0
2007-09-11,1990-01-03,2007-09-10,4459,0.9868609538199429,False,True,0
2007-09-12,1990-01-03,2007-09-11,4460,0.9868673224092995,False,True,0
2007-09-13,1990-01-03,2007-09-12,4461,0.9868451629708462,False,True,0
2007-09-14,1990-01-03,2007-09-13,4462,0.9868412966786944,False,True,0
2007-09-17,1990-01-03,2007-09-14,4463,0.9868029313735994,False,True,0
2007-09-18,1990-01-03,2007-09-17,4464,0.9867706006139352,False,True,0
2007-09-19,1990-01-03,2007-09-18,4465,0.9869914871875871,False,True,0
2007-09-20,1990-01-03,2007-09-19,4466,0.9869618416891643,False,True,0
2007-09-21,1990-01-03,2007-09-20,4467,0.9869354651126461,False,True,0
2007-09-24,1990-01-03,2007-09-21,4468,0.9868980726003224,False,True,0
2007-09-25,1990-01-03,2007-09-24,4469,0.9868634006534129,False,True,0
2007-09-26,1990-01-03,2007-09-25,4470,0.9868141578735408,False,True,0
2007-09-27,1990-01-03,2007-09-26,4471,0.9867786504924491,False,True,0
2007-09-28,1990-01-03,2007-09-27,4472,0.9867286762810518,False,True,0
2007-10-01,1990-01-03,2007-09-28,4473,0.9866733216479169,False,True,0
2007-10-02,1990-01-03,2007-10-01,4474,0.9867728941875352,False,True,0
2007-10-03,1990-01-03,2007-10-02,4475,0.9867055390743533,False,True,0
2007-10-04,1990-01-03,2007-10-03,4476,0.9866606820615885,False,True,0
2007-10-05,1990-01-03,2007-10-04,4477,0.9865983985142038,False,True,0
2007-10-08,1990-01-03,2007-10-05,4478,0.9866463953006185,False,True,0
2007-10-09,1990-01-03,2007-10-08,4479,0.9865907076323718,False,True,0
2007-10-10,1990-01-03,2007-10-09,4480,0.9866140727715755,False,True,0
2007-10-11,1990-01-03,2007-10-10,4481,0.9865475744045386,False,True,0
2007-10-12,1990-01-03,2007-10-11,4482,0.9865166467381687,False,True,0
2007-10-15,1990-01-03,2007-10-12,4483,0.9864850938365575,False,True,0
2007-10-16,1990-01-03,2007-10-15,4484,0.9865019066872794,False,True,0
2007-10-17,1990-01-03,2007-10-16,4485,0.9864885385668377,False,True,0
2007-10-18,1990-01-03,2007-10-17,4486,0.9864576644052774,False,True,0
2007-10-19,1990-01-03,2007-10-18,4487,0.9864220476489872,False,True,0
2007-10-22,1990-01-03,2007-10-19,4488,0.986583113030441,False,True,0
2007-10-23,1990-01-03,2007-10-22,4489,0.9865978775998718,False,True,0
2007-10-24,1990-01-03,2007-10-23,4490,0.9866029060573761,False,True,0
2007-10-25,1990-01-03,2007-10-24,4491,0.986604286375708,False,True,0
2007-10-26,1990-01-03,2007-10-25,4492,0.9866038640036962,False,True,0
2007-10-29,1990-01-03,2007-10-26,4493,0.9866362244874444,False,True,0
2007-10-30,1990-01-03,2007-10-29,4494,0.9866271318890899,False,True,0
2007-10-31,1990-01-03,2007-10-30,4495,0.986601523774029,False,True,0
2007-11-01,1990-01-03,2007-10-31,4496,0.986636486705994,False,True,0
2007-11-02,1990-01-03,2007-11-01,4497,0.9866790738904163,False,True,0
2007-11-05,1990-01-03,2007-11-02,4498,0.9867086087913016,False,True,0
2007-11-06,1990-01-03,2007-11-05,4499,0.9867225420787534,False,True,0
2007-11-07,1990-01-03,2007-11-06,4500,0.9867173516052604,False,True,0
2007-11-08,1990-01-03,2007-11-07,4501,0.9866682718877156,False,True,0
2007-11-09,1990-01-03,2007-11-08,4502,0.9867088993457919,False,True,0
2007-11-12,1990-01-03,2007-11-09,4503,0.986684155251847,False,True,0
2007-11-13,1990-01-03,2007-11-12,4504,0.986693971364377,False,True,0
2007-11-14,1990-01-03,2007-11-13,4505,0.9866048715386315,False,True,0
2007-11-15,1990-01-03,2007-11-14,4506,0.9866189437660713,False,True,0
2007-11-16,1990-01-03,2007-11-15,4507,0.9866082847070048,False,True,0
2007-11-19,1990-01-03,2007-11-16,4508,0.9866315092162388,False,True,0
2007-11-20,1990-01-03,2007-11-19,4509,0.986611076660934,False,True,0
2007-11-21,1990-01-03,2007-11-20,4510,0.986631801914754,False,True,0
2007-11-23,1990-01-03,2007-11-21,4511,0.9866179197742865,False,True,0
2007-11-26,1990-01-03,2007-11-23,4512,0.9866085146240905,False,True,0
2007-11-27,1990-01-03,2007-11-26,4513,0.9865825008025992,False,True,0
2007-11-28,1990-01-03,2007-11-27,4514,0.9865812164976456,False,True,0
2007-11-29,1990-01-03,2007-11-28,4515,0.9865663280275366,False,True,0
2007-11-30,1990-01-03,2007-11-29,4516,0.9865696632170945,False,True,0
2007-12-03,1990-01-03,2007-11-30,4517,0.9865635969748529,False,True,0
2007-12-04,1990-01-03,2007-12-03,4518,0.9865501224309219,False,True,0
2007-12-05,1990-01-03,2007-12-04,4519,0.9865371579563579,False,True,0
2007-12-06,1990-01-03,2007-12-05,4520,0.9865490645529111,False,True,0
2007-12-07,1990-01-03,2007-12-06,4521,0.9865662731416438,False,True,0
2007-12-10,1990-01-03,2007-12-07,4522,0.9865332441579053,False,True,0
2007-12-11,1990-01-03,2007-12-10,4523,0.9865107784891681,False,True,0
2007-12-12,1990-01-03,2007-12-11,4524,0.9866283228945283,False,True,0
2007-12-13,1990-01-03,2007-12-12,4525,0.9866164442390054,False,True,0
2007-12-14,1990-01-03,2007-12-13,4526,0.9865959852877771,False,True,0
2007-12-17,1990-01-03,2007-12-14,4527,0.9866001542331141,False,True,0
2007-12-18,1990-01-03,2007-12-17,4528,0.9866030090446517,False,True,0
2007-12-19,1990-01-03,2007-12-18,4529,0.986594129368582,False,True,0
2007-12-20,1990-01-03,2007-12-19,4530,0.9865784415284623,False,True,0
2007-12-21,1990-01-03,2007-12-20,4531,0.9865572882315664,False,True,0
2007-12-24,1990-01-03,2007-12-21,4532,0.9865943911649321,False,True,0
2007-12-26,1990-01-03,2007-12-24,4533,0.9865757555704692,False,True,0
2007-12-27,1990-01-03,2007-12-26,4534,0.9865292140508544,False,True,0
2007-12-28,1990-01-03,2007-12-27,4535,0.9865622234942345,False,True,0
2007-12-31,1990-01-03,2007-12-28,4536,0.9865278743638557,False,True,0
2008-01-02,1990-01-03,2007-12-31,4537,0.9865046610958024,False,True,0
2008-01-03,1990-01-03,2008-01-02,4538,0.9865219546060885,False,True,0
2008-01-04,1990-01-03,2008-01-03,4539,0.9865001134171695,False,True,0
2008-01-07,1990-01-03,2008-01-04,4540,0.9865622129749556,False,True,0
2008-01-08,1990-01-03,2008-01-07,4541,0.9865585715691056,False,True,0
2008-01-09,1990-01-03,2008-01-08,4542,0.9865585018905432,False,True,0
2008-01-10,1990-01-03,2008-01-09,4543,0.9865579361622228,False,True,0
2008-01-11,1990-01-03,2008-01-10,4544,0.986554509799478,False,True,0
2008-01-14,1990-01-03,2008-01-11,4545,0.9865528264167364,False,True,0
2008-01-15,1990-01-03,2008-01-14,4546,0.9865446741487464,False,True,0
2008-01-16,1990-01-03,2008-01-15,4547,0.9865774205779206,False,True,0
2008-01-17,1990-01-03,2008-01-16,4548,0.9865808463719756,False,True,0
2008-01-18,1990-01-03,2008-01-17,4549,0.9865719400889024,False,True,0
2008-01-22,1990-01-03,2008-01-18,4550,0.9865861940957341,False,True,0
2008-01-23,1990-01-03,2008-01-22,4551,0.9865901108493135,False,True,0
2008-01-24,1990-01-03,2008-01-23,4552,0.9865849991033335,False,True,0
2008-01-25,1990-01-03,2008-01-24,4553,0.9865822822512124,False,True,0
2008-01-28,1990-01-03,2008-01-25,4554,0.9865805697916001,False,True,0
2008-01-29,1990-01-03,2008-01-28,4555,0.9865821189887154,False,True,0
2008-01-30,1990-01-03,2008-01-29,4556,0.986566979299504,False,True,0
2008-01-31,1990-01-03,2008-01-30,4557,0.9865453574489917,False,True,0
2008-02-01,1990-01-03,2008-01-31,4558,0.9865596106200966,False,True,0
2008-02-04,1990-01-03,2008-02-01,4559,0.986552979419958,False,True,0
2008-02-05,1990-01-03,2008-02-04,4560,0.986537628231914,False,True,0
2008-02-06,1990-01-03,2008-02-05,4561,0.9866456624070851,False,True,0
2008-02-07,1990-01-03,2008-02-06,4562,0.9866401392273498,False,True,0
2008-02-08,1990-01-03,2008-02-07,4563,0.9866294944463088,False,True,0
2008-02-11,1990-01-03,2008-02-08,4564,0.9866114176739146,False,True,0
2008-02-12,1990-01-03,2008-02-11,4565,0.9865862481938876,False,True,0
2008-02-13,1990-01-03,2008-02-12,4566,0.9865581039290734,False,True,0
2008-02-14,1990-01-03,2008-02-13,4567,0.9865620032478669,False,True,0
2008-02-15,1990-01-03,2008-02-14,4568,0.9865648800481688,False,True,0
2008-02-19,1990-01-03,2008-02-15,4569,0.986522942672346,False,True,0
2008-02-20,1990-01-03,2008-02-19,4570,0.9864736913340413,False,True,0
2008-02-21,1990-01-03,2008-02-20,4571,0.9864421635290496,False,True,0
2008-02-22,1990-01-03,2008-02-21,4572,0.9864515340295482,False,True,0
2008-02-25,1990-01-03,2008-02-22,4573,0.9864200523035254,False,True,0
2008-02-26,1990-01-03,2008-02-25,4574,0.9864445833154971,False,True,0
2008-02-27,1990-01-03,2008-02-26,4575,0.9864018092096318,False,True,0
2008-02-28,1990-01-03,2008-02-27,4576,0.9863312680195423,False,True,0
2008-02-29,1990-01-03,2008-02-28,4577,0.9863115514565219,False,True,0
2008-03-03,1990-01-03,2008-02-29,4578,0.9864882612854816,False,True,0
2008-03-04,1990-01-03,2008-03-03,4579,0.9864641062415509,False,True,0
2008-03-05,1990-01-03,2008-03-04,4580,0.9864355366870363,False,True,0
2008-03-06,1990-01-03,2008-03-05,4581,0.9864040122524335,False,True,0
2008-03-07,1990-01-03,2008-03-06,4582,0.9864720733144501,False,True,0
2008-03-10,1990-01-03,2008-03-07,4583,0.9864611106859582,False,True,0
2008-03-11,1990-01-03,2008-03-10,4584,0.9864616465093903,False,True,0
2008-03-12,1990-01-03,2008-03-11,4585,0.9865251238334221,False,True,0
2008-03-13,1990-01-03,2008-03-12,4586,0.9865144943139823,False,True,0
2008-03-14,1990-01-03,2008-03-13,4587,0.9864970982622431,False,True,0
2008-03-17,1990-01-03,2008-03-14,4588,0.9865196552654604,False,True,0
2008-03-18,1990-01-03,2008-03-17,4589,0.9865127047995246,False,True,0
2008-03-19,1990-01-03,2008-03-18,4590,0.9866069713059276,False,True,0
2008-03-20,1990-01-03,2008-03-19,4591,0.986619255937532,False,True,0
2008-03-24,1990-01-03,2008-03-20,4592,0.9866295749811678,False,True,0
2008-03-25,1990-01-03,2008-03-24,4593,0.9866288699215479,False,True,0
2008-03-26,1990-01-03,2008-03-25,4594,0.9866035597178409,False,True,0
2008-03-27,1990-01-03,2008-03-26,4595,0.9865844796353173,False,True,0
2008-03-28,1990-01-03,2008-03-27,4596,0.9865737841051238,False,True,0
2008-03-31,1990-01-03,2008-03-28,4597,0.9865554451595383,False,True,0
2008-04-01,1990-01-03,2008-03-31,4598,0.9865287577384909,False,True,0
2008-04-02,1990-01-03,2008-04-01,4599,0.9867007507162258,False,True,0
2008-04-03,1990-01-03,2008-04-02,4600,0.9866564587807755,False,True,0
2008-04-04,1990-01-03,2008-04-03,4601,0.9866044719433213,False,True,0
2008-04-07,1990-01-03,2008-04-04,4602,0.9865432566267429,False,True,0
2008-04-08,1990-01-03,2008-04-07,4603,0.9864730790446378,False,True,0
2008-04-09,1990-01-03,2008-04-08,4604,0.9864185610768347,False,True,0
2008-04-10,1990-01-03,2008-04-09,4605,0.9863789765426986,False,True,0
2008-04-11,1990-01-03,2008-04-10,4606,0.9863290212376942,False,True,0
2008-04-14,1990-01-03,2008-04-11,4607,0.9864358600337216,False,True,0
2008-04-15,1990-01-03,2008-04-14,4608,0.9864011005568095,False,True,0
2008-04-16,1990-01-03,2008-04-15,4609,0.9863597273465731,False,True,0
2008-04-17,1990-01-03,2008-04-16,4610,0.9864991693738895,False,True,0
2008-04-18,1990-01-03,2008-04-17,4611,0.9864397205653457,False,True,0
2008-04-21,1990-01-03,2008-04-18,4612,0.9865543903662598,False,True,0
2008-04-22,1990-01-03,2008-04-21,4613,0.9864861439568724,False,True,0
2008-04-23,1990-01-03,2008-04-22,4614,0.9864702348452788,False,True,0
2008-04-24,1990-01-03,2008-04-23,4615,0.9864095278464992,False,True,0
2008-04-25,1990-01-03,2008-04-24,4616,0.9863687253073407,False,True,0
2008-04-28,1990-01-03,2008-04-25,4617,0.9863284142096372,False,True,0
2008-04-29,1990-01-03,2008-04-28,4618,0.9862500640131111,False,True,0
2008-04-30,1990-01-03,2008-04-29,4619,0.9861863599995307,False,True,0
2008-05-01,1990-01-03,2008-04-30,4620,0.9861253932652073,False,True,0
2008-05-02,1990-01-03,2008-05-01,4621,0.9863049942824795,False,True,0
2008-05-05,1990-01-03,2008-05-02,4622,0.9862338082441057,False,True,0
2008-05-06,1990-01-03,2008-05-05,4623,0.9861788343121105,False,True,0
2008-05-07,1990-01-03,2008-05-06,4624,0.9861711301092266,False,True,0
2008-05-08,1990-01-03,2008-05-07,4625,0.9863583474783961,False,True,0
2008-05-09,1990-01-03,2008-05-08,4626,0.9863242812619331,False,True,0
2008-05-12,1990-01-03,2008-05-09,4627,0.9863038701814578,False,True,0
2008-05-13,1990-01-03,2008-05-12,4628,0.9863233874610735,False,True,0
2008-05-14,1990-01-03,2008-05-13,4629,0.9862807164458857,False,True,0
2008-05-15,1990-01-03,2008-05-14,4630,0.9862420837134614,False,True,0
2008-05-16,1990-01-03,2008-05-15,4631,0.9862801828310658,False,True,0
2008-05-19,1990-01-03,2008-05-16,4632,0.9862230101678532,False,True,0
2008-05-20,1990-01-03,2008-05-19,4633,0.9861614147823595,False,True,0
2008-05-21,1990-01-03,2008-05-20,4634,0.9861841503053518,False,True,0
2008-05-22,1990-01-03,2008-05-21,4635,0.9862515991116954,False,True,0
2008-05-23,1990-01-03,2008-05-22,4636,0.9862369590077429,False,True,0
2008-05-27,1990-01-03,2008-05-23,4637,0.9862455435629963,False,True,0
2008-05-28,1990-01-03,2008-05-27,4638,0.986241938409287,False,True,0
2008-05-29,1990-01-03,2008-05-28,4639,0.9862346669358653,False,True,0
2008-05-30,1990-01-03,2008-05-29,4640,0.9862240832871799,False,True,0
2008-06-02,1990-01-03,2008-05-30,4641,0.9862014234426694,False,True,0
2008-06-03,1990-01-03,2008-06-02,4642,0.9862058866212031,False,True,0
2008-06-04,1990-01-03,2008-06-03,4643,0.9861953301222643,False,True,0
2008-06-05,1990-01-03,2008-06-04,4644,0.9861852577426928,False,True,0
2008-06-06,1990-01-03,2008-06-05,4645,0.9862551494404022,False,True,0
2008-06-09,1990-01-03,2008-06-06,4646,0.9863523943572182,False,True,0
2008-06-10,1990-01-03,2008-06-09,4647,0.9863807269898537,False,True,0
2008-06-11,1990-01-03,2008-06-10,4648,0.986398615281831,False,True,0
2008-06-12,1990-01-03,2008-06-11,4649,0.986369621692444,False,True,0
2008-06-13,1990-01-03,2008-06-12,4650,0.986393631111414,False,True,0
2008-06-16,1990-01-03,2008-06-13,4651,0.9863855152098319,False,True,0
2008-06-17,1990-01-03,2008-06-16,4652,0.9863948045575999,False,True,0
2008-06-18,1990-01-03,2008-06-17,4653,0.9863922483296554,False,True,0
2008-06-19,1990-01-03,2008-06-18,4654,0.9863868524907218,False,True,0
2008-06-20,1990-01-03,2008-06-19,4655,0.986392843201705,False,True,0
2008-06-23,1990-01-03,2008-06-20,4656,0.986380639632978,False,True,0
2008-06-24,1990-01-03,2008-06-23,4657,0.9863966225169933,False,True,0
2008-06-25,1990-01-03,2008-06-24,4658,0.9864030659950257,False,True,0
2008-06-26,1990-01-03,2008-06-25,4659,0.9864040492205711,False,True,0
2008-06-27,1990-01-03,2008-06-26,4660,0.9864094813924427,False,True,0
2008-06-30,1990-01-03,2008-06-27,4661,0.9864322850102063,False,True,0
2008-07-01,1990-01-03,2008-06-30,4662,0.9864522066446517,False,True,0
2008-07-02,1990-01-03,2008-07-01,4663,0.9864622092309924,False,True,0
2008-07-03,1990-01-03,2008-07-02,4664,0.9864479775947316,False,True,0
2008-07-07,1990-01-03,2008-07-03,4665,0.9864635904308139,False,True,0
2008-07-08,1990-01-03,2008-07-07,4666,0.9864641536454757,False,True,0
2008-07-09,1990-01-03,2008-07-08,4667,0.9864628359847958,False,True,0
2008-07-10,1990-01-03,2008-07-09,4668,0.9864541229450581,False,True,0
2008-07-11,1990-01-03,2008-07-10,4669,0.9864645488166633,False,True,0
2008-07-14,1990-01-03,2008-07-11,4670,0.9864621698160522,False,True,0
2008-07-15,1990-01-03,2008-07-14,4671,0.986464167969345,False,True,0
2008-07-16,1990-01-03,2008-07-15,4672,0.9864634978070256,False,True,0
2008-07-17,1990-01-03,2008-07-16,4673,0.9864584499782588,False,True,0
2008-07-18,1990-01-03,2008-07-17,4674,0.9864579125980019,False,True,0
2008-07-21,1990-01-03,2008-07-18,4675,0.9864478828926192,False,True,0
2008-07-22,1990-01-03,2008-07-21,4676,0.9864300388641274,False,True,0
2008-07-23,1990-01-03,2008-07-22,4677,0.9864412668985323,False,True,0
2008-07-24,1990-01-03,2008-07-23,4678,0.9864108037447927,False,True,0
2008-07-25,1990-01-03,2008-07-24,4679,0.9864892114835421,False,True,0
2008-07-28,1990-01-03,2008-07-25,4680,0.9864783318164977,False,True,0
2008-07-29,1990-01-03,2008-07-28,4681,0.9864858030266208,False,True,0
2008-07-30,1990-01-03,2008-07-29,4682,0.9865072282536268,False,True,0
2008-07-31,1990-01-03,2008-07-30,4683,0.9865198631441439,False,True,0
2008-08-01,1990-01-03,2008-07-31,4684,0.9865182079691547,False,True,0
2008-08-04,1990-01-03,2008-08-01,4685,0.9865078489105238,False,True,0
2008-08-05,1990-01-03,2008-08-04,4686,0.9864991152821045,False,True,0
2008-08-06,1990-01-03,2008-08-05,4687,0.9865567493639676,False,True,0
2008-08-07,1990-01-03,2008-08-06,4688,0.9865343760439343,False,True,0
2008-08-08,1990-01-03,2008-08-07,4689,0.9865553159306576,False,True,0
2008-08-11,1990-01-03,2008-08-08,4690,0.9865938401021505,False,True,0
2008-08-12,1990-01-03,2008-08-11,4691,0.986576128251483,False,True,0
2008-08-13,1990-01-03,2008-08-12,4692,0.9865724810862052,False,True,0
2008-08-14,1990-01-03,2008-08-13,4693,0.986551528122217,False,True,0
2008-08-15,1990-01-03,2008-08-14,4694,0.9865276380172334,False,True,0
2008-08-18,1990-01-03,2008-08-15,4695,0.9864946300048743,False,True,0
2008-08-19,1990-01-03,2008-08-18,4696,0.9865152847957893,False,True,0
2008-08-20,1990-01-03,2008-08-19,4697,0.986503351763742,False,True,0
2008-08-21,1990-01-03,2008-08-20,4698,0.9864843836155502,False,True,0
2008-08-22,1990-01-03,2008-08-21,4699,0.9864534870740997,False,True,0
2008-08-25,1990-01-03,2008-08-22,4700,0.9864552739211218,False,True,0
2008-08-26,1990-01-03,2008-08-25,4701,0.9865113260416495,False,True,0
2008-08-27,1990-01-03,2008-08-26,4702,0.9864894477487912,False,True,0
2008-08-28,1990-01-03,2008-08-27,4703,0.9864781471627614,False,True,0
2008-08-29,1990-01-03,2008-08-28,4704,0.9865079776297347,False,True,0
2008-09-02,1990-01-03,2008-08-29,4705,0.9865185952558552,False,True,0
2008-09-03,1990-01-03,2008-09-02,4706,0.9864946947306568,False,True,0
2008-09-04,1990-01-03,2008-09-03,4707,0.9864659242702917,False,True,0
2008-09-05,1990-01-03,2008-09-04,4708,0.986569223260431,False,True,0
2008-09-08,1990-01-03,2008-09-05,4709,0.9865689458116248,False,True,0
2008-09-09,1990-01-03,2008-09-08,4710,0.9865861681167025,False,True,0
2008-09-10,1990-01-03,2008-09-09,4711,0.9866307110903692,False,True,0
2008-09-11,1990-01-03,2008-09-10,4712,0.986640675671135,False,True,0
2008-09-12,1990-01-03,2008-09-11,4713,0.9866415827420882,False,True,0
2008-09-15,1990-01-03,2008-09-12,4714,0.9866369805860068,False,True,0
2008-09-16,1990-01-03,2008-09-15,4715,0.986693349186098,False,True,0
2008-09-17,1990-01-03,2008-09-16,4716,0.9866894378151106,False,True,0
2008-09-18,1990-01-03,2008-09-17,4717,0.98662481880128,False,True,0
2008-09-19,1990-01-03,2008-09-18,4718,0.9865428843853804,False,True,0
2008-09-22,1990-01-03,2008-09-19,4719,0.9864974992950488,False,True,0
2008-09-23,1990-01-03,2008-09-22,4720,0.9864661562870303,False,True,0
2008-09-24,1990-01-03,2008-09-23,4721,0.9864761595522268,False,True,0
2008-09-25,1990-01-03,2008-09-24,4722,0.9864962613422091,False,True,0
2008-09-26,1990-01-03,2008-09-25,4723,0.9864945444589179,False,True,0
2008-09-29,1990-01-03,2008-09-26,4724,0.9864897516859998,False,True,0
2008-09-30,1990-01-03,2008-09-29,4725,0.9865970875284167,False,True,0
2008-10-01,1990-01-03,2008-09-30,4726,0.9865209799273454,False,True,0
2008-10-02,1990-01-03,2008-10-01,4727,0.9865459078564893,False,True,0
2008-10-03,1990-01-03,2008-10-02,4728,0.9865272180907654,False,True,0
2008-10-06,1990-01-03,2008-10-03,4729,0.9865413304235477,False,True,0
2008-10-07,1990-01-03,2008-10-06,4730,0.9865313737086697,False,True,0
2008-10-08,1990-01-03,2008-10-07,4731,0.9865033599235864,False,True,0
2008-10-09,1990-01-03,2008-10-08,4732,0.9865234115722168,False,True,0
2008-10-10,1990-01-03,2008-10-09,4733,0.9864969166937306,False,True,0
2008-10-13,1990-01-03,2008-10-10,4734,0.9865174854527092,False,True,0
2008-10-14,1990-01-03,2008-10-13,4735,0.9865173755055902,False,True,0
2008-10-15,1990-01-03,2008-10-14,4736,0.9865089869185439,False,True,0
2008-10-16,1990-01-03,2008-10-15,4737,0.9865817897730828,False,True,0
2008-10-17,1990-01-03,2008-10-16,4738,0.9865771963308729,False,True,0
2008-10-20,1990-01-03,2008-10-17,4739,0.9865643839454661,False,True,0
2008-10-21,1990-01-03,2008-10-20,4740,0.9865783037950003,False,True,0
2008-10-22,1990-01-03,2008-10-21,4741,0.9865713683456463,False,True,0
2008-10-23,1990-01-03,2008-10-22,4742,0.9866283677727145,False,True,0
2008-10-24,1990-01-03,2008-10-23,4743,0.986599152706604,False,True,0
2008-10-27,1990-01-03,2008-10-24,4744,0.9865957918014978,False,True,0
2008-10-28,1990-01-03,2008-10-27,4745,0.9865863487265571,False,True,0
2008-10-29,1990-01-03,2008-10-28,4746,0.9867724653620368,False,True,0
2008-10-30,1990-01-03,2008-10-29,4747,0.9867213748903219,False,True,0
2008-10-31,1990-01-03,2008-10-30,4748,0.9866844003440982,False,True,0
2008-11-03,1990-01-03,2008-10-31,4749,0.9866136405390544,False,True,0
2008-11-04,1990-01-03,2008-11-03,4750,0.9865191115949712,False,True,0
2008-11-05,1990-01-03,2008-11-04,4751,0.9865998094954042,False,True,0
2008-11-06,1990-01-03,2008-11-05,4752,0.9867914396464811,False,True,0
2008-11-07,1990-01-03,2008-11-06,4753,0.9868818877864889,False,True,0
2008-11-10,1990-01-03,2008-11-07,4754,0.9868559513192448,False,True,0
2008-11-11,1990-01-03,2008-11-10,4755,0.9867958052179683,False,True,0
2008-11-12,1990-01-03,2008-11-11,4756,0.9867569976625653,False,True,0
2008-11-13,1990-01-03,2008-11-12,4757,0.986853306455598,False,True,0
2008-11-14,1990-01-03,2008-11-13,4758,0.9869876534126042,False,True,0
2008-11-17,1990-01-03,2008-11-14,4759,0.9870206746271925,False,True,0
2008-11-18,1990-01-03,2008-11-17,4760,0.9869954575870046,False,True,0
2008-11-19,1990-01-03,2008-11-18,4761,0.9869307117725449,False,True,0
2008-11-20,1990-01-03,2008-11-19,4762,0.987053208015842,False,True,0
2008-11-21,1990-01-03,2008-11-20,4763,0.9871373265714831,False,True,0
2008-11-24,1990-01-03,2008-11-21,4764,0.987175770946621,False,True,0
2008-11-25,1990-01-03,2008-11-24,4765,0.9872458713180313,False,True,0
2008-11-26,1990-01-03,2008-11-25,4766,0.9871778940050293,False,True,0
2008-11-28,1990-01-03,2008-11-26,4767,0.9871723152036355,False,True,0
2008-12-01,1990-01-03,2008-11-28,4768,0.9870820932860813,False,True,0
2008-12-02,1990-01-03,2008-12-01,4769,0.9874426826286015,False,True,0
2008-12-03,1990-01-03,2008-12-02,4770,0.9874394702093308,False,True,0
2008-12-04,1990-01-03,2008-12-03,4771,0.9873997801972151,False,True,0
2008-12-05,1990-01-03,2008-12-04,4772,0.9873810697478045,False,True,0
2008-12-08,1990-01-03,2008-12-05,4773,0.9873798437125284,False,True,0
2008-12-09,1990-01-03,2008-12-08,4774,0.9873996151080047,False,True,0
2008-12-10,1990-01-03,2008-12-09,4775,0.98735915773617,False,True,0
2008-12-11,1990-01-03,2008-12-10,4776,0.9872715092919805,False,True,0
2008-12-12,1990-01-03,2008-12-11,4777,0.9872627773886885,False,True,0
2008-12-15,1990-01-03,2008-12-12,4778,0.9871655523256911,False,True,0
2008-12-16,1990-01-03,2008-12-15,4779,0.9870843806155366,False,True,0
2008-12-17,1990-01-03,2008-12-16,4780,0.9872759853911415,False,True,0
2008-12-18,1990-01-03,2008-12-17,4781,0.9871777203331386,False,True,0
2008-12-19,1990-01-03,2008-12-18,4782,0.9871394447950271,False,True,0
2008-12-22,1990-01-03,2008-12-19,4783,0.9870249644205041,False,True,0
2008-12-23,1990-01-03,2008-12-22,4784,0.9869728883488456,False,True,0
2008-12-24,1990-01-03,2008-12-23,4785,0.9868793157396158,False,True,0
2008-12-26,1990-01-03,2008-12-24,4786,0.9867622411990731,False,True,0
2008-12-29,1990-01-03,2008-12-26,4787,0.9866353267792065,False,True,0
2008-12-30,1990-01-03,2008-12-29,4788,0.9865052991160859,False,True,0
2008-12-31,1990-01-03,2008-12-30,4789,0.9865461895321826,False,True,0
2009-01-02,1990-01-03,2008-12-31,4790,0.9864659086953168,False,True,0
2009-01-05,1990-01-03,2009-01-02,4791,0.9866853155474476,False,True,0
2009-01-06,1990-01-03,2009-01-05,4792,0.9865418228214197,False,True,0
2009-01-07,1990-01-03,2009-01-06,4793,0.9864047430614078,False,True,0
2009-01-08,1990-01-03,2009-01-07,4794,0.9866440045536876,False,True,0
2009-01-09,1990-01-03,2009-01-08,4795,0.9865216121504099,False,True,0
2009-01-12,1990-01-03,2009-01-09,4796,0.9865617465688007,False,True,0
2009-01-13,1990-01-03,2009-01-12,4797,0.9865966975897434,False,True,0
2009-01-14,1990-01-03,2009-01-13,4798,0.9865001917362524,False,True,0
2009-01-15,1990-01-03,2009-01-14,4799,0.9866385525319677,False,True,0
2009-01-16,1990-01-03,2009-01-15,4800,0.986567042025743,False,True,0
2009-01-20,1990-01-03,2009-01-16,4801,0.9864938193728932,False,True,0
2009-01-21,1990-01-03,2009-01-20,4802,0.9867803411357674,False,True,0
2009-01-22,1990-01-03,2009-01-21,4803,0.9868659400519739,False,True,0
2009-01-23,1990-01-03,2009-01-22,4804,0.9868404450242939,False,True,0
2009-01-26,1990-01-03,2009-01-23,4805,0.9867883192505934,False,True,0
2009-01-27,1990-01-03,2009-01-26,4806,0.9867283491498532,False,True,0
2009-01-28,1990-01-03,2009-01-27,4807,0.9866743807502009,False,True,0
2009-01-29,1990-01-03,2009-01-28,4808,0.9868065963855778,False,True,0
2009-01-30,1990-01-03,2009-01-29,4809,0.9869306605020718,False,True,0
2009-02-02,1990-01-03,2009-01-30,4810,0.9869397754865101,False,True,0
2009-02-03,1990-01-03,2009-02-02,4811,0.9868896874274588,False,True,0
2009-02-04,1990-01-03,2009-02-03,4812,0.9868620406159965,False,True,0
2009-02-05,1990-01-03,2009-02-04,4813,0.9868085373029722,False,True,0
2009-02-06,1990-01-03,2009-02-05,4814,0.9867871589093914,False,True,0
2009-02-09,1990-01-03,2009-02-06,4815,0.9868664114646684,False,True,0
2009-02-10,1990-01-03,2009-02-09,4816,0.9867818092252171,False,True,0
2009-02-11,1990-01-03,2009-02-10,4817,0.9871044265675257,False,True,0
2009-02-12,1990-01-03,2009-02-11,4818,0.987065476227138,False,True,0
2009-02-13,1990-01-03,2009-02-12,4819,0.9870151306782127,False,True,0
2009-02-17,1990-01-03,2009-02-13,4820,0.9869779364378396,False,True,0
2009-02-18,1990-01-03,2009-02-17,4821,0.987128361121249,False,True,0
2009-02-19,1990-01-03,2009-02-18,4822,0.9871023318245146,False,True,0
2009-02-20,1990-01-03,2009-02-19,4823,0.9870820795544942,False,True,0
2009-02-23,1990-01-03,2009-02-20,4824,0.9870598084086514,False,True,0
2009-02-24,1990-01-03,2009-02-23,4825,0.9871016385707396,False,True,0
2009-02-25,1990-01-03,2009-02-24,4826,0.9871426648354188,False,True,0
2009-02-26,1990-01-03,2009-02-25,4827,0.9871201937406721,False,True,0
2009-02-27,1990-01-03,2009-02-26,4828,0.9871055828344716,False,True,0
2009-03-02,1990-01-03,2009-02-27,4829,0.9871087000019021,False,True,0
2009-03-03,1990-01-03,2009-03-02,4830,0.9871604754929132,False,True,0
2009-03-04,1990-01-03,2009-03-03,4831,0.9871510661956713,False,True,0
2009-03-05,1990-01-03,2009-03-04,4832,0.9871449733343486,False,True,0
2009-03-06,1990-01-03,2009-03-05,4833,0.9871835116000293,False,True,0
2009-03-09,1990-01-03,2009-03-06,4834,0.9871676515501516,False,True,0
2009-03-10,1990-01-03,2009-03-09,4835,0.9871484569139518,False,True,0
2009-03-11,1990-01-03,2009-03-10,4836,0.9872703465828037,False,True,0
2009-03-12,1990-01-03,2009-03-11,4837,0.987228159981371,False,True,0
2009-03-13,1990-01-03,2009-03-12,4838,0.9873217800273406,False,True,0
2009-03-16,1990-01-03,2009-03-13,4839,0.9872653117070781,False,True,0
2009-03-17,1990-01-03,2009-03-16,4840,0.9872011104919256,False,True,0
2009-03-18,1990-01-03,2009-03-17,4841,0.9873081075002733,False,True,0
2009-03-19,1990-01-03,2009-03-18,4842,0.9873224116406171,False,True,0
2009-03-20,1990-01-03,2009-03-19,4843,0.987284775986288,False,True,0
2009-03-23,1990-01-03,2009-03-20,4844,0.9872914833339015,False,True,0
2009-03-24,1990-01-03,2009-03-23,4845,0.9876889309447761,False,True,0
2009-03-25,1990-01-03,2009-03-24,4846,0.9876992992491482,False,True,0
2009-03-26,1990-01-03,2009-03-25,4847,0.987645259604769,False,True,0
2009-03-27,1990-01-03,2009-03-26,4848,0.9876810016012552,False,True,0
2009-03-30,1990-01-03,2009-03-27,4849,0.9876979422843931,False,True,0
2009-03-31,1990-01-03,2009-03-30,4850,0.9877994314240351,False,True,0
2009-04-01,1990-01-03,2009-03-31,4851,0.9877684150405756,False,True,0
2009-04-02,1990-01-03,2009-04-01,4852,0.9877483084338043,False,True,0
2009-04-03,1990-01-03,2009-04-02,4853,0.9878120613424438,False,True,0
2009-04-06,1990-01-03,2009-04-03,4854,0.987759731228675,False,True,0
2009-04-07,1990-01-03,2009-04-06,4855,0.9877075946307613,False,True,0
2009-04-08,1990-01-03,2009-04-07,4856,0.9877525991321446,False,True,0
2009-04-09,1990-01-03,2009-04-08,4857,0.9877148306158953,False,True,0
2009-04-13,1990-01-03,2009-04-09,4858,0.9878837620282284,False,True,0
2009-04-14,1990-01-03,2009-04-13,4859,0.9878131654416203,False,True,0
2009-04-15,1990-01-03,2009-04-14,4860,0.9878410187740572,False,True,0
2009-04-16,1990-01-03,2009-04-15,4861,0.9878085971214462,False,True,0
2009-04-17,1990-01-03,2009-04-16,4862,0.987797701469981,False,True,0
2009-04-20,1990-01-03,2009-04-17,4863,0.9877257746173211,False,True,0
2009-04-21,1990-01-03,2009-04-20,4864,0.9879915138746173,False,True,0
2009-04-22,1990-01-03,2009-04-21,4865,0.9880001377459607,False,True,0
2009-04-23,1990-01-03,2009-04-22,4866,0.9879664816780664,False,True,0
2009-04-24,1990-01-03,2009-04-23,4867,0.9879312785620905,False,True,0
2009-04-27,1990-01-03,2009-04-24,4868,0.9879293315963946,False,True,0
2009-04-28,1990-01-03,2009-04-27,4869,0.9878972442219178,False,True,0
2009-04-29,1990-01-03,2009-04-28,4870,0.9878439845457427,False,True,0
2009-04-30,1990-01-03,2009-04-29,4871,0.9878948083026268,False,True,0
2009-05-01,1990-01-03,2009-04-30,4872,0.9878297771520665,False,True,0
2009-05-04,1990-01-03,2009-05-01,4873,0.9877643423967585,False,True,0
2009-05-05,1990-01-03,2009-05-04,4874,0.9880273290345135,False,True,0
2009-05-06,1990-01-03,2009-05-05,4875,0.9879569108657636,False,True,0
2009-05-07,1990-01-03,2009-05-06,4876,0.9880155194472888,False,True,0
2009-05-08,1990-01-03,2009-05-07,4877,0.9880205172777871,False,True,0
2009-05-11,1990-01-03,2009-05-08,4878,0.9881579509271299,False,True,0
2009-05-12,1990-01-03,2009-05-11,4879,0.988247636506424,False,True,0
2009-05-13,1990-01-03,2009-05-12,4880,0.9881955746929311,False,True,0
2009-05-14,1990-01-03,2009-05-13,4881,0.9882941868160372,False,True,0
2009-05-15,1990-01-03,2009-05-14,4882,0.988272385361182,False,True,0
2009-05-18,1990-01-03,2009-05-15,4883,0.9882568950201893,False,True,0
2009-05-19,1990-01-03,2009-05-18,4884,0.9883484092006389,False,True,0
2009-05-20,1990-01-03,2009-05-19,4885,0.9883074603601677,False,True,0
2009-05-21,1990-01-03,2009-05-20,4886,0.9882691722399684,False,True,0
2009-05-22,1990-01-03,2009-05-21,4887,0.9882825128663733,False,True,0
2009-05-26,1990-01-03,2009-05-22,4888,0.9882469582695482,False,True,0
2009-05-27,1990-01-03,2009-05-26,4889,0.9883333670318624,False,True,0
2009-05-28,1990-01-03,2009-05-27,4890,0.9883610988226501,False,True,0
2009-05-29,1990-01-03,2009-05-28,4891,0.9883628330702399,False,True,0
2009-06-01,1990-01-03,2009-05-29,4892,0.9883581207925235,False,True,0
2009-06-02,1990-01-03,2009-06-01,4893,0.9884563350425037,False,True,0
2009-06-03,1990-01-03,2009-06-02,4894,0.9884054751147175,False,True,0
2009-06-04,1990-01-03,2009-06-03,4895,0.988410820623737,False,True,0
2009-06-05,1990-01-03,2009-06-04,4896,0.9883983544406701,False,True,0
2009-06-08,1990-01-03,2009-06-05,4897,0.9883520959828667,False,True,0
2009-06-09,1990-01-03,2009-06-08,4898,0.9883012208609099,False,True,0
2009-06-10,1990-01-03,2009-06-09,4899,0.988247509705349,False,True,0
2009-06-11,1990-01-03,2009-06-10,4900,0.9881953730328125,False,True,0
2009-06-12,1990-01-03,2009-06-11,4901,0.9881509026261767,False,True,0
2009-06-15,1990-01-03,2009-06-12,4902,0.9880864137267285,False,True,0
2009-06-16,1990-01-03,2009-06-15,4903,0.9882464249301116,False,True,0
2009-06-17,1990-01-03,2009-06-16,4904,0.9882460804554307,False,True,0
2009-06-18,1990-01-03,2009-06-17,4905,0.9882189327059141,False,True,0
2009-06-19,1990-01-03,2009-06-18,4906,0.9882007338800194,False,True,0
2009-06-22,1990-01-03,2009-06-19,4907,0.9881646154899222,False,True,0
2009-06-23,1990-01-03,2009-06-22,4908,0.9882876039309503,False,True,0
2009-06-24,1990-01-03,2009-06-23,4909,0.9882761451557635,False,True,0
2009-06-25,1990-01-03,2009-06-24,4910,0.988261880287717,False,True,0
2009-06-26,1990-01-03,2009-06-25,4911,0.9883038836118073,False,True,0
2009-06-29,1990-01-03,2009-06-26,4912,0.9882778042856163,False,True,0
2009-06-30,1990-01-03,2009-06-29,4913,0.9882646639463689,False,True,0
2009-07-01,1990-01-03,2009-06-30,4914,0.9882494936926784,False,True,0
2009-07-02,1990-01-03,2009-07-01,4915,0.988221181911579,False,True,0
2009-07-06,1990-01-03,2009-07-02,4916,0.9883177749484054,False,True,0
2009-07-07,1990-01-03,2009-07-06,4917,0.9883096301818534,False,True,0
2009-07-08,1990-01-03,2009-07-07,4918,0.9883155040600066,False,True,0
2009-07-09,1990-01-03,2009-07-08,4919,0.9883128959976709,False,True,0
2009-07-10,1990-01-03,2009-07-09,4920,0.9883043971935391,False,True,0
2009-07-13,1990-01-03,2009-07-10,4921,0.9882931788907963,False,True,0
2009-07-14,1990-01-03,2009-07-13,4922,0.9883393878158939,False,True,0
2009-07-15,1990-01-03,2009-07-14,4923,0.9883204998067261,False,True,0
2009-07-16,1990-01-03,2009-07-15,4924,0.9884321739088913,False,True,0
2009-07-17,1990-01-03,2009-07-16,4925,0.9884180417991361,False,True,0
2009-07-20,1990-01-03,2009-07-17,4926,0.9883827262688561,False,True,0
2009-07-21,1990-01-03,2009-07-20,4927,0.9883914527736498,False,True,0
2009-07-22,1990-01-03,2009-07-21,4928,0.9883512663988056,False,True,0
2009-07-23,1990-01-03,2009-07-22,4929,0.9883045134971241,False,True,0
2009-07-24,1990-01-03,2009-07-23,4930,0.9884931920182078,False,True,0
2009-07-27,1990-01-03,2009-07-24,4931,0.988443381401029,False,True,0
2009-07-28,1990-01-03,2009-07-27,4932,0.9883912568174658,False,True,0
2009-07-29,1990-01-03,2009-07-28,4933,0.9883394684657896,False,True,0
2009-07-30,1990-01-03,2009-07-29,4934,0.9883006618410988,False,True,0
2009-07-31,1990-01-03,2009-07-30,4935,0.9883563525776325,False,True,0
2009-08-03,1990-01-03,2009-07-31,4936,0.9883003033435666,False,True,0
2009-08-04,1990-01-03,2009-08-03,4937,0.9884429309467452,False,True,0
2009-08-05,1990-01-03,2009-08-04,4938,0.9883906700638122,False,True,0
2009-08-06,1990-01-03,2009-08-05,4939,0.988340756104152,False,True,0
2009-08-07,1990-01-03,2009-08-06,4940,0.9883167387548416,False,True,0
2009-08-10,1990-01-03,2009-08-07,4941,0.9884191015731252,False,True,0
2009-08-11,1990-01-03,2009-08-10,4942,0.9883792131268451,False,True,0
2009-08-12,1990-01-03,2009-08-11,4943,0.9884333674205039,False,True,0
2009-08-13,1990-01-03,2009-08-12,4944,0.9884654279540955,False,True,0
2009-08-14,1990-01-03,2009-08-13,4945,0.9884598052447843,False,True,0
2009-08-17,1990-01-03,2009-08-14,4946,0.9884590572182301,False,True,0
2009-08-18,1990-01-03,2009-08-17,4947,0.9885311892890079,False,True,0
2009-08-19,1990-01-03,2009-08-18,4948,0.9885332168876213,False,True,0
2009-08-20,1990-01-03,2009-08-19,4949,0.9885338603164524,False,True,0
2009-08-21,1990-01-03,2009-08-20,4950,0.9885390103971491,False,True,0
2009-08-24,1990-01-03,2009-08-21,4951,0.9885745396334407,False,True,0
2009-08-25,1990-01-03,2009-08-24,4952,0.9885623415365716,False,True,0
2009-08-26,1990-01-03,2009-08-25,4953,0.9885473552839367,False,True,0
2009-08-27,1990-01-03,2009-08-26,4954,0.9885285468632468,False,True,0
2009-08-28,1990-01-03,2009-08-27,4955,0.9885083527789491,False,True,0
2009-08-31,1990-01-03,2009-08-28,4956,0.9884848530532806,False,True,0
2009-09-01,1990-01-03,2009-08-31,4957,0.9884813374321335,False,True,0
2009-09-02,1990-01-03,2009-09-01,4958,0.9885200145543109,False,True,0
2009-09-03,1990-01-03,2009-09-02,4959,0.9885262588392671,False,True,0
2009-09-04,1990-01-03,2009-09-03,4960,0.9885293681911934,False,True,0
2009-09-08,1990-01-03,2009-09-04,4961,0.9885343766757849,False,True,0
2009-09-09,1990-01-03,2009-09-08,4962,0.9885373170667796,False,True,0
2009-09-10,1990-01-03,2009-09-09,4963,0.9885384490857723,False,True,0
2009-09-11,1990-01-03,2009-09-10,4964,0.9885492437648669,False,True,0
2009-09-14,1990-01-03,2009-09-11,4965,0.9885364430628526,False,True,0
2009-09-15,1990-01-03,2009-09-14,4966,0.9885328516734689,False,True,0
2009-09-16,1990-01-03,2009-09-15,4967,0.9885216341599051,False,True,0
2009-09-17,1990-01-03,2009-09-16,4968,0.9885910938711,False,True,0
2009-09-18,1990-01-03,2009-09-17,4969,0.9885711413405736,False,True,0
2009-09-21,1990-01-03,2009-09-18,4970,0.9885522428285658,False,True,0
2009-09-22,1990-01-03,2009-09-21,4971,0.9885327667987788,False,True,0
2009-09-23,1990-01-03,2009-09-22,4972,0.9885348522961851,False,True,0
2009-09-24,1990-01-03,2009-09-23,4973,0.9885436869420413,False,True,0
2009-09-25,1990-01-03,2009-09-24,4974,0.9885347902520631,False,True,0
2009-09-28,1990-01-03,2009-09-25,4975,0.988529377918976,False,True,0
2009-09-29,1990-01-03,2009-09-28,4976,0.9885483825381053,False,True,0
2009-09-30,1990-01-03,2009-09-29,4977,0.9885453916050174,False,True,0
2009-10-01,1990-01-03,2009-09-30,4978,0.9885408317177193,False,True,0
2009-10-02,1990-01-03,2009-10-01,4979,0.9885357255347134,False,True,0
2009-10-05,1990-01-03,2009-10-02,4980,0.9885519412801579,False,True,0
2009-10-06,1990-01-03,2009-10-05,4981,0.9885376617805608,False,True,0
2009-10-07,1990-01-03,2009-10-06,4982,0.9885299544649886,False,True,0
2009-10-08,1990-01-03,2009-10-07,4983,0.9885412217694608,False,True,0
2009-10-09,1990-01-03,2009-10-08,4984,0.9885486988064816,False,True,0
2009-10-12,1990-01-03,2009-10-09,4985,0.9885514711488995,False,True,0
2009-10-13,1990-01-03,2009-10-12,4986,0.9885516032406573,False,True,0
2009-10-14,1990-01-03,2009-10-13,4987,0.9885466909241694,False,True,0
2009-10-15,1990-01-03,2009-10-14,4988,0.9885799738851972,False,True,0
2009-10-16,1990-01-03,2009-10-15,4989,0.9885746404527676,False,True,0
2009-10-19,1990-01-03,2009-10-16,4990,0.9885681542593128,False,True,0
2009-10-20,1990-01-03,2009-10-19,4991,0.9885747610511323,False,True,0
2009-10-21,1990-01-03,2009-10-20,4992,0.9885677458138091,False,True,0
2009-10-22,1990-01-03,2009-10-21,4993,0.9885597884601142,False,True,0
2009-10-23,1990-01-03,2009-10-22,4994,0.9885646956975732,False,True,0
2009-10-26,1990-01-03,2009-10-23,4995,0.9885548684668212,False,True,0
2009-10-27,1990-01-03,2009-10-26,4996,0.9885378751033287,False,True,0
2009-10-28,1990-01-03,2009-10-27,4997,0.988549255928373,False,True,0
2009-10-29,1990-01-03,2009-10-28,4998,0.9885107604973017,False,True,0
2009-10-30,1990-01-03,2009-10-29,4999,0.9884720491459119,False,True,0
2009-11-02,1990-01-03,2009-10-30,5000,0.9884066060999301,False,True,0
2009-11-03,1990-01-03,2009-11-02,5001,0.9884306187202504,False,True,0
2009-11-04,1990-01-03,2009-11-03,5002,0.9884545308379409,False,True,0
2009-11-05,1990-01-03,2009-11-04,5003,0.9884747842932753,False,True,0
2009-11-06,1990-01-03,2009-11-05,5004,0.9884609927274848,False,True,0
2009-11-09,1990-01-03,2009-11-06,5005,0.9884701649115708,False,True,0
2009-11-10,1990-01-03,2009-11-09,5006,0.9884749898500367,False,True,0
2009-11-11,1990-01-03,2009-11-10,5007,0.9884744323767136,False,True,0
2009-11-12,1990-01-03,2009-11-11,5008,0.9884705230308384,False,True,0
2009-11-13,1990-01-03,2009-11-12,5009,0.9884655408964915,False,True,0
2009-11-16,1990-01-03,2009-11-13,5010,0.988463733256567,False,True,0
2009-11-17,1990-01-03,2009-11-16,5011,0.9884828481603968,False,True,0
2009-11-18,1990-01-03,2009-11-17,5012,0.9884716029007093,False,True,0
2009-11-19,1990-01-03,2009-11-18,5013,0.9884568602810181,False,True,0
2009-11-20,1990-01-03,2009-11-19,5014,0.9884622654621927,False,True,0
2009-11-23,1990-01-03,2009-11-20,5015,0.9884563581288283,False,True,0
2009-11-24,1990-01-03,2009-11-23,5016,0.9884702364807041,False,True,0
2009-11-25,1990-01-03,2009-11-24,5017,0.9884629808583504,False,True,0
2009-11-27,1990-01-03,2009-11-25,5018,0.9884527212921342,False,True,0
2009-11-30,1990-01-03,2009-11-27,5019,0.9884707720774215,False,True,0
2009-12-01,1990-01-03,2009-11-30,5020,0.9884709460609292,False,True,0
2009-12-02,1990-01-03,2009-12-01,5021,0.9884789169973375,False,True,0
2009-12-03,1990-01-03,2009-12-02,5022,0.988471154417262,False,True,0
2009-12-04,1990-01-03,2009-12-03,5023,0.9884641134792582,False,True,0
2009-12-07,1990-01-03,2009-12-04,5024,0.9884612101841025,False,True,0
2009-12-08,1990-01-03,2009-12-07,5025,0.9884522871254798,False,True,0
2009-12-09,1990-01-03,2009-12-08,5026,0.9884482036286676,False,True,0
2009-12-10,1990-01-03,2009-12-09,5027,0.9884461333675403,False,True,0
2009-12-11,1990-01-03,2009-12-10,5028,0.988443158736315,False,True,0
2009-12-14,1990-01-03,2009-12-11,5029,0.9884352021653834,False,True,0
2009-12-15,1990-01-03,2009-12-14,5030,0.9884381731012646,False,True,0
2009-12-16,1990-01-03,2009-12-15,5031,0.9884229844521266,False,True,0
2009-12-17,1990-01-03,2009-12-16,5032,0.9884106956919742,False,True,0
2009-12-18,1990-01-03,2009-12-17,5033,0.9884141601521637,False,True,0
2009-12-21,1990-01-03,2009-12-18,5034,0.9884134338506747,False,True,0
2009-12-22,1990-01-03,2009-12-21,5035,0.9884245324583302,False,True,0
2009-12-23,1990-01-03,2009-12-22,5036,0.9884168536345272,False,True,0
2009-12-24,1990-01-03,2009-12-23,5037,0.9884078721972759,False,True,0
2009-12-28,1990-01-03,2009-12-24,5038,0.9884023084301888,False,True,0
2009-12-29,1990-01-03,2009-12-28,5039,0.9883840450640359,False,True,0
2009-12-30,1990-01-03,2009-12-29,5040,0.9883642763025611,False,True,0
2009-12-31,1990-01-03,2009-12-30,5041,0.9883427805082418,False,True,0
2010-01-04,1990-01-03,2009-12-31,5042,0.9883504488051149,False,True,0
2010-01-05,1990-01-03,2010-01-04,5043,0.9884051903617748,False,True,0
2010-01-06,1990-01-03,2010-01-05,5044,0.988395420932466,False,True,0
2010-01-07,1990-01-03,2010-01-06,5045,0.9883810378401041,False,True,0
2010-01-08,1990-01-03,2010-01-07,5046,0.9883734707630816,False,True,0
2010-01-11,1990-01-03,2010-01-08,5047,0.9883593957966059,False,True,0
2010-01-12,1990-01-03,2010-01-11,5048,0.9883409717973884,False,True,0
2010-01-13,1990-01-03,2010-01-12,5049,0.9883490136140071,False,True,0
2010-01-14,1990-01-03,2010-01-13,5050,0.9883627238404921,False,True,0
2010-01-15,1990-01-03,2010-01-14,5051,0.9883557392505987,False,True,0
2010-01-19,1990-01-03,2010-01-15,5052,0.9883543143485327,False,True,0
2010-01-20,1990-01-03,2010-01-19,5053,0.9883643724129265,False,True,0
2010-01-21,1990-01-03,2010-01-20,5054,0.9883441972884217,False,True,0
2010-01-22,1990-01-03,2010-01-21,5055,0.9882895656753561,False,True,0
2010-01-25,1990-01-03,2010-01-22,5056,0.9881955832802491,False,True,0
2010-01-26,1990-01-03,2010-01-25,5057,0.9882289246415797,False,True,0
2010-01-27,1990-01-03,2010-01-26,5058,0.9882548581421458,False,True,0
2010-01-28,1990-01-03,2010-01-27,5059,0.9882807498428537,False,True,0
2010-01-29,1990-01-03,2010-01-28,5060,0.9882635979232485,False,True,0
2010-02-01,1990-01-03,2010-01-29,5061,0.9882614064438955,False,True,0
2010-02-02,1990-01-03,2010-02-01,5062,0.9882477018582425,False,True,0
2010-02-03,1990-01-03,2010-02-02,5063,0.9882405016819621,False,True,0
2010-02-04,1990-01-03,2010-02-03,5064,0.9882501820962908,False,True,0
2010-02-05,1990-01-03,2010-02-04,5065,0.9881720800205378,False,True,0
2010-02-08,1990-01-03,2010-02-05,5066,0.9882062832668586,False,True,0
2010-02-09,1990-01-03,2010-02-08,5067,0.9882171893606201,False,True,0
2010-02-10,1990-01-03,2010-02-09,5068,0.9882159516213526,False,True,0
2010-02-11,1990-01-03,2010-02-10,5069,0.9882366923035796,False,True,0
2010-02-12,1990-01-03,2010-02-11,5070,0.9882430792705024,False,True,0
2010-02-16,1990-01-03,2010-02-12,5071,0.9882532500619495,False,True,0
2010-02-17,1990-01-03,2010-02-16,5072,0.9882495912833855,False,True,0
2010-02-18,1990-01-03,2010-02-17,5073,0.9882522475637016,False,True,0
2010-02-19,1990-01-03,2010-02-18,5074,0.9882516348215125,False,True,0
2010-02-22,1990-01-03,2010-02-19,5075,0.9882456919763417,False,True,0
2010-02-23,1990-01-03,2010-02-22,5076,0.9882361855716613,False,True,0
2010-02-24,1990-01-03,2010-02-23,5077,0.9882351573331472,False,True,0
2010-02-25,1990-01-03,2010-02-24,5078,0.9882373323651817,False,True,0
2010-02-26,1990-01-03,2010-02-25,5079,0.9882294801780401,False,True,0
2010-03-01,1990-01-03,2010-02-26,5080,0.9882195100540294,False,True,0
2010-03-02,1990-01-03,2010-03-01,5081,0.9882275407005999,False,True,0
2010-03-03,1990-01-03,2010-03-02,5082,0.9882109071144,False,True,0
2010-03-04,1990-01-03,2010-03-03,5083,0.9881893998657982,False,True,0
2010-03-05,1990-01-03,2010-03-04,5084,0.988170083868346,False,True,0
2010-03-08,1990-01-03,2010-03-05,5085,0.9882379665483073,False,True,0
2010-03-09,1990-01-03,2010-03-08,5086,0.9882078641220798,False,True,0
2010-03-10,1990-01-03,2010-03-09,5087,0.9881762076405052,False,True,0
2010-03-11,1990-01-03,2010-03-10,5088,0.9881582652497977,False,True,0
2010-03-12,1990-01-03,2010-03-11,5089,0.9881343012639852,False,True,0
2010-03-15,1990-01-03,2010-03-12,5090,0.9880950119376459,False,True,0
2010-03-16,1990-01-03,2010-03-15,5091,0.9880529382145994,False,True,0
2010-03-17,1990-01-03,2010-03-16,5092,0.9880927825808119,False,True,0
2010-03-18,1990-01-03,2010-03-17,5093,0.9881041857415342,False,True,0
2010-03-19,1990-01-03,2010-03-18,5094,0.988058866736508,False,True,0
2010-03-22,1990-01-03,2010-03-19,5095,0.988042783109254,False,True,0
2010-03-23,1990-01-03,2010-03-22,5096,0.9880466748291121,False,True,0
2010-03-24,1990-01-03,2010-03-23,5097,0.9880797013489779,False,True,0
2010-03-25,1990-01-03,2010-03-24,5098,0.9880723060909512,False,True,0
2010-03-26,1990-01-03,2010-03-25,5099,0.9880464914778673,False,True,0
2010-03-29,1990-01-03,2010-03-26,5100,0.9880221303477651,False,True,0
2010-03-30,1990-01-03,2010-03-29,5101,0.988033595902884,False,True,0
2010-03-31,1990-01-03,2010-03-30,5102,0.9880066838270246,False,True,0
2010-04-01,1990-01-03,2010-03-31,5103,0.987984963710545,False,True,0
2010-04-05,1990-01-03,2010-04-01,5104,0.9880208530796348,False,True,0
2010-04-06,1990-01-03,2010-04-05,5105,0.9880668439455795,False,True,0
2010-04-07,1990-01-03,2010-04-06,5106,0.9880459911509608,False,True,0
2010-04-08,1990-01-03,2010-04-07,5107,0.9880408023802306,False,True,0
2010-04-09,1990-01-03,2010-04-08,5108,0.9880379663977156,False,True,0
2010-04-12,1990-01-03,2010-04-09,5109,0.9880611156530703,False,True,0
2010-04-13,1990-01-03,2010-04-12,5110,0.9880499504369207,False,True,0
2010-04-14,1990-01-03,2010-04-13,5111,0.9880359778950191,False,True,0
2010-04-15,1990-01-03,2010-04-14,5112,0.9881231614775867,False,True,0
2010-04-16,1990-01-03,2010-04-15,5113,0.9881140980513391,False,True,0
2010-04-19,1990-01-03,2010-04-16,5114,0.9881637798521501,False,True,0
2010-04-20,1990-01-03,2010-04-19,5115,0.9881783249541028,False,True,0
2010-04-21,1990-01-03,2010-04-20,5116,0.988174162822022,False,True,0
2010-04-22,1990-01-03,2010-04-21,5117,0.9881886678163757,False,True,0
2010-04-23,1990-01-03,2010-04-22,5118,0.9882039699050063,False,True,0
2010-04-26,1990-01-03,2010-04-23,5119,0.9882084196057677,False,True,0
2010-04-27,1990-01-03,2010-04-26,5120,0.9882002786195869,False,True,0
2010-04-28,1990-01-03,2010-04-27,5121,0.9881028036109384,False,True,0
2010-04-29,1990-01-03,2010-04-28,5122,0.9881213434637318,False,True,0
2010-04-30,1990-01-03,2010-04-29,5123,0.9880637599833074,False,True,0
2010-05-03,1990-01-03,2010-04-30,5124,0.9879477172922067,False,True,0
2010-05-04,1990-01-03,2010-05-03,5125,0.9879008796162408,False,True,0
2010-05-05,1990-01-03,2010-05-04,5126,0.9877317215195589,False,True,0
2010-05-06,1990-01-03,2010-05-05,5127,0.9877585758567874,False,True,0
2010-05-07,1990-01-03,2010-05-06,5128,0.9875553003261719,False,True,0
2010-05-10,1990-01-03,2010-05-07,5129,0.9875365934483656,False,True,0
2010-05-11,1990-01-03,2010-05-10,5130,0.9873234728863755,False,True,0
2010-05-12,1990-01-03,2010-05-11,5131,0.9873674994804456,False,True,0
2010-05-13,1990-01-03,2010-05-12,5132,0.9873677211818319,False,True,0
2010-05-14,1990-01-03,2010-05-13,5133,0.9873682186884722,False,True,0
2010-05-17,1990-01-03,2010-05-14,5134,0.9873387591189432,False,True,0
2010-05-18,1990-01-03,2010-05-17,5135,0.9873747544924822,False,True,0
2010-05-19,1990-01-03,2010-05-18,5136,0.9873704730830187,False,True,0
2010-05-20,1990-01-03,2010-05-19,5137,0.987394235440039,False,True,0
2010-05-21,1990-01-03,2010-05-20,5138,0.9873114843658805,False,True,0
2010-05-24,1990-01-03,2010-05-21,5139,0.987320526819888,False,True,0
2010-05-25,1990-01-03,2010-05-24,5140,0.987329614484536,False,True,0
2010-05-26,1990-01-03,2010-05-25,5141,0.98735550196536,False,True,0
2010-05-27,1990-01-03,2010-05-26,5142,0.987370882833923,False,True,0
2010-05-28,1990-01-03,2010-05-27,5143,0.9873520767755193,False,True,0
2010-06-01,1990-01-03,2010-05-28,5144,0.9873520244531968,False,True,0
2010-06-02,1990-01-03,2010-06-01,5145,0.9873479626317061,False,True,0
2010-06-03,1990-01-03,2010-06-02,5146,0.9873428399378426,False,True,0
2010-06-04,1990-01-03,2010-06-03,5147,0.9873420481009543,False,True,0
2010-06-07,1990-01-03,2010-06-04,5148,0.9873505528373574,False,True,0
2010-06-08,1990-01-03,2010-06-07,5149,0.9873531500422051,False,True,0
2010-06-09,1990-01-03,2010-06-08,5150,0.9873565463410795,False,True,0
2010-06-10,1990-01-03,2010-06-09,5151,0.9873571487478912,False,True,0
2010-06-11,1990-01-03,2010-06-10,5152,0.9873702511406262,False,True,0
2010-06-14,1990-01-03,2010-06-11,5153,0.9873582010385343,False,True,0
2010-06-15,1990-01-03,2010-06-14,5154,0.9873407040035832,False,True,0
2010-06-16,1990-01-03,2010-06-15,5155,0.987375964423241,False,True,0
2010-06-17,1990-01-03,2010-06-16,5156,0.9873461509618703,False,True,0
2010-06-18,1990-01-03,2010-06-17,5157,0.9873097624086813,False,True,0
2010-06-21,1990-01-03,2010-06-18,5158,0.9872673296733844,False,True,0
2010-06-22,1990-01-03,2010-06-21,5159,0.9872264029619627,False,True,0
2010-06-23,1990-01-03,2010-06-22,5160,0.9872488684372916,False,True,0
2010-06-24,1990-01-03,2010-06-23,5161,0.9872171130130126,False,True,0
2010-06-25,1990-01-03,2010-06-24,5162,0.987233054996087,False,True,0
2010-06-28,1990-01-03,2010-06-25,5163,0.9872069331149492,False,True,0
2010-06-29,1990-01-03,2010-06-28,5164,0.9871767281434275,False,True,0
2010-06-30,1990-01-03,2010-06-29,5165,0.9872646461846506,False,True,0
2010-07-01,1990-01-03,2010-06-30,5166,0.9872594067506391,False,True,0
2010-07-02,1990-01-03,2010-07-01,5167,0.9872517039640476,False,True,0
2010-07-06,1990-01-03,2010-07-02,5168,0.9872403801884961,False,True,0
2010-07-07,1990-01-03,2010-07-06,5169,0.9872240129354563,False,True,0
2010-07-08,1990-01-03,2010-07-07,5170,0.9873057521324271,False,True,0
2010-07-09,1990-01-03,2010-07-08,5171,0.987289473944117,False,True,0
2010-07-12,1990-01-03,2010-07-09,5172,0.9872636134157982,False,True,0
2010-07-13,1990-01-03,2010-07-12,5173,0.9872230839523064,False,True,0
2010-07-14,1990-01-03,2010-07-13,5174,0.9872572481845869,False,True,0
2010-07-15,1990-01-03,2010-07-14,5175,0.9872075048104915,False,True,0
2010-07-16,1990-01-03,2010-07-15,5176,0.9871521095378841,False,True,0
2010-07-19,1990-01-03,2010-07-16,5177,0.9873362876852889,False,True,0
2010-07-20,1990-01-03,2010-07-19,5178,0.987319245399563,False,True,0
2010-07-21,1990-01-03,2010-07-20,5179,0.9873164529187377,False,True,0
2010-07-22,1990-01-03,2010-07-21,5180,0.9873167424871059,False,True,0
2010-07-23,1990-01-03,2010-07-22,5181,0.9873672154729213,False,True,0
2010-07-26,1990-01-03,2010-07-23,5182,0.9873515584610106,False,True,0
2010-07-27,1990-01-03,2010-07-26,5183,0.9873510268542843,False,True,0
2010-07-28,1990-01-03,2010-07-27,5184,0.9873147154893761,False,True,0
2010-07-29,1990-01-03,2010-07-28,5185,0.9872918821350536,False,True,0
2010-07-30,1990-01-03,2010-07-29,5186,0.9872619419063812,False,True,0
2010-08-02,1990-01-03,2010-07-30,5187,0.9872252817861867,False,True,0
2010-08-03,1990-01-03,2010-08-02,5188,0.9873518820198817,False,True,0
2010-08-04,1990-01-03,2010-08-03,5189,0.9873187716271802,False,True,0
2010-08-05,1990-01-03,2010-08-04,5190,0.9872908566432097,False,True,0
2010-08-06,1990-01-03,2010-08-05,5191,0.9872458534237673,False,True,0
2010-08-09,1990-01-03,2010-08-06,5192,0.9872067223616869,False,True,0
2010-08-10,1990-01-03,2010-08-09,5193,0.9871756323229749,False,True,0
2010-08-11,1990-01-03,2010-08-10,5194,0.9871488529299308,False,True,0
2010-08-12,1990-01-03,2010-08-11,5195,0.9873062636087887,False,True,0
2010-08-13,1990-01-03,2010-08-12,5196,0.9873020337159555,False,True,0
2010-08-16,1990-01-03,2010-08-13,5197,0.9872970654012745,False,True,0
2010-08-17,1990-01-03,2010-08-16,5198,0.9872896102299222,False,True,0
2010-08-18,1990-01-03,2010-08-17,5199,0.9872956802851043,False,True,0
2010-08-19,1990-01-03,2010-08-18,5200,0.987277993828075,False,True,0
2010-08-20,1990-01-03,2010-08-19,5201,0.9872965432141757,False,True,0
2010-08-23,1990-01-03,2010-08-20,5202,0.9872901162363926,False,True,0
2010-08-24,1990-01-03,2010-08-23,5203,0.9872820796746866,False,True,0
2010-08-25,1990-01-03,2010-08-24,5204,0.9872811935552113,False,True,0
2010-08-26,1990-01-03,2010-08-25,5205,0.9872791487472797,False,True,0
2010-08-27,1990-01-03,2010-08-26,5206,0.987273653625937,False,True,0
2010-08-30,1990-01-03,2010-08-27,5207,0.98728469951218,False,True,0
2010-08-31,1990-01-03,2010-08-30,5208,0.9872840765680143,False,True,0
2010-09-01,1990-01-03,2010-08-31,5209,0.9872822620510188,False,True,0
2010-09-02,1990-01-03,2010-09-01,5210,0.9873329964707684,False,True,0
2010-09-03,1990-01-03,2010-09-02,5211,0.9873292066546514,False,True,0
2010-09-07,1990-01-03,2010-09-03,5212,0.9873424261442716,False,True,0
2010-09-08,1990-01-03,2010-09-07,5213,0.9873414293297041,False,True,0
2010-09-09,1990-01-03,2010-09-08,5214,0.9873316639194138,False,True,0
2010-09-10,1990-01-03,2010-09-09,5215,0.9873158172479001,False,True,0
2010-09-13,1990-01-03,2010-09-10,5216,0.9872970498598296,False,True,0
2010-09-14,1990-01-03,2010-09-13,5217,0.9873106630820081,False,True,0
2010-09-15,1990-01-03,2010-09-14,5218,0.9872798223119218,False,True,0
2010-09-16,1990-01-03,2010-09-15,5219,0.9872494069094699,False,True,0
2010-09-17,1990-01-03,2010-09-16,5220,0.9872117609014286,False,True,0
2010-09-20,1990-01-03,2010-09-17,5221,0.9871704896773159,False,True,0
2010-09-21,1990-01-03,2010-09-20,5222,0.9872814267800945,False,True,0
2010-09-22,1990-01-03,2010-09-21,5223,0.9872414657360047,False,True,0
2010-09-23,1990-01-03,2010-09-22,5224,0.9872147190430131,False,True,0
2010-09-24,1990-01-03,2010-09-23,5225,0.9872130873492679,False,True,0
2010-09-27,1990-01-03,2010-09-24,5226,0.9873392139101104,False,True,0
2010-09-28,1990-01-03,2010-09-27,5227,0.9873217679844698,False,True,0
2010-09-29,1990-01-03,2010-09-28,5228,0.9873052776125484,False,True,0
2010-09-30,1990-01-03,2010-09-29,5229,0.9872795026974538,False,True,0
2010-10-01,1990-01-03,2010-09-30,5230,0.9872553702531518,False,True,0
2010-10-04,1990-01-03,2010-10-01,5231,0.9872376132198988,False,True,0
2010-10-05,1990-01-03,2010-10-04,5232,0.9872338293711612,False,True,0
2010-10-06,1990-01-03,2010-10-05,5233,0.9873340890353681,False,True,0
2010-10-07,1990-01-03,2010-10-06,5234,0.987310926807301,False,True,0
2010-10-08,1990-01-03,2010-10-07,5235,0.9872863169435485,False,True,0
2010-10-11,1990-01-03,2010-10-08,5236,0.9872813713384708,False,True,0
2010-10-12,1990-01-03,2010-10-11,5237,0.9872522888199278,False,True,0
2010-10-13,1990-01-03,2010-10-12,5238,0.9872312065703978,False,True,0
2010-10-14,1990-01-03,2010-10-13,5239,0.9872439677430433,False,True,0
2010-10-15,1990-01-03,2010-10-14,5240,0.9872182662864113,False,True,0
2010-10-18,1990-01-03,2010-10-15,5241,0.987190044822698,False,True,0
2010-10-19,1990-01-03,2010-10-18,5242,0.987210009601347,False,True,0
2010-10-20,1990-01-03,2010-10-19,5243,0.9872936863397266,False,True,0
2010-10-21,1990-01-03,2010-10-20,5244,0.9873063202869078,False,True,0
2010-10-22,1990-01-03,2010-10-21,5245,0.9873005665073825,False,True,0
2010-10-25,1990-01-03,2010-10-22,5246,0.9872931827396585,False,True,0
2010-10-26,1990-01-03,2010-10-25,5247,0.9872833624093965,False,True,0
2010-10-27,1990-01-03,2010-10-26,5248,0.9872696223442889,False,True,0
2010-10-28,1990-01-03,2010-10-27,5249,0.987254138117229,False,True,0
2010-10-29,1990-01-03,2010-10-28,5250,0.9872408531783581,False,True,0
2010-11-01,1990-01-03,2010-10-29,5251,0.9872250907550923,False,True,0
2010-11-02,1990-01-03,2010-11-01,5252,0.9872087760182506,False,True,0
2010-11-03,1990-01-03,2010-11-02,5253,0.9872380879024172,False,True,0
2010-11-04,1990-01-03,2010-11-03,5254,0.9872320086633793,False,True,0
2010-11-05,1990-01-03,2010-11-04,5255,0.9874009831203082,False,True,0
2010-11-08,1990-01-03,2010-11-05,5256,0.9873966908777131,False,True,0
2010-11-09,1990-01-03,2010-11-08,5257,0.9873741463959151,False,True,0
2010-11-10,1990-01-03,2010-11-09,5258,0.9873745107439236,False,True,0
2010-11-11,1990-01-03,2010-11-10,5259,0.9873815592377506,False,True,0
2010-11-12,1990-01-03,2010-11-11,5260,0.9873676194824968,False,True,0
2010-11-15,1990-01-03,2010-11-12,5261,0.9873469156192977,False,True,0
2010-11-16,1990-01-03,2010-11-15,5262,0.9873607510817194,False,True,0
2010-11-17,1990-01-03,2010-11-16,5263,0.987299901656803,False,True,0
2010-11-18,1990-01-03,2010-11-17,5264,0.98733010143885,False,True,0
2010-11-19,1990-01-03,2010-11-18,5265,0.9872885574732899,False,True,0
2010-11-22,1990-01-03,2010-11-19,5266,0.9873098368312333,False,True,0
2010-11-23,1990-01-03,2010-11-22,5267,0.9873259545303088,False,True,0
2010-11-24,1990-01-03,2010-11-23,5268,0.9872743263823006,False,True,0
2010-11-26,1990-01-03,2010-11-24,5269,0.9872338975276629,False,True,0
2010-11-29,1990-01-03,2010-11-26,5270,0.9872280898304628,False,True,0
2010-11-30,1990-01-03,2010-11-29,5271,0.9872534515539373,False,True,0
2010-12-01,1990-01-03,2010-11-30,5272,0.9872566850688506,False,True,0
2010-12-02,1990-01-03,2010-12-01,5273,0.9871980532330509,False,True,0
2010-12-03,1990-01-03,2010-12-02,5274,0.9871843656472328,False,True,0
2010-12-06,1990-01-03,2010-12-03,5275,0.987199136320147,False,True,0
2010-12-07,1990-01-03,2010-12-06,5276,0.98720891792644,False,True,0
2010-12-08,1990-01-03,2010-12-07,5277,0.9872179128992138,False,True,0
2010-12-09,1990-01-03,2010-12-08,5278,0.9872244236926423,False,True,0
2010-12-10,1990-01-03,2010-12-09,5279,0.9872291055384782,False,True,0
2010-12-13,1990-01-03,2010-12-10,5280,0.9872358376287362,False,True,0
2010-12-14,1990-01-03,2010-12-13,5281,0.9872337525942672,False,True,0
2010-12-15,1990-01-03,2010-12-14,5282,0.9872292839894878,False,True,0
2010-12-16,1990-01-03,2010-12-15,5283,0.9872188789706595,False,True,0
2010-12-17,1990-01-03,2010-12-16,5284,0.987226211523543,False,True,0
2010-12-20,1990-01-03,2010-12-17,5285,0.9872283388813722,False,True,0
2010-12-21,1990-01-03,2010-12-20,5286,0.987227253584707,False,True,0
2010-12-22,1990-01-03,2010-12-21,5287,0.9872369955039405,False,True,0
2010-12-23,1990-01-03,2010-12-22,5288,0.9872369028246311,False,True,0
2010-12-27,1990-01-03,2010-12-23,5289,0.987225842693115,False,True,0
2010-12-28,1990-01-03,2010-12-27,5290,0.9872186567383547,False,True,0
2010-12-29,1990-01-03,2010-12-28,5291,0.9872108542898549,False,True,0
2010-12-30,1990-01-03,2010-12-29,5292,0.9872029638776527,False,True,0
2010-12-31,1990-01-03,2010-12-30,5293,0.9871904914197783,False,True,0
2011-01-03,1990-01-03,2010-12-31,5294,0.987181807179213,False,True,0
2011-01-04,1990-01-03,2011-01-03,5295,0.987249202835929,False,True,0
2011-01-05,1990-01-03,2011-01-04,5296,0.9872364540065384,False,True,0
2011-01-06,1990-01-03,2011-01-05,5297,0.9872528172129386,False,True,0
2011-01-07,1990-01-03,2011-01-06,5298,0.9872396445073368,False,True,0
2011-01-10,1990-01-03,2011-01-07,5299,0.9872299535009117,False,True,0
2011-01-11,1990-01-03,2011-01-10,5300,0.9872241153745672,False,True,0
2011-01-12,1990-01-03,2011-01-11,5301,0.9872342361159537,False,True,0
2011-01-13,1990-01-03,2011-01-12,5302,0.9872727590804545,False,True,0
2011-01-14,1990-01-03,2011-01-13,5303,0.9872586319140774,False,True,0
2011-01-18,1990-01-03,2011-01-14,5304,0.9872877747136868,False,True,0
2011-01-19,1990-01-03,2011-01-18,5305,0.987291764493958,False,True,0
2011-01-20,1990-01-03,2011-01-19,5306,0.9872489932795021,False,True,0
2011-01-21,1990-01-03,2011-01-20,5307,0.9872660234351185,False,True,0
2011-01-24,1990-01-03,2011-01-21,5308,0.9872890069150669,False,True,0
2011-01-25,1990-01-03,2011-01-24,5309,0.987299729696574,False,True,0
2011-01-26,1990-01-03,2011-01-25,5310,0.98732010458728,False,True,0
2011-01-27,1990-01-03,2011-01-26,5311,0.9873337911209376,False,True,0
2011-01-28,1990-01-03,2011-01-27,5312,0.9873540504891261,False,True,0
2011-01-31,1990-01-03,2011-01-28,5313,0.9872332279214541,False,True,0
2011-02-01,1990-01-03,2011-01-31,5314,0.9872164863190563,False,True,0
2011-02-02,1990-01-03,2011-02-01,5315,0.9870766568407955,False,True,0
2011-02-03,1990-01-03,2011-02-02,5316,0.9871003675551856,False,True,0
2011-02-04,1990-01-03,2011-02-03,5317,0.9871416163080223,False,True,0
2011-02-07,1990-01-03,2011-02-04,5318,0.9871762070810397,False,True,0
2011-02-08,1990-01-03,2011-02-07,5319,0.98717607576759,False,True,0
2011-02-09,1990-01-03,2011-02-08,5320,0.9871951222451114,False,True,0
2011-02-10,1990-01-03,2011-02-09,5321,0.9872090862094405,False,True,0
2011-02-11,1990-01-03,2011-02-10,5322,0.987241827321398,False,True,0
2011-02-14,1990-01-03,2011-02-11,5323,0.9872453287440599,False,True,0
2011-02-15,1990-01-03,2011-02-14,5324,0.9872733331137183,False,True,0
2011-02-16,1990-01-03,2011-02-15,5325,0.987269938770948,False,True,0
2011-02-17,1990-01-03,2011-02-16,5326,0.987278118929776,False,True,0
2011-02-18,1990-01-03,2011-02-17,5327,0.9873016993015693,False,True,0
2011-02-22,1990-01-03,2011-02-18,5328,0.9873297970330638,False,True,0
2011-02-23,1990-01-03,2011-02-22,5329,0.9871670475463402,False,True,0
2011-02-24,1990-01-03,2011-02-23,5330,0.9871622294306103,False,True,0
2011-02-25,1990-01-03,2011-02-24,5331,0.9872153983412539,False,True,0
2011-02-28,1990-01-03,2011-02-25,5332,0.9871630772872936,False,True,0
2011-03-01,1990-01-03,2011-02-28,5333,0.9871832812348125,False,True,0
2011-03-02,1990-01-03,2011-03-01,5334,0.9870296557673492,False,True,0
2011-03-03,1990-01-03,2011-03-02,5335,0.9870849920844469,False,True,0
2011-03-04,1990-01-03,2011-03-03,5336,0.9869675586846017,False,True,0
2011-03-07,1990-01-03,2011-03-04,5337,0.9869485213887983,False,True,0
2011-03-08,1990-01-03,2011-03-07,5338,0.986930526062322,False,True,0
2011-03-09,1990-01-03,2011-03-08,5339,0.9869270752173658,False,True,0
2011-03-10,1990-01-03,2011-03-09,5340,0.9869662697505209,False,True,0
2011-03-11,1990-01-03,2011-03-10,5341,0.9868435802025339,False,True,0
2011-03-14,1990-01-03,2011-03-11,5342,0.9868666762458975,False,True,0
2011-03-15,1990-01-03,2011-03-14,5343,0.9868829245580383,False,True,0
2011-03-16,1990-01-03,2011-03-15,5344,0.9868564992552109,False,True,0
2011-03-17,1990-01-03,2011-03-16,5345,0.9867641328586209,False,True,0
2011-03-18,1990-01-03,2011-03-17,5346,0.9867492749678466,False,True,0
2011-03-21,1990-01-03,2011-03-18,5347,0.9867860390080864,False,True,0
2011-03-22,1990-01-03,2011-03-21,5348,0.986758670204534,False,True,0
2011-03-23,1990-01-03,2011-03-22,5349,0.9867816474473773,False,True,0
2011-03-24,1990-01-03,2011-03-23,5350,0.9868070719195856,False,True,0
2011-03-25,1990-01-03,2011-03-24,5351,0.9868105963794025,False,True,0
2011-03-28,1990-01-03,2011-03-25,5352,0.9868261718852355,False,True,0
2011-03-29,1990-01-03,2011-03-28,5353,0.9868354916221111,False,True,0
2011-03-30,1990-01-03,2011-03-29,5354,0.9868413681359456,False,True,0
2011-03-31,1990-01-03,2011-03-30,5355,0.9868461376719933,False,True,0
2011-04-01,1990-01-03,2011-03-31,5356,0.9868473826189398,False,True,0
2011-04-04,1990-01-03,2011-04-01,5357,0.9868494522533449,False,True,0
2011-04-05,1990-01-03,2011-04-04,5358,0.9868465948912548,False,True,0
2011-04-06,1990-01-03,2011-04-05,5359,0.9868404664199975,False,True,0
2011-04-07,1990-01-03,2011-04-06,5360,0.9868326431784724,False,True,0
2011-04-08,1990-01-03,2011-04-07,5361,0.986820296858274,False,True,0
2011-04-11,1990-01-03,2011-04-08,5362,0.9868084950005185,False,True,0
2011-04-12,1990-01-03,2011-04-11,5363,0.9867987006266753,False,True,0
2011-04-13,1990-01-03,2011-04-12,5364,0.9867899598200034,False,True,0
2011-04-14,1990-01-03,2011-04-13,5365,0.9867915633979709,False,True,0
2011-04-15,1990-01-03,2011-04-14,5366,0.9867889593496515,False,True,0
2011-04-18,1990-01-03,2011-04-15,5367,0.9867873078012358,False,True,0
2011-04-19,1990-01-03,2011-04-18,5368,0.9867821234528062,False,True,0
2011-04-20,1990-01-03,2011-04-19,5369,0.9867882570339067,False,True,0
2011-04-21,1990-01-03,2011-04-20,5370,0.9867991859647159,False,True,0
2011-04-25,1990-01-03,2011-04-21,5371,0.9868031183839715,False,True,0
2011-04-26,1990-01-03,2011-04-25,5372,0.9867989912924972,False,True,0
2011-04-27,1990-01-03,2011-04-26,5373,0.9868132026473415,False,True,0
2011-04-28,1990-01-03,2011-04-27,5374,0.9868271555665976,False,True,0
2011-04-29,1990-01-03,2011-04-28,5375,0.9868243505326788,False,True,0
2011-05-02,1990-01-03,2011-04-29,5376,0.9868165800859208,False,True,0
2011-05-03,1990-01-03,2011-05-02,5377,0.9868032687209636,False,True,0
2011-05-04,1990-01-03,2011-05-03,5378,0.9867906188108098,False,True,0
2011-05-05,1990-01-03,2011-05-04,5379,0.9867726332640182,False,True,0
2011-05-06,1990-01-03,2011-05-05,5380,0.9867537814149854,False,True,0
2011-05-09,1990-01-03,2011-05-06,5381,0.9867666374245627,False,True,0
2011-05-10,1990-01-03,2011-05-09,5382,0.9867765039393495,False,True,0
2011-05-11,1990-01-03,2011-05-10,5383,0.9867816979857049,False,True,0
2011-05-12,1990-01-03,2011-05-11,5384,0.9867545557036946,False,True,0
2011-05-13,1990-01-03,2011-05-12,5385,0.9867680968917651,False,True,0
2011-05-16,1990-01-03,2011-05-13,5386,0.9867508568076184,False,True,0
2011-05-17,1990-01-03,2011-05-16,5387,0.9867485097383302,False,True,0
2011-05-18,1990-01-03,2011-05-17,5388,0.9867724950639057,False,True,0
2011-05-19,1990-01-03,2011-05-18,5389,0.9867712964906106,False,True,0
2011-05-20,1990-01-03,2011-05-19,5390,0.9867879337590654,False,True,0
2011-05-23,1990-01-03,2011-05-20,5391,0.9867747518693931,False,True,0
2011-05-24,1990-01-03,2011-05-23,5392,0.9867366995214744,False,True,0
2011-05-25,1990-01-03,2011-05-24,5393,0.9867633249915437,False,True,0
2011-05-26,1990-01-03,2011-05-25,5394,0.9867859160637132,False,True,0
2011-05-27,1990-01-03,2011-05-26,5395,0.9868032848083442,False,True,0
2011-05-31,1990-01-03,2011-05-27,5396,0.9868179814501812,False,True,0
2011-06-01,1990-01-03,2011-05-31,5397,0.9868142690051573,False,True,0
2011-06-02,1990-01-03,2011-06-01,5398,0.9867567585220182,False,True,0
2011-06-03,1990-01-03,2011-06-02,5399,0.9867909612582629,False,True,0
2011-06-06,1990-01-03,2011-06-03,5400,0.9867760894643792,False,True,0
2011-06-07,1990-01-03,2011-06-06,5401,0.9867590372496808,False,True,0
2011-06-08,1990-01-03,2011-06-07,5402,0.9867940893394874,False,True,0
2011-06-09,1990-01-03,2011-06-08,5403,0.9868156353248213,False,True,0
2011-06-10,1990-01-03,2011-06-09,5404,0.9868288625948088,False,True,0
2011-06-13,1990-01-03,2011-06-10,5405,0.9867958738208907,False,True,0
2011-06-14,1990-01-03,2011-06-13,5406,0.9868259762298336,False,True,0
2011-06-15,1990-01-03,2011-06-14,5407,0.9868153512401375,False,True,0
2011-06-16,1990-01-03,2011-06-15,5408,0.9867717758490671,False,True,0
2011-06-17,1990-01-03,2011-06-16,5409,0.9868010193212471,False,True,0
2011-06-20,1990-01-03,2011-06-17,5410,0.9868231734737166,False,True,0
2011-06-21,1990-01-03,2011-06-20,5411,0.986837376502769,False,True,0
2011-06-22,1990-01-03,2011-06-21,5412,0.9868315251945434,False,True,0
2011-06-23,1990-01-03,2011-06-22,5413,0.9868308928081191,False,True,0
2011-06-24,1990-01-03,2011-06-23,5414,0.9868386089771358,False,True,0
2011-06-27,1990-01-03,2011-06-24,5415,0.9868258086877314,False,True,0
2011-06-28,1990-01-03,2011-06-27,5416,0.986829906465415,False,True,0
2011-06-29,1990-01-03,2011-06-28,5417,0.9868287391363233,False,True,0
2011-06-30,1990-01-03,2011-06-29,5418,0.98683214859947,False,True,0
2011-07-01,1990-01-03,2011-06-30,5419,0.986836971584353,False,True,0
2011-07-05,1990-01-03,2011-07-01,5420,0.9868552587052402,False,True,0
2011-07-06,1990-01-03,2011-07-05,5421,0.9868473558370916,False,True,0
2011-07-07,1990-01-03,2011-07-06,5422,0.9868360360547515,False,True,0
2011-07-08,1990-01-03,2011-07-07,5423,0.9868561442047354,False,True,0
2011-07-11,1990-01-03,2011-07-08,5424,0.986847765027122,False,True,0
2011-07-12,1990-01-03,2011-07-11,5425,0.9868561338159046,False,True,0
2011-07-13,1990-01-03,2011-07-12,5426,0.9868618316503658,False,True,0
2011-07-14,1990-01-03,2011-07-13,5427,0.9868715586115276,False,True,0
2011-07-15,1990-01-03,2011-07-14,5428,0.9868694127380951,False,True,0
2011-07-18,1990-01-03,2011-07-15,5429,0.9868757567048428,False,True,0
2011-07-19,1990-01-03,2011-07-18,5430,0.9868702541828841,False,True,0
2011-07-20,1990-01-03,2011-07-19,5431,0.9868688949999558,False,True,0
2011-07-21,1990-01-03,2011-07-20,5432,0.9868715686109047,False,True,0
2011-07-22,1990-01-03,2011-07-21,5433,0.9868829199873312,False,True,0
2011-07-25,1990-01-03,2011-07-22,5434,0.9868778818058821,False,True,0
2011-07-26,1990-01-03,2011-07-25,5435,0.9868696152475015,False,True,0
2011-07-27,1990-01-03,2011-07-26,5436,0.9868634182684746,False,True,0
2011-07-28,1990-01-03,2011-07-27,5437,0.986859095353607,False,True,0
2011-07-29,1990-01-03,2011-07-28,5438,0.9868721296161125,False,True,0
2011-08-01,1990-01-03,2011-07-29,5439,0.9868760380626508,False,True,0
2011-08-02,1990-01-03,2011-08-01,5440,0.9868854675672128,False,True,0
2011-08-03,1990-01-03,2011-08-02,5441,0.9868334328879257,False,True,0
2011-08-04,1990-01-03,2011-08-03,5442,0.9868580717942008,False,True,0
2011-08-05,1990-01-03,2011-08-04,5443,0.9867436897235786,False,True,0
2011-08-08,1990-01-03,2011-08-05,5444,0.9867917502250345,False,True,0
2011-08-09,1990-01-03,2011-08-08,5445,0.9865946546264137,False,True,0
2011-08-10,1990-01-03,2011-08-09,5446,0.9864680525325741,False,True,0
2011-08-11,1990-01-03,2011-08-10,5447,0.9863750331832204,False,True,0
2011-08-12,1990-01-03,2011-08-11,5448,0.9862971832625794,False,True,0
2011-08-15,1990-01-03,2011-08-12,5449,0.9863306630528471,False,True,0
2011-08-16,1990-01-03,2011-08-15,5450,0.9863304466696896,False,True,0
2011-08-17,1990-01-03,2011-08-16,5451,0.986342103981078,False,True,0
2011-08-18,1990-01-03,2011-08-17,5452,0.9863502765995602,False,True,0
2011-08-19,1990-01-03,2011-08-18,5453,0.9863416329465707,False,True,0
2011-08-22,1990-01-03,2011-08-19,5454,0.9863496458687758,False,True,0
2011-08-23,1990-01-03,2011-08-22,5455,0.9863595370217657,False,True,0
2011-08-24,1990-01-03,2011-08-23,5456,0.9863630623502763,False,True,0
2011-08-25,1990-01-03,2011-08-24,5457,0.9863550463285051,False,True,0
2011-08-26,1990-01-03,2011-08-25,5458,0.9863484136838025,False,True,0
2011-08-29,1990-01-03,2011-08-26,5459,0.9863383774999642,False,True,0
2011-08-30,1990-01-03,2011-08-29,5460,0.9863657851254768,False,True,0
2011-08-31,1990-01-03,2011-08-30,5461,0.9863319287122186,False,True,0
2011-09-01,1990-01-03,2011-08-31,5462,0.9862916422490536,False,True,0
2011-09-02,1990-01-03,2011-09-01,5463,0.9862704152041608,False,True,0
2011-09-06,1990-01-03,2011-09-02,5464,0.9863059299331655,False,True,0
2011-09-07,1990-01-03,2011-09-06,5465,0.98628273440853,False,True,0
2011-09-08,1990-01-03,2011-09-07,5466,0.9863282950359374,False,True,0
2011-09-09,1990-01-03,2011-09-08,5467,0.9863054202114447,False,True,0
2011-09-12,1990-01-03,2011-09-09,5468,0.9863381774330269,False,True,0
2011-09-13,1990-01-03,2011-09-12,5469,0.9863135554032212,False,True,0
2011-09-14,1990-01-03,2011-09-13,5470,0.9862857148813877,False,True,0
2011-09-15,1990-01-03,2011-09-14,5471,0.9862679957948135,False,True,0
2011-09-16,1990-01-03,2011-09-15,5472,0.9862724240745535,False,True,0
2011-09-19,1990-01-03,2011-09-16,5473,0.9862217642353653,False,True,0
2011-09-20,1990-01-03,2011-09-19,5474,0.986190657955512,False,True,0
2011-09-21,1990-01-03,2011-09-20,5475,0.9861357599917857,False,True,0
2011-09-22,1990-01-03,2011-09-21,5476,0.9862462331141779,False,True,0
2011-09-23,1990-01-03,2011-09-22,5477,0.9862959179121101,False,True,0
2011-09-26,1990-01-03,2011-09-23,5478,0.9862794016275616,False,True,0
2011-09-27,1990-01-03,2011-09-26,5479,0.9862968385443757,False,True,0
2011-09-28,1990-01-03,2011-09-27,5480,0.9862746572630074,False,True,0
2011-09-29,1990-01-03,2011-09-28,5481,0.986288932013736,False,True,0
2011-09-30,1990-01-03,2011-09-29,5482,0.9862636633916985,False,True,0
2011-10-03,1990-01-03,2011-09-30,5483,0.9862895543363577,False,True,0
2011-10-04,1990-01-03,2011-10-03,5484,0.9863077719994268,False,True,0
2011-10-05,1990-01-03,2011-10-04,5485,0.9863096846838029,False,True,0
2011-10-06,1990-01-03,2011-10-05,5486,0.9863068788763101,False,True,0
2011-10-07,1990-01-03,2011-10-06,5487,0.9863059831461701,False,True,0
2011-10-10,1990-01-03,2011-10-07,5488,0.9862804980081075,False,True,0
2011-10-11,1990-01-03,2011-10-10,5489,0.9863717911533253,False,True,0
2011-10-12,1990-01-03,2011-10-11,5490,0.9863277445993505,False,True,0
2011-10-13,1990-01-03,2011-10-12,5491,0.98629424685014,False,True,0
2011-10-14,1990-01-03,2011-10-13,5492,0.9862417977201412,False,True,0
2011-10-17,1990-01-03,2011-10-14,5493,0.9862700048571238,False,True,0
2011-10-18,1990-01-03,2011-10-17,5494,0.9863122755383817,False,True,0
2011-10-19,1990-01-03,2011-10-18,5495,0.9863525708375144,False,True,0
2011-10-20,1990-01-03,2011-10-19,5496,0.9863404385392743,False,True,0
2011-10-21,1990-01-03,2011-10-20,5497,0.9862953200379038,False,True,0
2011-10-24,1990-01-03,2011-10-21,5498,0.9863360691493297,False,True,0
2011-10-25,1990-01-03,2011-10-24,5499,0.9863308956606881,False,True,0
2011-10-26,1990-01-03,2011-10-25,5500,0.9863874183802877,False,True,0
2011-10-27,1990-01-03,2011-10-26,5501,0.9863657723357796,False,True,0
2011-10-28,1990-01-03,2011-10-27,5502,0.9865492705455647,False,True,0
2011-10-31,1990-01-03,2011-10-28,5503,0.9864965017748051,False,True,0
2011-11-01,1990-01-03,2011-10-31,5504,0.9865928749552053,False,True,0
2011-11-02,1990-01-03,2011-11-01,5505,0.9866438484117582,False,True,0
2011-11-03,1990-01-03,2011-11-02,5506,0.986642123824912,False,True,0
2011-11-04,1990-01-03,2011-11-03,5507,0.986651598473669,False,True,0
2011-11-07,1990-01-03,2011-11-04,5508,0.9866292250474259,False,True,0
2011-11-08,1990-01-03,2011-11-07,5509,0.9866018355697745,False,True,0
2011-11-09,1990-01-03,2011-11-08,5510,0.9865893395483276,False,True,0
2011-11-10,1990-01-03,2011-11-09,5511,0.9867104772399495,False,True,0
2011-11-11,1990-01-03,2011-11-10,5512,0.9867004665908685,False,True,0
2011-11-14,1990-01-03,2011-11-11,5513,0.9867096316466496,False,True,0
2011-11-15,1990-01-03,2011-11-14,5514,0.9866955709537053,False,True,0
2011-11-16,1990-01-03,2011-11-15,5515,0.9866724118054461,False,True,0
2011-11-17,1990-01-03,2011-11-16,5516,0.9866756518477159,False,True,0
2011-11-18,1990-01-03,2011-11-17,5517,0.9866755583868297,False,True,0
2011-11-21,1990-01-03,2011-11-18,5518,0.9866598536488431,False,True,0
2011-11-22,1990-01-03,2011-11-21,5519,0.9866638016519739,False,True,0
2011-11-23,1990-01-03,2011-11-22,5520,0.9866503651167072,False,True,0
2011-11-25,1990-01-03,2011-11-23,5521,0.9866587270239541,False,True,0
2011-11-28,1990-01-03,2011-11-25,5522,0.9866488810357189,False,True,0
2011-11-29,1990-01-03,2011-11-28,5523,0.9866832682699449,False,True,0
2011-11-30,1990-01-03,2011-11-29,5524,0.986659297301292,False,True,0
2011-12-01,1990-01-03,2011-11-30,5525,0.9868041790255447,False,True,0
2011-12-02,1990-01-03,2011-12-01,5526,0.9867695938565986,False,True,0
2011-12-05,1990-01-03,2011-12-02,5527,0.9867290663201755,False,True,0
2011-12-06,1990-01-03,2011-12-05,5528,0.9867082574786166,False,True,0
2011-12-07,1990-01-03,2011-12-06,5529,0.9866560929212979,False,True,0
2011-12-08,1990-01-03,2011-12-07,5530,0.9865989539055957,False,True,0
2011-12-09,1990-01-03,2011-12-08,5531,0.9866821154954771,False,True,0
2011-12-12,1990-01-03,2011-12-09,5532,0.9867068342223279,False,True,0
2011-12-13,1990-01-03,2011-12-12,5533,0.9867151230319031,False,True,0
2011-12-14,1990-01-03,2011-12-13,5534,0.9866970364086761,False,True,0
2011-12-15,1990-01-03,2011-12-14,5535,0.9866868042129414,False,True,0
2011-12-16,1990-01-03,2011-12-15,5536,0.9866609047714975,False,True,0
2011-12-19,1990-01-03,2011-12-16,5537,0.9866294334651593,False,True,0
2011-12-20,1990-01-03,2011-12-19,5538,0.986621834353204,False,True,0
2011-12-21,1990-01-03,2011-12-20,5539,0.9867234506227042,False,True,0
2011-12-22,1990-01-03,2011-12-21,5540,0.9866871517985139,False,True,0
2011-12-23,1990-01-03,2011-12-22,5541,0.9866635805426962,False,True,0
2011-12-27,1990-01-03,2011-12-23,5542,0.98664477412926,False,True,0
2011-12-28,1990-01-03,2011-12-27,5543,0.9865945675167724,False,True,0
2011-12-29,1990-01-03,2011-12-28,5544,0.9866057813847833,False,True,0
2011-12-30,1990-01-03,2011-12-29,5545,0.9866021619684718,False,True,0
2012-01-03,1990-01-03,2011-12-30,5546,0.9865651289858256,False,True,0
2012-01-04,1990-01-03,2012-01-03,5547,0.9866144550341924,False,True,0
2012-01-05,1990-01-03,2012-01-04,5548,0.9865650819608437,False,True,0
2012-01-06,1990-01-03,2012-01-05,5549,0.9865134689137226,False,True,0
2012-01-09,1990-01-03,2012-01-06,5550,0.9864640721182159,False,True,0
2012-01-10,1990-01-03,2012-01-09,5551,0.9864061667486234,False,True,0
2012-01-11,1990-01-03,2012-01-10,5552,0.9864099820624451,False,True,0
2012-01-12,1990-01-03,2012-01-11,5553,0.9863477522746538,False,True,0
2012-01-13,1990-01-03,2012-01-12,5554,0.9862840813310393,False,True,0
2012-01-17,1990-01-03,2012-01-13,5555,0.9862457068169067,False,True,0
2012-01-18,1990-01-03,2012-01-17,5556,0.9861953243840913,False,True,0
2012-01-19,1990-01-03,2012-01-18,5557,0.9862695594331655,False,True,0
2012-01-20,1990-01-03,2012-01-19,5558,0.9862347563662132,False,True,0
2012-01-23,1990-01-03,2012-01-20,5559,0.986168645488541,False,True,0
2012-01-24,1990-01-03,2012-01-23,5560,0.9861008215898931,False,True,0
2012-01-25,1990-01-03,2012-01-24,5561,0.9860351332065597,False,True,0
2012-01-26,1990-01-03,2012-01-25,5562,0.9861022860851262,False,True,0
2012-01-27,1990-01-03,2012-01-26,5563,0.986089875088258,False,True,0
2012-01-30,1990-01-03,2012-01-27,5564,0.9860398161506047,False,True,0
2012-01-31,1990-01-03,2012-01-30,5565,0.9859966170004795,False,True,0
2012-02-01,1990-01-03,2012-01-31,5566,0.9859490380053878,False,True,0
2012-02-02,1990-01-03,2012-02-01,5567,0.9860104017629712,False,True,0
2012-02-03,1990-01-03,2012-02-02,5568,0.9859609734529794,False,True,0
2012-02-06,1990-01-03,2012-02-03,5569,0.9861690241739871,False,True,0
2012-02-07,1990-01-03,2012-02-06,5570,0.9861174303592204,False,True,0
2012-02-08,1990-01-03,2012-02-07,5571,0.9860717239479653,False,True,0
2012-02-09,1990-01-03,2012-02-08,5572,0.9860281742593761,False,True,0
2012-02-10,1990-01-03,2012-02-09,5573,0.9859797492442315,False,True,0
2012-02-13,1990-01-03,2012-02-10,5574,0.9860030258968363,False,True,0
2012-02-14,1990-01-03,2012-02-13,5575,0.9860327881021255,False,True,0
2012-02-15,1990-01-03,2012-02-14,5576,0.9860003898656495,False,True,0
2012-02-16,1990-01-03,2012-02-15,5577,0.9859912677614279,False,True,0
2012-02-17,1990-01-03,2012-02-16,5578,0.9860612252259344,False,True,0
2012-02-21,1990-01-03,2012-02-17,5579,0.9860450462180038,False,True,0
2012-02-22,1990-01-03,2012-02-21,5580,0.9860232717289719,False,True,0
2012-02-23,1990-01-03,2012-02-22,5581,0.9860038983547268,False,True,0
2012-02-24,1990-01-03,2012-02-23,5582,0.9860057788824677,False,True,0
2012-02-27,1990-01-03,2012-02-24,5583,0.9859925921845499,False,True,0
2012-02-28,1990-01-03,2012-02-27,5584,0.9859781850219672,False,True,0
2012-02-29,1990-01-03,2012-02-28,5585,0.9859806928637411,False,True,0
2012-03-01,1990-01-03,2012-02-29,5586,0.9859636181712067,False,True,0
2012-03-02,1990-01-03,2012-03-01,5587,0.9859857053285966,False,True,0
2012-03-05,1990-01-03,2012-03-02,5588,0.9859693088526283,False,True,0
2012-03-06,1990-01-03,2012-03-05,5589,0.9859575275109098,False,True,0
2012-03-07,1990-01-03,2012-03-06,5590,0.985918190321191,False,True,0
2012-03-08,1990-01-03,2012-03-07,5591,0.9859230542040754,False,True,0
2012-03-09,1990-01-03,2012-03-08,5592,0.9859060563717057,False,True,0
2012-03-12,1990-01-03,2012-03-09,5593,0.9859254369836047,False,True,0
2012-03-13,1990-01-03,2012-03-12,5594,0.9859453666923592,False,True,0
2012-03-14,1990-01-03,2012-03-13,5595,0.9859177079050865,False,True,0
2012-03-15,1990-01-03,2012-03-14,5596,0.9859280796953528,False,True,0
2012-03-16,1990-01-03,2012-03-15,5597,0.9859360884836665,False,True,0
2012-03-19,1990-01-03,2012-03-16,5598,0.9859479571808434,False,True,0
2012-03-20,1990-01-03,2012-03-19,5599,0.9859589199732074,False,True,0
2012-03-21,1990-01-03,2012-03-20,5600,0.9859554756996582,False,True,0
2012-03-22,1990-01-03,2012-03-21,5601,0.9859597748678656,False,True,0
2012-03-23,1990-01-03,2012-03-22,5602,0.9859271141282661,False,True,0
2012-03-26,1990-01-03,2012-03-23,5603,0.9859504859267973,False,True,0
2012-03-27,1990-01-03,2012-03-26,5604,0.9859169568908945,False,True,0
2012-03-28,1990-01-03,2012-03-27,5605,0.9859215255319087,False,True,0
2012-03-29,1990-01-03,2012-03-28,5606,0.9859118895635468,False,True,0
2012-03-30,1990-01-03,2012-03-29,5607,0.9859284754130687,False,True,0
2012-04-02,1990-01-03,2012-03-30,5608,0.985946767565233,False,True,0
2012-04-03,1990-01-03,2012-04-02,5609,0.9859449873252454,False,True,0
2012-04-04,1990-01-03,2012-04-03,5610,0.9859412991803544,False,True,0
2012-04-05,1990-01-03,2012-04-04,5611,0.9858821696800384,False,True,0
2012-04-09,1990-01-03,2012-04-05,5612,0.9859123496252054,False,True,0
2012-04-10,1990-01-03,2012-04-09,5613,0.9858475409625533,False,True,0
2012-04-11,1990-01-03,2012-04-10,5614,0.9857325654485951,False,True,0
2012-04-12,1990-01-03,2012-04-11,5615,0.985748774363241,False,True,0
2012-04-13,1990-01-03,2012-04-12,5616,0.9857000635725586,False,True,0
2012-04-16,1990-01-03,2012-04-13,5617,0.9856513012537833,False,True,0
2012-04-17,1990-01-03,2012-04-16,5618,0.985690728291406,False,True,0
2012-04-18,1990-01-03,2012-04-17,5619,0.9856391567546404,False,True,0
2012-04-19,1990-01-03,2012-04-18,5620,0.9856577367851477,False,True,0
2012-04-20,1990-01-03,2012-04-19,5621,0.9856656815218453,False,True,0
2012-04-23,1990-01-03,2012-04-20,5622,0.9856941174052305,False,True,0
2012-04-24,1990-01-03,2012-04-23,5623,0.9856863269000403,False,True,0
2012-04-25,1990-01-03,2012-04-24,5624,0.9857110676890009,False,True,0
2012-04-26,1990-01-03,2012-04-25,5625,0.9856899200589978,False,True,0
2012-04-27,1990-01-03,2012-04-26,5626,0.985699445541974,False,True,0
2012-04-30,1990-01-03,2012-04-27,5627,0.985713759152394,False,True,0
2012-05-01,1990-01-03,2012-04-30,5628,0.9857173730065326,False,True,0
2012-05-02,1990-01-03,2012-05-01,5629,0.9857262599225621,False,True,0
2012-05-03,1990-01-03,2012-05-02,5630,0.9857308647763546,False,True,0
2012-05-04,1990-01-03,2012-05-03,5631,0.9857202419418317,False,True,0
2012-05-07,1990-01-03,2012-05-04,5632,0.9856750156238074,False,True,0
2012-05-08,1990-01-03,2012-05-07,5633,0.985701779504055,False,True,0
2012-05-09,1990-01-03,2012-05-08,5634,0.9857144658097972,False,True,0
2012-05-10,1990-01-03,2012-05-09,5635,0.9857161499202667,False,True,0
2012-05-11,1990-01-03,2012-05-10,5636,0.9857389535725813,False,True,0
2012-05-14,1990-01-03,2012-05-11,5637,0.9857519279003819,False,True,0
2012-05-15,1990-01-03,2012-05-14,5638,0.9857320780013245,False,True,0
2012-05-16,1990-01-03,2012-05-15,5639,0.9857409775565494,False,True,0
2012-05-17,1990-01-03,2012-05-16,5640,0.9857545490784184,False,True,0
2012-05-18,1990-01-03,2012-05-17,5641,0.9857211975974819,False,True,0
2012-05-21,1990-01-03,2012-05-18,5642,0.9857300547054997,False,True,0
2012-05-22,1990-01-03,2012-05-21,5643,0.985708790905149,False,True,0
2012-05-23,1990-01-03,2012-05-22,5644,0.9857291385316627,False,True,0
2012-05-24,1990-01-03,2012-05-23,5645,0.9857446447506302,False,True,0
2012-05-25,1990-01-03,2012-05-24,5646,0.9857566240317137,False,True,0
2012-05-29,1990-01-03,2012-05-25,5647,0.9857608153239892,False,True,0
2012-05-30,1990-01-03,2012-05-29,5648,0.9857645062690831,False,True,0
2012-05-31,1990-01-03,2012-05-30,5649,0.9857520073585727,False,True,0
2012-06-01,1990-01-03,2012-05-31,5650,0.9857619834929442,False,True,0
2012-06-04,1990-01-03,2012-06-01,5651,0.9857218334886186,False,True,0
2012-06-05,1990-01-03,2012-06-04,5652,0.9857483794645033,False,True,0
2012-06-06,1990-01-03,2012-06-05,5653,0.9857641187201502,False,True,0
2012-06-07,1990-01-03,2012-06-06,5654,0.9857415783368465,False,True,0
2012-06-08,1990-01-03,2012-06-07,5655,0.985750525129124,False,True,0
2012-06-11,1990-01-03,2012-06-08,5656,0.9857535409425601,False,True,0
2012-06-12,1990-01-03,2012-06-11,5657,0.985744919408554,False,True,0
2012-06-13,1990-01-03,2012-06-12,5658,0.9857463692218131,False,True,0
2012-06-14,1990-01-03,2012-06-13,5659,0.9857438400619101,False,True,0
2012-06-15,1990-01-03,2012-06-14,5660,0.9857464525675466,False,True,0
2012-06-18,1990-01-03,2012-06-15,5661,0.9857500736385001,False,True,0
2012-06-19,1990-01-03,2012-06-18,5662,0.985744919020467,False,True,0
2012-06-20,1990-01-03,2012-06-19,5663,0.9857516624710974,False,True,0
2012-06-21,1990-01-03,2012-06-20,5664,0.9857388531317018,False,True,0
2012-06-22,1990-01-03,2012-06-21,5665,0.9857688858898833,False,True,0
2012-06-25,1990-01-03,2012-06-22,5666,0.9857753281764984,False,True,0
2012-06-26,1990-01-03,2012-06-25,5667,0.9857587253041606,False,True,0
2012-06-27,1990-01-03,2012-06-26,5668,0.9857712327180846,False,True,0
2012-06-28,1990-01-03,2012-06-27,5669,0.9857752468850195,False,True,0
2012-06-29,1990-01-03,2012-06-28,5670,0.9857789377399733,False,True,0
2012-07-02,1990-01-03,2012-06-29,5671,0.9857987598630054,False,True,0
2012-07-03,1990-01-03,2012-07-02,5672,0.9857948244377525,False,True,0
2012-07-05,1990-01-03,2012-07-03,5673,0.9857915897570177,False,True,0
2012-07-06,1990-01-03,2012-07-05,5674,0.9857812298917268,False,True,0
2012-07-09,1990-01-03,2012-07-06,5675,0.9857755583941088,False,True,0
2012-07-10,1990-01-03,2012-07-09,5676,0.9857718101731038,False,True,0
2012-07-11,1990-01-03,2012-07-10,5677,0.9857655128975531,False,True,0
2012-07-12,1990-01-03,2012-07-11,5678,0.9857637967276062,False,True,0
2012-07-13,1990-01-03,2012-07-12,5679,0.9857572990912957,False,True,0
2012-07-16,1990-01-03,2012-07-13,5680,0.985779061538053,False,True,0
2012-07-17,1990-01-03,2012-07-16,5681,0.9857695523920803,False,True,0
2012-07-18,1990-01-03,2012-07-17,5682,0.9857690312371572,False,True,0
2012-07-19,1990-01-03,2012-07-18,5683,0.9857659730048343,False,True,0
2012-07-20,1990-01-03,2012-07-19,5684,0.9857494900816073,False,True,0
2012-07-23,1990-01-03,2012-07-20,5685,0.9857511708179965,False,True,0
2012-07-24,1990-01-03,2012-07-23,5686,0.9857448343036418,False,True,0
2012-07-25,1990-01-03,2012-07-24,5687,0.9857382993505327,False,True,0
2012-07-26,1990-01-03,2012-07-25,5688,0.9857412413332283,False,True,0
2012-07-27,1990-01-03,2012-07-26,5689,0.9857569333140243,False,True,0
2012-07-30,1990-01-03,2012-07-27,5690,0.9857922709696727,False,True,0
2012-07-31,1990-01-03,2012-07-30,5691,0.985781893154746,False,True,0
2012-08-01,1990-01-03,2012-07-31,5692,0.9857701458361513,False,True,0
2012-08-02,1990-01-03,2012-08-01,5693,0.9857589713485336,False,True,0
2012-08-03,1990-01-03,2012-08-02,5694,0.9857513058934502,False,True,0
2012-08-06,1990-01-03,2012-08-03,5695,0.9857875182870993,False,True,0
2012-08-07,1990-01-03,2012-08-06,5696,0.9857781549635309,False,True,0
2012-08-08,1990-01-03,2012-08-07,5697,0.9857718037915173,False,True,0
2012-08-09,1990-01-03,2012-08-08,5698,0.9857553486784214,False,True,0
2012-08-10,1990-01-03,2012-08-09,5699,0.985736881857357,False,True,0
2012-08-13,1990-01-03,2012-08-10,5700,0.9857168880415824,False,True,0
2012-08-14,1990-01-03,2012-08-13,5701,0.9856941179980565,False,True,0
2012-08-15,1990-01-03,2012-08-14,5702,0.9856701210856362,False,True,0
2012-08-16,1990-01-03,2012-08-15,5703,0.9856444911609344,False,True,0
2012-08-17,1990-01-03,2012-08-16,5704,0.9856638876255851,False,True,0
2012-08-20,1990-01-03,2012-08-17,5705,0.9856377336806251,False,True,0
2012-08-21,1990-01-03,2012-08-20,5706,0.98560713917482,False,True,0
2012-08-22,1990-01-03,2012-08-21,5707,0.9855845822273112,False,True,0
2012-08-23,1990-01-03,2012-08-22,5708,0.9855591135619409,False,True,0
2012-08-24,1990-01-03,2012-08-23,5709,0.9855677956010876,False,True,0
2012-08-27,1990-01-03,2012-08-24,5710,0.9855779558201568,False,True,0
2012-08-28,1990-01-03,2012-08-27,5711,0.985564836615744,False,True,0
2012-08-29,1990-01-03,2012-08-28,5712,0.985550413067865,False,True,0
2012-08-30,1990-01-03,2012-08-29,5713,0.9855368873514867,False,True,0
2012-08-31,1990-01-03,2012-08-30,5714,0.9855321396970108,False,True,0
2012-09-04,1990-01-03,2012-08-31,5715,0.9855383795058992,False,True,0
2012-09-05,1990-01-03,2012-09-04,5716,0.9855340324202796,False,True,0
2012-09-06,1990-01-03,2012-09-05,5717,0.9855291415942712,False,True,0
2012-09-07,1990-01-03,2012-09-06,5718,0.9856015071556774,False,True,0
2012-09-10,1990-01-03,2012-09-07,5719,0.9856044012926439,False,True,0
2012-09-11,1990-01-03,2012-09-10,5720,0.9855922206445725,False,True,0
2012-09-12,1990-01-03,2012-09-11,5721,0.9855976315344199,False,True,0
2012-09-13,1990-01-03,2012-09-12,5722,0.9856013846375647,False,True,0
2012-09-14,1990-01-03,2012-09-13,5723,0.9856507409567737,False,True,0
2012-09-17,1990-01-03,2012-09-14,5724,0.9856560067981045,False,True,0
2012-09-18,1990-01-03,2012-09-17,5725,0.9856418997002537,False,True,0
2012-09-19,1990-01-03,2012-09-18,5726,0.9856390031626584,False,True,0
2012-09-20,1990-01-03,2012-09-19,5727,0.9856407393134938,False,True,0
2012-09-21,1990-01-03,2012-09-20,5728,0.9856388743228992,False,True,0
2012-09-24,1990-01-03,2012-09-21,5729,0.9856372208750087,False,True,0
2012-09-25,1990-01-03,2012-09-24,5730,0.985629033080924,False,True,0
2012-09-26,1990-01-03,2012-09-25,5731,0.985598972112784,False,True,0
2012-09-27,1990-01-03,2012-09-26,5732,0.985585737244122,False,True,0
2012-09-28,1990-01-03,2012-09-27,5733,0.9855686484794667,False,True,0
2012-10-01,1990-01-03,2012-09-28,5734,0.9855672230217013,False,True,0
2012-10-02,1990-01-03,2012-10-01,5735,0.9855907833071361,False,True,0
2012-10-03,1990-01-03,2012-10-02,5736,0.9856133749904741,False,True,0
2012-10-04,1990-01-03,2012-10-03,5737,0.9856308388289514,False,True,0
2012-10-05,1990-01-03,2012-10-04,5738,0.9856336730091103,False,True,0
2012-10-08,1990-01-03,2012-10-05,5739,0.9856465926387543,False,True,0
2012-10-09,1990-01-03,2012-10-08,5740,0.9856440904872561,False,True,0
2012-10-10,1990-01-03,2012-10-09,5741,0.9855922796988023,False,True,0
2012-10-11,1990-01-03,2012-10-10,5742,0.9855797817288973,False,True,0
2012-10-12,1990-01-03,2012-10-11,5743,0.9856123607249319,False,True,0
2012-10-15,1990-01-03,2012-10-12,5744,0.9856280715830656,False,True,0
2012-10-16,1990-01-03,2012-10-15,5745,0.9856220349198009,False,True,0
2012-10-17,1990-01-03,2012-10-16,5746,0.9856001058464738,False,True,0
2012-10-18,1990-01-03,2012-10-17,5747,0.9856171078618814,False,True,0
2012-10-19,1990-01-03,2012-10-18,5748,0.9856271988604745,False,True,0
2012-10-22,1990-01-03,2012-10-19,5749,0.9855361714084847,False,True,0
2012-10-23,1990-01-03,2012-10-22,5750,0.9855755535219151,False,True,0
2012-10-24,1990-01-03,2012-10-23,5751,0.9854877231802858,False,True,0
2012-10-25,1990-01-03,2012-10-24,5752,0.9855206445158138,False,True,0
2012-10-26,1990-01-03,2012-10-25,5753,0.9855584377145135,False,True,0
2012-10-31,1990-01-03,2012-10-26,5754,0.9855933552710493,False,True,0
2012-11-01,1990-01-03,2012-10-31,5755,0.9856258753955733,False,True,0
2012-11-02,1990-01-03,2012-11-01,5756,0.985606634701174,False,True,0
2012-11-05,1990-01-03,2012-11-02,5757,0.9855795901109603,False,True,0
2012-11-06,1990-01-03,2012-11-05,5758,0.9856086997089245,False,True,0
2012-11-07,1990-01-03,2012-11-06,5759,0.9856118222231324,False,True,0
2012-11-08,1990-01-03,2012-11-07,5760,0.9855051299521806,False,True,0
2012-11-09,1990-01-03,2012-11-08,5761,0.9854754587794933,False,True,0
2012-11-12,1990-01-03,2012-11-09,5762,0.9855202269883916,False,True,0
2012-11-13,1990-01-03,2012-11-12,5763,0.9855581855773924,False,True,0
2012-11-14,1990-01-03,2012-11-13,5764,0.9855802149629246,False,True,0
2012-11-15,1990-01-03,2012-11-14,5765,0.9855430534323482,False,True,0
2012-11-16,1990-01-03,2012-11-15,5766,0.9855747956842925,False,True,0
2012-11-19,1990-01-03,2012-11-16,5767,0.9855988347447068,False,True,0
2012-11-20,1990-01-03,2012-11-19,5768,0.9855587680230221,False,True,0
2012-11-21,1990-01-03,2012-11-20,5769,0.9855776010899837,False,True,0
2012-11-23,1990-01-03,2012-11-21,5770,0.9855917341281026,False,True,0
2012-11-26,1990-01-03,2012-11-23,5771,0.9855891269390198,False,True,0
2012-11-27,1990-01-03,2012-11-26,5772,0.985593344041894,False,True,0
2012-11-28,1990-01-03,2012-11-27,5773,0.9855913531618935,False,True,0
2012-11-29,1990-01-03,2012-11-28,5774,0.9855958875376047,False,True,0
2012-11-30,1990-01-03,2012-11-29,5775,0.9855993350564619,False,True,0
2012-12-03,1990-01-03,2012-11-30,5776,0.9855966727137767,False,True,0
2012-12-04,1990-01-03,2012-12-03,5777,0.9855895436724452,False,True,0
2012-12-05,1990-01-03,2012-12-04,5778,0.9855869754659136,False,True,0
2012-12-06,1990-01-03,2012-12-05,5779,0.9855849286560622,False,True,0
2012-12-07,1990-01-03,2012-12-06,5780,0.9855847374980651,False,True,0
2012-12-10,1990-01-03,2012-12-07,5781,0.9855786828935558,False,True,0
2012-12-11,1990-01-03,2012-12-10,5782,0.9855685062740925,False,True,0
2012-12-12,1990-01-03,2012-12-11,5783,0.9855780960991917,False,True,0
2012-12-13,1990-01-03,2012-12-12,5784,0.985564433160049,False,True,0
2012-12-14,1990-01-03,2012-12-13,5785,0.9855547203630753,False,True,0
2012-12-17,1990-01-03,2012-12-14,5786,0.9855457278183879,False,True,0
2012-12-18,1990-01-03,2012-12-17,5787,0.9855680846527635,False,True,0
2012-12-19,1990-01-03,2012-12-18,5788,0.9855948261659986,False,True,0
2012-12-20,1990-01-03,2012-12-19,5789,0.9855844447743256,False,True,0
2012-12-21,1990-01-03,2012-12-20,5790,0.9855907285825705,False,True,0
2012-12-24,1990-01-03,2012-12-21,5791,0.9855725409495556,False,True,0
2012-12-26,1990-01-03,2012-12-24,5792,0.9855800349859724,False,True,0
2012-12-27,1990-01-03,2012-12-26,5793,0.985579438379743,False,True,0
2012-12-28,1990-01-03,2012-12-27,5794,0.9855912676303564,False,True,0
2012-12-31,1990-01-03,2012-12-28,5795,0.98556400525691,False,True,0
2013-01-02,1990-01-03,2012-12-31,5796,0.9855292956830819,False,True,0
2013-01-03,1990-01-03,2013-01-02,5797,0.9854970628495571,False,True,0
2013-01-04,1990-01-03,2013-01-03,5798,0.9855052494667907,False,True,0
2013-01-07,1990-01-03,2013-01-04,5799,0.9855137509195054,False,True,0
2013-01-08,1990-01-03,2013-01-07,5800,0.9855154086229504,False,True,0
2013-01-09,1990-01-03,2013-01-08,5801,0.9855171426892227,False,True,0
2013-01-10,1990-01-03,2013-01-09,5802,0.9855254217838342,False,True,0
2013-01-11,1990-01-03,2013-01-10,5803,0.9855316913486513,False,True,0
2013-01-14,1990-01-03,2013-01-11,5804,0.9855334031442724,False,True,0
2013-01-15,1990-01-03,2013-01-14,5805,0.9855312892033048,False,True,0
2013-01-16,1990-01-03,2013-01-15,5806,0.9855300124369618,False,True,0
2013-01-17,1990-01-03,2013-01-16,5807,0.9855247022141781,False,True,0
2013-01-18,1990-01-03,2013-01-17,5808,0.9855330283813645,False,True,0
2013-01-22,1990-01-03,2013-01-18,5809,0.985532098195842,False,True,0
2013-01-23,1990-01-03,2013-01-22,5810,0.9855361294144199,False,True,0
2013-01-24,1990-01-03,2013-01-23,5811,0.985527283553506,False,True,0
2013-01-25,1990-01-03,2013-01-24,5812,0.9855149447848757,False,True,0
2013-01-28,1990-01-03,2013-01-25,5813,0.9855315029192536,False,True,0
2013-01-29,1990-01-03,2013-01-28,5814,0.9855153721055108,False,True,0
2013-01-30,1990-01-03,2013-01-29,5815,0.9855299250973588,False,True,0
2013-01-31,1990-01-03,2013-01-30,5816,0.9855153048343605,False,True,0
2013-02-01,1990-01-03,2013-01-31,5817,0.9855059350608975,False,True,0
2013-02-04,1990-01-03,2013-02-01,5818,0.9855317131927163,False,True,0
2013-02-05,1990-01-03,2013-02-04,5819,0.9855080675494196,False,True,0
2013-02-06,1990-01-03,2013-02-05,5820,0.9854905975015856,False,True,0
2013-02-07,1990-01-03,2013-02-06,5821,0.9855082517966657,False,True,0
2013-02-08,1990-01-03,2013-02-07,5822,0.9855168995489848,False,True,0
2013-02-11,1990-01-03,2013-02-08,5823,0.9855260929721774,False,True,0
2013-02-12,1990-01-03,2013-02-11,5824,0.9855386467885491,False,True,0
2013-02-13,1990-01-03,2013-02-12,5825,0.98555254142622,False,True,0
2013-02-14,1990-01-03,2013-02-13,5826,0.9855648616848465,False,True,0
2013-02-15,1990-01-03,2013-02-14,5827,0.9855765222052576,False,True,0
2013-02-19,1990-01-03,2013-02-15,5828,0.9855823556653295,False,True,0
2013-02-20,1990-01-03,2013-02-19,5829,0.9855921019769526,False,True,0
2013-02-21,1990-01-03,2013-02-20,5830,0.9855274355136928,False,True,0
2013-02-22,1990-01-03,2013-02-21,5831,0.9855064901316156,False,True,0
2013-02-25,1990-01-03,2013-02-22,5832,0.9854856945369723,False,True,0
2013-02-26,1990-01-03,2013-02-25,5833,0.9853437978068944,False,True,0
2013-02-27,1990-01-03,2013-02-26,5834,0.9853667893453212,False,True,0
2013-02-28,1990-01-03,2013-02-27,5835,0.9853100550189805,False,True,0
2013-03-01,1990-01-03,2013-02-28,5836,0.9853476137014467,False,True,0
2013-03-04,1990-01-03,2013-03-01,5837,0.9853828830808414,False,True,0
2013-03-05,1990-01-03,2013-03-04,5838,0.9854051862136805,False,True,0
2013-03-06,1990-01-03,2013-03-05,5839,0.9853869191247293,False,True,0
2013-03-07,1990-01-03,2013-03-06,5840,0.9854138361583279,False,True,0
2013-03-08,1990-01-03,2013-03-07,5841,0.9854384362468727,False,True,0
2013-03-11,1990-01-03,2013-03-08,5842,0.9854566654212604,False,True,0
2013-03-12,1990-01-03,2013-03-11,5843,0.9854748644083802,False,True,0
2013-03-13,1990-01-03,2013-03-12,5844,0.9854813739938232,False,True,0
2013-03-14,1990-01-03,2013-03-13,5845,0.9855015332716716,False,True,0
2013-03-15,1990-01-03,2013-03-14,5846,0.9855098652720373,False,True,0
2013-03-18,1990-01-03,2013-03-15,5847,0.9855184426713345,False,True,0
2013-03-19,1990-01-03,2013-03-18,5848,0.9854997648805026,False,True,0
2013-03-20,1990-01-03,2013-03-19,5849,0.9855104709577084,False,True,0
2013-03-21,1990-01-03,2013-03-20,5850,0.9855117173246617,False,True,0
2013-03-22,1990-01-03,2013-03-21,5851,0.9854695600464883,False,True,0
2013-03-25,1990-01-03,2013-03-22,5852,0.985467464465995,False,True,0
2013-03-26,1990-01-03,2013-03-25,5853,0.9854757579000798,False,True,0
2013-03-27,1990-01-03,2013-03-26,5854,0.9854690274790068,False,True,0
2013-03-28,1990-01-03,2013-03-27,5855,0.9854921926031948,False,True,0
2013-04-01,1990-01-03,2013-03-28,5856,0.9855094664998161,False,True,0
2013-04-02,1990-01-03,2013-04-01,5857,0.9855033761229457,False,True,0
2013-04-03,1990-01-03,2013-04-02,5858,0.9855153163238674,False,True,0
2013-04-04,1990-01-03,2013-04-03,5859,0.9854529169571653,False,True,0
2013-04-05,1990-01-03,2013-04-04,5860,0.9854781532268606,False,True,0
2013-04-08,1990-01-03,2013-04-05,5861,0.9854836290840344,False,True,0
2013-04-09,1990-01-03,2013-04-08,5862,0.9854908510211413,False,True,0
2013-04-10,1990-01-03,2013-04-09,5863,0.9855150326592316,False,True,0
2013-04-11,1990-01-03,2013-04-10,5864,0.9854740480248023,False,True,0
2013-04-12,1990-01-03,2013-04-11,5865,0.9854937310652089,False,True,0
2013-04-15,1990-01-03,2013-04-12,5866,0.9855011594406287,False,True,0
2013-04-16,1990-01-03,2013-04-15,5867,0.9853739603640247,False,True,0
2013-04-17,1990-01-03,2013-04-16,5868,0.9853059743677302,False,True,0
2013-04-18,1990-01-03,2013-04-17,5869,0.9852196071669441,False,True,0
2013-04-19,1990-01-03,2013-04-18,5870,0.9852335244664105,False,True,0
2013-04-22,1990-01-03,2013-04-19,5871,0.9852418299432679,False,True,0
2013-04-23,1990-01-03,2013-04-22,5872,0.9852745153259679,False,True,0
2013-04-24,1990-01-03,2013-04-23,5873,0.9852666570017429,False,True,0
2013-04-25,1990-01-03,2013-04-24,5874,0.9852979841664139,False,True,0
2013-04-26,1990-01-03,2013-04-25,5875,0.9853205455801793,False,True,0
2013-04-29,1990-01-03,2013-04-26,5876,0.9853397581527351,False,True,0
2013-04-30,1990-01-03,2013-04-29,5877,0.9853463421743296,False,True,0
2013-05-01,1990-01-03,2013-04-30,5878,0.9853633560300614,False,True,0
2013-05-02,1990-01-03,2013-05-01,5879,0.985340590600408,False,True,0
2013-05-03,1990-01-03,2013-05-02,5880,0.9853369531623999,False,True,0
2013-05-06,1990-01-03,2013-05-03,5881,0.9853301514167842,False,True,0
2013-05-07,1990-01-03,2013-05-06,5882,0.9853455411293304,False,True,0
2013-05-08,1990-01-03,2013-05-07,5883,0.9853533859992855,False,True,0
2013-05-09,1990-01-03,2013-05-08,5884,0.9853620980734015,False,True,0
2013-05-10,1990-01-03,2013-05-09,5885,0.9853596142563722,False,True,0
2013-05-13,1990-01-03,2013-05-10,5886,0.985368310123011,False,True,0
2013-05-14,1990-01-03,2013-05-13,5887,0.985373813935624,False,True,0
2013-05-15,1990-01-03,2013-05-14,5888,0.9853866693383435,False,True,0
2013-05-16,1990-01-03,2013-05-15,5889,0.9853939751596581,False,True,0
2013-05-17,1990-01-03,2013-05-16,5890,0.9853831067282601,False,True,0
2013-05-20,1990-01-03,2013-05-17,5891,0.9853926019843291,False,True,0
2013-05-21,1990-01-03,2013-05-20,5892,0.985393650825587,False,True,0
2013-05-22,1990-01-03,2013-05-21,5893,0.9853967318242578,False,True,0
2013-05-23,1990-01-03,2013-05-22,5894,0.9853773279011315,False,True,0
2013-05-24,1990-01-03,2013-05-23,5895,0.9853811715185238,False,True,0
2013-05-28,1990-01-03,2013-05-24,5896,0.9853939114180161,False,True,0
2013-05-29,1990-01-03,2013-05-28,5897,0.9854010404010074,False,True,0
2013-05-30,1990-01-03,2013-05-29,5898,0.9853819071735901,False,True,0
2013-05-31,1990-01-03,2013-05-30,5899,0.9853975962521823,False,True,0
2013-06-03,1990-01-03,2013-05-31,5900,0.985335836238533,False,True,0
2013-06-04,1990-01-03,2013-06-03,5901,0.9853521667434983,False,True,0
2013-06-05,1990-01-03,2013-06-04,5902,0.9853525762043367,False,True,0
2013-06-06,1990-01-03,2013-06-05,5903,0.9852875184359055,False,True,0
2013-06-07,1990-01-03,2013-06-06,5904,0.9852919694674617,False,True,0
2013-06-10,1990-01-03,2013-06-07,5905,0.9852607796690424,False,True,0
2013-06-11,1990-01-03,2013-06-10,5906,0.9852878773359194,False,True,0
2013-06-12,1990-01-03,2013-06-11,5907,0.9852606391218245,False,True,0
2013-06-13,1990-01-03,2013-06-12,5908,0.985251901562859,False,True,0
2013-06-14,1990-01-03,2013-06-13,5909,0.9852155233293349,False,True,0
2013-06-17,1990-01-03,2013-06-14,5910,0.9852220478423842,False,True,0
2013-06-18,1990-01-03,2013-06-17,5911,0.9852318292795943,False,True,0
2013-06-19,1990-01-03,2013-06-18,5912,0.9852384306469095,False,True,0
2013-06-20,1990-01-03,2013-06-19,5913,0.9852008855335291,False,True,0
2013-06-21,1990-01-03,2013-06-20,5914,0.9851009429499292,False,True,0
2013-06-24,1990-01-03,2013-06-21,5915,0.985140332501109,False,True,0
2013-06-25,1990-01-03,2013-06-24,5916,0.985127657411269,False,True,0
2013-06-26,1990-01-03,2013-06-25,5917,0.9851404527221691,False,True,0
2013-06-27,1990-01-03,2013-06-26,5918,0.9851492324225657,False,True,0
2013-06-28,1990-01-03,2013-06-27,5919,0.9851651707687746,False,True,0
2013-07-01,1990-01-03,2013-06-28,5920,0.9851768966613863,False,True,0
2013-07-02,1990-01-03,2013-07-01,5921,0.9851886773941146,False,True,0
2013-07-03,1990-01-03,2013-07-02,5922,0.9851987366430854,False,True,0
2013-07-05,1990-01-03,2013-07-03,5923,0.9852048404518772,False,True,0
2013-07-08,1990-01-03,2013-07-05,5924,0.9852125629778116,False,True,0
2013-07-09,1990-01-03,2013-07-08,5925,0.9852122248838793,False,True,0
2013-07-10,1990-01-03,2013-07-09,5926,0.9852140616328998,False,True,0
2013-07-11,1990-01-03,2013-07-10,5927,0.9852051444395077,False,True,0
2013-07-12,1990-01-03,2013-07-11,5928,0.9852459271849529,False,True,0
2013-07-15,1990-01-03,2013-07-12,5929,0.9852323212606533,False,True,0
2013-07-16,1990-01-03,2013-07-15,5930,0.9852126144779847,False,True,0
2013-07-17,1990-01-03,2013-07-16,5931,0.9851949864605676,False,True,0
2013-07-18,1990-01-03,2013-07-17,5932,0.985180526342114,False,True,0
2013-07-19,1990-01-03,2013-07-18,5933,0.9851764883002581,False,True,0
2013-07-22,1990-01-03,2013-07-19,5934,0.9851552975391827,False,True,0
2013-07-23,1990-01-03,2013-07-22,5935,0.9851339660463008,False,True,0
2013-07-24,1990-01-03,2013-07-23,5936,0.9851094704652087,False,True,0
2013-07-25,1990-01-03,2013-07-24,5937,0.9850916941831837,False,True,0
2013-07-26,1990-01-03,2013-07-25,5938,0.9850785458150855,False,True,0
2013-07-29,1990-01-03,2013-07-26,5939,0.9850595487368353,False,True,0
2013-07-30,1990-01-03,2013-07-29,5940,0.9850430521352115,False,True,0
2013-07-31,1990-01-03,2013-07-30,5941,0.9850287952547394,False,True,0
2013-08-01,1990-01-03,2013-07-31,5942,0.9850128182611351,False,True,0
2013-08-02,1990-01-03,2013-08-01,5943,0.9850963977813602,False,True,0
2013-08-05,1990-01-03,2013-08-02,5944,0.9850805754253191,False,True,0
2013-08-06,1990-01-03,2013-08-05,5945,0.9850605305952156,False,True,0
2013-08-07,1990-01-03,2013-08-06,5946,0.9850509430301022,False,True,0
2013-08-08,1990-01-03,2013-08-07,5947,0.9850406126730967,False,True,0
2013-08-09,1990-01-03,2013-08-08,5948,0.9850462683187903,False,True,0
2013-08-12,1990-01-03,2013-08-09,5949,0.9850375231618018,False,True,0
2013-08-13,1990-01-03,2013-08-12,5950,0.9850383843398641,False,True,0
2013-08-14,1990-01-03,2013-08-13,5951,0.9850444268370606,False,True,0
2013-08-15,1990-01-03,2013-08-14,5952,0.9850316627672058,False,True,0
2013-08-16,1990-01-03,2013-08-15,5953,0.9849818452348879,False,True,0
2013-08-19,1990-01-03,2013-08-16,5954,0.9849982585657412,False,True,0
2013-08-20,1990-01-03,2013-08-19,5955,0.9849940156137401,False,True,0
2013-08-21,1990-01-03,2013-08-20,5956,0.9850193133363381,False,True,0
2013-08-22,1990-01-03,2013-08-21,5957,0.9850186499314573,False,True,0
2013-08-23,1990-01-03,2013-08-22,5958,0.9850191274690601,False,True,0
2013-08-26,1990-01-03,2013-08-23,5959,0.9850394061681539,False,True,0
2013-08-27,1990-01-03,2013-08-26,5960,0.985045966029793,False,True,0
2013-08-28,1990-01-03,2013-08-27,5961,0.9849712224432159,False,True,0
2013-08-29,1990-01-03,2013-08-28,5962,0.9850050550085815,False,True,0
2013-08-30,1990-01-03,2013-08-29,5963,0.9850359836330406,False,True,0
2013-09-03,1990-01-03,2013-08-30,5964,0.9850537817723695,False,True,0
2013-09-04,1990-01-03,2013-09-03,5965,0.9850748101067307,False,True,0
2013-09-05,1990-01-03,2013-09-04,5966,0.9850768636868064,False,True,0
2013-09-06,1990-01-03,2013-09-05,5967,0.9850953827868679,False,True,0
2013-09-09,1990-01-03,2013-09-06,5968,0.9851101702899577,False,True,0
2013-09-10,1990-01-03,2013-09-09,5969,0.9851130493646894,False,True,0
2013-09-11,1990-01-03,2013-09-10,5970,0.9851193172186882,False,True,0
2013-09-12,1990-01-03,2013-09-11,5971,0.9851265730303134,False,True,0
2013-09-13,1990-01-03,2013-09-12,5972,0.9851225503282395,False,True,0
2013-09-16,1990-01-03,2013-09-13,5973,0.9851303997653965,False,True,0
2013-09-17,1990-01-03,2013-09-16,5974,0.9851389061790927,False,True,0
2013-09-18,1990-01-03,2013-09-17,5975,0.9851460370069557,False,True,0
2013-09-19,1990-01-03,2013-09-18,5976,0.9851724900745752,False,True,0
2013-09-20,1990-01-03,2013-09-19,5977,0.9851669221684666,False,True,0
2013-09-23,1990-01-03,2013-09-20,5978,0.9851495194189565,False,True,0
2013-09-24,1990-01-03,2013-09-23,5979,0.9851431809585056,False,True,0
2013-09-25,1990-01-03,2013-09-24,5980,0.9851503330744227,False,True,0
2013-09-26,1990-01-03,2013-09-25,5981,0.985157375723365,False,True,0
2013-09-27,1990-01-03,2013-09-26,5982,0.9851727379820118,False,True,0
2013-09-30,1990-01-03,2013-09-27,5983,0.9851713949730188,False,True,0
2013-10-01,1990-01-03,2013-09-30,5984,0.9851604089353841,False,True,0
2013-10-02,1990-01-03,2013-10-01,5985,0.9851592030129379,False,True,0
2013-10-03,1990-01-03,2013-10-02,5986,0.985175927720174,False,True,0
2013-10-04,1990-01-03,2013-10-03,5987,0.9851454188012756,False,True,0
2013-10-07,1990-01-03,2013-10-04,5988,0.9851504987616677,False,True,0
2013-10-08,1990-01-03,2013-10-07,5989,0.9851252624271359,False,True,0
2013-10-09,1990-01-03,2013-10-08,5990,0.9850691749587586,False,True,0
2013-10-10,1990-01-03,2013-10-09,5991,0.9851049633480969,False,True,0
2013-10-11,1990-01-03,2013-10-10,5992,0.9850172780858484,False,True,0
2013-10-14,1990-01-03,2013-10-11,5993,0.9850296946328024,False,True,0
2013-10-15,1990-01-03,2013-10-14,5994,0.9850480431309635,False,True,0
2013-10-16,1990-01-03,2013-10-15,5995,0.9850379853389853,False,True,0
2013-10-17,1990-01-03,2013-10-16,5996,0.9850094819259414,False,True,0
2013-10-18,1990-01-03,2013-10-17,5997,0.9850171239464314,False,True,0
2013-10-21,1990-01-03,2013-10-18,5998,0.9850245141618481,False,True,0
2013-10-22,1990-01-03,2013-10-21,5999,0.9850357239606915,False,True,0
2013-10-23,1990-01-03,2013-10-22,6000,0.9850434713974853,False,True,0
2013-10-24,1990-01-03,2013-10-23,6001,0.9850378888089377,False,True,0
2013-10-25,1990-01-03,2013-10-24,6002,0.9850476478865303,False,True,0
2013-10-28,1990-01-03,2013-10-25,6003,0.9850559707599507,False,True,0
2013-10-29,1990-01-03,2013-10-28,6004,0.9850618896197493,False,True,0
2013-10-30,1990-01-03,2013-10-29,6005,0.9850700612639597,False,True,0
2013-10-31,1990-01-03,2013-10-30,6006,0.9850596346469245,False,True,0
2013-11-01,1990-01-03,2013-10-31,6007,0.9850558604715808,False,True,0
2013-11-04,1990-01-03,2013-11-01,6008,0.9850673045918941,False,True,0
2013-11-05,1990-01-03,2013-11-04,6009,0.9850772347300776,False,True,0
2013-11-06,1990-01-03,2013-11-05,6010,0.9850757670349487,False,True,0
2013-11-07,1990-01-03,2013-11-06,6011,0.9850857007381636,False,True,0
2013-11-08,1990-01-03,2013-11-07,6012,0.9850436527114264,False,True,0
2013-11-11,1990-01-03,2013-11-08,6013,0.9850026713110863,False,True,0
2013-11-12,1990-01-03,2013-11-11,6014,0.9850251894253261,False,True,0
2013-11-13,1990-01-03,2013-11-12,6015,0.9850370524587995,False,True,0
2013-11-14,1990-01-03,2013-11-13,6016,0.9850354156472273,False,True,0
2013-11-15,1990-01-03,2013-11-14,6017,0.9850477590418523,False,True,0
2013-11-18,1990-01-03,2013-11-15,6018,0.985059931665375,False,True,0
2013-11-19,1990-01-03,2013-11-18,6019,0.985057771448368,False,True,0
2013-11-20,1990-01-03,2013-11-19,6020,0.9850660375421946,False,True,0
2013-11-21,1990-01-03,2013-11-20,6021,0.9850666835353673,False,True,0
2013-11-22,1990-01-03,2013-11-21,6022,0.9850650238263882,False,True,0
2013-11-25,1990-01-03,2013-11-22,6023,0.9850760381459354,False,True,0
2013-11-26,1990-01-03,2013-11-25,6024,0.9850848000599094,False,True,0
2013-11-27,1990-01-03,2013-11-26,6025,0.9850967263765242,False,True,0
2013-11-29,1990-01-03,2013-11-27,6026,0.9851081855346353,False,True,0
2013-12-02,1990-01-03,2013-11-29,6027,0.9851137196048249,False,True,0
2013-12-03,1990-01-03,2013-12-02,6028,0.985110968179442,False,True,0
2013-12-04,1990-01-03,2013-12-03,6029,0.9851080145049772,False,True,0
2013-12-05,1990-01-03,2013-12-04,6030,0.9851171502929682,False,True,0
2013-12-06,1990-01-03,2013-12-05,6031,0.9851094929194323,False,True,0
2013-12-09,1990-01-03,2013-12-06,6032,0.9850884923001071,False,True,0
2013-12-10,1990-01-03,2013-12-09,6033,0.9851053539802282,False,True,0
2013-12-11,1990-01-03,2013-12-10,6034,0.9851050333322661,False,True,0
2013-12-12,1990-01-03,2013-12-11,6035,0.9850424322225327,False,True,0
2013-12-13,1990-01-03,2013-12-12,6036,0.985053441644748,False,True,0
2013-12-16,1990-01-03,2013-12-13,6037,0.9850850408719898,False,True,0
2013-12-17,1990-01-03,2013-12-16,6038,0.9850920358563049,False,True,0
2013-12-18,1990-01-03,2013-12-17,6039,0.9851031843455145,False,True,0
2013-12-19,1990-01-03,2013-12-18,6040,0.9850371173278194,False,True,0
2013-12-20,1990-01-03,2013-12-19,6041,0.9850574724548281,False,True,0
2013-12-23,1990-01-03,2013-12-20,6042,0.9850705552385862,False,True,0
2013-12-24,1990-01-03,2013-12-23,6043,0.9850807138826285,False,True,0
2013-12-26,1990-01-03,2013-12-24,6044,0.9850965570254272,False,True,0
2013-12-27,1990-01-03,2013-12-26,6045,0.9851135510214819,False,True,0
2013-12-30,1990-01-03,2013-12-27,6046,0.9851185517068103,False,True,0
2013-12-31,1990-01-03,2013-12-30,6047,0.9851282005858636,False,True,0
2014-01-02,1990-01-03,2013-12-31,6048,0.9851459920538354,False,True,0
2014-01-03,1990-01-03,2014-01-02,6049,0.9850984891818202,False,True,0
2014-01-06,1990-01-03,2014-01-03,6050,0.9851207082661138,False,True,0
2014-01-07,1990-01-03,2014-01-06,6051,0.9851293715292061,False,True,0
2014-01-08,1990-01-03,2014-01-07,6052,0.9851340954708848,False,True,0
2014-01-09,1990-01-03,2014-01-08,6053,0.9851534369736288,False,True,0
2014-01-10,1990-01-03,2014-01-09,6054,0.9851722804124823,False,True,0
2014-01-13,1990-01-03,2014-01-10,6055,0.9851912126984907,False,True,0
2014-01-14,1990-01-03,2014-01-13,6056,0.9851088500705735,False,True,0
2014-01-15,1990-01-03,2014-01-14,6057,0.985058719338855,False,True,0
2014-01-16,1990-01-03,2014-01-15,6058,0.9850725190615677,False,True,0
2014-01-17,1990-01-03,2014-01-16,6059,0.9850965452460181,False,True,0
2014-01-21,1990-01-03,2014-01-17,6060,0.9850993696296413,False,True,0
2014-01-22,1990-01-03,2014-01-21,6061,0.9851280230211668,False,True,0
2014-01-23,1990-01-03,2014-01-22,6062,0.9851574541912368,False,True,0
2014-01-24,1990-01-03,2014-01-23,6063,0.9850988172988884,False,True,0
2014-01-27,1990-01-03,2014-01-24,6064,0.9849259850472244,False,True,0
2014-01-28,1990-01-03,2014-01-27,6065,0.9849525888737428,False,True,0
2014-01-29,1990-01-03,2014-01-28,6066,0.9849799346633799,False,True,0
2014-01-30,1990-01-03,2014-01-29,6067,0.9849462887886863,False,True,0
2014-01-31,1990-01-03,2014-01-30,6068,0.9849236487076967,False,True,0
2014-02-03,1990-01-03,2014-01-31,6069,0.9849322791172059,False,True,0
2014-02-04,1990-01-03,2014-02-03,6070,0.98479277668164,False,True,0
2014-02-05,1990-01-03,2014-02-04,6071,0.9848231314770693,False,True,0
2014-02-06,1990-01-03,2014-02-05,6072,0.984863435292349,False,True,0
2014-02-07,1990-01-03,2014-02-06,6073,0.9848488484854964,False,True,0
2014-02-10,1990-01-03,2014-02-07,6074,0.9848284423906405,False,True,0
2014-02-11,1990-01-03,2014-02-10,6075,0.984855711114477,False,True,0
2014-02-12,1990-01-03,2014-02-11,6076,0.9848498648210251,False,True,0
2014-02-13,1990-01-03,2014-02-12,6077,0.9848670107923878,False,True,0
2014-02-14,1990-01-03,2014-02-13,6078,0.9848763468784695,False,True,0
2014-02-18,1990-01-03,2014-02-14,6079,0.9848845661538382,False,True,0
2014-02-19,1990-01-03,2014-02-18,6080,0.9848906925120834,False,True,0
2014-02-20,1990-01-03,2014-02-19,6081,0.9848832641706574,False,True,0
2014-02-21,1990-01-03,2014-02-20,6082,0.9848898889172437,False,True,0
2014-02-24,1990-01-03,2014-02-21,6083,0.9848918560281062,False,True,0
2014-02-25,1990-01-03,2014-02-24,6084,0.9848973357188778,False,True,0
2014-02-26,1990-01-03,2014-02-25,6085,0.9848958512051769,False,True,0
2014-02-27,1990-01-03,2014-02-26,6086,0.9848941862326762,False,True,0
2014-02-28,1990-01-03,2014-02-27,6087,0.9848967811959509,False,True,0
2014-03-03,1990-01-03,2014-02-28,6088,0.9848929504636268,False,True,0
2014-03-04,1990-01-03,2014-03-03,6089,0.9848838806799587,False,True,0
2014-03-05,1990-01-03,2014-03-04,6090,0.9849045803010673,False,True,0
2014-03-06,1990-01-03,2014-03-05,6091,0.9849023218473058,False,True,0
2014-03-07,1990-01-03,2014-03-06,6092,0.9848990180141286,False,True,0
2014-03-10,1990-01-03,2014-03-07,6093,0.984892591068759,False,True,0
2014-03-11,1990-01-03,2014-03-10,6094,0.9848836331549043,False,True,0
2014-03-12,1990-01-03,2014-03-11,6095,0.9848721588454595,False,True,0
2014-03-13,1990-01-03,2014-03-12,6096,0.984870549438372,False,True,0
2014-03-14,1990-01-03,2014-03-13,6097,0.9848550203889409,False,True,0
2014-03-17,1990-01-03,2014-03-14,6098,0.9848632993877672,False,True,0
2014-03-18,1990-01-03,2014-03-17,6099,0.9848595740754789,False,True,0
2014-03-19,1990-01-03,2014-03-18,6100,0.9848649707124496,False,True,0
2014-03-20,1990-01-03,2014-03-19,6101,0.9848544536078623,False,True,0
2014-03-21,1990-01-03,2014-03-20,6102,0.9848630485424381,False,True,0
2014-03-24,1990-01-03,2014-03-21,6103,0.9848673344304087,False,True,0
2014-03-25,1990-01-03,2014-03-24,6104,0.9848641873429741,False,True,0
2014-03-26,1990-01-03,2014-03-25,6105,0.9848774649999633,False,True,0
2014-03-27,1990-01-03,2014-03-26,6106,0.9848636134594931,False,True,0
2014-03-28,1990-01-03,2014-03-27,6107,0.9848781095487641,False,True,0
2014-03-31,1990-01-03,2014-03-28,6108,0.9848916351102033,False,True,0
2014-04-01,1990-01-03,2014-03-31,6109,0.9848944741748794,False,True,0
2014-04-02,1990-01-03,2014-04-01,6110,0.9849005142786883,False,True,0
2014-04-03,1990-01-03,2014-04-02,6111,0.9849100291040374,False,True,0
2014-04-04,1990-01-03,2014-04-03,6112,0.9849137546624476,False,True,0
2014-04-07,1990-01-03,2014-04-04,6113,0.9848795966246757,False,True,0
2014-04-08,1990-01-03,2014-04-07,6114,0.9848409047698308,False,True,0
2014-04-09,1990-01-03,2014-04-08,6115,0.984867350425799,False,True,0
2014-04-10,1990-01-03,2014-04-09,6116,0.984850510669647,False,True,0
2014-04-11,1990-01-03,2014-04-10,6117,0.9847523310343189,False,True,0
2014-04-14,1990-01-03,2014-04-11,6118,0.9847433252344977,False,True,0
2014-04-15,1990-01-03,2014-04-14,6119,0.9847579943072382,False,True,0
2014-04-16,1990-01-03,2014-04-15,6120,0.9847785928572103,False,True,0
2014-04-17,1990-01-03,2014-04-16,6121,0.9847753227383907,False,True,0
2014-04-21,1990-01-03,2014-04-17,6122,0.9847999789441022,False,True,0
2014-04-22,1990-01-03,2014-04-21,6123,0.9848180116855758,False,True,0
2014-04-23,1990-01-03,2014-04-22,6124,0.9848321383399808,False,True,0
2014-04-24,1990-01-03,2014-04-23,6125,0.9848408841331445,False,True,0
2014-04-25,1990-01-03,2014-04-24,6126,0.9848522287532715,False,True,0
2014-04-28,1990-01-03,2014-04-25,6127,0.9848400457482819,False,True,0
2014-04-29,1990-01-03,2014-04-28,6128,0.9848537976749194,False,True,0
2014-04-30,1990-01-03,2014-04-29,6129,0.9848631657720094,False,True,0
2014-05-01,1990-01-03,2014-04-30,6130,0.9848710768918971,False,True,0
2014-05-02,1990-01-03,2014-05-01,6131,0.9848750858375355,False,True,0
2014-05-05,1990-01-03,2014-05-02,6132,0.9848744317590677,False,True,0
2014-05-06,1990-01-03,2014-05-05,6133,0.9848756648099971,False,True,0
2014-05-07,1990-01-03,2014-05-06,6134,0.9848622838645226,False,True,0
2014-05-08,1990-01-03,2014-05-07,6135,0.9848702650648172,False,True,0
2014-05-09,1990-01-03,2014-05-08,6136,0.9848746349241333,False,True,0
2014-05-12,1990-01-03,2014-05-09,6137,0.984880591997332,False,True,0
2014-05-13,1990-01-03,2014-05-12,6138,0.9848914633330849,False,True,0
2014-05-14,1990-01-03,2014-05-13,6139,0.9848914816176104,False,True,0
2014-05-15,1990-01-03,2014-05-14,6140,0.9848822473565798,False,True,0
2014-05-16,1990-01-03,2014-05-15,6141,0.9848615853845916,False,True,0
2014-05-19,1990-01-03,2014-05-16,6142,0.9848757887156545,False,True,0
2014-05-20,1990-01-03,2014-05-19,6143,0.9848876835887149,False,True,0
2014-05-21,1990-01-03,2014-05-20,6144,0.9848760764075127,False,True,0
2014-05-22,1990-01-03,2014-05-21,6145,0.9848781025744379,False,True,0
2014-05-23,1990-01-03,2014-05-22,6146,0.9848910567413677,False,True,0
2014-05-27,1990-01-03,2014-05-23,6147,0.9849009181153316,False,True,0
2014-05-28,1990-01-03,2014-05-27,6148,0.9849089822822306,False,True,0
2014-05-29,1990-01-03,2014-05-28,6149,0.9849114359208695,False,True,0
2014-05-30,1990-01-03,2014-05-29,6150,0.9849199560071293,False,True,0
2014-06-02,1990-01-03,2014-05-30,6151,0.9849238993969082,False,True,0
2014-06-03,1990-01-03,2014-06-02,6152,0.9849250032187689,False,True,0
2014-06-04,1990-01-03,2014-06-03,6153,0.9849232468009861,False,True,0
2014-06-05,1990-01-03,2014-06-04,6154,0.9849247193593792,False,True,0
2014-06-06,1990-01-03,2014-06-05,6155,0.9849439030490854,False,True,0
2014-06-09,1990-01-03,2014-06-06,6156,0.9849555789529901,False,True,0
2014-06-10,1990-01-03,2014-06-09,6157,0.9849525368865987,False,True,0
2014-06-11,1990-01-03,2014-06-10,6158,0.9849526186027203,False,True,0
2014-06-12,1990-01-03,2014-06-11,6159,0.9849319376386738,False,True,0
2014-06-13,1990-01-03,2014-06-12,6160,0.984904231727158,False,True,0
2014-06-16,1990-01-03,2014-06-13,6161,0.9849209501654532,False,True,0
2014-06-17,1990-01-03,2014-06-16,6162,0.9849371325311628,False,True,0
2014-06-18,1990-01-03,2014-06-17,6163,0.9849541086637175,False,True,0
2014-06-19,1990-01-03,2014-06-18,6164,0.9849549349469674,False,True,0
2014-06-20,1990-01-03,2014-06-19,6165,0.9849747084161958,False,True,0
2014-06-23,1990-01-03,2014-06-20,6166,0.9849890732161453,False,True,0
2014-06-24,1990-01-03,2014-06-23,6167,0.9849989232939084,False,True,0
2014-06-25,1990-01-03,2014-06-24,6168,0.9849534488560134,False,True,0
2014-06-26,1990-01-03,2014-06-25,6169,0.9849633488261352,False,True,0
2014-06-27,1990-01-03,2014-06-26,6170,0.9849778718766701,False,True,0
2014-06-30,1990-01-03,2014-06-27,6171,0.9850078329895305,False,True,0
2014-07-01,1990-01-03,2014-06-30,6172,0.985026450196254,False,True,0
2014-07-02,1990-01-03,2014-07-01,6173,0.985019211557365,False,True,0
2014-07-03,1990-01-03,2014-07-02,6174,0.9850399648604489,False,True,0
2014-07-07,1990-01-03,2014-07-03,6175,0.9850408061685495,False,True,0
2014-07-08,1990-01-03,2014-07-07,6176,0.9850227054097691,False,True,0
2014-07-09,1990-01-03,2014-07-08,6177,0.9849530433938798,False,True,0
2014-07-10,1990-01-03,2014-07-09,6178,0.9849723672080924,False,True,0
2014-07-11,1990-01-03,2014-07-10,6179,0.9849556588388166,False,True,0
2014-07-14,1990-01-03,2014-07-11,6180,0.9850002304028611,False,True,0
2014-07-15,1990-01-03,2014-07-14,6181,0.9850089834198946,False,True,0
2014-07-16,1990-01-03,2014-07-15,6182,0.9850289965391502,False,True,0
2014-07-17,1990-01-03,2014-07-16,6183,0.9850447499362113,False,True,0
2014-07-18,1990-01-03,2014-07-17,6184,0.9849070447307556,False,True,0
2014-07-21,1990-01-03,2014-07-18,6185,0.9848363450037363,False,True,0
2014-07-22,1990-01-03,2014-07-21,6186,0.9848640223008842,False,True,0
2014-07-23,1990-01-03,2014-07-22,6187,0.984886680506171,False,True,0
2014-07-24,1990-01-03,2014-07-23,6188,0.9849277074251033,False,True,0
2014-07-25,1990-01-03,2014-07-24,6189,0.9849668959168493,False,True,0
2014-07-28,1990-01-03,2014-07-25,6190,0.9849457226304602,False,True,0
2014-07-29,1990-01-03,2014-07-28,6191,0.9849921201346548,False,True,0
2014-07-30,1990-01-03,2014-07-29,6192,0.9849767546882762,False,True,0
2014-07-31,1990-01-03,2014-07-30,6193,0.9850173310671317,False,True,0
2014-08-01,1990-01-03,2014-07-31,6194,0.9848206189737333,False,True,0
2014-08-04,1990-01-03,2014-08-01,6195,0.9848618807531088,False,True,0
2014-08-05,1990-01-03,2014-08-04,6196,0.9848706969924508,False,True,0
2014-08-06,1990-01-03,2014-08-05,6197,0.984824778742487,False,True,0
2014-08-07,1990-01-03,2014-08-06,6198,0.9848759538326185,False,True,0
2014-08-08,1990-01-03,2014-08-07,6199,0.9848873754741738,False,True,0
2014-08-11,1990-01-03,2014-08-08,6200,0.9848482588340414,False,True,0
2014-08-12,1990-01-03,2014-08-11,6201,0.9848865680014396,False,True,0
2014-08-13,1990-01-03,2014-08-12,6202,0.9849179944298831,False,True,0
2014-08-14,1990-01-03,2014-08-13,6203,0.9849268587224096,False,True,0
2014-08-15,1990-01-03,2014-08-14,6204,0.9849491716199651,False,True,0
2014-08-18,1990-01-03,2014-08-15,6205,0.9849754562467289,False,True,0
2014-08-19,1990-01-03,2014-08-18,6206,0.9849684667587234,False,True,0
2014-08-20,1990-01-03,2014-08-19,6207,0.9849812251428736,False,True,0
2014-08-21,1990-01-03,2014-08-20,6208,0.9849990548153165,False,True,0
2014-08-22,1990-01-03,2014-08-21,6209,0.9850160094493289,False,True,0
2014-08-25,1990-01-03,2014-08-22,6210,0.9850210904117235,False,True,0
2014-08-26,1990-01-03,2014-08-25,6211,0.9850392724638555,False,True,0
2014-08-27,1990-01-03,2014-08-26,6212,0.9850524450450846,False,True,0
2014-08-28,1990-01-03,2014-08-27,6213,0.9850627872722275,False,True,0
2014-08-29,1990-01-03,2014-08-28,6214,0.9850650345700068,False,True,0
2014-09-02,1990-01-03,2014-08-29,6215,0.985077370916147,False,True,0
2014-09-03,1990-01-03,2014-09-02,6216,0.9850836510352029,False,True,0
2014-09-04,1990-01-03,2014-09-03,6217,0.9850882976731794,False,True,0
2014-09-05,1990-01-03,2014-09-04,6218,0.9850826177007556,False,True,0
2014-09-08,1990-01-03,2014-09-05,6219,0.9851008431265824,False,True,0
2014-09-09,1990-01-03,2014-09-08,6220,0.9850931050614292,False,True,0
2014-09-10,1990-01-03,2014-09-09,6221,0.9850554223841409,False,True,0
2014-09-11,1990-01-03,2014-09-10,6222,0.9850743542556831,False,True,0
2014-09-12,1990-01-03,2014-09-11,6223,0.9850967544051304,False,True,0
2014-09-15,1990-01-03,2014-09-12,6224,0.9850682949957352,False,True,0
2014-09-16,1990-01-03,2014-09-15,6225,0.9850925033220238,False,True,0
2014-09-17,1990-01-03,2014-09-16,6226,0.9850819106035029,False,True,0
2014-09-18,1990-01-03,2014-09-17,6227,0.9851067352321787,False,True,0
2014-09-19,1990-01-03,2014-09-18,6228,0.985123212308958,False,True,0
2014-09-22,1990-01-03,2014-09-19,6229,0.9851341692517026,False,True,0
2014-09-23,1990-01-03,2014-09-22,6230,0.9850809765976623,False,True,0
2014-09-24,1990-01-03,2014-09-23,6231,0.9850594134453617,False,True,0
2014-09-25,1990-01-03,2014-09-24,6232,0.9850426595909018,False,True,0
2014-09-26,1990-01-03,2014-09-25,6233,0.9849051903640671,False,True,0
2014-09-29,1990-01-03,2014-09-26,6234,0.9848926658430922,False,True,0
2014-09-30,1990-01-03,2014-09-29,6235,0.9849245119058294,False,True,0
2014-10-01,1990-01-03,2014-09-30,6236,0.9849528198534945,False,True,0
2014-10-02,1990-01-03,2014-10-01,6237,0.9848664214092426,False,True,0
2014-10-03,1990-01-03,2014-10-02,6238,0.9849126748778293,False,True,0
2014-10-06,1990-01-03,2014-10-03,6239,0.9848807905300553,False,True,0
2014-10-07,1990-01-03,2014-10-06,6240,0.9849127708583207,False,True,0
2014-10-08,1990-01-03,2014-10-07,6241,0.984828283724975,False,True,0
2014-10-09,1990-01-03,2014-10-08,6242,0.9847454016868309,False,True,0
2014-10-10,1990-01-03,2014-10-09,6243,0.984631306025527,False,True,0
2014-10-13,1990-01-03,2014-10-10,6244,0.9846145399667807,False,True,0
2014-10-14,1990-01-03,2014-10-13,6245,0.9845658376449089,False,True,0
2014-10-15,1990-01-03,2014-10-14,6246,0.9846125329151082,False,True,0
2014-10-16,1990-01-03,2014-10-15,6247,0.984627401968935,False,True,0
2014-10-17,1990-01-03,2014-10-16,6248,0.9846644862949836,False,True,0
2014-10-20,1990-01-03,2014-10-17,6249,0.9846582157127818,False,True,0
2014-10-21,1990-01-03,2014-10-20,6250,0.9846664380455097,False,True,0
2014-10-22,1990-01-03,2014-10-21,6251,0.984642546332539,False,True,0
2014-10-23,1990-01-03,2014-10-22,6252,0.9846432648052562,False,True,0
2014-10-24,1990-01-03,2014-10-23,6253,0.984642027152814,False,True,0
2014-10-27,1990-01-03,2014-10-24,6254,0.9846471841615838,False,True,0
2014-10-28,1990-01-03,2014-10-27,6255,0.9846488875997147,False,True,0
2014-10-29,1990-01-03,2014-10-28,6256,0.984656454830291,False,True,0
2014-10-30,1990-01-03,2014-10-29,6257,0.9846506838081996,False,True,0
2014-10-31,1990-01-03,2014-10-30,6258,0.9846494036769186,False,True,0
2014-11-03,1990-01-03,2014-10-31,6259,0.9846715801563065,False,True,0
2014-11-04,1990-01-03,2014-11-03,6260,0.9846557150056977,False,True,0
2014-11-05,1990-01-03,2014-11-04,6261,0.9846384071041595,False,True,0
2014-11-06,1990-01-03,2014-11-05,6262,0.9846343556965667,False,True,0
2014-11-07,1990-01-03,2014-11-06,6263,0.9846203641204543,False,True,0
2014-11-10,1990-01-03,2014-11-07,6264,0.9845965355366929,False,True,0
2014-11-11,1990-01-03,2014-11-10,6265,0.9845772760082078,False,True,0
2014-11-12,1990-01-03,2014-11-11,6266,0.9845492152768109,False,True,0
2014-11-13,1990-01-03,2014-11-12,6267,0.9845191399146225,False,True,0
2014-11-14,1990-01-03,2014-11-13,6268,0.9844880364684776,False,True,0
2014-11-17,1990-01-03,2014-11-14,6269,0.9844556661617457,False,True,0
2014-11-18,1990-01-03,2014-11-17,6270,0.9844206662276712,False,True,0
2014-11-19,1990-01-03,2014-11-18,6271,0.9844299942581785,False,True,0
2014-11-20,1990-01-03,2014-11-19,6272,0.9843957362542027,False,True,0
2014-11-21,1990-01-03,2014-11-20,6273,0.9843678587838882,False,True,0
2014-11-24,1990-01-03,2014-11-21,6274,0.9843872031058004,False,True,0
2014-11-25,1990-01-03,2014-11-24,6275,0.9843700449726149,False,True,0
2014-11-26,1990-01-03,2014-11-25,6276,0.9843364596053712,False,True,0
2014-11-28,1990-01-03,2014-11-26,6277,0.9843279538881473,False,True,0
2014-12-01,1990-01-03,2014-11-28,6278,0.9842969532855267,False,True,0
2014-12-02,1990-01-03,2014-12-01,6279,0.984300758041605,False,True,0
2014-12-03,1990-01-03,2014-12-02,6280,0.9843179894049974,False,True,0
2014-12-04,1990-01-03,2014-12-03,6281,0.9843231239734677,False,True,0
2014-12-05,1990-01-03,2014-12-04,6282,0.9843131465443751,False,True,0
2014-12-08,1990-01-03,2014-12-05,6283,0.9843104990770843,False,True,0
2014-12-09,1990-01-03,2014-12-08,6284,0.9842950502124078,False,True,0
2014-12-10,1990-01-03,2014-12-09,6285,0.9843036759967686,False,True,0
2014-12-11,1990-01-03,2014-12-10,6286,0.9842461541970355,False,True,0
2014-12-12,1990-01-03,2014-12-11,6287,0.9842709037520665,False,True,0
2014-12-15,1990-01-03,2014-12-12,6288,0.9841606299363452,False,True,0
2014-12-16,1990-01-03,2014-12-15,6289,0.9841695370200905,False,True,0
2014-12-17,1990-01-03,2014-12-16,6290,0.9841615716541636,False,True,0
2014-12-18,1990-01-03,2014-12-17,6291,0.9840510674261262,False,True,0
2014-12-19,1990-01-03,2014-12-18,6292,0.9839290381874926,False,True,0
2014-12-22,1990-01-03,2014-12-19,6293,0.9839559330330206,False,True,0
2014-12-23,1990-01-03,2014-12-22,6294,0.9839803041297542,False,True,0
2014-12-24,1990-01-03,2014-12-23,6295,0.9840034735678463,False,True,0
2014-12-26,1990-01-03,2014-12-24,6296,0.9840225821232664,False,True,0
2014-12-29,1990-01-03,2014-12-26,6297,0.9840377547331876,False,True,0
2014-12-30,1990-01-03,2014-12-29,6298,0.9840506725077423,False,True,0
2014-12-31,1990-01-03,2014-12-30,6299,0.9840454097416456,False,True,0
2015-01-02,1990-01-03,2014-12-31,6300,0.9840173298631101,False,True,0
2015-01-05,1990-01-03,2015-01-02,6301,0.9840411336081567,False,True,0
2015-01-06,1990-01-03,2015-01-05,6302,0.9839689321673805,False,True,0
2015-01-07,1990-01-03,2015-01-06,6303,0.9839637311451299,False,True,0
2015-01-08,1990-01-03,2015-01-07,6304,0.9839516539888747,False,True,0
2015-01-09,1990-01-03,2015-01-08,6305,0.9838987249967777,False,True,0
2015-01-12,1990-01-03,2015-01-09,6306,0.9838950921438048,False,True,0
2015-01-13,1990-01-03,2015-01-12,6307,0.9838947148027091,False,True,0
2015-01-14,1990-01-03,2015-01-13,6308,0.9839177878696621,False,True,0
2015-01-15,1990-01-03,2015-01-14,6309,0.9839275015145387,False,True,0
2015-01-16,1990-01-03,2015-01-15,6310,0.9839231889999607,False,True,0
2015-01-20,1990-01-03,2015-01-16,6311,0.9839122126233062,False,True,0
2015-01-21,1990-01-03,2015-01-20,6312,0.983930412890688,False,True,0
2015-01-22,1990-01-03,2015-01-21,6313,0.9839412478344017,False,True,0
2015-01-23,1990-01-03,2015-01-22,6314,0.9839403602549368,False,True,0
2015-01-26,1990-01-03,2015-01-23,6315,0.98393773787952,False,True,0
2015-01-27,1990-01-03,2015-01-26,6316,0.9839423511086781,False,True,0
2015-01-28,1990-01-03,2015-01-27,6317,0.9839302283178502,False,True,0
2015-01-29,1990-01-03,2015-01-28,6318,0.9839065418522358,False,True,0
2015-01-30,1990-01-03,2015-01-29,6319,0.9839152016835457,False,True,0
2015-02-02,1990-01-03,2015-01-30,6320,0.9838984399101134,False,True,0
2015-02-03,1990-01-03,2015-02-02,6321,0.9838924004903691,False,True,0
2015-02-04,1990-01-03,2015-02-03,6322,0.983891302989455,False,True,0
2015-02-05,1990-01-03,2015-02-04,6323,0.9838942215511043,False,True,0
2015-02-06,1990-01-03,2015-02-05,6324,0.9838981415399227,False,True,0
2015-02-09,1990-01-03,2015-02-06,6325,0.9838965698525869,False,True,0
2015-02-10,1990-01-03,2015-02-09,6326,0.9838926070839806,False,True,0
2015-02-11,1990-01-03,2015-02-10,6327,0.9838989078866524,False,True,0
2015-02-12,1990-01-03,2015-02-11,6328,0.9838919769609942,False,True,0
2015-02-13,1990-01-03,2015-02-12,6329,0.9839010080980127,False,True,0
2015-02-17,1990-01-03,2015-02-13,6330,0.9838887983308872,False,True,0
2015-02-18,1990-01-03,2015-02-17,6331,0.9838694112720074,False,True,0
2015-02-19,1990-01-03,2015-02-18,6332,0.9838463763052315,False,True,0
2015-02-20,1990-01-03,2015-02-19,6333,0.9838205931016225,False,True,0
2015-02-23,1990-01-03,2015-02-20,6334,0.983819175828091,False,True,0
2015-02-24,1990-01-03,2015-02-23,6335,0.9837887168391374,False,True,0
2015-02-25,1990-01-03,2015-02-24,6336,0.9837618265194524,False,True,0
2015-02-26,1990-01-03,2015-02-25,6337,0.9837272448921184,False,True,0
2015-02-27,1990-01-03,2015-02-26,6338,0.9836929376840482,False,True,0
2015-03-02,1990-01-03,2015-02-27,6339,0.9836665133722811,False,True,0
2015-03-03,1990-01-03,2015-03-02,6340,0.9836746005534497,False,True,0
2015-03-04,1990-01-03,2015-03-03,6341,0.9836584629001798,False,True,0
2015-03-05,1990-01-03,2015-03-04,6342,0.9836421247488722,False,True,0
2015-03-06,1990-01-03,2015-03-05,6343,0.983626740939377,False,True,0
2015-03-09,1990-01-03,2015-03-06,6344,0.9836497966452963,False,True,0
2015-03-10,1990-01-03,2015-03-09,6345,0.9836588555180538,False,True,0
2015-03-11,1990-01-03,2015-03-10,6346,0.9836274202949705,False,True,0
2015-03-12,1990-01-03,2015-03-11,6347,0.9836497852391265,False,True,0
2015-03-13,1990-01-03,2015-03-12,6348,0.9836366571648552,False,True,0
2015-03-16,1990-01-03,2015-03-13,6349,0.9836377410253836,False,True,0
2015-03-17,1990-01-03,2015-03-16,6350,0.9836250577158622,False,True,0
2015-03-18,1990-01-03,2015-03-17,6351,0.9836319945309709,False,True,0
2015-03-19,1990-01-03,2015-03-18,6352,0.983627152279144,False,True,0
2015-03-20,1990-01-03,2015-03-19,6353,0.9836280816083706,False,True,0
2015-03-23,1990-01-03,2015-03-20,6354,0.9836291431441542,False,True,0
2015-03-24,1990-01-03,2015-03-23,6355,0.9836317167507886,False,True,0
2015-03-25,1990-01-03,2015-03-24,6356,0.9836282824588557,False,True,0
2015-03-26,1990-01-03,2015-03-25,6357,0.983604873137504,False,True,0
2015-03-27,1990-01-03,2015-03-26,6358,0.9836214001770562,False,True,0
2015-03-30,1990-01-03,2015-03-27,6359,0.9836375197241317,False,True,0
2015-03-31,1990-01-03,2015-03-30,6360,0.983634877010502,False,True,0
2015-04-01,1990-01-03,2015-03-31,6361,0.9836266562783018,False,True,0
2015-04-02,1990-01-03,2015-04-01,6362,0.9836332578224439,False,True,0
2015-04-06,1990-01-03,2015-04-02,6363,0.9836443148651854,False,True,0
2015-04-07,1990-01-03,2015-04-06,6364,0.9836490962399933,False,True,0
2015-04-08,1990-01-03,2015-04-07,6365,0.9836497654965726,False,True,0
2015-04-09,1990-01-03,2015-04-08,6366,0.9836508014150658,False,True,0
2015-04-10,1990-01-03,2015-04-09,6367,0.9836504647754893,False,True,0
2015-04-13,1990-01-03,2015-04-10,6368,0.9836508011362258,False,True,0
2015-04-14,1990-01-03,2015-04-13,6369,0.9836406511008334,False,True,0
2015-04-15,1990-01-03,2015-04-14,6370,0.9836350794211735,False,True,0
2015-04-16,1990-01-03,2015-04-15,6371,0.983635092295867,False,True,0
2015-04-17,1990-01-03,2015-04-16,6372,0.9836223330391451,False,True,0
2015-04-20,1990-01-03,2015-04-17,6373,0.9836254693483439,False,True,0
2015-04-21,1990-01-03,2015-04-20,6374,0.9836321593552084,False,True,0
2015-04-22,1990-01-03,2015-04-21,6375,0.9836310040576788,False,True,0
2015-04-23,1990-01-03,2015-04-22,6376,0.9836350722251497,False,True,0
2015-04-24,1990-01-03,2015-04-23,6377,0.983632188639986,False,True,0
2015-04-27,1990-01-03,2015-04-24,6378,0.9836273712981228,False,True,0
2015-04-28,1990-01-03,2015-04-27,6379,0.983617293844235,False,True,0
2015-04-29,1990-01-03,2015-04-28,6380,0.983615392650223,False,True,0
2015-04-30,1990-01-03,2015-04-29,6381,0.9836048879095406,False,True,0
2015-05-01,1990-01-03,2015-04-30,6382,0.983592198446051,False,True,0
2015-05-04,1990-01-03,2015-05-01,6383,0.9835901462787052,False,True,0
2015-05-05,1990-01-03,2015-05-04,6384,0.983599126866171,False,True,0
2015-05-06,1990-01-03,2015-05-05,6385,0.9835726032619005,False,True,0
2015-05-07,1990-01-03,2015-05-06,6386,0.9835812374491527,False,True,0
2015-05-08,1990-01-03,2015-05-07,6387,0.9835977937255896,False,True,0
2015-05-11,1990-01-03,2015-05-08,6388,0.9835831771439761,False,True,0
2015-05-12,1990-01-03,2015-05-11,6389,0.9835828280297509,False,True,0
2015-05-13,1990-01-03,2015-05-12,6390,0.9835914440544177,False,True,0
2015-05-14,1990-01-03,2015-05-13,6391,0.9836027668532493,False,True,0
2015-05-15,1990-01-03,2015-05-14,6392,0.9836039265285484,False,True,0
2015-05-18,1990-01-03,2015-05-15,6393,0.9836096359301052,False,True,0
2015-05-19,1990-01-03,2015-05-18,6394,0.9836154132643106,False,True,0
2015-05-20,1990-01-03,2015-05-19,6395,0.9836125685713091,False,True,0
2015-05-21,1990-01-03,2015-05-20,6396,0.9836087299051928,False,True,0
2015-05-22,1990-01-03,2015-05-21,6397,0.9836074477169872,False,True,0
2015-05-26,1990-01-03,2015-05-22,6398,0.9835988739677115,False,True,0
2015-05-27,1990-01-03,2015-05-26,6399,0.9835854294517091,False,True,0
2015-05-28,1990-01-03,2015-05-27,6400,0.9835855729578891,False,True,0
2015-05-29,1990-01-03,2015-05-28,6401,0.9835927088172582,False,True,0
2015-06-01,1990-01-03,2015-05-29,6402,0.9835821934558373,False,True,0
2015-06-02,1990-01-03,2015-06-01,6403,0.9835971238388508,False,True,0
2015-06-03,1990-01-03,2015-06-02,6404,0.9836062944145513,False,True,0
2015-06-04,1990-01-03,2015-06-03,6405,0.9836163797621063,False,True,0
2015-06-05,1990-01-03,2015-06-04,6406,0.9835958082283567,False,True,0
2015-06-08,1990-01-03,2015-06-05,6407,0.9836099805202363,False,True,0
2015-06-09,1990-01-03,2015-06-08,6408,0.9836007768441962,False,True,0
2015-06-10,1990-01-03,2015-06-09,6409,0.9836211723648773,False,True,0
2015-06-11,1990-01-03,2015-06-10,6410,0.9836070927553554,False,True,0
2015-06-12,1990-01-03,2015-06-11,6411,0.9836206615531415,False,True,0
2015-06-15,1990-01-03,2015-06-12,6412,0.9836079423192191,False,True,0
2015-06-16,1990-01-03,2015-06-15,6413,0.9836095383811627,False,True,0
2015-06-17,1990-01-03,2015-06-16,6414,0.9836209151910494,False,True,0
2015-06-18,1990-01-03,2015-06-17,6415,0.9836371474340307,False,True,0
2015-06-19,1990-01-03,2015-06-18,6416,0.9836354673203384,False,True,0
2015-06-22,1990-01-03,2015-06-19,6417,0.9836283046090283,False,True,0
2015-06-23,1990-01-03,2015-06-22,6418,0.9836365822869002,False,True,0
2015-06-24,1990-01-03,2015-06-23,6419,0.9836478071225614,False,True,0
2015-06-25,1990-01-03,2015-06-24,6420,0.9836306353150626,False,True,0
2015-06-26,1990-01-03,2015-06-25,6421,0.9836389914713256,False,True,0
2015-06-29,1990-01-03,2015-06-26,6422,0.9836553544838633,False,True,0
2015-06-30,1990-01-03,2015-06-29,6423,0.9835781673689002,False,True,0
2015-07-01,1990-01-03,2015-06-30,6424,0.9836172792255241,False,True,0
2015-07-02,1990-01-03,2015-07-01,6425,0.9836328317036305,False,True,0
2015-07-06,1990-01-03,2015-07-02,6426,0.9836622908386695,False,True,0
2015-07-07,1990-01-03,2015-07-06,6427,0.983675535968274,False,True,0
2015-07-08,1990-01-03,2015-07-07,6428,0.9836887362728933,False,True,0
2015-07-09,1990-01-03,2015-07-08,6429,0.983624256319455,False,True,0
2015-07-10,1990-01-03,2015-07-09,6430,0.9836588385068046,False,True,0
2015-07-13,1990-01-03,2015-07-10,6431,0.9836380814181974,False,True,0
2015-07-14,1990-01-03,2015-07-13,6432,0.9836257411518543,False,True,0
2015-07-15,1990-01-03,2015-07-14,6433,0.9836414456668552,False,True,0
2015-07-16,1990-01-03,2015-07-15,6434,0.9836568725239552,False,True,0
2015-07-17,1990-01-03,2015-07-16,6435,0.9836596270763283,False,True,0
2015-07-20,1990-01-03,2015-07-17,6436,0.9836674958801106,False,True,0
2015-07-21,1990-01-03,2015-07-20,6437,0.9836720769025377,False,True,0
2015-07-22,1990-01-03,2015-07-21,6438,0.9836682370455763,False,True,0
2015-07-23,1990-01-03,2015-07-22,6439,0.9836693283081902,False,True,0
2015-07-24,1990-01-03,2015-07-23,6440,0.9836620848853653,False,True,0
2015-07-27,1990-01-03,2015-07-24,6441,0.9836369839505611,False,True,0
2015-07-28,1990-01-03,2015-07-27,6442,0.9836397923769905,False,True,0
2015-07-29,1990-01-03,2015-07-28,6443,0.9836233340885877,False,True,0
2015-07-30,1990-01-03,2015-07-29,6444,0.9836285467876897,False,True,0
2015-07-31,1990-01-03,2015-07-30,6445,0.9836427779523838,False,True,0
2015-08-03,1990-01-03,2015-07-31,6446,0.9836477234392625,False,True,0
2015-08-04,1990-01-03,2015-08-03,6447,0.9836508317217525,False,True,0
2015-08-05,1990-01-03,2015-08-04,6448,0.9836548172987833,False,True,0
2015-08-06,1990-01-03,2015-08-05,6449,0.9836621507154351,False,True,0
2015-08-07,1990-01-03,2015-08-06,6450,0.9836503756472765,False,True,0
2015-08-10,1990-01-03,2015-08-07,6451,0.9836565582233611,False,True,0
2015-08-11,1990-01-03,2015-08-10,6452,0.9836522325844684,False,True,0
2015-08-12,1990-01-03,2015-08-11,6453,0.983635253368035,False,True,0
2015-08-13,1990-01-03,2015-08-12,6454,0.9836520311142676,False,True,0
2015-08-14,1990-01-03,2015-08-13,6455,0.9836624029777535,False,True,0
2015-08-17,1990-01-03,2015-08-14,6456,0.9836717511469572,False,True,0
2015-08-18,1990-01-03,2015-08-17,6457,0.9836785792404124,False,True,0
2015-08-19,1990-01-03,2015-08-18,6458,0.983677628314411,False,True,0
2015-08-20,1990-01-03,2015-08-19,6459,0.9836642276768636,False,True,0
2015-08-21,1990-01-03,2015-08-20,6460,0.9836016080315815,False,True,0
2015-08-24,1990-01-03,2015-08-21,6461,0.9834484117286388,False,True,0
2015-08-25,1990-01-03,2015-08-24,6462,0.9832506573486784,False,True,0
2015-08-26,1990-01-03,2015-08-25,6463,0.9832688409656368,False,True,0
2015-08-27,1990-01-03,2015-08-26,6464,0.983138336035094,False,True,0
2015-08-28,1990-01-03,2015-08-27,6465,0.9831003542290158,False,True,0
2015-08-31,1990-01-03,2015-08-28,6466,0.9831321406457574,False,True,0
2015-09-01,1990-01-03,2015-08-31,6467,0.9831449862168403,False,True,0
2015-09-02,1990-01-03,2015-09-01,6468,0.983103456521635,False,True,0
2015-09-03,1990-01-03,2015-09-02,6469,0.9831011540510008,False,True,0
2015-09-04,1990-01-03,2015-09-03,6470,0.9831191709321826,False,True,0
2015-09-08,1990-01-03,2015-09-04,6471,0.9831167405168483,False,True,0
2015-09-09,1990-01-03,2015-09-08,6472,0.9831089746456666,False,True,0
2015-09-10,1990-01-03,2015-09-09,6473,0.9831069534828283,False,True,0
2015-09-11,1990-01-03,2015-09-10,6474,0.983108335033388,False,True,0
2015-09-14,1990-01-03,2015-09-11,6475,0.9831020182995109,False,True,0
2015-09-15,1990-01-03,2015-09-14,6476,0.9830896697372428,False,True,0
2015-09-16,1990-01-03,2015-09-15,6477,0.9830877510017118,False,True,0
2015-09-17,1990-01-03,2015-09-16,6478,0.9830720954695504,False,True,0
2015-09-18,1990-01-03,2015-09-17,6479,0.9830428363362127,False,True,0
2015-09-21,1990-01-03,2015-09-18,6480,0.9830580254346903,False,True,0
2015-09-22,1990-01-03,2015-09-21,6481,0.9830367715477034,False,True,0
2015-09-23,1990-01-03,2015-09-22,6482,0.9830325206258742,False,True,0
2015-09-24,1990-01-03,2015-09-23,6483,0.9830116902994599,False,True,0
2015-09-25,1990-01-03,2015-09-24,6484,0.9829871947468853,False,True,0
2015-09-28,1990-01-03,2015-09-25,6485,0.9829570900665568,False,True,0
2015-09-29,1990-01-03,2015-09-28,6486,0.9830249432061744,False,True,0
2015-09-30,1990-01-03,2015-09-29,6487,0.9830150117250516,False,True,0
2015-10-01,1990-01-03,2015-09-30,6488,0.9830366326017388,False,True,0
2015-10-02,1990-01-03,2015-10-01,6489,0.9830118776880036,False,True,0
2015-10-05,1990-01-03,2015-10-02,6490,0.9830282509808477,False,True,0
2015-10-06,1990-01-03,2015-10-05,6491,0.9830877193596063,False,True,0
2015-10-07,1990-01-03,2015-10-06,6492,0.9830512020615347,False,True,0
2015-10-08,1990-01-03,2015-10-07,6493,0.9830326167311781,False,True,0
2015-10-09,1990-01-03,2015-10-08,6494,0.9830221298416217,False,True,0
2015-10-12,1990-01-03,2015-10-09,6495,0.9829682971027374,False,True,0
2015-10-13,1990-01-03,2015-10-12,6496,0.9829099599079951,False,True,0
2015-10-14,1990-01-03,2015-10-13,6497,0.9828865072195649,False,True,0
2015-10-15,1990-01-03,2015-10-14,6498,0.9828504200989179,False,True,0
2015-10-16,1990-01-03,2015-10-15,6499,0.9829300012872606,False,True,0
2015-10-19,1990-01-03,2015-10-16,6500,0.9828908646808989,False,True,0
2015-10-20,1990-01-03,2015-10-19,6501,0.9828348642017696,False,True,0
2015-10-21,1990-01-03,2015-10-20,6502,0.9827785109826868,False,True,0
2015-10-22,1990-01-03,2015-10-21,6503,0.9827529256986166,False,True,0
2015-10-23,1990-01-03,2015-10-22,6504,0.9828983745848472,False,True,0
2015-10-26,1990-01-03,2015-10-23,6505,0.9829604609579492,False,True,0
2015-10-27,1990-01-03,2015-10-26,6506,0.9829098506182359,False,True,0
2015-10-28,1990-01-03,2015-10-27,6507,0.9828642982225652,False,True,0
2015-10-29,1990-01-03,2015-10-28,6508,0.982954593964825,False,True,0
2015-10-30,1990-01-03,2015-10-29,6509,0.9829003850714361,False,True,0
2015-11-02,1990-01-03,2015-10-30,6510,0.9828733897383234,False,True,0
2015-11-03,1990-01-03,2015-11-02,6511,0.9829669257336351,False,True,0
2015-11-04,1990-01-03,2015-11-03,6512,0.9829254460019001,False,True,0
2015-11-05,1990-01-03,2015-11-04,6513,0.9828879916067782,False,True,0
2015-11-06,1990-01-03,2015-11-05,6514,0.9828459140858611,False,True,0
2015-11-09,1990-01-03,2015-11-06,6515,0.9828032368675668,False,True,0
2015-11-10,1990-01-03,2015-11-09,6516,0.982837773928885,False,True,0
2015-11-11,1990-01-03,2015-11-10,6517,0.9828165846568936,False,True,0
2015-11-12,1990-01-03,2015-11-11,6518,0.9827962612988033,False,True,0
2015-11-13,1990-01-03,2015-11-12,6519,0.9828165054214513,False,True,0
2015-11-16,1990-01-03,2015-11-13,6520,0.9828040027890809,False,True,0
2015-11-17,1990-01-03,2015-11-16,6521,0.9827964367200879,False,True,0
2015-11-18,1990-01-03,2015-11-17,6522,0.9828022249725297,False,True,0
2015-11-19,1990-01-03,2015-11-18,6523,0.9828146463583608,False,True,0
2015-11-20,1990-01-03,2015-11-19,6524,0.9828120574345173,False,True,0
2015-11-23,1990-01-03,2015-11-20,6525,0.982809701953948,False,True,0
2015-11-24,1990-01-03,2015-11-23,6526,0.9828003858886414,False,True,0
2015-11-25,1990-01-03,2015-11-24,6527,0.9827896353688796,False,True,0
2015-11-27,1990-01-03,2015-11-25,6528,0.9827754534453479,False,True,0
2015-11-30,1990-01-03,2015-11-27,6529,0.9827549769425367,False,True,0
2015-12-01,1990-01-03,2015-11-30,6530,0.982741150417027,False,True,0
2015-12-02,1990-01-03,2015-12-01,6531,0.9827773896068619,False,True,0
2015-12-03,1990-01-03,2015-12-02,6532,0.982779759366419,False,True,0
2015-12-04,1990-01-03,2015-12-03,6533,0.9827588500860148,False,True,0
2015-12-07,1990-01-03,2015-12-04,6534,0.9827206835512199,False,True,0
2015-12-08,1990-01-03,2015-12-07,6535,0.9827182251705938,False,True,0
2015-12-09,1990-01-03,2015-12-08,6536,0.9827193435344319,False,True,0
2015-12-10,1990-01-03,2015-12-09,6537,0.9827175378234347,False,True,0
2015-12-11,1990-01-03,2015-12-10,6538,0.9827369592756808,False,True,0
2015-12-14,1990-01-03,2015-12-11,6539,0.9826933674872247,False,True,0
2015-12-15,1990-01-03,2015-12-14,6540,0.9827181828277961,False,True,0
2015-12-16,1990-01-03,2015-12-15,6541,0.9827200037681464,False,True,0
2015-12-17,1990-01-03,2015-12-16,6542,0.9827107437388705,False,True,0
2015-12-18,1990-01-03,2015-12-17,6543,0.9826893375582905,False,True,0
2015-12-21,1990-01-03,2015-12-18,6544,0.9826551002306155,False,True,0
2015-12-22,1990-01-03,2015-12-21,6545,0.9826725906561355,False,True,0
2015-12-23,1990-01-03,2015-12-22,6546,0.9826822857615143,False,True,0
2015-12-24,1990-01-03,2015-12-23,6547,0.9826817833168201,False,True,0
2015-12-28,1990-01-03,2015-12-24,6548,0.9826880188116256,False,True,0
2015-12-29,1990-01-03,2015-12-28,6549,0.9826894308786989,False,True,0
2015-12-30,1990-01-03,2015-12-29,6550,0.9826938709003326,False,True,0
2015-12-31,1990-01-03,2015-12-30,6551,0.9826872805765957,False,True,0
2016-01-04,1990-01-03,2015-12-31,6552,0.9826815613993872,False,True,0
2016-01-05,1990-01-03,2016-01-04,6553,0.9826707132203323,False,True,0
2016-01-06,1990-01-03,2016-01-05,6554,0.9826829336744579,False,True,0
2016-01-07,1990-01-03,2016-01-06,6555,0.9826772374889765,False,True,0
2016-01-08,1990-01-03,2016-01-07,6556,0.9826520820813877,False,True,0
2016-01-11,1990-01-03,2016-01-08,6557,0.9826575770278931,False,True,0
2016-01-12,1990-01-03,2016-01-11,6558,0.9826800969609113,False,True,0
2016-01-13,1990-01-03,2016-01-12,6559,0.9826898164195265,False,True,0
2016-01-14,1990-01-03,2016-01-13,6560,0.9826707545709028,False,True,0
2016-01-15,1990-01-03,2016-01-14,6561,0.9826675493997284,False,True,0
2016-01-19,1990-01-03,2016-01-15,6562,0.9826515264905635,False,True,0
2016-01-20,1990-01-03,2016-01-19,6563,0.9826687516496606,False,True,0
2016-01-21,1990-01-03,2016-01-20,6564,0.9826688518160007,False,True,0
2016-01-22,1990-01-03,2016-01-21,6565,0.9826763876528102,False,True,0
2016-01-25,1990-01-03,2016-01-22,6566,0.9826809423416669,False,True,0
2016-01-26,1990-01-03,2016-01-25,6567,0.9826785367469058,False,True,0
2016-01-27,1990-01-03,2016-01-26,6568,0.9826791688577047,False,True,0
2016-01-28,1990-01-03,2016-01-27,6569,0.9826726193435351,False,True,0
2016-01-29,1990-01-03,2016-01-28,6570,0.9826643844969327,False,True,0
2016-02-01,1990-01-03,2016-01-29,6571,0.9827052862274518,False,True,0
2016-02-02,1990-01-03,2016-02-01,6572,0.9826815694534156,False,True,0
2016-02-03,1990-01-03,2016-02-02,6573,0.9827046278945915,False,True,0
2016-02-04,1990-01-03,2016-02-03,6574,0.9826899764881848,False,True,0
2016-02-05,1990-01-03,2016-02-04,6575,0.9826682432814529,False,True,0
2016-02-08,1990-01-03,2016-02-05,6576,0.9826880729646834,False,True,0
2016-02-09,1990-01-03,2016-02-08,6577,0.9826855137067747,False,True,0
2016-02-10,1990-01-03,2016-02-09,6578,0.9826775616092227,False,True,0
2016-02-11,1990-01-03,2016-02-10,6579,0.9826625203561583,False,True,0
2016-02-12,1990-01-03,2016-02-11,6580,0.9826571884458875,False,True,0
2016-02-16,1990-01-03,2016-02-12,6581,0.9826783748670759,False,True,0
2016-02-17,1990-01-03,2016-02-16,6582,0.9826970414330997,False,True,0
2016-02-18,1990-01-03,2016-02-17,6583,0.9827256417994709,False,True,0
2016-02-19,1990-01-03,2016-02-18,6584,0.9826955944625806,False,True,0
2016-02-22,1990-01-03,2016-02-19,6585,0.9826582066369948,False,True,0
2016-02-23,1990-01-03,2016-02-22,6586,0.9826933550004623,False,True,0
2016-02-24,1990-01-03,2016-02-23,6587,0.9827055963243134,False,True,0
2016-02-25,1990-01-03,2016-02-24,6588,0.9826747973696972,False,True,0
2016-02-26,1990-01-03,2016-02-25,6589,0.9826820358510396,False,True,0
2016-02-29,1990-01-03,2016-02-26,6590,0.982640019360762,False,True,0
2016-03-01,1990-01-03,2016-02-29,6591,0.9826244993257823,False,True,0
2016-03-02,1990-01-03,2016-03-01,6592,0.9827546600159385,False,True,0
2016-03-03,1990-01-03,2016-03-02,6593,0.9827164898579451,False,True,0
2016-03-04,1990-01-03,2016-03-03,6594,0.9826728425385449,False,True,0
2016-03-07,1990-01-03,2016-03-04,6595,0.9826249734567911,False,True,0
2016-03-08,1990-01-03,2016-03-07,6596,0.9825681020205086,False,True,0
2016-03-09,1990-01-03,2016-03-08,6597,0.9826063897225811,False,True,0
2016-03-10,1990-01-03,2016-03-09,6598,0.9825797657808079,False,True,0
2016-03-11,1990-01-03,2016-03-10,6599,0.9825362335821975,False,True,0
2016-03-14,1990-01-03,2016-03-11,6600,0.98265693791925,False,True,0
2016-03-15,1990-01-03,2016-03-14,6601,0.9826076213130198,False,True,0
2016-03-16,1990-01-03,2016-03-15,6602,0.9825615156884522,False,True,0
2016-03-17,1990-01-03,2016-03-16,6603,0.9825410303249357,False,True,0
2016-03-18,1990-01-03,2016-03-17,6604,0.9825394239901033,False,True,0
2016-03-21,1990-01-03,2016-03-18,6605,0.9825098084008863,False,True,0
2016-03-22,1990-01-03,2016-03-21,6606,0.9824514050667685,False,True,0
2016-03-23,1990-01-03,2016-03-22,6607,0.9823939576786074,False,True,0
2016-03-24,1990-01-03,2016-03-23,6608,0.9823911592374038,False,True,0
2016-03-28,1990-01-03,2016-03-24,6609,0.9823503576408097,False,True,0
2016-03-29,1990-01-03,2016-03-28,6610,0.9823068552118163,False,True,0
2016-03-30,1990-01-03,2016-03-29,6611,0.9823670417348334,False,True,0
2016-03-31,1990-01-03,2016-03-30,6612,0.9823512422105748,False,True,0
2016-04-01,1990-01-03,2016-03-31,6613,0.9823097026375336,False,True,0
2016-04-04,1990-01-03,2016-04-01,6614,0.9823332234691209,False,True,0
2016-04-05,1990-01-03,2016-04-04,6615,0.9823024691845381,False,True,0
2016-04-06,1990-01-03,2016-04-05,6616,0.9823399892329701,False,True,0
2016-04-07,1990-01-03,2016-04-06,6617,0.982370438320703,False,True,0
2016-04-08,1990-01-03,2016-04-07,6618,0.9823763261258336,False,True,0
2016-04-11,1990-01-03,2016-04-08,6619,0.9823836619941624,False,True,0
2016-04-12,1990-01-03,2016-04-11,6620,0.9823840041356146,False,True,0
2016-04-13,1990-01-03,2016-04-12,6621,0.9823910870300564,False,True,0
2016-04-14,1990-01-03,2016-04-13,6622,0.982404363514501,False,True,0
2016-04-15,1990-01-03,2016-04-14,6623,0.9823999543448143,False,True,0
2016-04-18,1990-01-03,2016-04-15,6624,0.9823910742261189,False,True,0
2016-04-19,1990-01-03,2016-04-18,6625,0.9824016774188603,False,True,0
2016-04-20,1990-01-03,2016-04-19,6626,0.9823965241194053,False,True,0
2016-04-21,1990-01-03,2016-04-20,6627,0.9823836947646571,False,True,0
2016-04-22,1990-01-03,2016-04-21,6628,0.9823717483312984,False,True,0
2016-04-25,1990-01-03,2016-04-22,6629,0.9823668573135844,False,True,0
2016-04-26,1990-01-03,2016-04-25,6630,0.9823573413884237,False,True,0
2016-04-27,1990-01-03,2016-04-26,6631,0.9823541244442825,False,True,0
2016-04-28,1990-01-03,2016-04-27,6632,0.9823493593268743,False,True,0
2016-04-29,1990-01-03,2016-04-28,6633,0.9823397638355402,False,True,0
2016-05-02,1990-01-03,2016-04-29,6634,0.9823386748018235,False,True,0
2016-05-03,1990-01-03,2016-05-02,6635,0.9823354419619759,False,True,0
2016-05-04,1990-01-03,2016-05-03,6636,0.9823185146830892,False,True,0
2016-05-05,1990-01-03,2016-05-04,6637,0.9823159943631606,False,True,0
2016-05-06,1990-01-03,2016-05-05,6638,0.9823402974201987,False,True,0
2016-05-09,1990-01-03,2016-05-06,6639,0.9823603432806497,False,True,0
2016-05-10,1990-01-03,2016-05-09,6640,0.9823783391784625,False,True,0
2016-05-11,1990-01-03,2016-05-10,6641,0.9823554148848244,False,True,0
2016-05-12,1990-01-03,2016-05-11,6642,0.9823364040754092,False,True,0
2016-05-13,1990-01-03,2016-05-12,6643,0.9823583873176925,False,True,0
2016-05-16,1990-01-03,2016-05-13,6644,0.9823382868776213,False,True,0
2016-05-17,1990-01-03,2016-05-16,6645,0.9823276217446202,False,True,0
2016-05-18,1990-01-03,2016-05-17,6646,0.9823038991082204,False,True,0
2016-05-19,1990-01-03,2016-05-18,6647,0.9823318296161082,False,True,0
2016-05-20,1990-01-03,2016-05-19,6648,0.9823434663983416,False,True,0
2016-05-23,1990-01-03,2016-05-20,6649,0.9823561257098513,False,True,0
2016-05-24,1990-01-03,2016-05-23,6650,0.9823693788193838,False,True,0
2016-05-25,1990-01-03,2016-05-24,6651,0.9823470784594918,False,True,0
2016-05-26,1990-01-03,2016-05-25,6652,0.9823481279112776,False,True,0
2016-05-27,1990-01-03,2016-05-26,6653,0.9823564204728626,False,True,0
2016-05-31,1990-01-03,2016-05-27,6654,0.9823627194923572,False,True,0
2016-06-01,1990-01-03,2016-05-31,6655,0.9823637718528753,False,True,0
2016-06-02,1990-01-03,2016-06-01,6656,0.9823654122983484,False,True,0
2016-06-03,1990-01-03,2016-06-02,6657,0.9823677826648755,False,True,0
2016-06-06,1990-01-03,2016-06-03,6658,0.9823625336677455,False,True,0
2016-06-07,1990-01-03,2016-06-06,6659,0.9823680910937616,False,True,0
2016-06-08,1990-01-03,2016-06-07,6660,0.98236821840689,False,True,0
2016-06-09,1990-01-03,2016-06-08,6661,0.9823727353209233,False,True,0
2016-06-10,1990-01-03,2016-06-09,6662,0.9823651593739341,False,True,0
2016-06-13,1990-01-03,2016-06-10,6663,0.9823539937650794,False,True,0
2016-06-14,1990-01-03,2016-06-13,6664,0.982327750689896,False,True,0
2016-06-15,1990-01-03,2016-06-14,6665,0.9823476493212048,False,True,0
2016-06-16,1990-01-03,2016-06-15,6666,0.9823656925345702,False,True,0
2016-06-17,1990-01-03,2016-06-16,6667,0.9823864753304419,False,True,0
2016-06-20,1990-01-03,2016-06-17,6668,0.9823935287061203,False,True,0
2016-06-21,1990-01-03,2016-06-20,6669,0.9824033803052395,False,True,0
2016-06-22,1990-01-03,2016-06-21,6670,0.9824207484477027,False,True,0
2016-06-23,1990-01-03,2016-06-22,6671,0.9824301260064316,False,True,0
2016-06-24,1990-01-03,2016-06-23,6672,0.9824059798301576,False,True,0
2016-06-27,1990-01-03,2016-06-24,6673,0.9823452851644485,False,True,0
2016-06-28,1990-01-03,2016-06-27,6674,0.9822497917195085,False,True,0
2016-06-29,1990-01-03,2016-06-28,6675,0.9821932700022736,False,True,0
2016-06-30,1990-01-03,2016-06-29,6676,0.9821445628959238,False,True,0
2016-07-01,1990-01-03,2016-06-30,6677,0.9821263865977196,False,True,0
2016-07-05,1990-01-03,2016-07-01,6678,0.9821692064460503,False,True,0
2016-07-06,1990-01-03,2016-07-05,6679,0.9821829959611218,False,True,0
2016-07-07,1990-01-03,2016-07-06,6680,0.982210022174095,False,True,0
2016-07-08,1990-01-03,2016-07-07,6681,0.9822368238365398,False,True,0
2016-07-11,1990-01-03,2016-07-08,6682,0.9822158219286845,False,True,0
2016-07-12,1990-01-03,2016-07-11,6683,0.9822298190904547,False,True,0
2016-07-13,1990-01-03,2016-07-12,6684,0.9822362814051985,False,True,0
2016-07-14,1990-01-03,2016-07-13,6685,0.9822419767432128,False,True,0
2016-07-15,1990-01-03,2016-07-14,6686,0.9822448964895417,False,True,0
2016-07-18,1990-01-03,2016-07-15,6687,0.9822413380756361,False,True,0
2016-07-19,1990-01-03,2016-07-18,6688,0.9822345974171491,False,True,0
2016-07-20,1990-01-03,2016-07-19,6689,0.9822262164467296,False,True,0
2016-07-21,1990-01-03,2016-07-20,6690,0.9822204213991579,False,True,0
2016-07-22,1990-01-03,2016-07-21,6691,0.98221121249381,False,True,0
2016-07-25,1990-01-03,2016-07-22,6692,0.982207072968618,False,True,0
2016-07-26,1990-01-03,2016-07-25,6693,0.9821977353692557,False,True,0
2016-07-27,1990-01-03,2016-07-26,6694,0.9821886866569608,False,True,0
2016-07-28,1990-01-03,2016-07-27,6695,0.9821784367557707,False,True,0
2016-07-29,1990-01-03,2016-07-28,6696,0.9821654772539392,False,True,0
2016-08-01,1990-01-03,2016-07-29,6697,0.9821518950095677,False,True,0
2016-08-02,1990-01-03,2016-08-01,6698,0.982137508671943,False,True,0
2016-08-03,1990-01-03,2016-08-02,6699,0.9821339447735673,False,True,0
2016-08-04,1990-01-03,2016-08-03,6700,0.9821350911034608,False,True,0
2016-08-05,1990-01-03,2016-08-04,6701,0.9821304112972867,False,True,0
2016-08-08,1990-01-03,2016-08-05,6702,0.982147959735126,False,True,0
2016-08-09,1990-01-03,2016-08-08,6703,0.9821367452953831,False,True,0
2016-08-10,1990-01-03,2016-08-09,6704,0.9821268257821324,False,True,0
2016-08-11,1990-01-03,2016-08-10,6705,0.9821199173915957,False,True,0
2016-08-12,1990-01-03,2016-08-11,6706,0.9821217982466361,False,True,0
2016-08-15,1990-01-03,2016-08-12,6707,0.9821133133434186,False,True,0
2016-08-16,1990-01-03,2016-08-15,6708,0.9821137793898167,False,True,0
2016-08-17,1990-01-03,2016-08-16,6709,0.9821076825588896,False,True,0
2016-08-18,1990-01-03,2016-08-17,6710,0.9821133906125513,False,True,0
2016-08-19,1990-01-03,2016-08-18,6711,0.9821166063674235,False,True,0
2016-08-22,1990-01-03,2016-08-19,6712,0.9821180278284483,False,True,0
2016-08-23,1990-01-03,2016-08-22,6713,0.9821213881402426,False,True,0
2016-08-24,1990-01-03,2016-08-23,6714,0.9821262422051807,False,True,0
2016-08-25,1990-01-03,2016-08-24,6715,0.9821104605734552,False,True,0
2016-08-26,1990-01-03,2016-08-25,6716,0.9821180615349204,False,True,0
2016-08-29,1990-01-03,2016-08-26,6717,0.9821254617118298,False,True,0
2016-08-30,1990-01-03,2016-08-29,6718,0.9821343677364299,False,True,0
2016-08-31,1990-01-03,2016-08-30,6719,0.9821387390805936,False,True,0
2016-09-01,1990-01-03,2016-08-31,6720,0.9821420393392007,False,True,0
2016-09-02,1990-01-03,2016-09-01,6721,0.98215660497614,False,True,0
2016-09-06,1990-01-03,2016-09-02,6722,0.982171300905048,False,True,0
2016-09-07,1990-01-03,2016-09-06,6723,0.9821876240375259,False,True,0
2016-09-08,1990-01-03,2016-09-07,6724,0.9821992126734159,False,True,0
2016-09-09,1990-01-03,2016-09-08,6725,0.9821985082299237,False,True,0
2016-09-12,1990-01-03,2016-09-09,6726,0.9820948444518971,False,True,0
2016-09-13,1990-01-03,2016-09-12,6727,0.9819772548292183,False,True,0
2016-09-14,1990-01-03,2016-09-13,6728,0.9818495998838311,False,True,0
2016-09-15,1990-01-03,2016-09-14,6729,0.9819109988795824,False,True,0
2016-09-16,1990-01-03,2016-09-15,6730,0.9819080999291149,False,True,0
2016-09-19,1990-01-03,2016-09-16,6731,0.9819295314602535,False,True,0
2016-09-20,1990-01-03,2016-09-19,6732,0.98198681352698,False,True,0
2016-09-21,1990-01-03,2016-09-20,6733,0.9820272897616209,False,True,0
2016-09-22,1990-01-03,2016-09-21,6734,0.9819965597966384,False,True,0
2016-09-23,1990-01-03,2016-09-22,6735,0.9820091172097223,False,True,0
2016-09-26,1990-01-03,2016-09-23,6736,0.9820064763473656,False,True,0
2016-09-27,1990-01-03,2016-09-26,6737,0.9819906567970439,False,True,0
2016-09-28,1990-01-03,2016-09-27,6738,0.9820072305583364,False,True,0
2016-09-29,1990-01-03,2016-09-28,6739,0.9820206550413487,False,True,0
2016-09-30,1990-01-03,2016-09-29,6740,0.9819883070581655,False,True,0
2016-10-03,1990-01-03,2016-09-30,6741,0.9820055207226015,False,True,0
2016-10-04,1990-01-03,2016-10-03,6742,0.9820199821045105,False,True,0
2016-10-05,1990-01-03,2016-10-04,6743,0.982015183431386,False,True,0
2016-10-06,1990-01-03,2016-10-05,6744,0.9820462275750618,False,True,0
2016-10-07,1990-01-03,2016-10-06,6745,0.9820657405696891,False,True,0
2016-10-10,1990-01-03,2016-10-07,6746,0.9820733148519001,False,True,0
2016-10-11,1990-01-03,2016-10-10,6747,0.9820869909521263,False,True,0
2016-10-12,1990-01-03,2016-10-11,6748,0.9820399478400949,False,True,0
2016-10-13,1990-01-03,2016-10-12,6749,0.9820660336086022,False,True,0
2016-10-14,1990-01-03,2016-10-13,6750,0.9820783141908095,False,True,0
2016-10-17,1990-01-03,2016-10-14,6751,0.9820980796944128,False,True,0
2016-10-18,1990-01-03,2016-10-17,6752,0.9821048853694582,False,True,0
2016-10-19,1990-01-03,2016-10-18,6753,0.9821142886935121,False,True,0
2016-10-20,1990-01-03,2016-10-19,6754,0.9821245185270332,False,True,0
2016-10-21,1990-01-03,2016-10-20,6755,0.9821284576560879,False,True,0
2016-10-24,1990-01-03,2016-10-21,6756,0.9821324255158704,False,True,0
2016-10-25,1990-01-03,2016-10-24,6757,0.9821379478552945,False,True,0
2016-10-26,1990-01-03,2016-10-25,6758,0.9821306997368167,False,True,0
2016-10-27,1990-01-03,2016-10-26,6759,0.9821291616621762,False,True,0
2016-10-28,1990-01-03,2016-10-27,6760,0.982125036788653,False,True,0
2016-10-31,1990-01-03,2016-10-28,6761,0.982123005368951,False,True,0
2016-11-01,1990-01-03,2016-10-31,6762,0.9821279368983293,False,True,0
2016-11-02,1990-01-03,2016-11-01,6763,0.9821156358004762,False,True,0
2016-11-03,1990-01-03,2016-11-02,6764,0.9821096353419319,False,True,0
2016-11-04,1990-01-03,2016-11-03,6765,0.982113023040153,False,True,0
2016-11-07,1990-01-03,2016-11-04,6766,0.9821276385419424,False,True,0
2016-11-08,1990-01-03,2016-11-07,6767,0.9820919255047666,False,True,0
2016-11-09,1990-01-03,2016-11-08,6768,0.9821024673909317,False,True,0
2016-11-10,1990-01-03,2016-11-09,6769,0.9821187318492905,False,True,0
2016-11-11,1990-01-03,2016-11-10,6770,0.982123742288649,False,True,0
2016-11-14,1990-01-03,2016-11-11,6771,0.9821205583349669,False,True,0
2016-11-15,1990-01-03,2016-11-14,6772,0.9821110942997283,False,True,0
2016-11-16,1990-01-03,2016-11-15,6773,0.9821347392867351,False,True,0
2016-11-17,1990-01-03,2016-11-16,6774,0.9821309163322837,False,True,0
2016-11-18,1990-01-03,2016-11-17,6775,0.9821328993880065,False,True,0
2016-11-21,1990-01-03,2016-11-18,6776,0.9821291913973423,False,True,0
2016-11-22,1990-01-03,2016-11-21,6777,0.9821403834447104,False,True,0
2016-11-23,1990-01-03,2016-11-22,6778,0.9821393805398794,False,True,0
2016-11-25,1990-01-03,2016-11-23,6779,0.982136140261332,False,True,0
2016-11-28,1990-01-03,2016-11-25,6780,0.9821425672915984,False,True,0
2016-11-29,1990-01-03,2016-11-28,6781,0.9821285100786957,False,True,0
2016-11-30,1990-01-03,2016-11-29,6782,0.9821355606204427,False,True,0
2016-12-01,1990-01-03,2016-11-30,6783,0.982132170524381,False,True,0
2016-12-02,1990-01-03,2016-12-01,6784,0.9821163474204226,False,True,0
2016-12-05,1990-01-03,2016-12-02,6785,0.9821296580429949,False,True,0
2016-12-06,1990-01-03,2016-12-05,6786,0.9821453009444137,False,True,0
2016-12-07,1990-01-03,2016-12-06,6787,0.9821593388450538,False,True,0
2016-12-08,1990-01-03,2016-12-07,6788,0.9821540593110216,False,True,0
2016-12-09,1990-01-03,2016-12-08,6789,0.9821624936904171,False,True,0
2016-12-12,1990-01-03,2016-12-09,6790,0.982175698473176,False,True,0
2016-12-13,1990-01-03,2016-12-12,6791,0.9821758658061082,False,True,0
2016-12-14,1990-01-03,2016-12-13,6792,0.9821885206276634,False,True,0
2016-12-15,1990-01-03,2016-12-14,6793,0.9821431179552131,False,True,0
2016-12-16,1990-01-03,2016-12-15,6794,0.9821619121701937,False,True,0
2016-12-19,1990-01-03,2016-12-16,6795,0.9821762669196745,False,True,0
2016-12-20,1990-01-03,2016-12-19,6796,0.9822032816200548,False,True,0
2016-12-21,1990-01-03,2016-12-20,6797,0.9822220397631625,False,True,0
2016-12-22,1990-01-03,2016-12-21,6798,0.9822263527809821,False,True,0
2016-12-23,1990-01-03,2016-12-22,6799,0.9822395393997819,False,True,0
2016-12-27,1990-01-03,2016-12-23,6800,0.9822685733954278,False,True,0
2016-12-28,1990-01-03,2016-12-27,6801,0.9822950409485531,False,True,0
2016-12-29,1990-01-03,2016-12-28,6802,0.9822235981572525,False,True,0
2016-12-30,1990-01-03,2016-12-29,6803,0.9822626133551784,False,True,0
2017-01-03,1990-01-03,2016-12-30,6804,0.9822534787645829,False,True,0
2017-01-04,1990-01-03,2017-01-03,6805,0.9822063054422138,False,True,0
2017-01-05,1990-01-03,2017-01-04,6806,0.9822085868104421,False,True,0
2017-01-06,1990-01-03,2017-01-05,6807,0.9822390345598303,False,True,0
2017-01-09,1990-01-03,2017-01-06,6808,0.9822636087211923,False,True,0
2017-01-10,1990-01-03,2017-01-09,6809,0.9822618106686892,False,True,0
2017-01-11,1990-01-03,2017-01-10,6810,0.9822956479071796,False,True,0
2017-01-12,1990-01-03,2017-01-11,6811,0.98232393111552,False,True,0
2017-01-13,1990-01-03,2017-01-12,6812,0.9823373356306779,False,True,0
2017-01-17,1990-01-03,2017-01-13,6813,0.9823695517770134,False,True,0
2017-01-18,1990-01-03,2017-01-17,6814,0.9823764646345889,False,True,0
2017-01-19,1990-01-03,2017-01-18,6815,0.9824079461279179,False,True,0
2017-01-20,1990-01-03,2017-01-19,6816,0.982409708496222,False,True,0
2017-01-23,1990-01-03,2017-01-20,6817,0.9824334516547131,False,True,0
2017-01-24,1990-01-03,2017-01-23,6818,0.982445143942193,False,True,0
2017-01-25,1990-01-03,2017-01-24,6819,0.9824212859469662,False,True,0
2017-01-26,1990-01-03,2017-01-25,6820,0.9823837127216782,False,True,0
2017-01-27,1990-01-03,2017-01-26,6821,0.9824102176389762,False,True,0
2017-01-30,1990-01-03,2017-01-27,6822,0.9824348902493165,False,True,0
2017-01-31,1990-01-03,2017-01-30,6823,0.982387707111672,False,True,0
2017-02-01,1990-01-03,2017-01-31,6824,0.9824241445597137,False,True,0
2017-02-02,1990-01-03,2017-02-01,6825,0.9824648100284347,False,True,0
2017-02-03,1990-01-03,2017-02-02,6826,0.9825022600862271,False,True,0
2017-02-06,1990-01-03,2017-02-03,6827,0.9824639738096214,False,True,0
2017-02-07,1990-01-03,2017-02-06,6828,0.9824768795352542,False,True,0
2017-02-08,1990-01-03,2017-02-07,6829,0.9825111270063593,False,True,0
2017-02-09,1990-01-03,2017-02-08,6830,0.9825461616212116,False,True,0
2017-02-10,1990-01-03,2017-02-09,6831,0.9825350199046613,False,True,0
2017-02-13,1990-01-03,2017-02-10,6832,0.9825545426676704,False,True,0
2017-02-14,1990-01-03,2017-02-13,6833,0.9825523473218085,False,True,0
2017-02-15,1990-01-03,2017-02-14,6834,0.9825681789003282,False,True,0
2017-02-16,1990-01-03,2017-02-15,6835,0.9825651471052108,False,True,0
2017-02-17,1990-01-03,2017-02-16,6836,0.9825845696562299,False,True,0
2017-02-21,1990-01-03,2017-02-17,6837,0.9826180016681756,False,True,0
2017-02-22,1990-01-03,2017-02-21,6838,0.9825905211419652,False,True,0
2017-02-23,1990-01-03,2017-02-22,6839,0.9826068985990792,False,True,0
2017-02-24,1990-01-03,2017-02-23,6840,0.9826407895208333,False,True,0
2017-02-27,1990-01-03,2017-02-24,6841,0.9826778564094786,False,True,0
2017-02-28,1990-01-03,2017-02-27,6842,0.9827165106950775,False,True,0
2017-03-01,1990-01-03,2017-02-28,6843,0.9826965933999238,False,True,0
2017-03-02,1990-01-03,2017-03-01,6844,0.9825219277947906,False,True,0
2017-03-03,1990-01-03,2017-03-02,6845,0.9824116081448478,False,True,0
2017-03-06,1990-01-03,2017-03-03,6846,0.9824645735500992,False,True,0
2017-03-07,1990-01-03,2017-03-06,6847,0.9824486424397079,False,True,0
2017-03-08,1990-01-03,2017-03-07,6848,0.9824510676020861,False,True,0
2017-03-09,1990-01-03,2017-03-08,6849,0.9824727658410355,False,True,0
2017-03-10,1990-01-03,2017-03-09,6850,0.9825296786496307,False,True,0
2017-03-13,1990-01-03,2017-03-10,6851,0.9825618997635803,False,True,0
2017-03-14,1990-01-03,2017-03-13,6852,0.9826154894504058,False,True,0
2017-03-15,1990-01-03,2017-03-14,6853,0.9825978641093371,False,True,0
2017-03-16,1990-01-03,2017-03-15,6854,0.9824988694452845,False,True,0
2017-03-17,1990-01-03,2017-03-16,6855,0.9825294737701211,False,True,0
2017-03-20,1990-01-03,2017-03-17,6856,0.9825656798144055,False,True,0
2017-03-21,1990-01-03,2017-03-20,6857,0.982589530052227,False,True,0
2017-03-22,1990-01-03,2017-03-21,6858,0.9823650831476318,False,True,0
2017-03-23,1990-01-03,2017-03-22,6859,0.9824282443171929,False,True,0
2017-03-24,1990-01-03,2017-03-23,6860,0.9824820661146615,False,True,0
2017-03-27,1990-01-03,2017-03-24,6861,0.9825345700698065,False,True,0
2017-03-28,1990-01-03,2017-03-27,6862,0.982579230925517,False,True,0
2017-03-29,1990-01-03,2017-03-28,6863,0.9825481480045843,False,True,0
2017-03-30,1990-01-03,2017-03-29,6864,0.9825990964368333,False,True,0
2017-03-31,1990-01-03,2017-03-30,6865,0.982637080132555,False,True,0
2017-04-03,1990-01-03,2017-03-31,6866,0.9826591623556272,False,True,0
2017-04-04,1990-01-03,2017-04-03,6867,0.9826903865676065,False,True,0
2017-04-05,1990-01-03,2017-04-04,6868,0.9827364794677461,False,True,0
2017-04-06,1990-01-03,2017-04-05,6869,0.9827408358146507,False,True,0
2017-04-07,1990-01-03,2017-04-06,6870,0.982783662050193,False,True,0
2017-04-10,1990-01-03,2017-04-07,6871,0.982820633640125,False,True,0
2017-04-11,1990-01-03,2017-04-10,6872,0.9828642287474681,False,True,0
2017-04-12,1990-01-03,2017-04-11,6873,0.9828909468849639,False,True,0
2017-04-13,1990-01-03,2017-04-12,6874,0.9828816442903441,False,True,0
2017-04-17,1990-01-03,2017-04-13,6875,0.9828184844642125,False,True,0
2017-04-18,1990-01-03,2017-04-17,6876,0.9827632217983291,False,True,0
2017-04-19,1990-01-03,2017-04-18,6877,0.9827814125969566,False,True,0
2017-04-20,1990-01-03,2017-04-19,6878,0.9828149990010536,False,True,0
2017-04-21,1990-01-03,2017-04-20,6879,0.9827836258474167,False,True,0
2017-04-24,1990-01-03,2017-04-21,6880,0.9827972236395032,False,True,0
2017-04-25,1990-01-03,2017-04-24,6881,0.9827173269403214,False,True,0
2017-04-26,1990-01-03,2017-04-25,6882,0.9827110201550111,False,True,0
2017-04-27,1990-01-03,2017-04-26,6883,0.9827449036661003,False,True,0
2017-04-28,1990-01-03,2017-04-27,6884,0.982780605643634,False,True,0
2017-05-01,1990-01-03,2017-04-28,6885,0.9827986467110128,False,True,0
2017-05-02,1990-01-03,2017-05-01,6886,0.9828333049649741,False,True,0
2017-05-03,1990-01-03,2017-05-02,6887,0.9828677664929293,False,True,0
2017-05-04,1990-01-03,2017-05-03,6888,0.9828855864737226,False,True,0
2017-05-05,1990-01-03,2017-05-04,6889,0.9829189375640291,False,True,0
2017-05-08,1990-01-03,2017-05-05,6890,0.9829360904609444,False,True,0
2017-05-09,1990-01-03,2017-05-08,6891,0.9829657326435428,False,True,0
2017-05-10,1990-01-03,2017-05-09,6892,0.9829850455693767,False,True,0
2017-05-11,1990-01-03,2017-05-10,6893,0.9830165367536592,False,True,0
2017-05-12,1990-01-03,2017-05-11,6894,0.9830167157910722,False,True,0
2017-05-15,1990-01-03,2017-05-12,6895,0.9830336788161655,False,True,0
2017-05-16,1990-01-03,2017-05-15,6896,0.9830381230967687,False,True,0
2017-05-17,1990-01-03,2017-05-16,6897,0.9830601270814289,False,True,0
2017-05-18,1990-01-03,2017-05-17,6898,0.9828609874495989,False,True,0
2017-05-19,1990-01-03,2017-05-18,6899,0.9829094706422382,False,True,0
2017-05-22,1990-01-03,2017-05-19,6900,0.9828999117651401,False,True,0
2017-05-23,1990-01-03,2017-05-22,6901,0.9829176348522849,False,True,0
2017-05-24,1990-01-03,2017-05-23,6902,0.9829743427782232,False,True,0
2017-05-25,1990-01-03,2017-05-24,6903,0.9830207574184143,False,True,0
2017-05-26,1990-01-03,2017-05-25,6904,0.9830406123410625,False,True,0
2017-05-30,1990-01-03,2017-05-26,6905,0.9830873759178902,False,True,0
2017-05-31,1990-01-03,2017-05-30,6906,0.9831224339477874,False,True,0
2017-06-01,1990-01-03,2017-05-31,6907,0.9831622744011479,False,True,0
2017-06-02,1990-01-03,2017-06-01,6908,0.983124981047751,False,True,0
2017-06-05,1990-01-03,2017-06-02,6909,0.9831469216626757,False,True,0
2017-06-06,1990-01-03,2017-06-05,6910,0.9831738663260812,False,True,0
2017-06-07,1990-01-03,2017-06-06,6911,0.9831794061206076,False,True,0
2017-06-08,1990-01-03,2017-06-07,6912,0.9832193067622581,False,True,0
2017-06-09,1990-01-03,2017-06-08,6913,0.9832575975363924,False,True,0
2017-06-12,1990-01-03,2017-06-09,6914,0.983287555889169,False,True,0
2017-06-13,1990-01-03,2017-06-12,6915,0.9833104014335273,False,True,0
2017-06-14,1990-01-03,2017-06-13,6916,0.9833213589447444,False,True,0
2017-06-15,1990-01-03,2017-06-14,6917,0.9833468916803377,False,True,0
2017-06-16,1990-01-03,2017-06-15,6918,0.9833531574753652,False,True,0
2017-06-19,1990-01-03,2017-06-16,6919,0.983387455643147,False,True,0
2017-06-20,1990-01-03,2017-06-19,6920,0.9833269032630362,False,True,0
2017-06-21,1990-01-03,2017-06-20,6921,0.9832421055718226,False,True,0
2017-06-22,1990-01-03,2017-06-21,6922,0.9832804027450386,False,True,0
2017-06-23,1990-01-03,2017-06-22,6923,0.9833164959040197,False,True,0
2017-06-26,1990-01-03,2017-06-23,6924,0.9833587923987469,False,True,0
2017-06-27,1990-01-03,2017-06-26,6925,0.9833988241374153,False,True,0
2017-06-28,1990-01-03,2017-06-27,6926,0.9832854057988168,False,True,0
2017-06-29,1990-01-03,2017-06-28,6927,0.9832151760086032,False,True,0
2017-06-30,1990-01-03,2017-06-29,6928,0.983109440218676,False,True,0
2017-07-03,1990-01-03,2017-06-30,6929,0.9831671625143151,False,True,0
2017-07-05,1990-01-03,2017-07-03,6930,0.9832144358862782,False,True,0
2017-07-06,1990-01-03,2017-07-05,6931,0.983263503005438,False,True,0
2017-07-07,1990-01-03,2017-07-06,6932,0.9831540837674019,False,True,0
2017-07-10,1990-01-03,2017-07-07,6933,0.9831507788030478,False,True,0
2017-07-11,1990-01-03,2017-07-10,6934,0.983201721537349,False,True,0
2017-07-12,1990-01-03,2017-07-11,6935,0.9832444069762174,False,True,0
2017-07-13,1990-01-03,2017-07-12,6936,0.9832225299956857,False,True,0
2017-07-14,1990-01-03,2017-07-13,6937,0.9832636784455459,False,True,0
2017-07-17,1990-01-03,2017-07-14,6938,0.9832762278161347,False,True,0
2017-07-18,1990-01-03,2017-07-17,6939,0.9833130711127654,False,True,0
2017-07-19,1990-01-03,2017-07-18,6940,0.9833497672693697,False,True,0
2017-07-20,1990-01-03,2017-07-19,6941,0.9833522932190469,False,True,0
2017-07-21,1990-01-03,2017-07-20,6942,0.9833833002839784,False,True,0
2017-07-24,1990-01-03,2017-07-21,6943,0.9834110574239743,False,True,0
2017-07-25,1990-01-03,2017-07-24,6944,0.9834316592417881,False,True,0
2017-07-26,1990-01-03,2017-07-25,6945,0.9834558763436333,False,True,0
2017-07-27,1990-01-03,2017-07-26,6946,0.9834851593682864,False,True,0
2017-07-28,1990-01-03,2017-07-27,6947,0.9835059288246033,False,True,0
2017-07-31,1990-01-03,2017-07-28,6948,0.9835216685390907,False,True,0
2017-08-01,1990-01-03,2017-07-31,6949,0.9835383884275359,False,True,0
2017-08-02,1990-01-03,2017-08-01,6950,0.983571528864559,False,True,0
2017-08-03,1990-01-03,2017-08-02,6951,0.9836025507692494,False,True,0
2017-08-04,1990-01-03,2017-08-03,6952,0.9835990768604701,False,True,0
2017-08-07,1990-01-03,2017-08-04,6953,0.9836325959759615,False,True,0
2017-08-08,1990-01-03,2017-08-07,6954,0.9836714216748533,False,True,0
2017-08-09,1990-01-03,2017-08-08,6955,0.9836615965384584,False,True,0
2017-08-10,1990-01-03,2017-08-09,6956,0.9836938770415695,False,True,0
2017-08-11,1990-01-03,2017-08-10,6957,0.9834877665422335,False,True,0
2017-08-14,1990-01-03,2017-08-11,6958,0.9835489090794937,False,True,0
2017-08-15,1990-01-03,2017-08-14,6959,0.9834482361096663,False,True,0
2017-08-16,1990-01-03,2017-08-15,6960,0.9834993261312326,False,True,0
2017-08-17,1990-01-03,2017-08-16,6961,0.9835514024177886,False,True,0
2017-08-18,1990-01-03,2017-08-17,6962,0.9833296403566891,False,True,0
2017-08-21,1990-01-03,2017-08-18,6963,0.9833808369621665,False,True,0
2017-08-22,1990-01-03,2017-08-21,6964,0.9834403675456738,False,True,0
2017-08-23,1990-01-03,2017-08-22,6965,0.983376171335241,False,True,0
2017-08-24,1990-01-03,2017-08-23,6966,0.9833984050227039,False,True,0
2017-08-25,1990-01-03,2017-08-24,6967,0.9834353865716965,False,True,0
2017-08-28,1990-01-03,2017-08-25,6968,0.9834824046255959,False,True,0
2017-08-29,1990-01-03,2017-08-28,6969,0.9835270123463851,False,True,0
2017-08-30,1990-01-03,2017-08-29,6970,0.983569324694722,False,True,0
2017-08-31,1990-01-03,2017-08-30,6971,0.9835860504373445,False,True,0
2017-09-01,1990-01-03,2017-08-31,6972,0.9835909635347696,False,True,0
2017-09-05,1990-01-03,2017-09-01,6973,0.9836247400905012,False,True,0
2017-09-06,1990-01-03,2017-09-05,6974,0.9835615163075209,False,True,0
2017-09-07,1990-01-03,2017-09-06,6975,0.983594236600447,False,True,0
2017-09-08,1990-01-03,2017-09-07,6976,0.9836308923505831,False,True,0
2017-09-11,1990-01-03,2017-09-08,6977,0.983656681585161,False,True,0
2017-09-12,1990-01-03,2017-09-11,6978,0.9835970111443508,False,True,0
2017-09-13,1990-01-03,2017-09-12,6979,0.9836204775569115,False,True,0
2017-09-14,1990-01-03,2017-09-13,6980,0.9836512205367753,False,True,0
2017-09-15,1990-01-03,2017-09-14,6981,0.9836725222247837,False,True,0
2017-09-18,1990-01-03,2017-09-15,6982,0.9837009006750672,False,True,0
2017-09-19,1990-01-03,2017-09-18,6983,0.983728549968682,False,True,0
2017-09-20,1990-01-03,2017-09-19,6984,0.9837622425924735,False,True,0
2017-09-21,1990-01-03,2017-09-20,6985,0.983788767551954,False,True,0
2017-09-22,1990-01-03,2017-09-21,6986,0.9837744626974912,False,True,0
2017-09-25,1990-01-03,2017-09-22,6987,0.9838049555756098,False,True,0
2017-09-26,1990-01-03,2017-09-25,6988,0.9838110423410555,False,True,0
2017-09-27,1990-01-03,2017-09-26,6989,0.9838411397493456,False,True,0
2017-09-28,1990-01-03,2017-09-27,6990,0.9838582606419853,False,True,0
2017-09-29,1990-01-03,2017-09-28,6991,0.9838886504645675,False,True,0
2017-10-02,1990-01-03,2017-09-29,6992,0.9839027907708234,False,True,0
2017-10-03,1990-01-03,2017-10-02,6993,0.983914229627234,False,True,0
2017-10-04,1990-01-03,2017-10-03,6994,0.9839422035922913,False,True,0
2017-10-05,1990-01-03,2017-10-04,6995,0.983973326513882,False,True,0
2017-10-06,1990-01-03,2017-10-05,6996,0.9839529266571204,False,True,0
2017-10-09,1990-01-03,2017-10-06,6997,0.9839658727991596,False,True,0
2017-10-10,1990-01-03,2017-10-09,6998,0.9839683545027065,False,True,0
2017-10-11,1990-01-03,2017-10-10,6999,0.9839980795029923,False,True,0
2017-10-12,1990-01-03,2017-10-11,7000,0.9840325021008509,False,True,0
2017-10-13,1990-01-03,2017-10-12,7001,0.984037876184369,False,True,0
2017-10-16,1990-01-03,2017-10-13,7002,0.984077658000946,False,True,0
2017-10-17,1990-01-03,2017-10-16,7003,0.984115475581212,False,True,0
2017-10-18,1990-01-03,2017-10-17,7004,0.984156534744838,False,True,0
2017-10-19,1990-01-03,2017-10-18,7005,0.9841990104022174,False,True,0
2017-10-20,1990-01-03,2017-10-19,7006,0.9842390575072661,False,True,0
2017-10-23,1990-01-03,2017-10-20,7007,0.984192665476929,False,True,0
2017-10-24,1990-01-03,2017-10-23,7008,0.9841036314662565,False,True,0
2017-10-25,1990-01-03,2017-10-24,7009,0.984152100953276,False,True,0
2017-10-26,1990-01-03,2017-10-25,7010,0.9840557166169116,False,True,0
2017-10-27,1990-01-03,2017-10-26,7011,0.9841128250008341,False,True,0
2017-10-30,1990-01-03,2017-10-27,7012,0.983971586285835,False,True,0
2017-10-31,1990-01-03,2017-10-30,7013,0.9839421598389414,False,True,0
2017-11-01,1990-01-03,2017-10-31,7014,0.98400167097318,False,True,0
2017-11-02,1990-01-03,2017-11-01,7015,0.9840568176087089,False,True,0
2017-11-03,1990-01-03,2017-11-02,7016,0.9841132780197375,False,True,0
2017-11-06,1990-01-03,2017-11-03,7017,0.9841327842648426,False,True,0
2017-11-07,1990-01-03,2017-11-06,7018,0.984192338379259,False,True,0
2017-11-08,1990-01-03,2017-11-07,7019,0.9842416457394993,False,True,0
2017-11-09,1990-01-03,2017-11-08,7020,0.9842956084019517,False,True,0
2017-11-10,1990-01-03,2017-11-09,7021,0.984219552515547,False,True,0
2017-11-13,1990-01-03,2017-11-10,7022,0.9842610735851327,False,True,0
2017-11-14,1990-01-03,2017-11-13,7023,0.9843208704460541,False,True,0
2017-11-15,1990-01-03,2017-11-14,7024,0.9843193137442108,False,True,0
2017-11-16,1990-01-03,2017-11-15,7025,0.9842058755577583,False,True,0
2017-11-17,1990-01-03,2017-11-16,7026,0.9840744407219677,False,True,0
2017-11-20,1990-01-03,2017-11-17,7027,0.9840834712401862,False,True,0
2017-11-21,1990-01-03,2017-11-20,7028,0.9841438730022636,False,True,0
2017-11-22,1990-01-03,2017-11-21,7029,0.9840675105812777,False,True,0
2017-11-24,1990-01-03,2017-11-22,7030,0.9841155734743224,False,True,0
2017-11-27,1990-01-03,2017-11-24,7031,0.9841651812506869,False,True,0
2017-11-28,1990-01-03,2017-11-27,7032,0.98421529591138,False,True,0
2017-11-29,1990-01-03,2017-11-28,7033,0.9840468494927072,False,True,0
2017-11-30,1990-01-03,2017-11-29,7034,0.9840941304062985,False,True,0
2017-12-01,1990-01-03,2017-11-30,7035,0.983963954591672,False,True,0
2017-12-04,1990-01-03,2017-12-01,7036,0.9839722087294274,False,True,0
2017-12-05,1990-01-03,2017-12-04,7037,0.984007332000146,False,True,0
2017-12-06,1990-01-03,2017-12-05,7038,0.9839688966036755,False,True,0
2017-12-07,1990-01-03,2017-12-06,7039,0.984020871988971,False,True,0
2017-12-08,1990-01-03,2017-12-07,7040,0.984052140969896,False,True,0
2017-12-11,1990-01-03,2017-12-08,7041,0.9840100864759582,False,True,0
2017-12-12,1990-01-03,2017-12-11,7042,0.9840317444933823,False,True,0
2017-12-13,1990-01-03,2017-12-12,7043,0.9840815723234446,False,True,0
2017-12-14,1990-01-03,2017-12-13,7044,0.9841236273419882,False,True,0
2017-12-15,1990-01-03,2017-12-14,7045,0.9840630206909367,False,True,0
2017-12-18,1990-01-03,2017-12-15,7046,0.9839210806623234,False,True,0
2017-12-19,1990-01-03,2017-12-18,7047,0.9838852230028439,False,True,0
2017-12-20,1990-01-03,2017-12-19,7048,0.9838557487159858,False,True,0
2017-12-21,1990-01-03,2017-12-20,7049,0.9838983749141924,False,True,0
2017-12-22,1990-01-03,2017-12-21,7050,0.9839459512454637,False,True,0
2017-12-26,1990-01-03,2017-12-22,7051,0.9839911626759955,False,True,0
2017-12-27,1990-01-03,2017-12-26,7052,0.9840253264946954,False,True,0
2017-12-28,1990-01-03,2017-12-27,7053,0.9840771680823882,False,True,0
2017-12-29,1990-01-03,2017-12-28,7054,0.9841233731795215,False,True,0
2018-01-02,1990-01-03,2017-12-29,7055,0.9840298528392426,False,True,0
2018-01-03,1990-01-03,2018-01-02,7056,0.9839119384043545,False,True,0
2018-01-04,1990-01-03,2018-01-03,7057,0.9838510088734982,False,True,0
2018-01-05,1990-01-03,2018-01-04,7058,0.9838541932180661,False,True,0
2018-01-08,1990-01-03,2018-01-05,7059,0.9837626499941332,False,True,0
2018-01-09,1990-01-03,2018-01-08,7060,0.983811878679392,False,True,0
2018-01-10,1990-01-03,2018-01-09,7061,0.9838731636912952,False,True,0
2018-01-11,1990-01-03,2018-01-10,7062,0.983893451764779,False,True,0
2018-01-12,1990-01-03,2018-01-11,7063,0.9837962501023068,False,True,0
2018-01-16,1990-01-03,2018-01-12,7064,0.9836941453843553,False,True,0
2018-01-17,1990-01-03,2018-01-16,7065,0.9836451321770611,False,True,0
2018-01-18,1990-01-03,2018-01-17,7066,0.9834957622829871,False,True,0
2018-01-19,1990-01-03,2018-01-18,7067,0.983502860007665,False,True,0
2018-01-22,1990-01-03,2018-01-19,7068,0.9835057463950198,False,True,0
2018-01-23,1990-01-03,2018-01-22,7069,0.9833819348048538,False,True,0
2018-01-24,1990-01-03,2018-01-23,7070,0.9834229365793502,False,True,0
2018-01-25,1990-01-03,2018-01-24,7071,0.9834636740328092,False,True,0
2018-01-26,1990-01-03,2018-01-25,7072,0.9835163397512722,False,True,0
2018-01-29,1990-01-03,2018-01-26,7073,0.9833115619654558,False,True,0
2018-01-30,1990-01-03,2018-01-29,7074,0.9831529545370585,False,True,0
2018-01-31,1990-01-03,2018-01-30,7075,0.9829214036438652,False,True,0
2018-02-01,1990-01-03,2018-01-31,7076,0.982989467001145,False,True,0
2018-02-02,1990-01-03,2018-02-01,7077,0.9830483396614623,False,True,0
2018-02-05,1990-01-03,2018-02-02,7078,0.9827126946572046,False,True,0
2018-02-06,1990-01-03,2018-02-05,7079,0.9823155191522112,False,True,0
2018-02-07,1990-01-03,2018-02-06,7080,0.9822653850658472,False,True,0
2018-02-08,1990-01-03,2018-02-07,7081,0.982319863182071,False,True,0
2018-02-09,1990-01-03,2018-02-08,7082,0.9821059297620695,False,True,0
2018-02-12,1990-01-03,2018-02-09,7083,0.9821173772194428,False,True,0
2018-02-13,1990-01-03,2018-02-12,7084,0.9821284374303972,False,True,0
2018-02-14,1990-01-03,2018-02-13,7085,0.9821708519328537,False,True,0
2018-02-15,1990-01-03,2018-02-14,7086,0.9821734556308941,False,True,0
2018-02-16,1990-01-03,2018-02-15,7087,0.98217600082327,False,True,0
2018-02-20,1990-01-03,2018-02-16,7088,0.9821956782083409,False,True,0
2018-02-21,1990-01-03,2018-02-20,7089,0.9822024133942712,False,True,0
2018-02-22,1990-01-03,2018-02-21,7090,0.9822080426339809,False,True,0
2018-02-23,1990-01-03,2018-02-22,7091,0.9822135665561125,False,True,0
2018-02-26,1990-01-03,2018-02-23,7092,0.9822147060398337,False,True,0
2018-02-27,1990-01-03,2018-02-26,7093,0.9822203524363147,False,True,0
2018-02-28,1990-01-03,2018-02-27,7094,0.98221990245921,False,True,0
2018-03-01,1990-01-03,2018-02-28,7095,0.9822196810592367,False,True,0
2018-03-02,1990-01-03,2018-03-01,7096,0.9822141265089717,False,True,0
2018-03-05,1990-01-03,2018-03-02,7097,0.982219633545934,False,True,0
2018-03-06,1990-01-03,2018-03-05,7098,0.9822201838639862,False,True,0
2018-03-07,1990-01-03,2018-03-06,7099,0.9822138267702972,False,True,0
2018-03-08,1990-01-03,2018-03-07,7100,0.982200614685517,False,True,0
2018-03-09,1990-01-03,2018-03-08,7101,0.9821822864777779,False,True,0
2018-03-12,1990-01-03,2018-03-09,7102,0.9822363176949559,False,True,0
2018-03-13,1990-01-03,2018-03-12,7103,0.9822089642000164,False,True,0
2018-03-14,1990-01-03,2018-03-13,7104,0.982195129725162,False,True,0
2018-03-15,1990-01-03,2018-03-14,7105,0.9821797879756123,False,True,0
2018-03-16,1990-01-03,2018-03-15,7106,0.9821588923415379,False,True,0
2018-03-19,1990-01-03,2018-03-16,7107,0.9821335064804689,False,True,0
2018-03-20,1990-01-03,2018-03-19,7108,0.9821649375151091,False,True,0
2018-03-21,1990-01-03,2018-03-20,7109,0.982154427943478,False,True,0
2018-03-22,1990-01-03,2018-03-21,7110,0.9821401501283379,False,True,0
2018-03-23,1990-01-03,2018-03-22,7111,0.9821833635007474,False,True,0
2018-03-26,1990-01-03,2018-03-23,7112,0.9821456259592697,False,True,0
2018-03-27,1990-01-03,2018-03-26,7113,0.9821144892383545,False,True,0
2018-03-28,1990-01-03,2018-03-27,7114,0.9820910397741818,False,True,0
2018-03-29,1990-01-03,2018-03-28,7115,0.9821085400248734,False,True,0
2018-04-02,1990-01-03,2018-03-29,7116,0.9821170529726424,False,True,0
2018-04-03,1990-01-03,2018-04-02,7117,0.982095025251052,False,True,0
2018-04-04,1990-01-03,2018-04-03,7118,0.9820978007981557,False,True,0
2018-04-05,1990-01-03,2018-04-04,7119,0.9820987072240437,False,True,0
2018-04-06,1990-01-03,2018-04-05,7120,0.9820953074413576,False,True,0
2018-04-09,1990-01-03,2018-04-06,7121,0.9820964650718735,False,True,0
2018-04-10,1990-01-03,2018-04-09,7122,0.9821047974198365,False,True,0
2018-04-11,1990-01-03,2018-04-10,7123,0.9821082770626401,False,True,0
2018-04-12,1990-01-03,2018-04-11,7124,0.9820997762681073,False,True,0
2018-04-13,1990-01-03,2018-04-12,7125,0.9820908233918186,False,True,0
2018-04-16,1990-01-03,2018-04-13,7126,0.9820741938722231,False,True,0
2018-04-17,1990-01-03,2018-04-16,7127,0.9820607769193203,False,True,0
2018-04-18,1990-01-03,2018-04-17,7128,0.982060871889003,False,True,0
2018-04-19,1990-01-03,2018-04-18,7129,0.9820260277679671,False,True,0
2018-04-20,1990-01-03,2018-04-19,7130,0.9820014302682457,False,True,0
2018-04-23,1990-01-03,2018-04-20,7131,0.9819909588143195,False,True,0
2018-04-24,1990-01-03,2018-04-23,7132,0.9819628485925158,False,True,0
2018-04-25,1990-01-03,2018-04-24,7133,0.981974662578467,False,True,0
2018-04-26,1990-01-03,2018-04-25,7134,0.9819558112562787,False,True,0
2018-04-27,1990-01-03,2018-04-26,7135,0.9819557277455153,False,True,0
2018-04-30,1990-01-03,2018-04-27,7136,0.9819313046431778,False,True,0
2018-05-01,1990-01-03,2018-04-30,7137,0.9819192285076813,False,True,0
2018-05-02,1990-01-03,2018-05-01,7138,0.9818913814573069,False,True,0
2018-05-03,1990-01-03,2018-05-02,7139,0.9818836703096363,False,True,0
2018-05-04,1990-01-03,2018-05-03,7140,0.9818569368581191,False,True,0
2018-05-07,1990-01-03,2018-05-04,7141,0.9818825849387631,False,True,0
2018-05-08,1990-01-03,2018-05-07,7142,0.9818603740042944,False,True,0
2018-05-09,1990-01-03,2018-05-08,7143,0.9818242624692244,False,True,0
2018-05-10,1990-01-03,2018-05-09,7144,0.9818483393687321,False,True,0
2018-05-11,1990-01-03,2018-05-10,7145,0.9818854357426122,False,True,0
2018-05-14,1990-01-03,2018-05-11,7146,0.9818393363895427,False,True,0
2018-05-15,1990-01-03,2018-05-14,7147,0.9817895250159762,False,True,0
2018-05-16,1990-01-03,2018-05-15,7148,0.9817779252475513,False,True,0
2018-05-17,1990-01-03,2018-05-16,7149,0.9817621365736874,False,True,0
2018-05-18,1990-01-03,2018-05-17,7150,0.9817222208409976,False,True,0
2018-05-21,1990-01-03,2018-05-18,7151,0.9816810784038565,False,True,0
2018-05-22,1990-01-03,2018-05-21,7152,0.9817058128364048,False,True,0
2018-05-23,1990-01-03,2018-05-22,7153,0.9816767168709584,False,True,0
2018-05-24,1990-01-03,2018-05-23,7154,0.9816520135053194,False,True,0
2018-05-25,1990-01-03,2018-05-24,7155,0.9816202339720997,False,True,0
2018-05-29,1990-01-03,2018-05-25,7156,0.9815826416598061,False,True,0
2018-05-30,1990-01-03,2018-05-29,7157,0.9816149677154046,False,True,0
2018-05-31,1990-01-03,2018-05-30,7158,0.981640061706737,False,True,0
2018-06-01,1990-01-03,2018-05-31,7159,0.9816282987985518,False,True,0
2018-06-04,1990-01-03,2018-06-01,7160,0.9816528935071115,False,True,0
2018-06-05,1990-01-03,2018-06-04,7161,0.9816511868172806,False,True,0
2018-06-06,1990-01-03,2018-06-05,7162,0.9816420036170056,False,True,0
2018-06-07,1990-01-03,2018-06-06,7163,0.9816604714555863,False,True,0
2018-06-08,1990-01-03,2018-06-07,7164,0.9816450376781,False,True,0
2018-06-11,1990-01-03,2018-06-08,7165,0.9816342169854194,False,True,0
2018-06-12,1990-01-03,2018-06-11,7166,0.9816158825620593,False,True,0
2018-06-13,1990-01-03,2018-06-12,7167,0.9815977130855307,False,True,0
2018-06-14,1990-01-03,2018-06-13,7168,0.9815829198200676,False,True,0
2018-06-15,1990-01-03,2018-06-14,7169,0.9815737725584963,False,True,0
2018-06-18,1990-01-03,2018-06-15,7170,0.9815583015351238,False,True,0
2018-06-19,1990-01-03,2018-06-18,7171,0.9815433659241659,False,True,0
2018-06-20,1990-01-03,2018-06-19,7172,0.9815313630991029,False,True,0
2018-06-21,1990-01-03,2018-06-20,7173,0.9815290748817933,False,True,0
2018-06-22,1990-01-03,2018-06-21,7174,0.9815012852184247,False,True,0
2018-06-25,1990-01-03,2018-06-22,7175,0.9815085025925274,False,True,0
2018-06-26,1990-01-03,2018-06-25,7176,0.981483624461157,False,True,0
2018-06-27,1990-01-03,2018-06-26,7177,0.981510103903609,False,True,0
2018-06-28,1990-01-03,2018-06-27,7178,0.9814858514003252,False,True,0
2018-06-29,1990-01-03,2018-06-28,7179,0.9814983478940777,False,True,0
2018-07-02,1990-01-03,2018-06-29,7180,0.9815231935353058,False,True,0
2018-07-03,1990-01-03,2018-07-02,7181,0.9815420462922427,False,True,0
2018-07-05,1990-01-03,2018-07-03,7182,0.9815403542257188,False,True,0
2018-07-06,1990-01-03,2018-07-05,7183,0.9815367289064482,False,True,0
2018-07-09,1990-01-03,2018-07-06,7184,0.9815354619679096,False,True,0
2018-07-10,1990-01-03,2018-07-09,7185,0.9815348993889284,False,True,0
2018-07-11,1990-01-03,2018-07-10,7186,0.9815437510031574,False,True,0
2018-07-12,1990-01-03,2018-07-11,7187,0.9815261000703476,False,True,0
2018-07-13,1990-01-03,2018-07-12,7188,0.9815244234851643,False,True,0
2018-07-16,1990-01-03,2018-07-13,7189,0.9815370244208492,False,True,0
2018-07-17,1990-01-03,2018-07-16,7190,0.9815440753088355,False,True,0
2018-07-18,1990-01-03,2018-07-17,7191,0.9815621009159426,False,True,0
2018-07-19,1990-01-03,2018-07-18,7192,0.981569125573421,False,True,0
2018-07-20,1990-01-03,2018-07-19,7193,0.9815613269276642,False,True,0
2018-07-23,1990-01-03,2018-07-20,7194,0.9815678849470577,False,True,0
2018-07-24,1990-01-03,2018-07-23,7195,0.9815772054483988,False,True,0
2018-07-25,1990-01-03,2018-07-24,7196,0.9815862104955824,False,True,0
2018-07-26,1990-01-03,2018-07-25,7197,0.9815995984863649,False,True,0
2018-07-27,1990-01-03,2018-07-26,7198,0.9815922914155174,False,True,0
2018-07-30,1990-01-03,2018-07-27,7199,0.9815697599162835,False,True,0
2018-07-31,1990-01-03,2018-07-30,7200,0.9815461330454532,False,True,0
2018-08-01,1990-01-03,2018-07-31,7201,0.981569084951216,False,True,0
2018-08-02,1990-01-03,2018-08-01,7202,0.98158657464877,False,True,0
2018-08-03,1990-01-03,2018-08-02,7203,0.9815976319444615,False,True,0
2018-08-06,1990-01-03,2018-08-03,7204,0.9816080344810791,False,True,0
2018-08-07,1990-01-03,2018-08-06,7205,0.9816223732350422,False,True,0
2018-08-08,1990-01-03,2018-08-07,7206,0.9816358472448122,False,True,0
2018-08-09,1990-01-03,2018-08-08,7207,0.981642788511941,False,True,0
2018-08-10,1990-01-03,2018-08-09,7208,0.9816486673942603,False,True,0
2018-08-13,1990-01-03,2018-08-10,7209,0.9816160285693276,False,True,0
2018-08-14,1990-01-03,2018-08-13,7210,0.9816143452900478,False,True,0
2018-08-15,1990-01-03,2018-08-14,7211,0.9816158189561867,False,True,0
2018-08-16,1990-01-03,2018-08-15,7212,0.9815707511764942,False,True,0
2018-08-17,1990-01-03,2018-08-16,7213,0.9815690219996647,False,True,0
2018-08-20,1990-01-03,2018-08-17,7214,0.981592246206203,False,True,0
2018-08-21,1990-01-03,2018-08-20,7215,0.9816161191970438,False,True,0
2018-08-22,1990-01-03,2018-08-21,7216,0.9816386647566674,False,True,0
2018-08-23,1990-01-03,2018-08-22,7217,0.9816573695456924,False,True,0
2018-08-24,1990-01-03,2018-08-23,7218,0.9816677524501324,False,True,0
2018-08-27,1990-01-03,2018-08-24,7219,0.9816697956392945,False,True,0
2018-08-28,1990-01-03,2018-08-27,7220,0.981660068299445,False,True,0
2018-08-29,1990-01-03,2018-08-28,7221,0.9816745722802436,False,True,0
2018-08-30,1990-01-03,2018-08-29,7222,0.9816780829817383,False,True,0
2018-08-31,1990-01-03,2018-08-30,7223,0.981663250377129,False,True,0
2018-09-04,1990-01-03,2018-08-31,7224,0.981683212957401,False,True,0
2018-09-05,1990-01-03,2018-09-04,7225,0.9816924179683436,False,True,0
2018-09-06,1990-01-03,2018-09-05,7226,0.9816944857214814,False,True,0
2018-09-07,1990-01-03,2018-09-06,7227,0.981692896817015,False,True,0
2018-09-10,1990-01-03,2018-09-07,7228,0.9817047136618028,False,True,0
2018-09-11,1990-01-03,2018-09-10,7229,0.9817318046604664,False,True,0
2018-09-12,1990-01-03,2018-09-11,7230,0.9817495957968762,False,True,0
2018-09-13,1990-01-03,2018-09-12,7231,0.9817732396880038,False,True,0
2018-09-14,1990-01-03,2018-09-13,7232,0.9817740709840016,False,True,0
2018-09-17,1990-01-03,2018-09-14,7233,0.9817950079080371,False,True,0
2018-09-18,1990-01-03,2018-09-17,7234,0.9817612662030751,False,True,0
2018-09-19,1990-01-03,2018-09-18,7235,0.9817607747007785,False,True,0
2018-09-20,1990-01-03,2018-09-19,7236,0.9817902374775851,False,True,0
2018-09-21,1990-01-03,2018-09-20,7237,0.9817556112285025,False,True,0
2018-09-24,1990-01-03,2018-09-21,7238,0.9817782811209707,False,True,0
2018-09-25,1990-01-03,2018-09-24,7239,0.9817718329206245,False,True,0
2018-09-26,1990-01-03,2018-09-25,7240,0.9817926859613577,False,True,0
2018-09-27,1990-01-03,2018-09-26,7241,0.9817926258202577,False,True,0
2018-09-28,1990-01-03,2018-09-27,7242,0.9818184885480744,False,True,0
2018-10-01,1990-01-03,2018-09-28,7243,0.981849406212192,False,True,0
2018-10-02,1990-01-03,2018-10-01,7244,0.9818651538387608,False,True,0
2018-10-03,1990-01-03,2018-10-02,7245,0.9818901145382432,False,True,0
2018-10-04,1990-01-03,2018-10-03,7246,0.9819185125200799,False,True,0
2018-10-05,1990-01-03,2018-10-04,7247,0.981832874519289,False,True,0
2018-10-08,1990-01-03,2018-10-05,7248,0.9817925358574394,False,True,0
2018-10-09,1990-01-03,2018-10-08,7249,0.9818346502559647,False,True,0
2018-10-10,1990-01-03,2018-10-09,7250,0.9818663779132515,False,True,0
2018-10-11,1990-01-03,2018-10-10,7251,0.9816352121297063,False,True,0
2018-10-12,1990-01-03,2018-10-11,7252,0.9814882153031861,False,True,0
2018-10-15,1990-01-03,2018-10-12,7253,0.981466520105517,False,True,0
2018-10-16,1990-01-03,2018-10-15,7254,0.9815068091094757,False,True,0
2018-10-17,1990-01-03,2018-10-16,7255,0.9814129500241512,False,True,0
2018-10-18,1990-01-03,2018-10-17,7256,0.9814594930996198,False,True,0
2018-10-19,1990-01-03,2018-10-18,7257,0.9814251571766727,False,True,0
2018-10-22,1990-01-03,2018-10-19,7258,0.9814651401111157,False,True,0
2018-10-23,1990-01-03,2018-10-22,7259,0.9814899727480458,False,True,0
2018-10-24,1990-01-03,2018-10-23,7260,0.9815073817857511,False,True,0
2018-10-25,1990-01-03,2018-10-24,7261,0.9814201496753603,False,True,0
2018-10-26,1990-01-03,2018-10-25,7262,0.9813963273159284,False,True,0
2018-10-29,1990-01-03,2018-10-26,7263,0.9813768294378358,False,True,0
2018-10-30,1990-01-03,2018-10-29,7264,0.9813988985103389,False,True,0
2018-10-31,1990-01-03,2018-10-30,7265,0.9813947992161959,False,True,0
2018-11-01,1990-01-03,2018-10-31,7266,0.9813998295232187,False,True,0
2018-11-02,1990-01-03,2018-11-01,7267,0.98140172821821,False,True,0
2018-11-05,1990-01-03,2018-11-02,7268,0.9814010107333719,False,True,0
2018-11-06,1990-01-03,2018-11-05,7269,0.9813987372110899,False,True,0
2018-11-07,1990-01-03,2018-11-06,7270,0.9813926574010485,False,True,0
2018-11-08,1990-01-03,2018-11-07,7271,0.9814364371062096,False,True,0
2018-11-09,1990-01-03,2018-11-08,7272,0.9814174110646315,False,True,0
2018-11-12,1990-01-03,2018-11-09,7273,0.9814109449287814,False,True,0
2018-11-13,1990-01-03,2018-11-12,7274,0.9814267552773372,False,True,0
2018-11-14,1990-01-03,2018-11-13,7275,0.9814272351956591,False,True,0
2018-11-15,1990-01-03,2018-11-14,7276,0.9814229730154885,False,True,0
2018-11-16,1990-01-03,2018-11-15,7277,0.9814217729775241,False,True,0
2018-11-19,1990-01-03,2018-11-16,7278,0.981409538799835,False,True,0
2018-11-20,1990-01-03,2018-11-19,7279,0.9814198439084413,False,True,0
2018-11-21,1990-01-03,2018-11-20,7280,0.9814122921275832,False,True,0
2018-11-23,1990-01-03,2018-11-21,7281,0.9814168446599651,False,True,0
2018-11-26,1990-01-03,2018-11-23,7282,0.9814145966431629,False,True,0
2018-11-27,1990-01-03,2018-11-26,7283,0.9814185912074201,False,True,0
2018-11-28,1990-01-03,2018-11-27,7284,0.9814118389043353,False,True,0
2018-11-29,1990-01-03,2018-11-28,7285,0.9814655996021904,False,True,0
2018-11-30,1990-01-03,2018-11-29,7286,0.9814431002110116,False,True,0
2018-12-03,1990-01-03,2018-11-30,7287,0.9814325535389125,False,True,0
2018-12-04,1990-01-03,2018-12-03,7288,0.9814436882409122,False,True,0
2018-12-06,1990-01-03,2018-12-04,7289,0.9815784835556713,False,True,0
2018-12-07,1990-01-03,2018-12-06,7290,0.9815869852115092,False,True,0
2018-12-10,1990-01-03,2018-12-07,7291,0.9815712588231732,False,True,0
2018-12-11,1990-01-03,2018-12-10,7292,0.9815845803463686,False,True,0
2018-12-12,1990-01-03,2018-12-11,7293,0.9815901566392072,False,True,0
2018-12-13,1990-01-03,2018-12-12,7294,0.9815873076979388,False,True,0
2018-12-14,1990-01-03,2018-12-13,7295,0.9815783986374863,False,True,0
2018-12-17,1990-01-03,2018-12-14,7296,0.9815890866484267,False,True,0
2018-12-18,1990-01-03,2018-12-17,7297,0.9815851275252637,False,True,0
2018-12-19,1990-01-03,2018-12-18,7298,0.9815925522817406,False,True,0
2018-12-20,1990-01-03,2018-12-19,7299,0.9815892975212147,False,True,0
2018-12-21,1990-01-03,2018-12-20,7300,0.9815861901189217,False,True,0
2018-12-24,1990-01-03,2018-12-21,7301,0.9815793460639668,False,True,0
2018-12-26,1990-01-03,2018-12-24,7302,0.9815656110500334,False,True,0
2018-12-27,1990-01-03,2018-12-26,7303,0.9815368615854012,False,True,0
2018-12-28,1990-01-03,2018-12-27,7304,0.9815376796117584,False,True,0
2018-12-31,1990-01-03,2018-12-28,7305,0.9815321866336202,False,True,0
2019-01-02,1990-01-03,2018-12-31,7306,0.9815194920432615,False,True,0
2019-01-03,1990-01-03,2019-01-02,7307,0.9814971655399327,False,True,0
2019-01-04,1990-01-03,2019-01-03,7308,0.9815304303928497,False,True,0
2019-01-07,1990-01-03,2019-01-04,7309,0.9815723575411249,False,True,0
2019-01-08,1990-01-03,2019-01-07,7310,0.9815530140660296,False,True,0
2019-01-09,1990-01-03,2019-01-08,7311,0.9815345973593835,False,True,0
2019-01-10,1990-01-03,2019-01-09,7312,0.9814994596660568,False,True,0
2019-01-11,1990-01-03,2019-01-10,7313,0.9814572295528378,False,True,0
2019-01-14,1990-01-03,2019-01-11,7314,0.9814081744419466,False,True,0
2019-01-15,1990-01-03,2019-01-14,7315,0.9813690666341697,False,True,0
2019-01-16,1990-01-03,2019-01-15,7316,0.9813647798205739,False,True,0
2019-01-17,1990-01-03,2019-01-16,7317,0.981306919486132,False,True,0
2019-01-18,1990-01-03,2019-01-17,7318,0.9812768233164776,False,True,0
2019-01-22,1990-01-03,2019-01-18,7319,0.9813406225645246,False,True,0
2019-01-23,1990-01-03,2019-01-22,7320,0.9814031601931763,False,True,0
2019-01-24,1990-01-03,2019-01-23,7321,0.9813573734781306,False,True,0
2019-01-25,1990-01-03,2019-01-24,7322,0.981304575277948,False,True,0
2019-01-28,1990-01-03,2019-01-25,7323,0.9812999356153809,False,True,0
2019-01-29,1990-01-03,2019-01-28,7324,0.9812877420496116,False,True,0
2019-01-30,1990-01-03,2019-01-29,7325,0.9812434174108859,False,True,0
2019-01-31,1990-01-03,2019-01-30,7326,0.9813366181519187,False,True,0
2019-02-01,1990-01-03,2019-01-31,7327,0.98134117895908,False,True,0
2019-02-04,1990-01-03,2019-02-01,7328,0.9812846953679915,False,True,0
2019-02-05,1990-01-03,2019-02-04,7329,0.9812744309670193,False,True,0
2019-02-06,1990-01-03,2019-02-05,7330,0.9812377797385416,False,True,0
2019-02-07,1990-01-03,2019-02-06,7331,0.9811834815731297,False,True,0
2019-02-08,1990-01-03,2019-02-07,7332,0.9812131201651421,False,True,0
2019-02-11,1990-01-03,2019-02-08,7333,0.9811738893627228,False,True,0
2019-02-12,1990-01-03,2019-02-11,7334,0.9811318633808117,False,True,0
2019-02-13,1990-01-03,2019-02-12,7335,0.9812386574392429,False,True,0
2019-02-14,1990-01-03,2019-02-13,7336,0.9811999103591834,False,True,0
2019-02-15,1990-01-03,2019-02-14,7337,0.9811612657509784,False,True,0
2019-02-19,1990-01-03,2019-02-15,7338,0.9812468567741923,False,True,0
2019-02-20,1990-01-03,2019-02-19,7339,0.9812015943858536,False,True,0
2019-02-21,1990-01-03,2019-02-20,7340,0.981156894659279,False,True,0
2019-02-22,1990-01-03,2019-02-21,7341,0.9811277203259856,False,True,0
2019-02-25,1990-01-03,2019-02-22,7342,0.9811456305884909,False,True,0
2019-02-26,1990-01-03,2019-02-25,7343,0.9811056142663377,False,True,0
2019-02-27,1990-01-03,2019-02-26,7344,0.9810654786089943,False,True,0
2019-02-28,1990-01-03,2019-02-27,7345,0.9810258881056875,False,True,0
2019-03-01,1990-01-03,2019-02-28,7346,0.9809975689212276,False,True,0
2019-03-04,1990-01-03,2019-03-01,7347,0.9810346101471844,False,True,0
2019-03-05,1990-01-03,2019-03-04,7348,0.9810168092170534,False,True,0
2019-03-06,1990-01-03,2019-03-05,7349,0.9809940884111459,False,True,0
2019-03-07,1990-01-03,2019-03-06,7350,0.9809909576428955,False,True,0
2019-03-08,1990-01-03,2019-03-07,7351,0.9809756930947234,False,True,0
2019-03-11,1990-01-03,2019-03-08,7352,0.9809781519291054,False,True,0
2019-03-12,1990-01-03,2019-03-11,7353,0.9809907641459301,False,True,0
2019-03-13,1990-01-03,2019-03-12,7354,0.9809940003051761,False,True,0
2019-03-14,1990-01-03,2019-03-13,7355,0.9810033317839142,False,True,0
2019-03-15,1990-01-03,2019-03-14,7356,0.9809986772942939,False,True,0
2019-03-18,1990-01-03,2019-03-15,7357,0.9810044008422805,False,True,0
2019-03-19,1990-01-03,2019-03-18,7358,0.9810059444697614,False,True,0
2019-03-20,1990-01-03,2019-03-19,7359,0.9809977911561283,False,True,0
2019-03-21,1990-01-03,2019-03-20,7360,0.9809859962053679,False,True,0
2019-03-22,1990-01-03,2019-03-21,7361,0.9810192659493548,False,True,0
2019-03-25,1990-01-03,2019-03-22,7362,0.9810302936782638,False,True,0
2019-03-26,1990-01-03,2019-03-25,7363,0.9810629486669287,False,True,0
2019-03-27,1990-01-03,2019-03-26,7364,0.9810675119118286,False,True,0
2019-03-28,1990-01-03,2019-03-27,7365,0.9810733721777616,False,True,0
2019-03-29,1990-01-03,2019-03-28,7366,0.9810959043052,False,True,0
2019-04-01,1990-01-03,2019-03-29,7367,0.9811012816071435,False,True,0
2019-04-02,1990-01-03,2019-04-01,7368,0.9810792604611911,False,True,0
2019-04-03,1990-01-03,2019-04-02,7369,0.9810955694521117,False,True,0
2019-04-04,1990-01-03,2019-04-03,7370,0.9811042503176122,False,True,0
2019-04-05,1990-01-03,2019-04-04,7371,0.9811128577975915,False,True,0
2019-04-08,1990-01-03,2019-04-05,7372,0.9811276666408385,False,True,0
2019-04-09,1990-01-03,2019-04-08,7373,0.981133655236611,False,True,0
2019-04-10,1990-01-03,2019-04-09,7374,0.9811139283768939,False,True,0
2019-04-11,1990-01-03,2019-04-10,7375,0.9811293117116432,False,True,0
2019-04-12,1990-01-03,2019-04-11,7376,0.9811405863754521,False,True,0
2019-04-15,1990-01-03,2019-04-12,7377,0.9811561880927401,False,True,0
2019-04-16,1990-01-03,2019-04-15,7378,0.9811612784890611,False,True,0
2019-04-17,1990-01-03,2019-04-16,7379,0.9811681475844196,False,True,0
2019-04-18,1990-01-03,2019-04-17,7380,0.9811563016442404,False,True,0
2019-04-22,1990-01-03,2019-04-18,7381,0.9811670953913345,False,True,0
2019-04-23,1990-01-03,2019-04-22,7382,0.9811766467056158,False,True,0
2019-04-24,1990-01-03,2019-04-23,7383,0.9811939247532954,False,True,0
2019-04-25,1990-01-03,2019-04-24,7384,0.9811895435287253,False,True,0
2019-04-26,1990-01-03,2019-04-25,7385,0.9811976787005005,False,True,0
2019-04-29,1990-01-03,2019-04-26,7386,0.9812090596607849,False,True,0
2019-04-30,1990-01-03,2019-04-29,7387,0.9812196540710657,False,True,0
2019-05-01,1990-01-03,2019-04-30,7388,0.9812286854582026,False,True,0
2019-05-02,1990-01-03,2019-05-01,7389,0.981172133160244,False,True,0
2019-05-03,1990-01-03,2019-05-02,7390,0.981183739011294,False,True,0
2019-05-06,1990-01-03,2019-05-03,7391,0.9811503068042651,False,True,0
2019-05-07,1990-01-03,2019-05-06,7392,0.981133547562216,False,True,0
2019-05-08,1990-01-03,2019-05-07,7393,0.9809836589811615,False,True,0
2019-05-09,1990-01-03,2019-05-08,7394,0.9810273137931386,False,True,0
2019-05-10,1990-01-03,2019-05-09,7395,0.9810572176838147,False,True,0
2019-05-13,1990-01-03,2019-05-10,7396,0.9810922578625806,False,True,0
2019-05-14,1990-01-03,2019-05-13,7397,0.9809130800038722,False,True,0
2019-05-15,1990-01-03,2019-05-14,7398,0.9809312793101216,False,True,0
2019-05-16,1990-01-03,2019-05-15,7399,0.9809626974692501,False,True,0
2019-05-17,1990-01-03,2019-05-16,7400,0.9809636428860994,False,True,0
2019-05-20,1990-01-03,2019-05-17,7401,0.9809741941149659,False,True,0
2019-05-21,1990-01-03,2019-05-20,7402,0.9809790855035014,False,True,0
2019-05-22,1990-01-03,2019-05-21,7403,0.9809845650514927,False,True,0
2019-05-23,1990-01-03,2019-05-22,7404,0.9810068799544782,False,True,0
2019-05-24,1990-01-03,2019-05-23,7405,0.9809761124389567,False,True,0
2019-05-28,1990-01-03,2019-05-24,7406,0.9810059299345885,False,True,0
2019-05-29,1990-01-03,2019-05-28,7407,0.9810026968048884,False,True,0
2019-05-30,1990-01-03,2019-05-29,7408,0.9810087688209717,False,True,0
2019-05-31,1990-01-03,2019-05-30,7409,0.981034687820169,False,True,0
2019-06-03,1990-01-03,2019-05-31,7410,0.9810092476841882,False,True,0
2019-06-04,1990-01-03,2019-06-03,7411,0.9810308358919747,False,True,0
2019-06-05,1990-01-03,2019-06-04,7412,0.9809927120062423,False,True,0
2019-06-06,1990-01-03,2019-06-05,7413,0.9809970540265472,False,True,0
2019-06-07,1990-01-03,2019-06-06,7414,0.9810023645258596,False,True,0
2019-06-10,1990-01-03,2019-06-07,7415,0.9810067819947258,False,True,0
2019-06-11,1990-01-03,2019-06-10,7416,0.9810067797006197,False,True,0
2019-06-12,1990-01-03,2019-06-11,7417,0.9810012066133843,False,True,0
2019-06-13,1990-01-03,2019-06-12,7418,0.9809918112218603,False,True,0
2019-06-14,1990-01-03,2019-06-13,7419,0.980986053721298,False,True,0
2019-06-17,1990-01-03,2019-06-14,7420,0.9809728798506953,False,True,0
2019-06-18,1990-01-03,2019-06-17,7421,0.980958819748073,False,True,0
2019-06-19,1990-01-03,2019-06-18,7422,0.980988884599319,False,True,0
2019-06-20,1990-01-03,2019-06-19,7423,0.9809744111935476,False,True,0
2019-06-21,1990-01-03,2019-06-20,7424,0.9810131559638722,False,True,0
2019-06-24,1990-01-03,2019-06-21,7425,0.9809905880372163,False,True,0
2019-06-25,1990-01-03,2019-06-24,7426,0.9809717067498723,False,True,0
2019-06-26,1990-01-03,2019-06-25,7427,0.9809833583404733,False,True,0
2019-06-27,1990-01-03,2019-06-26,7428,0.9809806944457986,False,True,0
2019-06-28,1990-01-03,2019-06-27,7429,0.9809813016692985,False,True,0
2019-07-01,1990-01-03,2019-06-28,7430,0.9809864986750557,False,True,0
2019-07-02,1990-01-03,2019-07-01,7431,0.9809975252987992,False,True,0
2019-07-03,1990-01-03,2019-07-02,7432,0.980997401869878,False,True,0
2019-07-05,1990-01-03,2019-07-03,7433,0.9810306651624103,False,True,0
2019-07-08,1990-01-03,2019-07-05,7434,0.9810079646313045,False,True,0
2019-07-09,1990-01-03,2019-07-08,7435,0.9809967565347693,False,True,0
2019-07-10,1990-01-03,2019-07-09,7436,0.9809952540779174,False,True,0
2019-07-11,1990-01-03,2019-07-10,7437,0.9810007524023089,False,True,0
2019-07-12,1990-01-03,2019-07-11,7438,0.9810071384941332,False,True,0
2019-07-15,1990-01-03,2019-07-12,7439,0.9810149376195855,False,True,0
2019-07-16,1990-01-03,2019-07-15,7440,0.9810073399754068,False,True,0
2019-07-17,1990-01-03,2019-07-16,7441,0.9809946122327898,False,True,0
2019-07-18,1990-01-03,2019-07-17,7442,0.980969367315217,False,True,0
2019-07-19,1990-01-03,2019-07-18,7443,0.9809805287706481,False,True,0
2019-07-22,1990-01-03,2019-07-19,7444,0.980961181152704,False,True,0
2019-07-23,1990-01-03,2019-07-22,7445,0.980975553579578,False,True,0
2019-07-24,1990-01-03,2019-07-23,7446,0.9809813702573429,False,True,0
2019-07-25,1990-01-03,2019-07-24,7447,0.9809914125902846,False,True,0
2019-07-26,1990-01-03,2019-07-25,7448,0.9809697899524881,False,True,0
2019-07-29,1990-01-03,2019-07-26,7449,0.9809830582596892,False,True,0
2019-07-30,1990-01-03,2019-07-29,7450,0.9809836507751779,False,True,0
2019-07-31,1990-01-03,2019-07-30,7451,0.9809880317671155,False,True,0
2019-08-01,1990-01-03,2019-07-31,7452,0.9809338717484012,False,True,0
2019-08-02,1990-01-03,2019-08-01,7453,0.9808973250597283,False,True,0
2019-08-05,1990-01-03,2019-08-02,7454,0.9808875949131627,False,True,0
2019-08-06,1990-01-03,2019-08-05,7455,0.9807189594108978,False,True,0
2019-08-07,1990-01-03,2019-08-06,7456,0.9807068324314508,False,True,0
2019-08-08,1990-01-03,2019-08-07,7457,0.9807536493036302,False,True,0
2019-08-09,1990-01-03,2019-08-08,7458,0.9806911454081046,False,True,0
2019-08-12,1990-01-03,2019-08-09,7459,0.9807033390495754,False,True,0
2019-08-13,1990-01-03,2019-08-12,7460,0.9806844777077498,False,True,0
2019-08-14,1990-01-03,2019-08-13,7461,0.9806626113403688,False,True,0
2019-08-15,1990-01-03,2019-08-14,7462,0.9805746163536431,False,True,0
2019-08-16,1990-01-03,2019-08-15,7463,0.9806125126580187,False,True,0
2019-08-19,1990-01-03,2019-08-16,7464,0.98060634449321,False,True,0
2019-08-20,1990-01-03,2019-08-19,7465,0.9806116790923058,False,True,0
2019-08-21,1990-01-03,2019-08-20,7466,0.9806109105149104,False,True,0
2019-08-22,1990-01-03,2019-08-21,7467,0.9806217302777903,False,True,0
2019-08-23,1990-01-03,2019-08-22,7468,0.9806281754951133,False,True,0
2019-08-26,1990-01-03,2019-08-23,7469,0.9806134658263768,False,True,0
2019-08-27,1990-01-03,2019-08-26,7470,0.980617990924711,False,True,0
2019-08-28,1990-01-03,2019-08-27,7471,0.9806280047216772,False,True,0
2019-08-29,1990-01-03,2019-08-28,7472,0.9806322818315959,False,True,0
2019-08-30,1990-01-03,2019-08-29,7473,0.9806343018450885,False,True,0
2019-09-03,1990-01-03,2019-08-30,7474,0.9806273689047442,False,True,0
2019-09-04,1990-01-03,2019-09-03,7475,0.9806191383502701,False,True,0
2019-09-05,1990-01-03,2019-09-04,7476,0.9806215744745335,False,True,0
2019-09-06,1990-01-03,2019-09-05,7477,0.9806426388294202,False,True,0
2019-09-09,1990-01-03,2019-09-06,7478,0.9806209752620288,False,True,0
2019-09-10,1990-01-03,2019-09-09,7479,0.9805949852535607,False,True,0
2019-09-11,1990-01-03,2019-09-10,7480,0.9805644711721953,False,True,0
2019-09-12,1990-01-03,2019-09-11,7481,0.980561693569292,False,True,0
2019-09-13,1990-01-03,2019-09-12,7482,0.980528418375781,False,True,0
2019-09-16,1990-01-03,2019-09-13,7483,0.9804888645916893,False,True,0
2019-09-17,1990-01-03,2019-09-16,7484,0.9804563817950409,False,True,0
2019-09-18,1990-01-03,2019-09-17,7485,0.9804219952149248,False,True,0
2019-09-19,1990-01-03,2019-09-18,7486,0.9803810964353998,False,True,0
2019-09-20,1990-01-03,2019-09-19,7487,0.9803383016332875,False,True,0
2019-09-23,1990-01-03,2019-09-20,7488,0.9803210010393034,False,True,0
2019-09-24,1990-01-03,2019-09-23,7489,0.9802864548464615,False,True,0
2019-09-25,1990-01-03,2019-09-24,7490,0.9802952750717785,False,True,0
2019-09-26,1990-01-03,2019-09-25,7491,0.9802962647038809,False,True,0
2019-09-27,1990-01-03,2019-09-26,7492,0.9802773813447074,False,True,0
2019-09-30,1990-01-03,2019-09-27,7493,0.9802661279202347,False,True,0
2019-10-01,1990-01-03,2019-09-30,7494,0.9802635732252867,False,True,0
2019-10-02,1990-01-03,2019-10-01,7495,0.9802712948995689,False,True,0
2019-10-03,1990-01-03,2019-10-02,7496,0.980244409859289,False,True,0
2019-10-04,1990-01-03,2019-10-03,7497,0.980253382923227,False,True,0
2019-10-07,1990-01-03,2019-10-04,7498,0.9802414125708816,False,True,0
2019-10-08,1990-01-03,2019-10-07,7499,0.9802459697607199,False,True,0
2019-10-09,1990-01-03,2019-10-08,7500,0.9802198620211026,False,True,0
2019-10-10,1990-01-03,2019-10-09,7501,0.9802256776133416,False,True,0
2019-10-11,1990-01-03,2019-10-10,7502,0.9802352868003354,False,True,0
2019-10-14,1990-01-03,2019-10-11,7503,0.9802362476995732,False,True,0
2019-10-15,1990-01-03,2019-10-14,7504,0.9802385415011681,False,True,0
2019-10-16,1990-01-03,2019-10-15,7505,0.9802438576469255,False,True,0
2019-10-17,1990-01-03,2019-10-16,7506,0.9802378261180628,False,True,0
2019-10-18,1990-01-03,2019-10-17,7507,0.9802313319022434,False,True,0
2019-10-21,1990-01-03,2019-10-18,7508,0.9802210275379993,False,True,0
2019-10-22,1990-01-03,2019-10-21,7509,0.9802230533184052,False,True,0
2019-10-23,1990-01-03,2019-10-22,7510,0.9802112929891209,False,True,0
2019-10-24,1990-01-03,2019-10-23,7511,0.9802024047533244,False,True,0
2019-10-25,1990-01-03,2019-10-24,7512,0.9801882066566372,False,True,0
2019-10-28,1990-01-03,2019-10-25,7513,0.9801794636639389,False,True,0
2019-10-29,1990-01-03,2019-10-28,7514,0.9801804558776954,False,True,0
2019-10-30,1990-01-03,2019-10-29,7515,0.9801584891695126,False,True,0
2019-10-31,1990-01-03,2019-10-30,7516,0.9801455985475742,False,True,0
2019-11-01,1990-01-03,2019-10-31,7517,0.9801258571038376,False,True,0
2019-11-04,1990-01-03,2019-11-01,7518,0.9801769843793604,False,True,0
2019-11-05,1990-01-03,2019-11-04,7519,0.9801684108279408,False,True,0
2019-11-06,1990-01-03,2019-11-05,7520,0.9801459665528451,False,True,0
2019-11-07,1990-01-03,2019-11-06,7521,0.9801248879884361,False,True,0
2019-11-08,1990-01-03,2019-11-07,7522,0.9801122968474545,False,True,0
2019-11-11,1990-01-03,2019-11-08,7523,0.9800991482212273,False,True,0
2019-11-12,1990-01-03,2019-11-11,7524,0.9800774887720912,False,True,0
2019-11-13,1990-01-03,2019-11-12,7525,0.9800627224763395,False,True,0
2019-11-14,1990-01-03,2019-11-13,7526,0.9800453466386898,False,True,0
2019-11-15,1990-01-03,2019-11-14,7527,0.9800287755658523,False,True,0
2019-11-18,1990-01-03,2019-11-15,7528,0.9800897198507479,False,True,0
2019-11-19,1990-01-03,2019-11-18,7529,0.9800729413878947,False,True,0
2019-11-20,1990-01-03,2019-11-19,7530,0.9800550187036697,False,True,0
2019-11-21,1990-01-03,2019-11-20,7531,0.980039152171027,False,True,0
2019-11-22,1990-01-03,2019-11-21,7532,0.9800315728712393,False,True,0
2019-11-25,1990-01-03,2019-11-22,7533,0.9800384525974842,False,True,0
2019-11-26,1990-01-03,2019-11-25,7534,0.980061135972922,False,True,0
2019-11-27,1990-01-03,2019-11-26,7535,0.9800685551815944,False,True,0
2019-11-29,1990-01-03,2019-11-27,7536,0.980093491715734,False,True,0
2019-12-02,1990-01-03,2019-11-29,7537,0.9800584974713362,False,True,0
2019-12-03,1990-01-03,2019-12-02,7538,0.9800039913928885,False,True,0
2019-12-04,1990-01-03,2019-12-03,7539,0.9799657666874152,False,True,0
2019-12-05,1990-01-03,2019-12-04,7540,0.9799648788448617,False,True,0
2019-12-06,1990-01-03,2019-12-05,7541,0.9800004678973506,False,True,0
2019-12-09,1990-01-03,2019-12-06,7542,0.9799621434886562,False,True,0
2019-12-10,1990-01-03,2019-12-09,7543,0.9799676472703307,False,True,0
2019-12-11,1990-01-03,2019-12-10,7544,0.9799930536325637,False,True,0
2019-12-12,1990-01-03,2019-12-11,7545,0.9800191362864096,False,True,0
2019-12-13,1990-01-03,2019-12-12,7546,0.9799894601983651,False,True,0
2019-12-16,1990-01-03,2019-12-13,7547,0.9800155237482948,False,True,0
2019-12-17,1990-01-03,2019-12-16,7548,0.9800037504236705,False,True,0
2019-12-18,1990-01-03,2019-12-17,7549,0.9800248679414414,False,True,0
2019-12-19,1990-01-03,2019-12-18,7550,0.9800422266084069,False,True,0
2019-12-20,1990-01-03,2019-12-19,7551,0.980061616288773,False,True,0
2019-12-23,1990-01-03,2019-12-20,7552,0.9800686208883154,False,True,0
2019-12-24,1990-01-03,2019-12-23,7553,0.9800860507757244,False,True,0
2019-12-26,1990-01-03,2019-12-24,7554,0.9801037209554786,False,True,0
2019-12-27,1990-01-03,2019-12-26,7555,0.9801024534129035,False,True,0
2019-12-30,1990-01-03,2019-12-27,7556,0.9801193925924989,False,True,0
2019-12-31,1990-01-03,2019-12-30,7557,0.9800689190374752,False,True,0
2020-01-02,1990-01-03,2019-12-31,7558,0.9800899424886154,False,True,0
2020-01-03,1990-01-03,2020-01-02,7559,0.9800315218320046,False,True,0
2020-01-06,1990-01-03,2020-01-03,7560,0.9799593532367104,False,True,0
2020-01-07,1990-01-03,2020-01-06,7561,0.9799843105558474,False,True,0
2020-01-08,1990-01-03,2020-01-07,7562,0.9799939184553089,False,True,0
2020-01-09,1990-01-03,2020-01-08,7563,0.9799967107314678,False,True,0
2020-01-10,1990-01-03,2020-01-09,7564,0.9799599016992836,False,True,0
2020-01-13,1990-01-03,2020-01-10,7565,0.9799701520123258,False,True,0
2020-01-14,1990-01-03,2020-01-13,7566,0.9799331235682233,False,True,0
2020-01-15,1990-01-03,2020-01-14,7567,0.9799561884366845,False,True,0
2020-01-16,1990-01-03,2020-01-15,7568,0.9799929419566376,False,True,0
2020-01-17,1990-01-03,2020-01-16,7569,0.9799476800052396,False,True,0
2020-01-21,1990-01-03,2020-01-17,7570,0.9799704764729418,False,True,0
2020-01-22,1990-01-03,2020-01-21,7571,0.9799704036784326,False,True,0
2020-01-23,1990-01-03,2020-01-22,7572,0.9800067084014262,False,True,0
2020-01-24,1990-01-03,2020-01-23,7573,0.9800439216476288,False,True,0
2020-01-27,1990-01-03,2020-01-24,7574,0.9799013044508461,False,True,0
2020-01-28,1990-01-03,2020-01-27,7575,0.9797076586689538,False,True,0
2020-01-29,1990-01-03,2020-01-28,7576,0.9796508798788459,False,True,0
2020-01-30,1990-01-03,2020-01-29,7577,0.9797032774766895,False,True,0
2020-01-31,1990-01-03,2020-01-30,7578,0.9797473547365249,False,True,0
2020-02-03,1990-01-03,2020-01-31,7579,0.9795771880639706,False,True,0
2020-02-04,1990-01-03,2020-02-03,7580,0.9795945513492553,False,True,0
2020-02-05,1990-01-03,2020-02-04,7581,0.9795032323438531,False,True,0
2020-02-06,1990-01-03,2020-02-05,7582,0.9794587190688591,False,True,0
2020-02-07,1990-01-03,2020-02-06,7583,0.979492931623026,False,True,0
2020-02-10,1990-01-03,2020-02-07,7584,0.9794964898058899,False,True,0
2020-02-11,1990-01-03,2020-02-10,7585,0.9794991164667536,False,True,0
2020-02-12,1990-01-03,2020-02-11,7586,0.9795281156628389,False,True,0
2020-02-13,1990-01-03,2020-02-12,7587,0.979533957147553,False,True,0
2020-02-14,1990-01-03,2020-02-13,7588,0.9795510176232438,False,True,0
2020-02-18,1990-01-03,2020-02-14,7589,0.9795693099883113,False,True,0
2020-02-19,1990-01-03,2020-02-18,7590,0.979578514869682,False,True,0
2020-02-20,1990-01-03,2020-02-19,7591,0.9795872613123224,False,True,0
2020-02-21,1990-01-03,2020-02-20,7592,0.9795901951263639,False,True,0
2020-02-24,1990-01-03,2020-02-21,7593,0.9795484534337667,False,True,0
2020-02-25,1990-01-03,2020-02-24,7594,0.9793904372011215,False,True,0
2020-02-26,1990-01-03,2020-02-25,7595,0.9792128167342977,False,True,0
2020-02-27,1990-01-03,2020-02-26,7596,0.9792641201521879,False,True,0
2020-02-28,1990-01-03,2020-02-27,7597,0.9790936789628989,False,True,0
2020-03-02,1990-01-03,2020-02-28,7598,0.9791356732243864,False,True,0
2020-03-03,1990-01-03,2020-03-02,7599,0.9790212230590317,False,True,0
2020-03-04,1990-01-03,2020-03-03,7600,0.9789871652180853,False,True,0
2020-03-05,1990-01-03,2020-03-04,7601,0.9789271582444159,False,True,0
2020-03-06,1990-01-03,2020-03-05,7602,0.9788983688536594,False,True,0
2020-03-09,1990-01-03,2020-03-06,7603,0.9789055529719509,False,True,0
2020-03-10,1990-01-03,2020-03-09,7604,0.9788459056170975,False,True,0
2020-03-11,1990-01-03,2020-03-10,7605,0.9788079048529492,False,True,0
2020-03-12,1990-01-03,2020-03-11,7606,0.9787851210341103,False,True,0
2020-03-13,1990-01-03,2020-03-12,7607,0.9787268218241079,False,True,0
2020-03-16,1990-01-03,2020-03-13,7608,0.9786707679532926,False,True,0
2020-03-17,1990-01-03,2020-03-16,7609,0.9786377642436502,False,True,0
2020-03-18,1990-01-03,2020-03-17,7610,0.9786298498935733,False,True,0
2020-03-19,1990-01-03,2020-03-18,7611,0.9786311474185515,False,True,0
2020-03-20,1990-01-03,2020-03-19,7612,0.9786279030550747,False,True,0
2020-03-23,1990-01-03,2020-03-20,7613,0.9786262403677889,False,True,0
2020-03-24,1990-01-03,2020-03-23,7614,0.9786144547613251,False,True,0
2020-03-25,1990-01-03,2020-03-24,7615,0.9786850662845241,False,True,0
2020-03-26,1990-01-03,2020-03-25,7616,0.9786372312963963,False,True,0
2020-03-27,1990-01-03,2020-03-26,7617,0.9787195178988676,False,True,0
2020-03-30,1990-01-03,2020-03-27,7618,0.9787116409832778,False,True,0
2020-03-31,1990-01-03,2020-03-30,7619,0.9786920759806752,False,True,0
2020-04-01,1990-01-03,2020-03-31,7620,0.9786337009066602,False,True,0
2020-04-02,1990-01-03,2020-04-01,7621,0.9786820483948823,False,True,0
2020-04-03,1990-01-03,2020-04-02,7622,0.9786363248715578,False,True,0
2020-04-06,1990-01-03,2020-04-03,7623,0.9785784586638283,False,True,0
2020-04-07,1990-01-03,2020-04-06,7624,0.9788054374770349,False,True,0
2020-04-08,1990-01-03,2020-04-07,7625,0.9787120115450256,False,True,0
2020-04-09,1990-01-03,2020-04-08,7626,0.9787655716913958,False,True,0
2020-04-13,1990-01-03,2020-04-09,7627,0.9786829287435469,False,True,0
2020-04-14,1990-01-03,2020-04-13,7628,0.9785881867754794,False,True,0
2020-04-15,1990-01-03,2020-04-14,7629,0.9786828113636782,False,True,0
2020-04-16,1990-01-03,2020-04-15,7630,0.9786900011526125,False,True,0
2020-04-17,1990-01-03,2020-04-16,7631,0.9785811015155134,False,True,0
2020-04-20,1990-01-03,2020-04-17,7632,0.978660723790687,False,True,0
2020-04-21,1990-01-03,2020-04-20,7633,0.9786473525764542,False,True,0
2020-04-22,1990-01-03,2020-04-21,7634,0.9787421803299848,False,True,0
2020-04-23,1990-01-03,2020-04-22,7635,0.9787441824344436,False,True,0
2020-04-24,1990-01-03,2020-04-23,7636,0.978659304214546,False,True,0
2020-04-27,1990-01-03,2020-04-24,7637,0.9786073709558708,False,True,0
2020-04-28,1990-01-03,2020-04-27,7638,0.9785724736406729,False,True,0
2020-04-29,1990-01-03,2020-04-28,7639,0.9784831050492983,False,True,0
2020-04-30,1990-01-03,2020-04-29,7640,0.9786445833059961,False,True,0
2020-05-01,1990-01-03,2020-04-30,7641,0.9785818863096515,False,True,0
2020-05-04,1990-01-03,2020-05-01,7642,0.9787277648236744,False,True,0
2020-05-05,1990-01-03,2020-05-04,7643,0.9786582044712886,False,True,0
2020-05-06,1990-01-03,2020-05-05,7644,0.9786031948276862,False,True,0
2020-05-07,1990-01-03,2020-05-06,7645,0.9785442720945843,False,True,0
2020-05-08,1990-01-03,2020-05-07,7646,0.9785089512512138,False,True,0
2020-05-11,1990-01-03,2020-05-08,7647,0.9785432066349751,False,True,0
2020-05-12,1990-01-03,2020-05-11,7648,0.9784546248470581,False,True,0
2020-05-13,1990-01-03,2020-05-12,7649,0.9785543492583718,False,True,0
2020-05-14,1990-01-03,2020-05-13,7650,0.9785735810292846,False,True,0
2020-05-15,1990-01-03,2020-05-14,7651,0.9785499297439727,False,True,0
2020-05-18,1990-01-03,2020-05-15,7652,0.9784961828086182,False,True,0
2020-05-19,1990-01-03,2020-05-18,7653,0.9786908171836365,False,True,0
2020-05-20,1990-01-03,2020-05-19,7654,0.9786711628007976,False,True,0
2020-05-21,1990-01-03,2020-05-20,7655,0.9787048224844482,False,True,0
2020-05-22,1990-01-03,2020-05-21,7656,0.9786690982831814,False,True,0
2020-05-26,1990-01-03,2020-05-22,7657,0.9786107041019396,False,True,0
2020-05-27,1990-01-03,2020-05-26,7658,0.9786176731695506,False,True,0
2020-05-28,1990-01-03,2020-05-27,7659,0.9786727795486547,False,True,0
2020-05-29,1990-01-03,2020-05-28,7660,0.9786058350990792,False,True,0
2020-06-01,1990-01-03,2020-05-29,7661,0.9785456717183636,False,True,0
2020-06-02,1990-01-03,2020-06-01,7662,0.9784758788012592,False,True,0
2020-06-03,1990-01-03,2020-06-02,7663,0.9784664394193155,False,True,0
2020-06-04,1990-01-03,2020-06-03,7664,0.9785875445050255,False,True,0
2020-06-05,1990-01-03,2020-06-04,7665,0.9785240755270431,False,True,0
2020-06-08,1990-01-03,2020-06-05,7666,0.9788973838123122,False,True,0
2020-06-09,1990-01-03,2020-06-08,7667,0.9789979560949226,False,True,0
2020-06-10,1990-01-03,2020-06-09,7668,0.9790055445295407,False,True,0
2020-06-11,1990-01-03,2020-06-10,7669,0.978974958570182,False,True,0
2020-06-12,1990-01-03,2020-06-11,7670,0.97931796722644,False,True,0
2020-06-15,1990-01-03,2020-06-12,7671,0.9793507167183579,False,True,0
2020-06-16,1990-01-03,2020-06-15,7672,0.9793907034919259,False,True,0
2020-06-17,1990-01-03,2020-06-16,7673,0.9793795523869984,False,True,0
2020-06-18,1990-01-03,2020-06-17,7674,0.9794063975417486,False,True,0
2020-06-19,1990-01-03,2020-06-18,7675,0.9794287417028018,False,True,0
2020-06-22,1990-01-03,2020-06-19,7676,0.9794392524987733,False,True,0
2020-06-23,1990-01-03,2020-06-22,7677,0.9794464889327124,False,True,0
2020-06-24,1990-01-03,2020-06-23,7678,0.9794484473609134,False,True,0
2020-06-25,1990-01-03,2020-06-24,7679,0.9794478561229492,False,True,0
2020-06-26,1990-01-03,2020-06-25,7680,0.9794520893639193,False,True,0
2020-06-29,1990-01-03,2020-06-26,7681,0.9794414170639273,False,True,0
2020-06-30,1990-01-03,2020-06-29,7682,0.9794426991353827,False,True,0
2020-07-01,1990-01-03,2020-06-30,7683,0.9794427912495542,False,True,0
2020-07-02,1990-01-03,2020-07-01,7684,0.979437848952274,False,True,0
2020-07-06,1990-01-03,2020-07-02,7685,0.9794265626798395,False,True,0
2020-07-07,1990-01-03,2020-07-06,7686,0.9794427512533748,False,True,0
2020-07-08,1990-01-03,2020-07-07,7687,0.9794354996245155,False,True,0
2020-07-09,1990-01-03,2020-07-08,7688,0.9794239191286136,False,True,0
2020-07-10,1990-01-03,2020-07-09,7689,0.9794065252832328,False,True,0
2020-07-13,1990-01-03,2020-07-10,7690,0.9794036057016874,False,True,0
2020-07-14,1990-01-03,2020-07-13,7691,0.9793948094717406,False,True,0
2020-07-15,1990-01-03,2020-07-14,7692,0.9794069669995034,False,True,0
2020-07-16,1990-01-03,2020-07-15,7693,0.9794012026450349,False,True,0
2020-07-17,1990-01-03,2020-07-16,7694,0.9793721278145334,False,True,0
2020-07-20,1990-01-03,2020-07-17,7695,0.97933975786062,False,True,0
2020-07-21,1990-01-03,2020-07-20,7696,0.9793349807389491,False,True,0
2020-07-22,1990-01-03,2020-07-21,7697,0.9792937348383292,False,True,0
2020-07-23,1990-01-03,2020-07-22,7698,0.979270659473482,False,True,0
2020-07-24,1990-01-03,2020-07-23,7699,0.979308014824005,False,True,0
2020-07-27,1990-01-03,2020-07-24,7700,0.9792932004301554,False,True,0
2020-07-28,1990-01-03,2020-07-27,7701,0.9792863237514325,False,True,0
2020-07-29,1990-01-03,2020-07-28,7702,0.9792729626206519,False,True,0
2020-07-30,1990-01-03,2020-07-29,7703,0.9792962362020005,False,True,0
2020-07-31,1990-01-03,2020-07-30,7704,0.979276067435261,False,True,0
2020-08-03,1990-01-03,2020-07-31,7705,0.9792735857144326,False,True,0
2020-08-04,1990-01-03,2020-08-03,7706,0.9792700511829872,False,True,0
2020-08-05,1990-01-03,2020-08-04,7707,0.979245173308883,False,True,0
2020-08-06,1990-01-03,2020-08-05,7708,0.9792406825381099,False,True,0
2020-08-07,1990-01-03,2020-08-06,7709,0.9792344165524473,False,True,0
2020-08-10,1990-01-03,2020-08-07,7710,0.9791965645819493,False,True,0
2020-08-11,1990-01-03,2020-08-10,7711,0.9791684052026988,False,True,0
2020-08-12,1990-01-03,2020-08-11,7712,0.9791814222518251,False,True,0
2020-08-13,1990-01-03,2020-08-12,7713,0.9792553088827526,False,True,0
2020-08-14,1990-01-03,2020-08-13,7714,0.9792253254260617,False,True,0
2020-08-17,1990-01-03,2020-08-14,7715,0.9792012740781735,False,True,0
2020-08-18,1990-01-03,2020-08-17,7716,0.9791871437642691,False,True,0
2020-08-19,1990-01-03,2020-08-18,7717,0.9791639447771457,False,True,0
2020-08-20,1990-01-03,2020-08-19,7718,0.9791419783267538,False,True,0
2020-08-21,1990-01-03,2020-08-20,7719,0.9791363304516907,False,True,0
2020-08-24,1990-01-03,2020-08-21,7720,0.9791259758097318,False,True,0
2020-08-25,1990-01-03,2020-08-24,7721,0.9791970280238143,False,True,0
2020-08-26,1990-01-03,2020-08-25,7722,0.9791893720318795,False,True,0
2020-08-27,1990-01-03,2020-08-26,7723,0.9792666281910558,False,True,0
2020-08-28,1990-01-03,2020-08-27,7724,0.9792444139645956,False,True,0
2020-08-31,1990-01-03,2020-08-28,7725,0.9792844321832599,False,True,0
2020-09-01,1990-01-03,2020-08-31,7726,0.9792630157646071,False,True,0
2020-09-02,1990-01-03,2020-09-01,7727,0.9793015637912355,False,True,0
2020-09-03,1990-01-03,2020-09-02,7728,0.9794309696136834,False,True,0
2020-09-04,1990-01-03,2020-09-03,7729,0.9795673736614073,False,True,0
2020-09-08,1990-01-03,2020-09-04,7730,0.9795960968774822,False,True,0
2020-09-09,1990-01-03,2020-09-08,7731,0.9794249030039202,False,True,0
2020-09-10,1990-01-03,2020-09-09,7732,0.9793760238182082,False,True,0
2020-09-11,1990-01-03,2020-09-10,7733,0.9793466703616263,False,True,0
2020-09-14,1990-01-03,2020-09-11,7734,0.9793958420349522,False,True,0
2020-09-15,1990-01-03,2020-09-14,7735,0.979402660421855,False,True,0
2020-09-16,1990-01-03,2020-09-15,7736,0.9794308098027382,False,True,0
2020-09-17,1990-01-03,2020-09-16,7737,0.9794491586166214,False,True,0
2020-09-18,1990-01-03,2020-09-17,7738,0.979455428596573,False,True,0
2020-09-21,1990-01-03,2020-09-18,7739,0.9794543583547074,False,True,0
2020-09-22,1990-01-03,2020-09-21,7740,0.9794540780545306,False,True,0
2020-09-23,1990-01-03,2020-09-22,7741,0.9794599596913897,False,True,0
2020-09-24,1990-01-03,2020-09-23,7742,0.9794334103200968,False,True,0
2020-09-25,1990-01-03,2020-09-24,7743,0.9794495584975924,False,True,0
2020-09-28,1990-01-03,2020-09-25,7744,0.979448032202433,False,True,0
2020-09-29,1990-01-03,2020-09-28,7745,0.9794571165226704,False,True,0
2020-09-30,1990-01-03,2020-09-29,7746,0.9794520840798211,False,True,0
2020-10-01,1990-01-03,2020-09-30,7747,0.9794470478787246,False,True,0
2020-10-02,1990-01-03,2020-10-01,7748,0.9794345953187651,False,True,0
2020-10-05,1990-01-03,2020-10-02,7749,0.979428019298912,False,True,0
2020-10-06,1990-01-03,2020-10-05,7750,0.9794551421215043,False,True,0
2020-10-07,1990-01-03,2020-10-06,7751,0.9794595384627782,False,True,0
2020-10-08,1990-01-03,2020-10-07,7752,0.9794761702922954,False,True,0
2020-10-09,1990-01-03,2020-10-08,7753,0.9794680863815065,False,True,0
2020-10-12,1990-01-03,2020-10-09,7754,0.9794624009806332,False,True,0
2020-10-13,1990-01-03,2020-10-12,7755,0.979509113755318,False,True,0
2020-10-14,1990-01-03,2020-10-13,7756,0.9794921177318338,False,True,0
2020-10-15,1990-01-03,2020-10-14,7757,0.9794780865610557,False,True,0
2020-10-16,1990-01-03,2020-10-15,7758,0.9794565152929552,False,True,0
2020-10-19,1990-01-03,2020-10-16,7759,0.9794307818525126,False,True,0
2020-10-20,1990-01-03,2020-10-19,7760,0.9794647148851908,False,True,0
2020-10-21,1990-01-03,2020-10-20,7761,0.979455248331431,False,True,0
2020-10-22,1990-01-03,2020-10-21,7762,0.979440213846608,False,True,0
2020-10-23,1990-01-03,2020-10-22,7763,0.9794263592405955,False,True,0
2020-10-26,1990-01-03,2020-10-23,7764,0.9794053963865093,False,True,0
2020-10-27,1990-01-03,2020-10-26,7765,0.9794402146567261,False,True,0
2020-10-28,1990-01-03,2020-10-27,7766,0.9794359345412527,False,True,0
2020-10-29,1990-01-03,2020-10-28,7767,0.9794541331555757,False,True,0
2020-10-30,1990-01-03,2020-10-29,7768,0.979460317635604,False,True,0
2020-11-02,1990-01-03,2020-10-30,7769,0.9794612391868324,False,True,0
2020-11-03,1990-01-03,2020-11-02,7770,0.9794638458223405,False,True,0
2020-11-04,1990-01-03,2020-11-03,7771,0.979461622587444,False,True,0
2020-11-05,1990-01-03,2020-11-04,7772,0.9794663377065663,False,True,0
2020-11-06,1990-01-03,2020-11-05,7773,0.9794902356767387,False,True,0
2020-11-09,1990-01-03,2020-11-06,7774,0.9794761659661855,False,True,0
2020-11-10,1990-01-03,2020-11-09,7775,0.9794819828352466,False,True,0
2020-11-11,1990-01-03,2020-11-10,7776,0.979458252929074,False,True,0
2020-11-12,1990-01-03,2020-11-11,7777,0.9794480679101932,False,True,0
2020-11-13,1990-01-03,2020-11-12,7778,0.979447601588153,False,True,0
2020-11-16,1990-01-03,2020-11-13,7779,0.9794709617534225,False,True,0
2020-11-17,1990-01-03,2020-11-16,7780,0.9794970040069243,False,True,0
2020-11-18,1990-01-03,2020-11-17,7781,0.9794678551535907,False,True,0
2020-11-19,1990-01-03,2020-11-18,7782,0.9794744135329235,False,True,0
2020-11-20,1990-01-03,2020-11-19,7783,0.9794600839220076,False,True,0
2020-11-23,1990-01-03,2020-11-20,7784,0.9794489066333212,False,True,0
2020-11-24,1990-01-03,2020-11-23,7785,0.979437530421588,False,True,0
2020-11-25,1990-01-03,2020-11-24,7786,0.979492410281345,False,True,0
2020-11-27,1990-01-03,2020-11-25,7787,0.9794686848753901,False,True,0
2020-11-30,1990-01-03,2020-11-27,7788,0.9794428085792137,False,True,0
2020-12-01,1990-01-03,2020-11-30,7789,0.9794146686489713,False,True,0
2020-12-02,1990-01-03,2020-12-01,7790,0.9794526082902477,False,True,0
2020-12-03,1990-01-03,2020-12-02,7791,0.9794237329864061,False,True,0
2020-12-04,1990-01-03,2020-12-03,7792,0.9793922831571089,False,True,0
2020-12-07,1990-01-03,2020-12-04,7793,0.9794188919973519,False,True,0
2020-12-08,1990-01-03,2020-12-07,7794,0.9793868625741574,False,True,0
2020-12-09,1990-01-03,2020-12-08,7795,0.9793577213700734,False,True,0
2020-12-10,1990-01-03,2020-12-09,7796,0.9793648036226951,False,True,0
2020-12-11,1990-01-03,2020-12-10,7797,0.9793447782357182,False,True,0
2020-12-14,1990-01-03,2020-12-11,7798,0.9793240334550711,False,True,0
2020-12-15,1990-01-03,2020-12-14,7799,0.9793010946628229,False,True,0
2020-12-16,1990-01-03,2020-12-15,7800,0.9793582765401514,False,True,0
2020-12-17,1990-01-03,2020-12-16,7801,0.9793400207149041,False,True,0
2020-12-18,1990-01-03,2020-12-17,7802,0.9793421307466585,False,True,0
2020-12-21,1990-01-03,2020-12-18,7803,0.9793249097209901,False,True,0
2020-12-22,1990-01-03,2020-12-21,7804,0.9793110589273424,False,True,0
2020-12-23,1990-01-03,2020-12-22,7805,0.9792981944950424,False,True,0
2020-12-24,1990-01-03,2020-12-23,7806,0.9792864159976913,False,True,0
2020-12-28,1990-01-03,2020-12-24,7807,0.9792799199340407,False,True,0
2020-12-29,1990-01-03,2020-12-28,7808,0.9793115655347375,False,True,0
2020-12-30,1990-01-03,2020-12-29,7809,0.9792956798292848,False,True,0
2020-12-31,1990-01-03,2020-12-30,7810,0.9792831310016286,False,True,0
2021-01-04,1990-01-03,2020-12-31,7811,0.9792980972498333,False,True,0
2021-01-05,1990-01-03,2021-01-04,7812,0.97932858610039,False,True,0
2021-01-06,1990-01-03,2021-01-05,7813,0.9793331569979442,False,True,0
2021-01-07,1990-01-03,2021-01-06,7814,0.9793410956652951,False,True,0
2021-01-08,1990-01-03,2021-01-07,7815,0.9793299376563361,False,True,0
2021-01-11,1990-01-03,2021-01-08,7816,0.9793365411486488,False,True,0
2021-01-12,1990-01-03,2021-01-11,7817,0.9793278620797905,False,True,0
2021-01-13,1990-01-03,2021-01-12,7818,0.9793393769315517,False,True,0
2021-01-14,1990-01-03,2021-01-13,7819,0.9793468777464291,False,True,0
2021-01-15,1990-01-03,2021-01-14,7820,0.9793478802467287,False,True,0
2021-01-19,1990-01-03,2021-01-15,7821,0.9793322103760514,False,True,0
2021-01-20,1990-01-03,2021-01-19,7822,0.9793314738591096,False,True,0
2021-01-21,1990-01-03,2021-01-20,7823,0.9793100464624437,False,True,0
2021-01-22,1990-01-03,2021-01-21,7824,0.9793211104182993,False,True,0
2021-01-25,1990-01-03,2021-01-22,7825,0.9793216976421839,False,True,0
2021-01-26,1990-01-03,2021-01-25,7826,0.979330157648617,False,True,0
2021-01-27,1990-01-03,2021-01-26,7827,0.9793362644890404,False,True,0
2021-01-28,1990-01-03,2021-01-27,7828,0.9792919881854593,False,True,0
2021-01-29,1990-01-03,2021-01-28,7829,0.9792910546348538,False,True,0
2021-02-01,1990-01-03,2021-01-29,7830,0.9791937735365889,False,True,0
2021-02-02,1990-01-03,2021-02-01,7831,0.9791550362523338,False,True,0
2021-02-03,1990-01-03,2021-02-02,7832,0.9791411342831045,False,True,0
2021-02-04,1990-01-03,2021-02-03,7833,0.9791704313170878,False,True,0
2021-02-05,1990-01-03,2021-02-04,7834,0.9791658129984736,False,True,0
2021-02-08,1990-01-03,2021-02-05,7835,0.9791820530511535,False,True,0
2021-02-09,1990-01-03,2021-02-08,7836,0.9791880443868688,False,True,0
2021-02-10,1990-01-03,2021-02-09,7837,0.9791959051128113,False,True,0
2021-02-11,1990-01-03,2021-02-10,7838,0.9792011313822874,False,True,0
2021-02-12,1990-01-03,2021-02-11,7839,0.9792036532691092,False,True,0
2021-02-16,1990-01-03,2021-02-12,7840,0.9792059139795495,False,True,0
2021-02-17,1990-01-03,2021-02-16,7841,0.9792016268018018,False,True,0
2021-02-18,1990-01-03,2021-02-17,7842,0.979195104556758,False,True,0
2021-02-19,1990-01-03,2021-02-18,7843,0.9791855343670186,False,True,0
2021-02-22,1990-01-03,2021-02-19,7844,0.9791803673178641,False,True,0
2021-02-23,1990-01-03,2021-02-22,7845,0.9791709744261302,False,True,0
2021-02-24,1990-01-03,2021-02-23,7846,0.9791770494361582,False,True,0
2021-02-25,1990-01-03,2021-02-24,7847,0.9791860597592217,False,True,0
2021-02-26,1990-01-03,2021-02-25,7848,0.9791645147486792,False,True,0
2021-03-01,1990-01-03,2021-02-26,7849,0.979185024302821,False,True,0
2021-03-02,1990-01-03,2021-03-01,7850,0.9791182251981501,False,True,0
2021-03-03,1990-01-03,2021-03-02,7851,0.9791178801763831,False,True,0
2021-03-04,1990-01-03,2021-03-03,7852,0.9790889885938261,False,True,0
2021-03-05,1990-01-03,2021-03-04,7853,0.9790729637233614,False,True,0
2021-03-08,1990-01-03,2021-03-05,7854,0.9790400182169198,False,True,0
2021-03-09,1990-01-03,2021-03-08,7855,0.9790528148062017,False,True,0
2021-03-10,1990-01-03,2021-03-09,7856,0.9790540064018564,False,True,0
2021-03-11,1990-01-03,2021-03-10,7857,0.9790613501053723,False,True,0
2021-03-12,1990-01-03,2021-03-11,7858,0.9790635063113099,False,True,0
2021-03-15,1990-01-03,2021-03-12,7859,0.9790627459263792,False,True,0
2021-03-16,1990-01-03,2021-03-15,7860,0.9790615699421946,False,True,0
2021-03-17,1990-01-03,2021-03-16,7861,0.9790519511625411,False,True,0
2021-03-18,1990-01-03,2021-03-17,7862,0.979041119359037,False,True,0
2021-03-19,1990-01-03,2021-03-18,7863,0.9790460399948943,False,True,0
2021-03-22,1990-01-03,2021-03-19,7864,0.9790482041155729,False,True,0
2021-03-23,1990-01-03,2021-03-22,7865,0.9790570381648096,False,True,0
2021-03-24,1990-01-03,2021-03-23,7866,0.9790432204736383,False,True,0
2021-03-25,1990-01-03,2021-03-24,7867,0.9790394465546584,False,True,0
2021-03-26,1990-01-03,2021-03-25,7868,0.9790398654119649,False,True,0
2021-03-29,1990-01-03,2021-03-26,7869,0.9790717537670006,False,True,0
2021-03-30,1990-01-03,2021-03-29,7870,0.9790626822657896,False,True,0
2021-03-31,1990-01-03,2021-03-30,7871,0.979051502510766,False,True,0
2021-04-01,1990-01-03,2021-03-31,7872,0.9790426530497933,False,True,0
2021-04-05,1990-01-03,2021-04-01,7873,0.9790738740010452,False,True,0
2021-04-06,1990-01-03,2021-04-05,7874,0.9791297110371177,False,True,0
2021-04-07,1990-01-03,2021-04-06,7875,0.9791107844938484,False,True,0
2021-04-08,1990-01-03,2021-04-07,7876,0.9790926428726846,False,True,0
2021-04-09,1990-01-03,2021-04-08,7877,0.9790777818957196,False,True,0
2021-04-12,1990-01-03,2021-04-09,7878,0.9791032169797859,False,True,0
2021-04-13,1990-01-03,2021-04-12,7879,0.9790768954718959,False,True,0
2021-04-14,1990-01-03,2021-04-13,7880,0.9790615128646576,False,True,0
2021-04-15,1990-01-03,2021-04-14,7881,0.9790475204564744,False,True,0
2021-04-16,1990-01-03,2021-04-15,7882,0.9791021743770065,False,True,0
2021-04-19,1990-01-03,2021-04-16,7883,0.979093729375945,False,True,0
2021-04-20,1990-01-03,2021-04-19,7884,0.9790902213911875,False,True,0
2021-04-21,1990-01-03,2021-04-20,7885,0.9790860980077506,False,True,0
2021-04-22,1990-01-03,2021-04-21,7886,0.9790918121229505,False,True,0
2021-04-23,1990-01-03,2021-04-22,7887,0.9790828294439803,False,True,0
2021-04-26,1990-01-03,2021-04-23,7888,0.9790752871668569,False,True,0
2021-04-27,1990-01-03,2021-04-26,7889,0.979083325797211,False,True,0
2021-04-28,1990-01-03,2021-04-27,7890,0.9790881718712916,False,True,0
2021-04-29,1990-01-03,2021-04-28,7891,0.9790902123423328,False,True,0
2021-04-30,1990-01-03,2021-04-29,7892,0.979092848653056,False,True,0
2021-05-03,1990-01-03,2021-04-30,7893,0.9790873638272763,False,True,0
2021-05-04,1990-01-03,2021-05-03,7894,0.9790957659956752,False,True,0
2021-05-05,1990-01-03,2021-05-04,7895,0.9790859257590134,False,True,0
2021-05-06,1990-01-03,2021-05-05,7896,0.9791004559215783,False,True,0
2021-05-07,1990-01-03,2021-05-06,7897,0.979097691073534,False,True,0
2021-05-10,1990-01-03,2021-05-07,7898,0.9790979112541552,False,True,0
2021-05-11,1990-01-03,2021-05-10,7899,0.9790797151083656,False,True,0
2021-05-12,1990-01-03,2021-05-11,7900,0.979060771220404,False,True,0
2021-05-13,1990-01-03,2021-05-12,7901,0.9789762435835415,False,True,0
2021-05-14,1990-01-03,2021-05-13,7902,0.9789635191303102,False,True,0
2021-05-17,1990-01-03,2021-05-14,7903,0.9789314374623223,False,True,0
2021-05-18,1990-01-03,2021-05-17,7904,0.9789525408875465,False,True,0
2021-05-19,1990-01-03,2021-05-18,7905,0.9789482891984728,False,True,0
2021-05-20,1990-01-03,2021-05-19,7906,0.9789660076567462,False,True,0
2021-05-21,1990-01-03,2021-05-20,7907,0.9789643983656969,False,True,0
2021-05-24,1990-01-03,2021-05-21,7908,0.9789770480531055,False,True,0
2021-05-25,1990-01-03,2021-05-24,7909,0.9789755157517568,False,True,0
2021-05-26,1990-01-03,2021-05-25,7910,0.9789810595770501,False,True,0
2021-05-27,1990-01-03,2021-05-26,7911,0.9789829623802953,False,True,0
2021-05-28,1990-01-03,2021-05-27,7912,0.9789811512054867,False,True,0
2021-06-01,1990-01-03,2021-05-28,7913,0.9789755270867075,False,True,0
2021-06-02,1990-01-03,2021-06-01,7914,0.9789681157717592,False,True,0
2021-06-03,1990-01-03,2021-06-02,7915,0.9789577566419191,False,True,0
2021-06-04,1990-01-03,2021-06-03,7916,0.9789508335361551,False,True,0
2021-06-07,1990-01-03,2021-06-04,7917,0.9789646066233729,False,True,0
2021-06-08,1990-01-03,2021-06-07,7918,0.978954044610233,False,True,0
2021-06-09,1990-01-03,2021-06-08,7919,0.9789427363471985,False,True,0
2021-06-10,1990-01-03,2021-06-09,7920,0.9789284760830891,False,True,0
2021-06-11,1990-01-03,2021-06-10,7921,0.9789306105403696,False,True,0
2021-06-14,1990-01-03,2021-06-11,7922,0.978919174123879,False,True,0
2021-06-15,1990-01-03,2021-06-14,7923,0.9789075718004844,False,True,0
2021-06-16,1990-01-03,2021-06-15,7924,0.9788932396189008,False,True,0
2021-06-17,1990-01-03,2021-06-16,7925,0.9788869524406586,False,True,0
2021-06-18,1990-01-03,2021-06-17,7926,0.9788853517496224,False,True,0
2021-06-21,1990-01-03,2021-06-18,7927,0.9788693730594549,False,True,0
2021-06-22,1990-01-03,2021-06-21,7928,0.9788364300977831,False,True,0
2021-06-23,1990-01-03,2021-06-22,7929,0.978847715388448,False,True,0
2021-06-24,1990-01-03,2021-06-23,7930,0.9788594942965471,False,True,0
2021-06-25,1990-01-03,2021-06-24,7931,0.9788633244773178,False,True,0
2021-06-28,1990-01-03,2021-06-25,7932,0.9788733453403612,False,True,0
2021-06-29,1990-01-03,2021-06-28,7933,0.9788829795939944,False,True,0
2021-06-30,1990-01-03,2021-06-29,7934,0.9788892141111656,False,True,0
2021-07-01,1990-01-03,2021-06-30,7935,0.9788955883765538,False,True,0
2021-07-02,1990-01-03,2021-07-01,7936,0.9789016209407319,False,True,0
2021-07-06,1990-01-03,2021-07-02,7937,0.9789077907712334,False,True,0
2021-07-07,1990-01-03,2021-07-06,7938,0.9789035842057677,False,True,0
2021-07-08,1990-01-03,2021-07-07,7939,0.9789133495568402,False,True,0
2021-07-09,1990-01-03,2021-07-08,7940,0.9788891292156625,False,True,0
2021-07-12,1990-01-03,2021-07-09,7941,0.9788483896029425,False,True,0
2021-07-13,1990-01-03,2021-07-12,7942,0.9788638743573563,False,True,0
2021-07-14,1990-01-03,2021-07-13,7943,0.9788646577142327,False,True,0
2021-07-15,1990-01-03,2021-07-14,7944,0.9788849776129466,False,True,0
2021-07-16,1990-01-03,2021-07-15,7945,0.9788891925141942,False,True,0
2021-07-19,1990-01-03,2021-07-16,7946,0.9788595323165071,False,True,0
2021-07-20,1990-01-03,2021-07-19,7947,0.9787616196622503,False,True,0
2021-07-21,1990-01-03,2021-07-20,7948,0.9786870304663499,False,True,0
2021-07-22,1990-01-03,2021-07-21,7949,0.9786829055162569,False,True,0
2021-07-23,1990-01-03,2021-07-22,7950,0.9787137423447649,False,True,0
2021-07-26,1990-01-03,2021-07-23,7951,0.9786907825873912,False,True,0
2021-07-27,1990-01-03,2021-07-26,7952,0.9787144753372587,False,True,0
2021-07-28,1990-01-03,2021-07-27,7953,0.978716168645336,False,True,0
2021-07-29,1990-01-03,2021-07-28,7954,0.9787385342254197,False,True,0
2021-07-30,1990-01-03,2021-07-29,7955,0.9787524188167185,False,True,0
2021-08-02,1990-01-03,2021-07-30,7956,0.9787456522038845,False,True,0
2021-08-03,1990-01-03,2021-08-02,7957,0.9787606637671107,False,True,0
2021-08-04,1990-01-03,2021-08-03,7958,0.9787548446214046,False,True,0
2021-08-05,1990-01-03,2021-08-04,7959,0.9787544014575291,False,True,0
2021-08-06,1990-01-03,2021-08-05,7960,0.978759936270413,False,True,0
2021-08-09,1990-01-03,2021-08-06,7961,0.9787772697554353,False,True,0
2021-08-10,1990-01-03,2021-08-09,7962,0.9787878997461076,False,True,0
2021-08-11,1990-01-03,2021-08-10,7963,0.9788004683519003,False,True,0
2021-08-12,1990-01-03,2021-08-11,7964,0.9788102848022677,False,True,0
2021-08-13,1990-01-03,2021-08-12,7965,0.9788144531054654,False,True,0
2021-08-16,1990-01-03,2021-08-13,7966,0.9788219482815179,False,True,0
2021-08-17,1990-01-03,2021-08-16,7967,0.9788317637267977,False,True,0
2021-08-18,1990-01-03,2021-08-17,7968,0.9788133377171221,False,True,0
2021-08-19,1990-01-03,2021-08-18,7969,0.9787631040427698,False,True,0
2021-08-20,1990-01-03,2021-08-19,7970,0.9787946869563721,False,True,0
2021-08-23,1990-01-03,2021-08-20,7971,0.9787798291400475,False,True,0
2021-08-24,1990-01-03,2021-08-23,7972,0.978764603535824,False,True,0
2021-08-25,1990-01-03,2021-08-24,7973,0.9787876693687364,False,True,0
2021-08-26,1990-01-03,2021-08-25,7974,0.9788051068621751,False,True,0
2021-08-27,1990-01-03,2021-08-26,7975,0.9787911710094165,False,True,0
2021-08-30,1990-01-03,2021-08-27,7976,0.978770723025988,False,True,0
2021-08-31,1990-01-03,2021-08-30,7977,0.9787801611303656,False,True,0
2021-09-01,1990-01-03,2021-08-31,7978,0.9787923509638747,False,True,0
2021-09-02,1990-01-03,2021-09-01,7979,0.9788137118659835,False,True,0
2021-09-03,1990-01-03,2021-09-02,7980,0.9788295125591175,False,True,0
2021-09-07,1990-01-03,2021-09-03,7981,0.978844290349968,False,True,0
2021-09-08,1990-01-03,2021-09-07,7982,0.9788371360073561,False,True,0
2021-09-09,1990-01-03,2021-09-08,7983,0.9788548048485254,False,True,0
2021-09-10,1990-01-03,2021-09-09,7984,0.9788470482762761,False,True,0
2021-09-13,1990-01-03,2021-09-10,7985,0.9788112017574121,False,True,0
2021-09-14,1990-01-03,2021-09-13,7986,0.9788409372590071,False,True,0
2021-09-15,1990-01-03,2021-09-14,7987,0.9788323723898762,False,True,0
2021-09-16,1990-01-03,2021-09-15,7988,0.9788122520271666,False,True,0
2021-09-17,1990-01-03,2021-09-16,7989,0.9788337984933165,False,True,0
2021-09-20,1990-01-03,2021-09-17,7990,0.978796097889533,False,True,0
2021-09-21,1990-01-03,2021-09-20,7991,0.9786956620683251,False,True,0
2021-09-22,1990-01-03,2021-09-21,7992,0.97873591775083,False,True,0
2021-09-23,1990-01-03,2021-09-22,7993,0.9787302957804858,False,True,0
2021-09-24,1990-01-03,2021-09-23,7994,0.978702039143432,False,True,0
2021-09-27,1990-01-03,2021-09-24,7995,0.9787280531127557,False,True,0
2021-09-28,1990-01-03,2021-09-27,7996,0.9787425455701931,False,True,0
2021-09-29,1990-01-03,2021-09-28,7997,0.9786580593814608,False,True,0
2021-09-30,1990-01-03,2021-09-29,7998,0.9786953373968348,False,True,0
2021-10-01,1990-01-03,2021-09-30,7999,0.9786705720290028,False,True,0
2021-10-04,1990-01-03,2021-10-01,8000,0.9786645396819822,False,True,0
2021-10-05,1990-01-03,2021-10-04,8001,0.978640893596895,False,True,0
2021-10-06,1990-01-03,2021-10-05,8002,0.9786434001001462,False,True,0
2021-10-07,1990-01-03,2021-10-06,8003,0.9786632650467489,False,True,0
2021-10-08,1990-01-03,2021-10-07,8004,0.9786692777157352,False,True,0
2021-10-11,1990-01-03,2021-10-08,8005,0.9786777508767353,False,True,0
2021-10-12,1990-01-03,2021-10-11,8006,0.9786752352701131,False,True,0
2021-10-13,1990-01-03,2021-10-12,8007,0.9786826499097457,False,True,0
2021-10-14,1990-01-03,2021-10-13,8008,0.9786877655866156,False,True,0
2021-10-15,1990-01-03,2021-10-14,8009,0.9787088166921559,False,True,0
2021-10-18,1990-01-03,2021-10-15,8010,0.9787114450228273,False,True,0
2021-10-19,1990-01-03,2021-10-18,8011,0.9787066728225633,False,True,0
2021-10-20,1990-01-03,2021-10-19,8012,0.9787115642470258,False,True,0
2021-10-21,1990-01-03,2021-10-20,8013,0.9787044907326939,False,True,0
2021-10-22,1990-01-03,2021-10-21,8014,0.9786924567219779,False,True,0
2021-10-25,1990-01-03,2021-10-22,8015,0.9786748750495777,False,True,0
2021-10-26,1990-01-03,2021-10-25,8016,0.9786698452944952,False,True,0
2021-10-27,1990-01-03,2021-10-26,8017,0.9786502104313861,False,True,0
2021-10-28,1990-01-03,2021-10-27,8018,0.9786437814440659,False,True,0
2021-10-29,1990-01-03,2021-10-28,8019,0.9786721172388726,False,True,0
2021-11-01,1990-01-03,2021-10-29,8020,0.9786613515439708,False,True,0
2021-11-02,1990-01-03,2021-11-01,8021,0.9786475635551285,False,True,0
2021-11-03,1990-01-03,2021-11-02,8022,0.9786427117733878,False,True,0
2021-11-04,1990-01-03,2021-11-03,8023,0.9786602549796846,False,True,0
2021-11-05,1990-01-03,2021-11-04,8024,0.9786678891931109,False,True,0
2021-11-08,1990-01-03,2021-11-05,8025,0.9786687748544927,False,True,0
2021-11-09,1990-01-03,2021-11-08,8026,0.978653858790813,False,True,0
2021-11-10,1990-01-03,2021-11-09,8027,0.9786396059733954,False,True,0
2021-11-11,1990-01-03,2021-11-10,8028,0.9786322280410799,False,True,0
2021-11-12,1990-01-03,2021-11-11,8029,0.9786430122151685,False,True,0
2021-11-15,1990-01-03,2021-11-12,8030,0.9786410840773607,False,True,0
2021-11-16,1990-01-03,2021-11-15,8031,0.9786505505191533,False,True,0
2021-11-17,1990-01-03,2021-11-16,8032,0.9786613769760618,False,True,0
2021-11-18,1990-01-03,2021-11-17,8033,0.9786561574206794,False,True,0
2021-11-19,1990-01-03,2021-11-18,8034,0.9786694287301186,False,True,0
2021-11-22,1990-01-03,2021-11-19,8035,0.9786725663064436,False,True,0
2021-11-23,1990-01-03,2021-11-22,8036,0.9786654018616546,False,True,0
2021-11-24,1990-01-03,2021-11-23,8037,0.9786810324680266,False,True,0
2021-11-26,1990-01-03,2021-11-24,8038,0.9786979075528157,False,True,0
2021-11-29,1990-01-03,2021-11-26,8039,0.9786275178748085,False,True,0
2021-11-30,1990-01-03,2021-11-29,8040,0.9785573802443805,False,True,0
2021-12-01,1990-01-03,2021-11-30,8041,0.9784264549314798,False,True,0
2021-12-02,1990-01-03,2021-12-01,8042,0.9784028971379386,False,True,0
2021-12-03,1990-01-03,2021-12-02,8043,0.9783743941336944,False,True,0
2021-12-06,1990-01-03,2021-12-03,8044,0.9783806186399672,False,True,0
2021-12-07,1990-01-03,2021-12-06,8045,0.978375099900997,False,True,0
2021-12-08,1990-01-03,2021-12-07,8046,0.9783146283217183,False,True,0
2021-12-09,1990-01-03,2021-12-08,8047,0.9783382147178384,False,True,0
2021-12-10,1990-01-03,2021-12-09,8048,0.9783394874858778,False,True,0
2021-12-13,1990-01-03,2021-12-10,8049,0.9783417089752551,False,True,0
2021-12-14,1990-01-03,2021-12-13,8050,0.978334958174279,False,True,0
2021-12-15,1990-01-03,2021-12-14,8051,0.9783361308585296,False,True,0
2021-12-16,1990-01-03,2021-12-15,8052,0.9783206037985501,False,True,0
2021-12-17,1990-01-03,2021-12-16,8053,0.9783163557457247,False,True,0
2021-12-20,1990-01-03,2021-12-17,8054,0.9783105359836225,False,True,0
2021-12-21,1990-01-03,2021-12-20,8055,0.9783039516291768,False,True,0
2021-12-22,1990-01-03,2021-12-21,8056,0.9782896765066528,False,True,0
2021-12-23,1990-01-03,2021-12-22,8057,0.9782925616069977,False,True,0
2021-12-27,1990-01-03,2021-12-23,8058,0.9782950609463877,False,True,0
2021-12-28,1990-01-03,2021-12-27,8059,0.9783041619352859,False,True,0
2021-12-29,1990-01-03,2021-12-28,8060,0.9782969808928759,False,True,0
2021-12-30,1990-01-03,2021-12-29,8061,0.9782859172683235,False,True,0
2021-12-31,1990-01-03,2021-12-30,8062,0.9782723148063321,False,True,0
2022-01-03,1990-01-03,2021-12-31,8063,0.9782582313521178,False,True,0
2022-01-04,1990-01-03,2022-01-03,8064,0.978254861213617,False,True,0
2022-01-05,1990-01-03,2022-01-04,8065,0.9782351949421361,False,True,0
2022-01-06,1990-01-03,2022-01-05,8066,0.9782820164297245,False,True,0
2022-01-07,1990-01-03,2022-01-06,8067,0.9782894705293766,False,True,0
2022-01-10,1990-01-03,2022-01-07,8068,0.9782895032138732,False,True,0
2022-01-11,1990-01-03,2022-01-10,8069,0.9782903529586527,False,True,0
2022-01-12,1990-01-03,2022-01-11,8070,0.9782940641669945,False,True,0
2022-01-13,1990-01-03,2022-01-12,8071,0.978288488103007,False,True,0
2022-01-14,1990-01-03,2022-01-13,8072,0.9782920208322147,False,True,0
2022-01-18,1990-01-03,2022-01-14,8073,0.9782970431845766,False,True,0
2022-01-19,1990-01-03,2022-01-18,8074,0.9782785120636779,False,True,0
2022-01-20,1990-01-03,2022-01-19,8075,0.9782763216280155,False,True,0
2022-01-21,1990-01-03,2022-01-20,8076,0.9782684927353629,False,True,0
2022-01-24,1990-01-03,2022-01-21,8077,0.9782491739564892,False,True,0
2022-01-25,1990-01-03,2022-01-24,8078,0.9782676130388167,False,True,0
2022-01-26,1990-01-03,2022-01-25,8079,0.9782686648148194,False,True,0
2022-01-27,1990-01-03,2022-01-26,8080,0.9782784698900172,False,True,0
2022-01-28,1990-01-03,2022-01-27,8081,0.9782819300177646,False,True,0
2022-01-31,1990-01-03,2022-01-28,8082,0.9782860251970296,False,True,0
2022-02-01,1990-01-03,2022-01-31,8083,0.978303088188796,False,True,0
2022-02-02,1990-01-03,2022-02-01,8084,0.9782955972477154,False,True,0
2022-02-03,1990-01-03,2022-02-02,8085,0.9783012985182865,False,True,0
2022-02-04,1990-01-03,2022-02-03,8086,0.9783327111732372,False,True,0
2022-02-07,1990-01-03,2022-02-04,8087,0.978334047479046,False,True,0
2022-02-08,1990-01-03,2022-02-07,8088,0.9783314580576632,False,True,0
2022-02-09,1990-01-03,2022-02-08,8089,0.978326853814155,False,True,0
2022-02-10,1990-01-03,2022-02-09,8090,0.9783464785823717,False,True,0
2022-02-11,1990-01-03,2022-02-10,8091,0.9783570473102614,False,True,0
2022-02-14,1990-01-03,2022-02-11,8092,0.9783599612094687,False,True,0
2022-02-15,1990-01-03,2022-02-14,8093,0.9783630751876767,False,True,0
2022-02-16,1990-01-03,2022-02-15,8094,0.9783634158450449,False,True,0
2022-02-17,1990-01-03,2022-02-16,8095,0.9783558429209026,False,True,0
2022-02-18,1990-01-03,2022-02-17,8096,0.9783706870140315,False,True,0
2022-02-22,1990-01-03,2022-02-18,8097,0.9783701671926985,False,True,0
2022-02-23,1990-01-03,2022-02-22,8098,0.9783676939696813,False,True,0
2022-02-24,1990-01-03,2022-02-23,8099,0.9783647745919872,False,True,0
2022-02-25,1990-01-03,2022-02-24,8100,0.978364867108269,False,True,0
2022-02-28,1990-01-03,2022-02-25,8101,0.9783760183657791,False,True,0
2022-03-01,1990-01-03,2022-02-28,8102,0.978364095452211,False,True,0
2022-03-02,1990-01-03,2022-03-01,8103,0.9783657478178723,False,True,0
2022-03-03,1990-01-03,2022-03-02,8104,0.9783765287882435,False,True,0
2022-03-04,1990-01-03,2022-03-03,8105,0.9783619548816439,False,True,0
2022-03-07,1990-01-03,2022-03-04,8106,0.9783489935856947,False,True,0
2022-03-08,1990-01-03,2022-03-07,8107,0.9783839174399646,False,True,0
2022-03-09,1990-01-03,2022-03-08,8108,0.9783836358703311,False,True,0
2022-03-10,1990-01-03,2022-03-09,8109,0.978393463246192,False,True,0
2022-03-11,1990-01-03,2022-03-10,8110,0.9783831685793289,False,True,0
2022-03-14,1990-01-03,2022-03-11,8111,0.9783788638444572,False,True,0
2022-03-15,1990-01-03,2022-03-14,8112,0.9783682431867149,False,True,0
2022-03-16,1990-01-03,2022-03-15,8113,0.9783876161923689,False,True,0
2022-03-17,1990-01-03,2022-03-16,8114,0.9784225767687246,False,True,0
2022-03-18,1990-01-03,2022-03-17,8115,0.9784188398158774,False,True,0
2022-03-21,1990-01-03,2022-03-18,8116,0.9784142827688896,False,True,0
2022-03-22,1990-01-03,2022-03-21,8117,0.9783753751259938,False,True,0
2022-03-23,1990-01-03,2022-03-22,8118,0.9783759468645129,False,True,0
2022-03-24,1990-01-03,2022-03-23,8119,0.9783899649117742,False,True,0
2022-03-25,1990-01-03,2022-03-24,8120,0.978412920808874,False,True,0
2022-03-28,1990-01-03,2022-03-25,8121,0.9783773154455934,False,True,0
2022-03-29,1990-01-03,2022-03-28,8122,0.9783528756694287,False,True,0
2022-03-30,1990-01-03,2022-03-29,8123,0.9783979873299892,False,True,0
2022-03-31,1990-01-03,2022-03-30,8124,0.9783726913755554,False,True,0
2022-04-01,1990-01-03,2022-03-31,8125,0.9784169966965892,False,True,0
2022-04-04,1990-01-03,2022-04-01,8126,0.9783937174835402,False,True,0
2022-04-05,1990-01-03,2022-04-04,8127,0.9783818608793525,False,True,0
2022-04-06,1990-01-03,2022-04-05,8128,0.9783981928532797,False,True,0
2022-04-07,1990-01-03,2022-04-06,8129,0.9783920935695731,False,True,0
2022-04-08,1990-01-03,2022-04-07,8130,0.9783789262910996,False,True,0
2022-04-11,1990-01-03,2022-04-08,8131,0.9783608201283841,False,True,0
2022-04-12,1990-01-03,2022-04-11,8132,0.9783780220037331,False,True,0
2022-04-13,1990-01-03,2022-04-12,8133,0.9783714165953212,False,True,0
2022-04-14,1990-01-03,2022-04-13,8134,0.9783722280921197,False,True,0
2022-04-18,1990-01-03,2022-04-14,8135,0.9783710156377702,False,True,0
2022-04-19,1990-01-03,2022-04-18,8136,0.9783617780833918,False,True,0
2022-04-20,1990-01-03,2022-04-19,8137,0.978383524877069,False,True,0
2022-04-21,1990-01-03,2022-04-20,8138,0.9783631085608983,False,True,0
2022-04-22,1990-01-03,2022-04-21,8139,0.9783772308364898,False,True,0
2022-04-25,1990-01-03,2022-04-22,8140,0.9783955746748497,False,True,0
2022-04-26,1990-01-03,2022-04-25,8141,0.9784042733602692,False,True,0
2022-04-27,1990-01-03,2022-04-26,8142,0.9783929588563335,False,True,0
2022-04-28,1990-01-03,2022-04-27,8143,0.9784070060348306,False,True,0
2022-04-29,1990-01-03,2022-04-28,8144,0.9784041620710016,False,True,0
2022-05-02,1990-01-03,2022-04-29,8145,0.9784030807473764,False,True,0
2022-05-03,1990-01-03,2022-05-02,8146,0.9784163358173734,False,True,0
2022-05-04,1990-01-03,2022-05-03,8147,0.9784217198718917,False,True,0
2022-05-05,1990-01-03,2022-05-04,8148,0.9784350755651157,False,True,0
2022-05-06,1990-01-03,2022-05-05,8149,0.9784534238557164,False,True,0
2022-05-09,1990-01-03,2022-05-06,8150,0.97846032991779,False,True,0
2022-05-10,1990-01-03,2022-05-09,8151,0.9784548527444696,False,True,0
2022-05-11,1990-01-03,2022-05-10,8152,0.9784629353016296,False,True,0
2022-05-12,1990-01-03,2022-05-11,8153,0.9784614698239616,False,True,0
2022-05-13,1990-01-03,2022-05-12,8154,0.9784587801057429,False,True,0
2022-05-16,1990-01-03,2022-05-13,8155,0.9784670292470532,False,True,0
2022-05-17,1990-01-03,2022-05-16,8156,0.9784482561343903,False,True,0
2022-05-18,1990-01-03,2022-05-17,8157,0.9784618375553007,False,True,0
2022-05-19,1990-01-03,2022-05-18,8158,0.9785449059991103,False,True,0
2022-05-20,1990-01-03,2022-05-19,8159,0.978541151799497,False,True,0
2022-05-23,1990-01-03,2022-05-20,8160,0.9785288252565167,False,True,0
2022-05-24,1990-01-03,2022-05-23,8161,0.9785301832796084,False,True,0
2022-05-25,1990-01-03,2022-05-24,8162,0.9785099313767145,False,True,0
2022-05-26,1990-01-03,2022-05-25,8163,0.9784867135171821,False,True,0
2022-05-27,1990-01-03,2022-05-26,8164,0.9785134825801861,False,True,0
2022-05-31,1990-01-03,2022-05-27,8165,0.9785923598561785,False,True,0
2022-06-01,1990-01-03,2022-05-31,8166,0.9785568999303247,False,True,0
2022-06-02,1990-01-03,2022-06-01,8167,0.9785260724997885,False,True,0
2022-06-03,1990-01-03,2022-06-02,8168,0.9785682805801058,False,True,0
2022-06-06,1990-01-03,2022-06-03,8169,0.9785891612258889,False,True,0
2022-06-07,1990-01-03,2022-06-06,8170,0.9785517478051724,False,True,0
2022-06-08,1990-01-03,2022-06-07,8171,0.9785302539889713,False,True,0
2022-06-09,1990-01-03,2022-06-08,8172,0.9785192973855337,False,True,0
2022-06-10,1990-01-03,2022-06-09,8173,0.9785722290468548,False,True,0
2022-06-13,1990-01-03,2022-06-10,8174,0.978597984451152,False,True,0
2022-06-14,1990-01-03,2022-06-13,8175,0.9785984630025227,False,True,0
2022-06-15,1990-01-03,2022-06-14,8176,0.9786054656352844,False,True,0
2022-06-16,1990-01-03,2022-06-15,8177,0.9786045176359731,False,True,0
2022-06-17,1990-01-03,2022-06-16,8178,0.9786120292664062,False,True,0
2022-06-21,1990-01-03,2022-06-17,8179,0.9786111071477084,False,True,0
2022-06-22,1990-01-03,2022-06-21,8180,0.9786157359700471,False,True,0
2022-06-23,1990-01-03,2022-06-22,8181,0.9785967232318041,False,True,0
2022-06-24,1990-01-03,2022-06-23,8182,0.9785744735520736,False,True,0
2022-06-27,1990-01-03,2022-06-24,8183,0.9786502732973898,False,True,0
2022-06-28,1990-01-03,2022-06-27,8184,0.9786114548152824,False,True,0
2022-06-29,1990-01-03,2022-06-28,8185,0.9786355288174063,False,True,0
2022-06-30,1990-01-03,2022-06-29,8186,0.9786037544093226,False,True,0
2022-07-01,1990-01-03,2022-06-30,8187,0.978579824141694,False,True,0
2022-07-05,1990-01-03,2022-07-01,8188,0.9785577066978657,False,True,0
2022-07-06,1990-01-03,2022-07-05,8189,0.9785124465392053,False,True,0
2022-07-07,1990-01-03,2022-07-06,8190,0.97846191846329,False,True,0
2022-07-08,1990-01-03,2022-07-07,8191,0.9784895612307615,False,True,0
2022-07-11,1990-01-03,2022-07-08,8192,0.9784292890813325,False,True,0
2022-07-12,1990-01-03,2022-07-11,8193,0.9784304332766178,False,True,0
2022-07-13,1990-01-03,2022-07-12,8194,0.9784115196836002,False,True,0
2022-07-14,1990-01-03,2022-07-13,8195,0.9783756102799638,False,True,0
2022-07-15,1990-01-03,2022-07-14,8196,0.9783361134733068,False,True,0
2022-07-18,1990-01-03,2022-07-15,8197,0.9784123820764488,False,True,0
2022-07-19,1990-01-03,2022-07-18,8198,0.9783922698239913,False,True,0
2022-07-20,1990-01-03,2022-07-19,8199,0.9785510803141072,False,True,0
2022-07-21,1990-01-03,2022-07-20,8200,0.9785147829263596,False,True,0
2022-07-22,1990-01-03,2022-07-21,8201,0.9785143520343195,False,True,0
2022-07-25,1990-01-03,2022-07-22,8202,0.9785085138042944,False,True,0
2022-07-26,1990-01-03,2022-07-25,8203,0.9784643140071915,False,True,0
2022-07-27,1990-01-03,2022-07-26,8204,0.9784753601645554,False,True,0
2022-07-28,1990-01-03,2022-07-27,8205,0.9786035900388554,False,True,0
2022-07-29,1990-01-03,2022-07-28,8206,0.9786255586823643,False,True,0
2022-08-01,1990-01-03,2022-07-29,8207,0.9786808642833775,False,True,0
2022-08-02,1990-01-03,2022-08-01,8208,0.9786424984479968,False,True,0
2022-08-03,1990-01-03,2022-08-02,8209,0.9786234238778906,False,True,0
2022-08-04,1990-01-03,2022-08-03,8210,0.9786932820564188,False,True,0
2022-08-05,1990-01-03,2022-08-04,8211,0.978654462114778,False,True,0
2022-08-08,1990-01-03,2022-08-05,8212,0.9786147645554286,False,True,0
2022-08-09,1990-01-03,2022-08-08,8213,0.9785738930678545,False,True,0
2022-08-10,1990-01-03,2022-08-09,8214,0.9785447339099104,False,True,0
2022-08-11,1990-01-03,2022-08-10,8215,0.9787093814571097,False,True,0
2022-08-12,1990-01-03,2022-08-11,8216,0.9786693537617656,False,True,0
2022-08-15,1990-01-03,2022-08-12,8217,0.9788278029995606,False,True,0
2022-08-16,1990-01-03,2022-08-15,8218,0.9787972759254258,False,True,0
2022-08-17,1990-01-03,2022-08-16,8219,0.97875310109872,False,True,0
2022-08-18,1990-01-03,2022-08-17,8220,0.9787498664862416,False,True,0
2022-08-19,1990-01-03,2022-08-18,8221,0.9787205025772621,False,True,0
2022-08-22,1990-01-03,2022-08-19,8222,0.9787639903324657,False,True,0
2022-08-23,1990-01-03,2022-08-22,8223,0.9787779132451043,False,True,0
2022-08-24,1990-01-03,2022-08-23,8224,0.9787903888049083,False,True,0
2022-08-25,1990-01-03,2022-08-24,8225,0.9788000243136092,False,True,0
2022-08-26,1990-01-03,2022-08-25,8226,0.9788016688613973,False,True,0
2022-08-29,1990-01-03,2022-08-26,8227,0.9787944789968308,False,True,0
2022-08-30,1990-01-03,2022-08-29,8228,0.9788132964786723,False,True,0
2022-08-31,1990-01-03,2022-08-30,8229,0.9788181255868967,False,True,0
2022-09-01,1990-01-03,2022-08-31,8230,0.9788299125293294,False,True,0
2022-09-02,1990-01-03,2022-09-01,8231,0.9788467234494951,False,True,0
2022-09-06,1990-01-03,2022-09-02,8232,0.9788463212574794,False,True,0
2022-09-07,1990-01-03,2022-09-06,8233,0.9788542825413782,False,True,0
2022-09-08,1990-01-03,2022-09-07,8234,0.9788543342875222,False,True,0
2022-09-09,1990-01-03,2022-09-08,8235,0.978851953183365,False,True,0
2022-09-12,1990-01-03,2022-09-09,8236,0.9788616915753751,False,True,0
2022-09-13,1990-01-03,2022-09-12,8237,0.978862287275495,False,True,0
2022-09-14,1990-01-03,2022-09-13,8238,0.978944330335388,False,True,0
2022-09-15,1990-01-03,2022-09-14,8239,0.9789681505138723,False,True,0
2022-09-16,1990-01-03,2022-09-15,8240,0.9789733061235266,False,True,0
2022-09-19,1990-01-03,2022-09-16,8241,0.9789814356703096,False,True,0
2022-09-20,1990-01-03,2022-09-19,8242,0.9789875393266367,False,True,0
2022-09-21,1990-01-03,2022-09-20,8243,0.9789861057589974,False,True,0
2022-09-22,1990-01-03,2022-09-21,8244,0.9789826674719083,False,True,0
2022-09-23,1990-01-03,2022-09-22,8245,0.9789840256190225,False,True,0
2022-09-26,1990-01-03,2022-09-23,8246,0.9789813590667591,False,True,0
2022-09-27,1990-01-03,2022-09-26,8247,0.9789813036786779,False,True,0
2022-09-28,1990-01-03,2022-09-27,8248,0.97898013861928,False,True,0
2022-09-29,1990-01-03,2022-09-28,8249,0.9789855612384573,False,True,0
2022-09-30,1990-01-03,2022-09-29,8250,0.9789920501653732,False,True,0
2022-10-03,1990-01-03,2022-09-30,8251,0.9789890609184219,False,True,0
2022-10-04,1990-01-03,2022-10-03,8252,0.9789997010416007,False,True,0
2022-10-05,1990-01-03,2022-10-04,8253,0.9790362089143843,False,True,0
2022-10-06,1990-01-03,2022-10-05,8254,0.9790148420403347,False,True,0
2022-10-07,1990-01-03,2022-10-06,8255,0.9790018204746987,False,True,0
2022-10-10,1990-01-03,2022-10-07,8256,0.979034598173162,False,True,0
2022-10-11,1990-01-03,2022-10-10,8257,0.9790275561305293,False,True,0
2022-10-12,1990-01-03,2022-10-11,8258,0.9790176650955358,False,True,0
2022-10-13,1990-01-03,2022-10-12,8259,0.9790017226129802,False,True,0
2022-10-14,1990-01-03,2022-10-13,8260,0.9790382835935735,False,True,0
2022-10-17,1990-01-03,2022-10-14,8261,0.979062440300136,False,True,0
2022-10-18,1990-01-03,2022-10-17,8262,0.9790863427641255,False,True,0
2022-10-19,1990-01-03,2022-10-18,8263,0.9790733469699513,False,True,0
2022-10-20,1990-01-03,2022-10-19,8264,0.9790507433569829,False,True,0
2022-10-21,1990-01-03,2022-10-20,8265,0.979030315116806,False,True,0
2022-10-24,1990-01-03,2022-10-21,8266,0.9790790093681626,False,True,0
2022-10-25,1990-01-03,2022-10-24,8267,0.9790690558473342,False,True,0
2022-10-26,1990-01-03,2022-10-25,8268,0.9790970190604187,False,True,0
2022-10-27,1990-01-03,2022-10-26,8269,0.9790692384138732,False,True,0
2022-10-28,1990-01-03,2022-10-27,8270,0.9790382824381251,False,True,0
2022-10-31,1990-01-03,2022-10-28,8271,0.9791458305869434,False,True,0
2022-11-01,1990-01-03,2022-10-31,8272,0.9791202724135404,False,True,0
2022-11-02,1990-01-03,2022-11-01,8273,0.9790850879316811,False,True,0
2022-11-03,1990-01-03,2022-11-02,8274,0.9791624959428246,False,True,0
2022-11-04,1990-01-03,2022-11-03,8275,0.9791545277933221,False,True,0
2022-11-07,1990-01-03,2022-11-04,8276,0.9791527037456105,False,True,0
2022-11-08,1990-01-03,2022-11-07,8277,0.9791405721371826,False,True,0
2022-11-09,1990-01-03,2022-11-08,8278,0.9791155112071186,False,True,0
2022-11-10,1990-01-03,2022-11-09,8279,0.9791513157449736,False,True,0
2022-11-11,1990-01-03,2022-11-10,8280,0.979272550018765,False,True,0
2022-11-14,1990-01-03,2022-11-11,8281,0.9792599329001572,False,True,0
2022-11-15,1990-01-03,2022-11-14,8282,0.979246277646868,False,True,0
2022-11-16,1990-01-03,2022-11-15,8283,0.9792310211121709,False,True,0
2022-11-17,1990-01-03,2022-11-16,8284,0.9792161855660007,False,True,0
2022-11-18,1990-01-03,2022-11-17,8285,0.9791914778874811,False,True,0
2022-11-21,1990-01-03,2022-11-18,8286,0.979164407490825,False,True,0
2022-11-22,1990-01-03,2022-11-21,8287,0.9791346575148128,False,True,0
2022-11-23,1990-01-03,2022-11-22,8288,0.9791570095609016,False,True,0
2022-11-25,1990-01-03,2022-11-23,8289,0.9791293215743192,False,True,0
2022-11-28,1990-01-03,2022-11-25,8290,0.979086159101917,False,True,0
2022-11-29,1990-01-03,2022-11-28,8291,0.9791334066596257,False,True,0
2022-11-30,1990-01-03,2022-11-29,8292,0.9791081491022903,False,True,0
2022-12-01,1990-01-03,2022-11-30,8293,0.97925003894911,False,True,0
2022-12-02,1990-01-03,2022-12-01,8294,0.9792199085963088,False,True,0
2022-12-05,1990-01-03,2022-12-02,8295,0.9791858767192723,False,True,0
2022-12-06,1990-01-03,2022-12-05,8296,0.9792426134636895,False,True,0
2022-12-07,1990-01-03,2022-12-06,8297,0.9792453409708599,False,True,0
2022-12-08,1990-01-03,2022-12-07,8298,0.9792393206238715,False,True,0
2022-12-09,1990-01-03,2022-12-08,8299,0.9792329269667962,False,True,0
2022-12-12,1990-01-03,2022-12-09,8300,0.9792233473554006,False,True,0
2022-12-13,1990-01-03,2022-12-12,8301,0.9792359516629463,False,True,0
2022-12-14,1990-01-03,2022-12-13,8302,0.9792266420000132,False,True,0
2022-12-15,1990-01-03,2022-12-14,8303,0.9792117974147494,False,True,0
2022-12-16,1990-01-03,2022-12-15,8304,0.9792538449693122,False,True,0
2022-12-19,1990-01-03,2022-12-16,8305,0.979251892448958,False,True,0
2022-12-20,1990-01-03,2022-12-19,8306,0.9792521214680411,False,True,0
2022-12-21,1990-01-03,2022-12-20,8307,0.9792548911596827,False,True,0
2022-12-22,1990-01-03,2022-12-21,8308,0.9792581687367197,False,True,0
2022-12-23,1990-01-03,2022-12-22,8309,0.9792569938266783,False,True,0
2022-12-27,1990-01-03,2022-12-23,8310,0.9792531917897334,False,True,0
2022-12-28,1990-01-03,2022-12-27,8311,0.9792441036284456,False,True,0
2022-12-29,1990-01-03,2022-12-28,8312,0.9792412247811205,False,True,0
2022-12-30,1990-01-03,2022-12-29,8313,0.9792514933458994,False,True,0
2023-01-03,1990-01-03,2022-12-30,8314,0.9792386885039842,False,True,0
2023-01-04,1990-01-03,2023-01-03,8315,0.9792235658509925,False,True,0
2023-01-05,1990-01-03,2023-01-04,8316,0.9792119853516064,False,True,0
2023-01-06,1990-01-03,2023-01-05,8317,0.9792111219811918,False,True,0
2023-01-09,1990-01-03,2023-01-06,8318,0.9792590045356091,False,True,0
2023-01-10,1990-01-03,2023-01-09,8319,0.9792381596100699,False,True,0
2023-01-11,1990-01-03,2023-01-10,8320,0.9792237296876878,False,True,0
2023-01-12,1990-01-03,2023-01-11,8321,0.979249932010562,False,True,0
2023-01-13,1990-01-03,2023-01-12,8322,0.9792185763106368,False,True,0
2023-01-17,1990-01-03,2023-01-13,8323,0.9791880991238524,False,True,0
2023-01-18,1990-01-03,2023-01-17,8324,0.9791516821188949,False,True,0
2023-01-19,1990-01-03,2023-01-18,8325,0.9792062994634579,False,True,0
2023-01-20,1990-01-03,2023-01-19,8326,0.9791979765678063,False,True,0
2023-01-23,1990-01-03,2023-01-20,8327,0.9792332183200149,False,True,0
2023-01-24,1990-01-03,2023-01-23,8328,0.9792463824650303,False,True,0
2023-01-25,1990-01-03,2023-01-24,8329,0.9792259362783633,False,True,0
2023-01-26,1990-01-03,2023-01-25,8330,0.9792021550223993,False,True,0
2023-01-27,1990-01-03,2023-01-26,8331,0.9792299776596352,False,True,0
2023-01-30,1990-01-03,2023-01-27,8332,0.9792010400985584,False,True,0
2023-01-31,1990-01-03,2023-01-30,8333,0.9792339728244757,False,True,0
2023-02-01,1990-01-03,2023-01-31,8334,0.9792641593572996,False,True,0
2023-02-02,1990-01-03,2023-02-01,8335,0.9792753901407596,False,True,0
2023-02-03,1990-01-03,2023-02-02,8336,0.9793299474919812,False,True,0
2023-02-06,1990-01-03,2023-02-03,8337,0.9793303025099428,False,True,0
2023-02-07,1990-01-03,2023-02-06,8338,0.9793253673930472,False,True,0
2023-02-08,1990-01-03,2023-02-07,8339,0.979342986500604,False,True,0
2023-02-09,1990-01-03,2023-02-08,8340,0.9793370205316978,False,True,0
2023-02-10,1990-01-03,2023-02-09,8341,0.9793347330332867,False,True,0
2023-02-13,1990-01-03,2023-02-10,8342,0.9793381196006253,False,True,0
2023-02-14,1990-01-03,2023-02-13,8343,0.9793388983717095,False,True,0
2023-02-15,1990-01-03,2023-02-14,8344,0.9793320991988781,False,True,0
2023-02-16,1990-01-03,2023-02-15,8345,0.979322450947268,False,True,0
2023-02-17,1990-01-03,2023-02-16,8346,0.9793362611216704,False,True,0
2023-02-21,1990-01-03,2023-02-17,8347,0.9793360400011002,False,True,0
2023-02-22,1990-01-03,2023-02-21,8348,0.9793276277638638,False,True,0
2023-02-23,1990-01-03,2023-02-22,8349,0.979340713782772,False,True,0
2023-02-24,1990-01-03,2023-02-23,8350,0.9793481575281974,False,True,0
2023-02-27,1990-01-03,2023-02-24,8351,0.9793428884127224,False,True,0
2023-02-28,1990-01-03,2023-02-27,8352,0.9793497126769406,False,True,0
2023-03-01,1990-01-03,2023-02-28,8353,0.9793502870421664,False,True,0
2023-03-02,1990-01-03,2023-03-01,8354,0.979347717017407,False,True,0
2023-03-03,1990-01-03,2023-03-02,8355,0.9793477663689868,False,True,0
2023-03-06,1990-01-03,2023-03-03,8356,0.9793675272325261,False,True,0
2023-03-07,1990-01-03,2023-03-06,8357,0.9793566013983147,False,True,0
2023-03-08,1990-01-03,2023-03-07,8358,0.9793668363340524,False,True,0
2023-03-09,1990-01-03,2023-03-08,8359,0.9793680303153963,False,True,0
2023-03-10,1990-01-03,2023-03-09,8360,0.9793648583278072,False,True,0
2023-03-13,1990-01-03,2023-03-10,8361,0.9793549226376964,False,True,0
2023-03-14,1990-01-03,2023-03-13,8362,0.9793673671345074,False,True,0
2023-03-15,1990-01-03,2023-03-14,8363,0.9793646157366601,False,True,0
2023-03-16,1990-01-03,2023-03-15,8364,0.9793634355702437,False,True,0
2023-03-17,1990-01-03,2023-03-16,8365,0.9793681117451433,False,True,0
2023-03-20,1990-01-03,2023-03-17,8366,0.9793639724334126,False,True,0
2023-03-21,1990-01-03,2023-03-20,8367,0.9793641180027907,False,True,0
2023-03-22,1990-01-03,2023-03-21,8368,0.9793700186034711,False,True,0
2023-03-23,1990-01-03,2023-03-22,8369,0.9793737165626811,False,True,0
2023-03-24,1990-01-03,2023-03-23,8370,0.9793744193795179,False,True,0
2023-03-27,1990-01-03,2023-03-24,8371,0.9793700593229608,False,True,0
2023-03-28,1990-01-03,2023-03-27,8372,0.9793600234841083,False,True,0
2023-03-29,1990-01-03,2023-03-28,8373,0.9793464638696829,False,True,0
2023-03-30,1990-01-03,2023-03-29,8374,0.9793738436365143,False,True,0
2023-03-31,1990-01-03,2023-03-30,8375,0.9793612558758392,False,True,0
2023-04-03,1990-01-03,2023-03-31,8376,0.979411663216336,False,True,0
2023-04-04,1990-01-03,2023-04-03,8377,0.979388953363242,False,True,0
2023-04-05,1990-01-03,2023-04-04,8378,0.9793744983082977,False,True,0
2023-04-06,1990-01-03,2023-04-05,8379,0.9793532071810859,False,True,0
2023-04-10,1990-01-03,2023-04-06,8380,0.9793339926021478,False,True,0
2023-04-11,1990-01-03,2023-04-10,8381,0.9793074308462218,False,True,0
2023-04-12,1990-01-03,2023-04-11,8382,0.9792787403139542,False,True,0
2023-04-13,1990-01-03,2023-04-12,8383,0.9792587575841536,False,True,0
2023-04-14,1990-01-03,2023-04-13,8384,0.9793270640537846,False,True,0
2023-04-17,1990-01-03,2023-04-14,8385,0.9793033281828167,False,True,0
2023-04-18,1990-01-03,2023-04-17,8386,0.9792843111915508,False,True,0
2023-04-19,1990-01-03,2023-04-18,8387,0.9792555945758812,False,True,0
2023-04-20,1990-01-03,2023-04-19,8388,0.9792283191358521,False,True,0
2023-04-21,1990-01-03,2023-04-20,8389,0.9792220668443715,False,True,0
2023-04-24,1990-01-03,2023-04-21,8390,0.9792036774660722,False,True,0
2023-04-25,1990-01-03,2023-04-24,8391,0.9791839103300358,False,True,0
2023-04-26,1990-01-03,2023-04-25,8392,0.9792310914738849,False,True,0
2023-04-27,1990-01-03,2023-04-26,8393,0.9792343709485858,False,True,0
2023-04-28,1990-01-03,2023-04-27,8394,0.979223308539189,False,True,0
2023-05-01,1990-01-03,2023-04-28,8395,0.9792277380077982,False,True,0
2023-05-02,1990-01-03,2023-05-01,8396,0.9792296720716438,False,True,0
2023-05-03,1990-01-03,2023-05-02,8397,0.9792167205168492,False,True,0
2023-05-04,1990-01-03,2023-05-03,8398,0.9792132322880178,False,True,0
2023-05-05,1990-01-03,2023-05-04,8399,0.9792105050942135,False,True,0
2023-05-08,1990-01-03,2023-05-05,8400,0.9791854378729924,False,True,0
2023-05-09,1990-01-03,2023-05-08,8401,0.9791963734007715,False,True,0
2023-05-10,1990-01-03,2023-05-09,8402,0.979197425898151,False,True,0
2023-05-11,1990-01-03,2023-05-10,8403,0.97920460399281,False,True,0
2023-05-12,1990-01-03,2023-05-11,8404,0.9792074494634705,False,True,0
2023-05-15,1990-01-03,2023-05-12,8405,0.9792081417015179,False,True,0
2023-05-16,1990-01-03,2023-05-15,8406,0.9792094569867432,False,True,0
2023-05-17,1990-01-03,2023-05-16,8407,0.9792023629286444,False,True,0
2023-05-18,1990-01-03,2023-05-17,8408,0.979208838186354,False,True,0
2023-05-19,1990-01-03,2023-05-18,8409,0.9792177504960823,False,True,0
2023-05-22,1990-01-03,2023-05-19,8410,0.9792129437142163,False,True,0
2023-05-23,1990-01-03,2023-05-22,8411,0.9792085901791056,False,True,0
2023-05-24,1990-01-03,2023-05-23,8412,0.9792046649203664,False,True,0
2023-05-25,1990-01-03,2023-05-24,8413,0.9791974995655834,False,True,0
2023-05-26,1990-01-03,2023-05-25,8414,0.9791998176818939,False,True,0
2023-05-30,1990-01-03,2023-05-26,8415,0.9791981417380677,False,True,0
2023-05-31,1990-01-03,2023-05-30,8416,0.9792023004608755,False,True,0
2023-06-01,1990-01-03,2023-05-31,8417,0.9791952968309522,False,True,0
2023-06-02,1990-01-03,2023-06-01,8418,0.9791992006154334,False,True,0
2023-06-05,1990-01-03,2023-06-02,8419,0.9792051569874753,False,True,0
2023-06-06,1990-01-03,2023-06-05,8420,0.9792054054531141,False,True,0
2023-06-07,1990-01-03,2023-06-06,8421,0.9792056894166276,False,True,0
2023-06-08,1990-01-03,2023-06-07,8422,0.979201185918681,False,True,0
2023-06-09,1990-01-03,2023-06-08,8423,0.9792029278984967,False,True,0
2023-06-12,1990-01-03,2023-06-09,8424,0.9792009093927192,False,True,0
2023-06-13,1990-01-03,2023-06-12,8425,0.9792231594641583,False,True,0
2023-06-14,1990-01-03,2023-06-13,8426,0.9792440196702401,False,True,0
2023-06-15,1990-01-03,2023-06-14,8427,0.9792368426240209,False,True,0
2023-06-16,1990-01-03,2023-06-15,8428,0.9792864755902452,False,True,0
2023-06-20,1990-01-03,2023-06-16,8429,0.9792754513051386,False,True,0
2023-06-21,1990-01-03,2023-06-20,8430,0.9792655768881798,False,True,0
2023-06-22,1990-01-03,2023-06-21,8431,0.9792550480237602,False,True,0
2023-06-23,1990-01-03,2023-06-22,8432,0.9792664627404394,False,True,0
2023-06-26,1990-01-03,2023-06-23,8433,0.9792415178863422,False,True,0
2023-06-27,1990-01-03,2023-06-26,8434,0.979241776759647,False,True,0
2023-06-28,1990-01-03,2023-06-27,8435,0.9792349937147624,False,True,0
2023-06-29,1990-01-03,2023-06-28,8436,0.9792477654440236,False,True,0
2023-06-30,1990-01-03,2023-06-29,8437,0.9792573990735143,False,True,0
2023-07-03,1990-01-03,2023-06-30,8438,0.979253673706507,False,True,0
2023-07-05,1990-01-03,2023-07-03,8439,0.979261458660605,False,True,0
2023-07-06,1990-01-03,2023-07-05,8440,0.9792619328991204,False,True,0
2023-07-07,1990-01-03,2023-07-06,8441,0.9792424101940979,False,True,0
2023-07-10,1990-01-03,2023-07-07,8442,0.9792492327422904,False,True,0
2023-07-11,1990-01-03,2023-07-10,8443,0.9792648649381622,False,True,0
2023-07-12,1990-01-03,2023-07-11,8444,0.9792693938382121,False,True,0
2023-07-13,1990-01-03,2023-07-12,8445,0.9792714267204635,False,True,0
2023-07-14,1990-01-03,2023-07-13,8446,0.97926993603211,False,True,0
2023-07-17,1990-01-03,2023-07-14,8447,0.9792753104287152,False,True,0
2023-07-18,1990-01-03,2023-07-17,8448,0.9792839879222809,False,True,0
2023-07-19,1990-01-03,2023-07-18,8449,0.9792862627512601,False,True,0
2023-07-20,1990-01-03,2023-07-19,8450,0.9792928050001158,False,True,0
2023-07-21,1990-01-03,2023-07-20,8451,0.9792764797177571,False,True,0
2023-07-24,1990-01-03,2023-07-21,8452,0.9792923347393894,False,True,0
2023-07-25,1990-01-03,2023-07-24,8453,0.9793028902802383,False,True,0
2023-07-26,1990-01-03,2023-07-25,8454,0.9793142039449046,False,True,0
2023-07-27,1990-01-03,2023-07-26,8455,0.9793245319647114,False,True,0
2023-07-28,1990-01-03,2023-07-27,8456,0.9793030695741181,False,True,0
2023-07-31,1990-01-03,2023-07-28,8457,0.9792733114491654,False,True,0
2023-08-01,1990-01-03,2023-07-31,8458,0.9792929244729945,False,True,0
2023-08-02,1990-01-03,2023-08-01,8459,0.9792955041712047,False,True,0
2023-08-03,1990-01-03,2023-08-02,8460,0.9792224706437241,False,True,0
2023-08-04,1990-01-03,2023-08-03,8461,0.9792480832515696,False,True,0
2023-08-07,1990-01-03,2023-08-04,8462,0.9792493986982423,False,True,0
2023-08-08,1990-01-03,2023-08-07,8463,0.9792360065060106,False,True,0
2023-08-09,1990-01-03,2023-08-08,8464,0.9792462298182699,False,True,0
2023-08-10,1990-01-03,2023-08-09,8465,0.9792353045619684,False,True,0
2023-08-11,1990-01-03,2023-08-10,8466,0.979264627950985,False,True,0
2023-08-14,1990-01-03,2023-08-11,8467,0.97928815616896,False,True,0
2023-08-15,1990-01-03,2023-08-14,8468,0.9792997934291294,False,True,0
2023-08-16,1990-01-03,2023-08-15,8469,0.9792576941653719,False,True,0
2023-08-17,1990-01-03,2023-08-16,8470,0.9792513366590234,False,True,0
2023-08-18,1990-01-03,2023-08-17,8471,0.9792403006247951,False,True,0
2023-08-21,1990-01-03,2023-08-18,8472,0.9792674374257053,False,True,0
2023-08-22,1990-01-03,2023-08-21,8473,0.9792777897739224,False,True,0
2023-08-23,1990-01-03,2023-08-22,8474,0.9792910160446566,False,True,0
2023-08-24,1990-01-03,2023-08-23,8475,0.9792912334971632,False,True,0
2023-08-25,1990-01-03,2023-08-24,8476,0.9792520652199348,False,True,0
2023-08-28,1990-01-03,2023-08-25,8477,0.9792721817303158,False,True,0
2023-08-29,1990-01-03,2023-08-28,8478,0.9792815301097318,False,True,0
2023-08-30,1990-01-03,2023-08-29,8479,0.9792686852961944,False,True,0
2023-08-31,1990-01-03,2023-08-30,8480,0.9792772452987388,False,True,0
2023-09-01,1990-01-03,2023-08-31,8481,0.9792817269165269,False,True,0
2023-09-05,1990-01-03,2023-09-01,8482,0.9792872496435062,False,True,0
2023-09-06,1990-01-03,2023-09-05,8483,0.9792829329105348,False,True,0
2023-09-07,1990-01-03,2023-09-06,8484,0.9792755499817677,False,True,0
2023-09-08,1990-01-03,2023-09-07,8485,0.9792795486267336,False,True,0
2023-09-11,1990-01-03,2023-09-08,8486,0.9792885847408047,False,True,0
2023-09-12,1990-01-03,2023-09-11,8487,0.9792937492011745,False,True,0
2023-09-13,1990-01-03,2023-09-12,8488,0.9792877236943057,False,True,0
2023-09-14,1990-01-03,2023-09-13,8489,0.9792948429926424,False,True,0
2023-09-15,1990-01-03,2023-09-14,8490,0.979300332438531,False,True,0
2023-09-18,1990-01-03,2023-09-15,8491,0.9792761642887667,False,True,0
2023-09-19,1990-01-03,2023-09-18,8492,0.9792911030131588,False,True,0
2023-09-20,1990-01-03,2023-09-19,8493,0.9792986421792348,False,True,0
2023-09-21,1990-01-03,2023-09-20,8494,0.9792782222900354,False,True,0
2023-09-22,1990-01-03,2023-09-21,8495,0.9792446967569703,False,True,0
2023-09-25,1990-01-03,2023-09-22,8496,0.9792658033555497,False,True,0
2023-09-26,1990-01-03,2023-09-25,8497,0.9792846810506829,False,True,0
2023-09-27,1990-01-03,2023-09-26,8498,0.9792581373030576,False,True,0
2023-09-28,1990-01-03,2023-09-27,8499,0.9792790231671223,False,True,0
2023-09-29,1990-01-03,2023-09-28,8500,0.9792903184562246,False,True,0
2023-10-02,1990-01-03,2023-09-29,8501,0.9793006493269927,False,True,0
2023-10-03,1990-01-03,2023-10-02,8502,0.9793085372850718,False,True,0
2023-10-04,1990-01-03,2023-10-03,8503,0.9792960335980144,False,True,0
2023-10-05,1990-01-03,2023-10-04,8504,0.9793008988277067,False,True,0
2023-10-06,1990-01-03,2023-10-05,8505,0.9793079248187995,False,True,0
2023-10-09,1990-01-03,2023-10-06,8506,0.9793112013944545,False,True,0
2023-10-10,1990-01-03,2023-10-09,8507,0.9793129578368331,False,True,0
2023-10-11,1990-01-03,2023-10-10,8508,0.9793104745111229,False,True,0
2023-10-12,1990-01-03,2023-10-11,8509,0.9793072269641572,False,True,0
2023-10-13,1990-01-03,2023-10-12,8510,0.9793000918858691,False,True,0
2023-10-16,1990-01-03,2023-10-13,8511,0.9792939474900533,False,True,0
2023-10-17,1990-01-03,2023-10-16,8512,0.9793027416235679,False,True,0
2023-10-18,1990-01-03,2023-10-17,8513,0.979295668398158,False,True,0
2023-10-19,1990-01-03,2023-10-18,8514,0.979298334868946,False,True,0
2023-10-20,1990-01-03,2023-10-19,8515,0.9792926589664602,False,True,0
2023-10-23,1990-01-03,2023-10-20,8516,0.9792786578099282,False,True,0
2023-10-24,1990-01-03,2023-10-23,8517,0.9792922994613585,False,True,0
2023-10-25,1990-01-03,2023-10-24,8518,0.9792986385135222,False,True,0
2023-10-26,1990-01-03,2023-10-25,8519,0.9792848686549916,False,True,0
2023-10-27,1990-01-03,2023-10-26,8520,0.9792773377042938,False,True,0
2023-10-30,1990-01-03,2023-10-27,8521,0.9792878143713415,False,True,0
2023-10-31,1990-01-03,2023-10-30,8522,0.979288272215436,False,True,0
2023-11-01,1990-01-03,2023-10-31,8523,0.9792931669738181,False,True,0
2023-11-02,1990-01-03,2023-11-01,8524,0.9792954281406459,False,True,0
2023-11-03,1990-01-03,2023-11-02,8525,0.9793148538861092,False,True,0
2023-11-06,1990-01-03,2023-11-03,8526,0.979318703558187,False,True,0
2023-11-07,1990-01-03,2023-11-06,8527,0.9793072877986954,False,True,0
2023-11-08,1990-01-03,2023-11-07,8528,0.9792936849601538,False,True,0
2023-11-09,1990-01-03,2023-11-08,8529,0.9792753140362329,False,True,0
2023-11-10,1990-01-03,2023-11-09,8530,0.9792722021565416,False,True,0
2023-11-13,1990-01-03,2023-11-10,8531,0.9793108642232189,False,True,0
2023-11-14,1990-01-03,2023-11-13,8532,0.9792964961860132,False,True,0
2023-11-15,1990-01-03,2023-11-14,8533,0.9793724027649482,False,True,0
2023-11-16,1990-01-03,2023-11-15,8534,0.9793552210895788,False,True,0
2023-11-17,1990-01-03,2023-11-16,8535,0.97933154124303,False,True,0
2023-11-20,1990-01-03,2023-11-17,8536,0.9793144744293092,False,True,0
2023-11-21,1990-01-03,2023-11-20,8537,0.9793352410702628,False,True,0
2023-11-22,1990-01-03,2023-11-21,8538,0.9793120709968798,False,True,0
2023-11-24,1990-01-03,2023-11-22,8539,0.9793038384097301,False,True,0
2023-11-27,1990-01-03,2023-11-24,8540,0.9792867858479832,False,True,0
2023-11-28,1990-01-03,2023-11-27,8541,0.9792645966133426,False,True,0
2023-11-29,1990-01-03,2023-11-28,8542,0.9792360604574968,False,True,0
2023-11-30,1990-01-03,2023-11-29,8543,0.9792214494104513,False,True,0
2023-12-01,1990-01-03,2023-11-30,8544,0.9792182562028771,False,True,0
2023-12-04,1990-01-03,2023-12-01,8545,0.9792410152269012,False,True,0
2023-12-05,1990-01-03,2023-12-04,8546,0.9792351215630487,False,True,0
2023-12-06,1990-01-03,2023-12-05,8547,0.9792260554633542,False,True,0
2023-12-07,1990-01-03,2023-12-06,8548,0.97920715899406,False,True,0
2023-12-08,1990-01-03,2023-12-07,8549,0.9792312310076058,False,True,0
2023-12-11,1990-01-03,2023-12-08,8550,0.979236605105558,False,True,0
2023-12-12,1990-01-03,2023-12-11,8551,0.9792423045139637,False,True,0
2023-12-13,1990-01-03,2023-12-12,8552,0.979247908409387,False,True,0
2023-12-14,1990-01-03,2023-12-13,8553,0.9792959733296992,False,True,0
2023-12-15,1990-01-03,2023-12-14,8554,0.9792944151796914,False,True,0
2023-12-18,1990-01-03,2023-12-15,8555,0.9792887949761497,False,True,0
2023-12-19,1990-01-03,2023-12-18,8556,0.979304406248029,False,True,0
2023-12-20,1990-01-03,2023-12-19,8557,0.9793413450171841,False,True,0
2023-12-21,1990-01-03,2023-12-20,8558,0.9793221902050626,False,True,0
2023-12-22,1990-01-03,2023-12-21,8559,0.9792742098838949,False,True,0
2023-12-26,1990-01-03,2023-12-22,8560,0.9793047245903487,False,True,0
2023-12-27,1990-01-03,2023-12-26,8561,0.9793219876700636,False,True,0
2023-12-28,1990-01-03,2023-12-27,8562,0.9793505512507099,False,True,0
2023-12-29,1990-01-03,2023-12-28,8563,0.9793754591660606,False,True,0
2024-01-02,1990-01-03,2023-12-29,8564,0.9793799915056122,False,True,0
2024-01-03,1990-01-03,2024-01-02,8565,0.9793581204324735,False,True,0
2024-01-04,1990-01-03,2024-01-03,8566,0.9793240459816926,False,True,0
2024-01-05,1990-01-03,2024-01-04,8567,0.9793389854393163,False,True,0
2024-01-08,1990-01-03,2024-01-05,8568,0.9793725084445526,False,True,0
2024-01-09,1990-01-03,2024-01-08,8569,0.9792975231883595,False,True,0
2024-01-10,1990-01-03,2024-01-09,8570,0.9793199712892393,False,True,0
2024-01-11,1990-01-03,2024-01-10,8571,0.9793236116580911,False,True,0
2024-01-12,1990-01-03,2024-01-11,8572,0.9793441229817127,False,True,0
2024-01-16,1990-01-03,2024-01-12,8573,0.9793660121373733,False,True,0
2024-01-17,1990-01-03,2024-01-16,8574,0.9793680038952691,False,True,0
2024-01-18,1990-01-03,2024-01-17,8575,0.9793602579852986,False,True,0
2024-01-19,1990-01-03,2024-01-18,8576,0.9793348354758125,False,True,0
2024-01-22,1990-01-03,2024-01-19,8577,0.979290493593535,False,True,0
2024-01-23,1990-01-03,2024-01-22,8578,0.9793120457608504,False,True,0
2024-01-24,1990-01-03,2024-01-23,8579,0.9793310188271263,False,True,0
2024-01-25,1990-01-03,2024-01-24,8580,0.9793491747446579,False,True,0
2024-01-26,1990-01-03,2024-01-25,8581,0.9793698309492989,False,True,0
2024-01-29,1990-01-03,2024-01-26,8582,0.9793822688875176,False,True,0
2024-01-30,1990-01-03,2024-01-29,8583,0.9793756057407155,False,True,0
2024-01-31,1990-01-03,2024-01-30,8584,0.9793872758436246,False,True,0
2024-02-01,1990-01-03,2024-01-31,8585,0.9792897027378947,False,True,0
2024-02-02,1990-01-03,2024-02-01,8586,0.9792191719053892,False,True,0
2024-02-05,1990-01-03,2024-02-02,8587,0.9791855705836283,False,True,0
2024-02-06,1990-01-03,2024-02-05,8588,0.9792004854970873,False,True,0
2024-02-07,1990-01-03,2024-02-06,8589,0.9792319719456306,False,True,0
2024-02-08,1990-01-03,2024-02-07,8590,0.9792155180032088,False,True,0
2024-02-09,1990-01-03,2024-02-08,8591,0.979244483574963,False,True,0
2024-02-12,1990-01-03,2024-02-09,8592,0.9792519976691285,False,True,0
2024-02-13,1990-01-03,2024-02-12,8593,0.9792712081537553,False,True,0
2024-02-14,1990-01-03,2024-02-13,8594,0.9791730988333787,False,True,0
2024-02-15,1990-01-03,2024-02-14,8595,0.9791541982197227,False,True,0
2024-02-16,1990-01-03,2024-02-15,8596,0.9791664733614338,False,True,0
2024-02-20,1990-01-03,2024-02-16,8597,0.9791676966864121,False,True,0
2024-02-21,1990-01-03,2024-02-20,8598,0.9791610483482839,False,True,0
2024-02-22,1990-01-03,2024-02-21,8599,0.9791929823387739,False,True,0
2024-02-23,1990-01-03,2024-02-22,8600,0.9791007916985626,False,True,0
2024-02-26,1990-01-03,2024-02-23,8601,0.9791252375266931,False,True,0
2024-02-27,1990-01-03,2024-02-26,8602,0.979130462187493,False,True,0
2024-02-28,1990-01-03,2024-02-27,8603,0.9791537733004256,False,True,0
2024-02-29,1990-01-03,2024-02-28,8604,0.9791686836138175,False,True,0
2024-03-01,1990-01-03,2024-02-29,8605,0.9791784701123839,False,True,0
2024-03-04,1990-01-03,2024-03-01,8606,0.9791767196381916,False,True,0
2024-03-05,1990-01-03,2024-03-04,8607,0.9791881195613825,False,True,0
2024-03-06,1990-01-03,2024-03-05,8608,0.9791423171288312,False,True,0
2024-03-07,1990-01-03,2024-03-06,8609,0.9791564652771138,False,True,0
2024-03-08,1990-01-03,2024-03-07,8610,0.9791370948447785,False,True,0
2024-03-11,1990-01-03,2024-03-08,8611,0.9791184944447433,False,True,0
2024-03-12,1990-01-03,2024-03-11,8612,0.9791389792081897,False,True,0
2024-03-13,1990-01-03,2024-03-12,8613,0.9791182650209732,False,True,0
2024-03-14,1990-01-03,2024-03-13,8614,0.9791303619961683,False,True,0
2024-03-15,1990-01-03,2024-03-14,8615,0.979137139648514,False,True,0
2024-03-18,1990-01-03,2024-03-15,8616,0.979122466420844,False,True,0
2024-03-19,1990-01-03,2024-03-18,8617,0.9791324899352071,False,True,0
2024-03-20,1990-01-03,2024-03-19,8618,0.9791428265676811,False,True,0
2024-03-21,1990-01-03,2024-03-20,8619,0.979135493417334,False,True,0
2024-03-22,1990-01-03,2024-03-21,8620,0.9791479869514549,False,True,0
2024-03-25,1990-01-03,2024-03-22,8621,0.9791561458557777,False,True,0
2024-03-26,1990-01-03,2024-03-25,8622,0.9791584875633238,False,True,0
2024-03-27,1990-01-03,2024-03-26,8623,0.9791632426773077,False,True,0
2024-03-28,1990-01-03,2024-03-27,8624,0.9791582201926382,False,True,0
2024-04-01,1990-01-03,2024-03-28,8625,0.9791710363924763,False,True,0
2024-04-02,1990-01-03,2024-04-01,8626,0.9791736793109942,False,True,0
2024-04-03,1990-01-03,2024-04-02,8627,0.9791532018197568,False,True,0
2024-04-04,1990-01-03,2024-04-03,8628,0.9791732845080675,False,True,0
2024-04-05,1990-01-03,2024-04-04,8629,0.9791156731800108,False,True,0
2024-04-08,1990-01-03,2024-04-05,8630,0.979090598128753,False,True,0
2024-04-09,1990-01-03,2024-04-08,8631,0.9791154363317838,False,True,0
2024-04-10,1990-01-03,2024-04-09,8632,0.97913788368945,False,True,0
2024-04-11,1990-01-03,2024-04-10,8633,0.979103572498809,False,True,0
2024-04-12,1990-01-03,2024-04-11,8634,0.9791065242543115,False,True,0
2024-04-15,1990-01-03,2024-04-12,8635,0.979046461059581,False,True,0
2024-04-16,1990-01-03,2024-04-15,8636,0.9790010351620533,False,True,0
2024-04-17,1990-01-03,2024-04-16,8637,0.9790299662522253,False,True,0
2024-04-18,1990-01-03,2024-04-17,8638,0.9790420436105899,False,True,0
2024-04-19,1990-01-03,2024-04-18,8639,0.9790647855540914,False,True,0
2024-04-22,1990-01-03,2024-04-19,8640,0.9790610789157694,False,True,0
2024-04-23,1990-01-03,2024-04-22,8641,0.9790677007387181,False,True,0
2024-04-24,1990-01-03,2024-04-23,8642,0.9790600340425881,False,True,0
2024-04-25,1990-01-03,2024-04-24,8643,0.9790729490536593,False,True,0
2024-04-26,1990-01-03,2024-04-25,8644,0.9790756131381775,False,True,0
2024-04-29,1990-01-03,2024-04-26,8645,0.9790899748875435,False,True,0
2024-04-30,1990-01-03,2024-04-29,8646,0.9790947343292252,False,True,0
2024-05-01,1990-01-03,2024-04-30,8647,0.9790676864210244,False,True,0
2024-05-02,1990-01-03,2024-05-01,8648,0.9790780609870906,False,True,0
2024-05-03,1990-01-03,2024-05-02,8649,0.9790810336101338,False,True,0
2024-05-06,1990-01-03,2024-05-03,8650,0.9790865308353072,False,True,0
2024-05-07,1990-01-03,2024-05-06,8651,0.9790961522689188,False,True,0
2024-05-08,1990-01-03,2024-05-07,8652,0.9790966111491051,False,True,0
2024-05-09,1990-01-03,2024-05-08,8653,0.979093425144654,False,True,0
2024-05-10,1990-01-03,2024-05-09,8654,0.9790934256788462,False,True,0
2024-05-13,1990-01-03,2024-05-10,8655,0.9790845042598096,False,True,0
2024-05-14,1990-01-03,2024-05-13,8656,0.9790736531444993,False,True,0
2024-05-15,1990-01-03,2024-05-14,8657,0.9790723731402715,False,True,0
2024-05-16,1990-01-03,2024-05-15,8658,0.9791271421995743,False,True,0
2024-05-17,1990-01-03,2024-05-16,8659,0.9791110336215908,False,True,0
2024-05-20,1990-01-03,2024-05-17,8660,0.9790977118532336,False,True,0
2024-05-21,1990-01-03,2024-05-20,8661,0.9790832337305277,False,True,0
2024-05-22,1990-01-03,2024-05-21,8662,0.9790740686933822,False,True,0
2024-05-23,1990-01-03,2024-05-22,8663,0.9790580962390207,False,True,0
2024-05-24,1990-01-03,2024-05-23,8664,0.9790501224292208,False,True,0
2024-05-28,1990-01-03,2024-05-24,8665,0.9790605869389117,False,True,0
2024-05-29,1990-01-03,2024-05-28,8666,0.9790608888241872,False,True,0
2024-05-30,1990-01-03,2024-05-29,8667,0.9790459372537812,False,True,0
2024-05-31,1990-01-03,2024-05-30,8668,0.9790364989611039,False,True,0
2024-06-03,1990-01-03,2024-05-31,8669,0.9790378971924716,False,True,0
2024-06-04,1990-01-03,2024-06-03,8670,0.9790492457245872,False,True,0
2024-06-05,1990-01-03,2024-06-04,8671,0.979058538752696,False,True,0
2024-06-06,1990-01-03,2024-06-05,8672,0.9790622224604795,False,True,0
2024-06-07,1990-01-03,2024-06-06,8673,0.9790665234661675,False,True,0
2024-06-10,1990-01-03,2024-06-07,8674,0.9790676037354787,False,True,0
2024-06-11,1990-01-03,2024-06-10,8675,0.9790732348736404,False,True,0
2024-06-12,1990-01-03,2024-06-11,8676,0.9790794557836547,False,True,0
2024-06-13,1990-01-03,2024-06-12,8677,0.9790945589122929,False,True,0
2024-06-14,1990-01-03,2024-06-13,8678,0.9791003719271081,False,True,0
2024-06-17,1990-01-03,2024-06-14,8679,0.9790991570451091,False,True,0
2024-06-18,1990-01-03,2024-06-17,8680,0.9791128609291382,False,True,0
2024-06-20,1990-01-03,2024-06-18,8681,0.9791161226868222,False,True,0
2024-06-21,1990-01-03,2024-06-20,8682,0.9791133254326573,False,True,0
2024-06-24,1990-01-03,2024-06-21,8683,0.9791128459059167,False,True,0
2024-06-25,1990-01-03,2024-06-24,8684,0.9791051568335735,False,True,0
2024-06-26,1990-01-03,2024-06-25,8685,0.9791180482767606,False,True,0
2024-06-27,1990-01-03,2024-06-26,8686,0.979131679094722,False,True,0
2024-06-28,1990-01-03,2024-06-27,8687,0.9791439467665853,False,True,0
2024-07-01,1990-01-03,2024-06-28,8688,0.9791270104520906,False,True,0
2024-07-02,1990-01-03,2024-07-01,8689,0.9791461823269276,False,True,0
2024-07-03,1990-01-03,2024-07-02,8690,0.9791347682313942,False,True,0
2024-07-05,1990-01-03,2024-07-03,8691,0.9791426014474325,False,True,0
2024-07-08,1990-01-03,2024-07-05,8692,0.9791449571877676,False,True,0
2024-07-09,1990-01-03,2024-07-08,8693,0.9791650165692327,False,True,0
2024-07-10,1990-01-03,2024-07-09,8694,0.9791857064690295,False,True,0
2024-07-11,1990-01-03,2024-07-10,8695,0.9791508653589578,False,True,0
2024-07-12,1990-01-03,2024-07-11,8696,0.9790502603857159,False,True,0
2024-07-15,1990-01-03,2024-07-12,8697,0.9790476160464796,False,True,0
2024-07-16,1990-01-03,2024-07-15,8698,0.9790764411677749,False,True,0
2024-07-17,1990-01-03,2024-07-16,8699,0.9790636870253386,False,True,0
2024-07-18,1990-01-03,2024-07-17,8700,0.9788935238233074,False,True,0
2024-07-19,1990-01-03,2024-07-18,8701,0.9788612762809862,False,True,0
2024-07-22,1990-01-03,2024-07-19,8702,0.9788452372868565,False,True,0
2024-07-23,1990-01-03,2024-07-22,8703,0.9788039713323196,False,True,0
2024-07-24,1990-01-03,2024-07-23,8704,0.9788395905676098,False,True,0
2024-07-25,1990-01-03,2024-07-24,8705,0.9786781072753197,False,True,0
2024-07-26,1990-01-03,2024-07-25,8706,0.9787070730458935,False,True,0
2024-07-29,1990-01-03,2024-07-26,8707,0.9787000259117576,False,True,0
2024-07-30,1990-01-03,2024-07-29,8708,0.9787383128177735,False,True,0
2024-07-31,1990-01-03,2024-07-30,8709,0.9787552521400166,False,True,0
2024-08-01,1990-01-03,2024-07-31,8710,0.9787122950281664,False,True,0
2024-08-02,1990-01-03,2024-08-01,8711,0.9786763330038779,False,True,0
2024-08-05,1990-01-03,2024-08-02,8712,0.9786252843697689,False,True,0
2024-08-06,1990-01-03,2024-08-05,8713,0.9785263901063347,False,True,0
2024-08-07,1990-01-03,2024-08-06,8714,0.9785470012762022,False,True,0
2024-08-08,1990-01-03,2024-08-07,8715,0.9785645436054999,False,True,0
2024-08-09,1990-01-03,2024-08-08,8716,0.9785366558128529,False,True,0
2024-08-12,1990-01-03,2024-08-09,8717,0.9785526342622908,False,True,0
2024-08-13,1990-01-03,2024-08-12,8718,0.9785632956674393,False,True,0
2024-08-14,1990-01-03,2024-08-13,8719,0.9785644130706107,False,True,0
2024-08-15,1990-01-03,2024-08-14,8720,0.9785627866324607,False,True,0
2024-08-16,1990-01-03,2024-08-15,8721,0.9785786608305345,False,True,0
2024-08-19,1990-01-03,2024-08-16,8722,0.9785659875212569,False,True,0
2024-08-20,1990-01-03,2024-08-19,8723,0.978570006770733,False,True,0
2024-08-21,1990-01-03,2024-08-20,8724,0.9785517670194634,False,True,0
2024-08-22,1990-01-03,2024-08-21,8725,0.9785343900178397,False,True,0
2024-08-23,1990-01-03,2024-08-22,8726,0.9785337673582354,False,True,0
2024-08-26,1990-01-03,2024-08-23,8727,0.9785487289940641,False,True,0
2024-08-27,1990-01-03,2024-08-26,8728,0.9785325818354387,False,True,0
2024-08-28,1990-01-03,2024-08-27,8729,0.978514595613861,False,True,0
2024-08-29,1990-01-03,2024-08-28,8730,0.9785040434374289,False,True,0
2024-08-30,1990-01-03,2024-08-29,8731,0.978488458414367,False,True,0
2024-09-03,1990-01-03,2024-08-30,8732,0.9785074318509347,False,True,0
2024-09-04,1990-01-03,2024-09-03,8733,0.9785652489445449,False,True,0
2024-09-05,1990-01-03,2024-09-04,8734,0.9785725651290719,False,True,0
2024-09-06,1990-01-03,2024-09-05,8735,0.9785749878822131,False,True,0
2024-09-09,1990-01-03,2024-09-06,8736,0.9785608268685622,False,True,0
2024-09-10,1990-01-03,2024-09-09,8737,0.9785632635264997,False,True,0
2024-09-11,1990-01-03,2024-09-10,8738,0.9785699468580487,False,True,0
2024-09-12,1990-01-03,2024-09-11,8739,0.9785732024938787,False,True,0
2024-09-13,1990-01-03,2024-09-12,8740,0.9785743847300888,False,True,0
2024-09-16,1990-01-03,2024-09-13,8741,0.9785704764684537,False,True,0
2024-09-17,1990-01-03,2024-09-16,8742,0.9785586469511599,False,True,0
2024-09-18,1990-01-03,2024-09-17,8743,0.9785440739569952,False,True,0
2024-09-19,1990-01-03,2024-09-18,8744,0.9785278487606902,False,True,0
2024-09-20,1990-01-03,2024-09-19,8745,0.9785948090524411,False,True,0
2024-09-23,1990-01-03,2024-09-20,8746,0.9785756843161146,False,True,0
2024-09-24,1990-01-03,2024-09-23,8747,0.978558904417637,False,True,0
2024-09-25,1990-01-03,2024-09-24,8748,0.9785394599380565,False,True,0
2024-09-26,1990-01-03,2024-09-25,8749,0.9785171291983176,False,True,0
2024-09-27,1990-01-03,2024-09-26,8750,0.9785057179050091,False,True,0
2024-09-30,1990-01-03,2024-09-27,8751,0.978482243425114,False,True,0
2024-10-01,1990-01-03,2024-09-30,8752,0.9784736787494579,False,True,0
2024-10-02,1990-01-03,2024-10-01,8753,0.9784901276981232,False,True,0
2024-10-03,1990-01-03,2024-10-02,8754,0.9784837837645655,False,True,0
2024-10-04,1990-01-03,2024-10-03,8755,0.9784739526721729,False,True,0
2024-10-07,1990-01-03,2024-10-04,8756,0.9784924006638654,False,True,0
2024-10-08,1990-01-03,2024-10-07,8757,0.9784911754164969,False,True,0
2024-10-09,1990-01-03,2024-10-08,8758,0.9784963470727255,False,True,0
2024-10-10,1990-01-03,2024-10-09,8759,0.9785025080921709,False,True,0
2024-10-11,1990-01-03,2024-10-10,8760,0.9784986851305536,False,True,0
2024-10-14,1990-01-03,2024-10-11,8761,0.9785040907604294,False,True,0
2024-10-15,1990-01-03,2024-10-14,8762,0.978515316290302,False,True,0
2024-10-16,1990-01-03,2024-10-15,8763,0.9785066502841515,False,True,0
2024-10-17,1990-01-03,2024-10-16,8764,0.9785128897207203,False,True,0
2024-10-18,1990-01-03,2024-10-17,8765,0.9785152236969309,False,True,0
2024-10-21,1990-01-03,2024-10-18,8766,0.9785191706379961,False,True,0
2024-10-22,1990-01-03,2024-10-21,8767,0.9785152070112251,False,True,0
2024-10-23,1990-01-03,2024-10-22,8768,0.9785136374295639,False,True,0
2024-10-24,1990-01-03,2024-10-23,8769,0.9785007947019982,False,True,0
2024-10-25,1990-01-03,2024-10-24,8770,0.9785128283874341,False,True,0
2024-10-28,1990-01-03,2024-10-25,8771,0.9785206062264874,False,True,0
2024-10-29,1990-01-03,2024-10-28,8772,0.9785287589132059,False,True,0
2024-10-30,1990-01-03,2024-10-29,8773,0.9785345709474419,False,True,0
2024-10-31,1990-01-03,2024-10-30,8774,0.9785295683563007,False,True,0
2024-11-01,1990-01-03,2024-10-31,8775,0.9784858599832951,False,True,0
2024-11-04,1990-01-03,2024-11-01,8776,0.9785123062441047,False,True,0
2024-11-05,1990-01-03,2024-11-04,8777,0.9785312742392311,False,True,0
2024-11-06,1990-01-03,2024-11-05,8778,0.9785094621116265,False,True,0
2024-11-07,1990-01-03,2024-11-06,8779,0.9784423819558272,False,True,0
2024-11-08,1990-01-03,2024-11-07,8780,0.9784458020849451,False,True,0
2024-11-11,1990-01-03,2024-11-08,8781,0.9784583189279261,False,True,0
2024-11-12,1990-01-03,2024-11-11,8782,0.9784698419901103,False,True,0
2024-11-13,1990-01-03,2024-11-12,8783,0.9784716209886636,False,True,0
2024-11-14,1990-01-03,2024-11-13,8784,0.9784817154295191,False,True,0
2024-11-15,1990-01-03,2024-11-14,8785,0.9784702502310526,False,True,0
2024-11-18,1990-01-03,2024-11-15,8786,0.9784311274437225,False,True,0
2024-11-19,1990-01-03,2024-11-18,8787,0.9784524938701402,False,True,0
2024-11-20,1990-01-03,2024-11-19,8788,0.978470263392093,False,True,0
2024-11-21,1990-01-03,2024-11-20,8789,0.9784873907655768,False,True,0
2024-11-22,1990-01-03,2024-11-21,8790,0.9784959591094153,False,True,0
2024-11-25,1990-01-03,2024-11-22,8791,0.9785062381293063,False,True,0
2024-11-26,1990-01-03,2024-11-25,8792,0.9785160418612846,False,True,0
2024-11-27,1990-01-03,2024-11-26,8793,0.978523172902049,False,True,0
2024-11-29,1990-01-03,2024-11-27,8794,0.9785179760373757,False,True,0
2024-12-02,1990-01-03,2024-11-29,8795,0.9785252649803113,False,True,0
2024-12-03,1990-01-03,2024-12-02,8796,0.978532846957278,False,True,0
2024-12-04,1990-01-03,2024-12-03,8797,0.9785380904924261,False,True,0
2024-12-05,1990-01-03,2024-12-04,8798,0.9785420783788004,False,True,0
2024-12-06,1990-01-03,2024-12-05,8799,0.9785417083934158,False,True,0
2024-12-09,1990-01-03,2024-12-06,8800,0.9785448162423822,False,True,0
2024-12-10,1990-01-03,2024-12-09,8801,0.9785342416983258,False,True,0
2024-12-11,1990-01-03,2024-12-10,8802,0.97853591523801,False,True,0
2024-12-12,1990-01-03,2024-12-11,8803,0.9785306317404053,False,True,0
2024-12-13,1990-01-03,2024-12-12,8804,0.9785184167966166,False,True,0
2024-12-16,1990-01-03,2024-12-13,8805,0.9785366883756542,False,True,0
2024-12-17,1990-01-03,2024-12-16,8806,0.9785497874805997,False,True,0
2024-12-18,1990-01-03,2024-12-17,8807,0.978546947537956,False,True,0
2024-12-19,1990-01-03,2024-12-18,8808,0.9784475468687905,False,True,0
2024-12-20,1990-01-03,2024-12-19,8809,0.9784973538171485,False,True,0
2024-12-23,1990-01-03,2024-12-20,8810,0.9784901773388287,False,True,0
2024-12-24,1990-01-03,2024-12-23,8811,0.9785076809665147,False,True,0
2024-12-26,1990-01-03,2024-12-24,8812,0.9784930718617297,False,True,0
2024-12-27,1990-01-03,2024-12-26,8813,0.9785200623380723,False,True,0
2024-12-30,1990-01-03,2024-12-27,8814,0.9784955289404286,False,True,0
2024-12-31,1990-01-03,2024-12-30,8815,0.9784788899722353,False,True,0
2025-01-02,1990-01-03,2024-12-31,8816,0.978497922785611,False,True,0
2025-01-03,1990-01-03,2025-01-02,8817,0.9785194663419218,False,True,0
2025-01-06,1990-01-03,2025-01-03,8818,0.9785099272838972,False,True,0
2025-01-07,1990-01-03,2025-01-06,8819,0.978521464711209,False,True,0
2025-01-08,1990-01-03,2025-01-07,8820,0.9785073026344611,False,True,0
2025-01-10,1990-01-03,2025-01-08,8821,0.9785244087544687,False,True,0
2025-01-13,1990-01-03,2025-01-10,8822,0.9784971281514641,False,True,0
2025-01-14,1990-01-03,2025-01-13,8823,0.9785167503375983,False,True,0
2025-01-15,1990-01-03,2025-01-14,8824,0.9785336097284615,False,True,0
2025-01-16,1990-01-03,2025-01-15,8825,0.978525027357615,False,True,0
2025-01-17,1990-01-03,2025-01-16,8826,0.978528035030612,False,True,0
2025-01-21,1990-01-03,2025-01-17,8827,0.9785318777632669,False,True,0
2025-01-22,1990-01-03,2025-01-21,8828,0.9785365251687316,False,True,0
2025-01-23,1990-01-03,2025-01-22,8829,0.9785360486913899,False,True,0
2025-01-24,1990-01-03,2025-01-23,8830,0.9785346131834322,False,True,0
2025-01-27,1990-01-03,2025-01-24,8831,0.9785236685425255,False,True,0
2025-01-28,1990-01-03,2025-01-27,8832,0.978530313736691,False,True,0
2025-01-29,1990-01-03,2025-01-28,8833,0.9785329758940151,False,True,0
2025-01-30,1990-01-03,2025-01-29,8834,0.9785322452649564,False,True,0
2025-01-31,1990-01-03,2025-01-30,8835,0.9785367121679434,False,True,0
2025-02-03,1990-01-03,2025-01-31,8836,0.9785333374538269,False,True,0
2025-02-04,1990-01-03,2025-02-03,8837,0.9785274026821521,False,True,0
2025-02-05,1990-01-03,2025-02-04,8838,0.9785321982706889,False,True,0
2025-02-06,1990-01-03,2025-02-05,8839,0.9785351243519731,False,True,0
2025-02-07,1990-01-03,2025-02-06,8840,0.9785352307653741,False,True,0
2025-02-10,1990-01-03,2025-02-07,8841,0.9785281835892221,False,True,0
2025-02-11,1990-01-03,2025-02-10,8842,0.9785328193737358,False,True,0
2025-02-12,1990-01-03,2025-02-11,8843,0.9785332722969994,False,True,0
2025-02-13,1990-01-03,2025-02-12,8844,0.9785291035057044,False,True,0
2025-02-14,1990-01-03,2025-02-13,8845,0.978540066795612,False,True,0
2025-02-18,1990-01-03,2025-02-14,8846,0.9785341745991722,False,True,0
2025-02-19,1990-01-03,2025-02-18,8847,0.9785263517509026,False,True,0
2025-02-20,1990-01-03,2025-02-19,8848,0.9785179641580078,False,True,0
2025-02-21,1990-01-03,2025-02-20,8849,0.9785080296432965,False,True,0
2025-02-24,1990-01-03,2025-02-21,8850,0.9785098980111208,False,True,0
2025-02-25,1990-01-03,2025-02-24,8851,0.9785160496004099,False,True,0
2025-02-26,1990-01-03,2025-02-25,8852,0.9785230666008786,False,True,0
2025-02-27,1990-01-03,2025-02-26,8853,0.9785379340830478,False,True,0
2025-02-28,1990-01-03,2025-02-27,8854,0.978509774919567,False,True,0
2025-03-03,1990-01-03,2025-02-28,8855,0.9784889966283016,False,True,0
2025-03-04,1990-01-03,2025-03-03,8856,0.9784555508618908,False,True,0
2025-03-05,1990-01-03,2025-03-04,8857,0.9784419013596545,False,True,0
2025-03-06,1990-01-03,2025-03-05,8858,0.9784514676456905,False,True,0
2025-03-07,1990-01-03,2025-03-06,8859,0.9784142726701662,False,True,0
2025-03-10,1990-01-03,2025-03-07,8860,0.9784346760285731,False,True,0
2025-03-11,1990-01-03,2025-03-10,8861,0.9783953204536627,False,True,0
2025-03-12,1990-01-03,2025-03-11,8862,0.9784101623206106,False,True,0
2025-03-13,1990-01-03,2025-03-12,8863,0.9784273543841466,False,True,0
2025-03-14,1990-01-03,2025-03-13,8864,0.9784245306896197,False,True,0
2025-03-17,1990-01-03,2025-03-14,8865,0.9784163728228,False,True,0
2025-03-18,1990-01-03,2025-03-17,8866,0.978419253494558,False,True,0
2025-03-19,1990-01-03,2025-03-18,8867,0.9784162700749686,False,True,0
2025-03-20,1990-01-03,2025-03-19,8868,0.9784157499828129,False,True,0
2025-03-21,1990-01-03,2025-03-20,8869,0.9784081874473943,False,True,0
2025-03-24,1990-01-03,2025-03-21,8870,0.978395486112005,False,True,0
2025-03-25,1990-01-03,2025-03-24,8871,0.978423458445951,False,True,0
2025-03-26,1990-01-03,2025-03-25,8872,0.9784003739748088,False,True,0
2025-03-27,1990-01-03,2025-03-26,8873,0.9784019519360825,False,True,0
2025-03-28,1990-01-03,2025-03-27,8874,0.9783858363824487,False,True,0
2025-03-31,1990-01-03,2025-03-28,8875,0.9784083098594067,False,True,0
2025-04-01,1990-01-03,2025-03-31,8876,0.9784046083711899,False,True,0
2025-04-02,1990-01-03,2025-04-01,8877,0.9783947006054892,False,True,0
2025-04-03,1990-01-03,2025-04-02,8878,0.978384907815474,False,True,0
2025-04-04,1990-01-03,2025-04-03,8879,0.978485017448663,False,True,0
2025-04-07,1990-01-03,2025-04-04,8880,0.9783812333439263,False,True,0
2025-04-08,1990-01-03,2025-04-07,8881,0.9784178890342938,False,True,0
2025-04-09,1990-01-03,2025-04-08,8882,0.9784304243769401,False,True,0
2025-04-10,1990-01-03,2025-04-09,8883,0.9783584589855239,False,True,0
2025-04-11,1990-01-03,2025-04-10,8884,0.9783466007410512,False,True,0
2025-04-14,1990-01-03,2025-04-11,8885,0.978350777025636,False,True,0
2025-04-15,1990-01-03,2025-04-14,8886,0.9783507752279799,False,True,0
2025-04-16,1990-01-03,2025-04-15,8887,0.9783421833247804,False,True,0
2025-04-17,1990-01-03,2025-04-16,8888,0.9783451125318073,False,True,0
2025-04-21,1990-01-03,2025-04-17,8889,0.9783315057142757,False,True,0
2025-04-22,1990-01-03,2025-04-21,8890,0.9783371230684513,False,True,0
2025-04-23,1990-01-03,2025-04-22,8891,0.9783436169856585,False,True,0
2025-04-24,1990-01-03,2025-04-23,8892,0.978335368873068,False,True,0
2025-04-25,1990-01-03,2025-04-24,8893,0.9783422580972095,False,True,0
2025-04-28,1990-01-03,2025-04-25,8894,0.9783072567905692,False,True,0
2025-04-29,1990-01-03,2025-04-28,8895,0.978260325776578,False,True,0
2025-04-30,1990-01-03,2025-04-29,8896,0.9782115611044641,False,True,0
2025-05-01,1990-01-03,2025-04-30,8897,0.9781513629720472,False,True,0
2025-05-02,1990-01-03,2025-05-01,8898,0.9780977028866706,False,True,0
2025-05-05,1990-01-03,2025-05-02,8899,0.9781342391479262,False,True,0
2025-05-06,1990-01-03,2025-05-05,8900,0.9780894970912701,False,True,0
2025-05-07,1990-01-03,2025-05-06,8901,0.9780572863850542,False,True,0
2025-05-08,1990-01-03,2025-05-07,8902,0.9780010231682209,False,True,0
2025-05-09,1990-01-03,2025-05-08,8903,0.9779508129709215,False,True,0
2025-05-12,1990-01-03,2025-05-09,8904,0.9778837501502452,False,True,0
2025-05-13,1990-01-03,2025-05-12,8905,0.9782241588402134,False,True,0
2025-05-14,1990-01-03,2025-05-13,8906,0.9781937837184812,False,True,0
2025-05-15,1990-01-03,2025-05-14,8907,0.9781184953469244,False,True,0
2025-05-16,1990-01-03,2025-05-15,8908,0.9780548725336144,False,True,0
2025-05-19,1990-01-03,2025-05-16,8909,0.9780406823584562,False,True,0
2025-05-20,1990-01-03,2025-05-19,8910,0.9779588379498683,False,True,0
2025-05-21,1990-01-03,2025-05-20,8911,0.9779071910586492,False,True,0
2025-05-22,1990-01-03,2025-05-21,8912,0.978060816035691,False,True,0
2025-05-23,1990-01-03,2025-05-22,8913,0.9780275231230987,False,True,0
2025-05-27,1990-01-03,2025-05-23,8914,0.9780132188873518,False,True,0
2025-05-28,1990-01-03,2025-05-27,8915,0.9781088201560076,False,True,0
2025-05-29,1990-01-03,2025-05-28,8916,0.9780922147427649,False,True,0
2025-05-30,1990-01-03,2025-05-29,8917,0.9780678469124479,False,True,0
2025-06-02,1990-01-03,2025-05-30,8918,0.9780365195480469,False,True,0
2025-06-03,1990-01-03,2025-06-02,8919,0.9780103332878279,False,True,0
2025-06-04,1990-01-03,2025-06-03,8920,0.9779942314270804,False,True,0
2025-06-05,1990-01-03,2025-06-04,8921,0.9779553151871676,False,True,0
2025-06-06,1990-01-03,2025-06-05,8922,0.9779417903901095,False,True,0
2025-06-09,1990-01-03,2025-06-06,8923,0.9779794485508324,False,True,0
2025-06-10,1990-01-03,2025-06-09,8924,0.9779450015381052,False,True,0
2025-06-11,1990-01-03,2025-06-10,8925,0.9779393004677266,False,True,0
2025-06-12,1990-01-03,2025-06-11,8926,0.9779102582346558,False,True,0
2025-06-13,1990-01-03,2025-06-12,8927,0.977891305357022,False,True,0
2025-06-16,1990-01-03,2025-06-13,8928,0.9779371762787158,False,True,0
2025-06-17,1990-01-03,2025-06-16,8929,0.977946681314118,False,True,0
2025-06-18,1990-01-03,2025-06-17,8930,0.9779488438038457,False,True,0
2025-06-20,1990-01-03,2025-06-18,8931,0.9779452194266225,False,True,0
2025-06-23,1990-01-03,2025-06-20,8932,0.9779396433459582,False,True,0
2025-06-24,1990-01-03,2025-06-23,8933,0.9779473401335027,False,True,0
2025-06-25,1990-01-03,2025-06-24,8934,0.9779727813149738,False,True,0
2025-06-26,1990-01-03,2025-06-25,8935,0.9779593010220258,False,True,0
2025-06-27,1990-01-03,2025-06-26,8936,0.9779795576039203,False,True,0
2025-06-30,1990-01-03,2025-06-27,8937,0.9779812536891879,False,True,0
2025-07-01,1990-01-03,2025-06-30,8938,0.9779973100904403,False,True,0
2025-07-02,1990-01-03,2025-07-01,8939,0.977973761521688,False,True,0
2025-07-03,1990-01-03,2025-07-02,8940,0.977982404600516,False,True,0
2025-07-07,1990-01-03,2025-07-03,8941,0.9780239014230371,False,True,0
2025-07-08,1990-01-03,2025-07-07,8942,0.9780274694901295,False,True,0
2025-07-09,1990-01-03,2025-07-08,8943,0.9780252680468128,False,True,0
2025-07-10,1990-01-03,2025-07-09,8944,0.9780339655609906,False,True,0
2025-07-11,1990-01-03,2025-07-10,8945,0.9780342014190463,False,True,0
2025-07-14,1990-01-03,2025-07-11,8946,0.9780255162600484,False,True,0
2025-07-15,1990-01-03,2025-07-14,8947,0.9780266823455227,False,True,0
2025-07-16,1990-01-03,2025-07-15,8948,0.9780179890109804,False,True,0
2025-07-17,1990-01-03,2025-07-16,8949,0.9780255329585039,False,True,0
2025-07-18,1990-01-03,2025-07-17,8950,0.9780335349012408,False,True,0
2025-07-21,1990-01-03,2025-07-18,8951,0.9780351566392567,False,True,0
2025-07-22,1990-01-03,2025-07-21,8952,0.9780375476592098,False,True,0
2025-07-23,1990-01-03,2025-07-22,8953,0.9780387363763947,False,True,0
2025-07-24,1990-01-03,2025-07-23,8954,0.9780599265119625,False,True,0
2025-07-25,1990-01-03,2025-07-24,8955,0.9780618737698445,False,True,0
2025-07-28,1990-01-03,2025-07-25,8956,0.9780725889792234,False,True,0
2025-07-29,1990-01-03,2025-07-28,8957,0.978072814674611,False,True,0
2025-07-30,1990-01-03,2025-07-29,8958,0.9780613306875164,False,True,0
2025-07-31,1990-01-03,2025-07-30,8959,0.978062472226626,False,True,0
2025-08-01,1990-01-03,2025-07-31,8960,0.9780464979592418,False,True,0
2025-08-04,1990-01-03,2025-08-01,8961,0.9779471624805754,False,True,0
2025-08-05,1990-01-03,2025-08-04,8962,0.977871756410047,False,True,0
2025-08-06,1990-01-03,2025-08-05,8963,0.9778764280056108,False,True,0
2025-08-07,1990-01-03,2025-08-06,8964,0.977875888565363,False,True,0
2025-08-08,1990-01-03,2025-08-07,8965,0.9779051099279582,False,True,0
2025-08-11,1990-01-03,2025-08-08,8966,0.9778973179429814,False,True,0
2025-08-12,1990-01-03,2025-08-11,8967,0.977911568782826,False,True,0
2025-08-13,1990-01-03,2025-08-12,8968,0.9778787355069428,False,True,0
2025-08-14,1990-01-03,2025-08-13,8969,0.9778987938463319,False,True,0
2025-08-15,1990-01-03,2025-08-14,8970,0.9779187378090672,False,True,0
2025-08-18,1990-01-03,2025-08-15,8971,0.977923512504972,False,True,0
2025-08-19,1990-01-03,2025-08-18,8972,0.9779418519911532,False,True,0
2025-08-20,1990-01-03,2025-08-19,8973,0.977921498132389,False,True,0
2025-08-21,1990-01-03,2025-08-20,8974,0.9779345501263419,False,True,0
2025-08-22,1990-01-03,2025-08-21,8975,0.9779365166044176,False,True,0
2025-08-25,1990-01-03,2025-08-22,8976,0.9778827368323288,False,True,0
2025-08-26,1990-01-03,2025-08-25,8977,0.9778817522186248,False,True,0
2025-08-27,1990-01-03,2025-08-26,8978,0.9778999213317263,False,True,0
2025-08-28,1990-01-03,2025-08-27,8979,0.9779199889888465,False,True,0
2025-08-29,1990-01-03,2025-08-28,8980,0.9779371307394352,False,True,0
2025-09-02,1990-01-03,2025-08-29,8981,0.9779136723642606,False,True,0
2025-09-03,1990-01-03,2025-09-02,8982,0.9778954852333817,False,True,0
2025-09-04,1990-01-03,2025-09-03,8983,0.9779107611616398,False,True,0
2025-09-05,1990-01-03,2025-09-04,8984,0.9779039709516787,False,True,0
2025-09-08,1990-01-03,2025-09-05,8985,0.9779121711656575,False,True,0
2025-09-09,1990-01-03,2025-09-08,8986,0.9779329612266632,False,True,0
2025-09-10,1990-01-03,2025-09-09,8987,0.9779525957495282,False,True,0
2025-09-11,1990-01-03,2025-09-10,8988,0.9779692436327492,False,True,0
2025-09-12,1990-01-03,2025-09-11,8989,0.977960887264582,False,True,0
2025-09-15,1990-01-03,2025-09-12,8990,0.9779727172015552,False,True,0
2025-09-16,1990-01-03,2025-09-15,8991,0.9779824454001448,False,True,0
2025-09-17,1990-01-03,2025-09-16,8992,0.977988539313348,False,True,0
2025-09-18,1990-01-03,2025-09-17,8993,0.9779966479885509,False,True,0
2025-09-19,1990-01-03,2025-09-18,8994,0.9780058092243452,False,True,0
2025-09-22,1990-01-03,2025-09-19,8995,0.9780146264032576,False,True,0
2025-09-23,1990-01-03,2025-09-22,8996,0.9780177779728028,False,True,0
2025-09-24,1990-01-03,2025-09-23,8997,0.9779999537238251,False,True,0
2025-09-25,1990-01-03,2025-09-24,8998,0.9780032429734064,False,True,0
2025-09-26,1990-01-03,2025-09-25,8999,0.977988361645509,False,True,0
2025-09-29,1990-01-03,2025-09-26,9000,0.9779915047514774,False,True,0
2025-09-30,1990-01-03,2025-09-29,9001,0.9780142615318714,False,True,0
2025-10-01,1990-01-03,2025-09-30,9002,0.9780296655705768,False,True,0
2025-10-02,1990-01-03,2025-10-01,9003,0.9780422354718447,False,True,0
2025-10-03,1990-01-03,2025-10-02,9004,0.978062904425636,False,True,0
2025-10-06,1990-01-03,2025-10-03,9005,0.9780804837565166,False,True,0
2025-10-07,1990-01-03,2025-10-06,9006,0.9780967250896919,False,True,0
2025-10-08,1990-01-03,2025-10-07,9007,0.9780828816584629,False,True,0
2025-10-09,1990-01-03,2025-10-08,9008,0.9780793697078589,False,True,0
2025-10-10,1990-01-03,2025-10-09,9009,0.9780767395082051,False,True,0
2025-10-13,1990-01-03,2025-10-10,9010,0.9779319910542303,False,True,0
2025-10-14,1990-01-03,2025-10-13,9011,0.9778494731399132,False,True,0
2025-10-15,1990-01-03,2025-10-14,9012,0.9778962510440419,False,True,0
2025-10-16,1990-01-03,2025-10-15,9013,0.9779362082285221,False,True,0
2025-10-17,1990-01-03,2025-10-16,9014,0.9779438337233635,False,True,0
2025-10-20,1990-01-03,2025-10-17,9015,0.9779710928806942,False,True,0
2025-10-21,1990-01-03,2025-10-20,9016,0.9779514842190206,False,True,0
2025-10-22,1990-01-03,2025-10-21,9017,0.9779804552754738,False,True,0
2025-10-23,1990-01-03,2025-10-22,9018,0.977984762209248,False,True,0
2025-10-24,1990-01-03,2025-10-23,9019,0.9779984944045,False,True,0
2025-10-27,1990-01-03,2025-10-24,9020,0.9779988007461913,False,True,0
2025-10-28,1990-01-03,2025-10-27,9021,0.97796871468938,False,True,0
2025-10-29,1990-01-03,2025-10-28,9022,0.9779845578911465,False,True,0
2025-10-30,1990-01-03,2025-10-29,9023,0.977997137808244,False,True,0
2025-10-31,1990-01-03,2025-10-30,9024,0.9779775464588212,False,True,0
2025-11-03,1990-01-03,2025-10-31,9025,0.9779972234637219,False,True,0
2025-11-04,1990-01-03,2025-11-03,9026,0.9780131371505069,False,True,0
2025-11-05,1990-01-03,2025-11-04,9027,0.9779775804979953,False,True,0
2025-11-06,1990-01-03,2025-11-05,9028,0.9779982181556984,False,True,0
2025-11-07,1990-01-03,2025-11-06,9029,0.977966570025352,False,True,0
2025-11-10,1990-01-03,2025-11-07,9030,0.977994021785109,False,True,0
2025-11-11,1990-01-03,2025-11-10,9031,0.9779574572582792,False,True,0
2025-11-12,1990-01-03,2025-11-11,9032,0.977975200156737,False,True,0
2025-11-13,1990-01-03,2025-11-12,9033,0.9779906870534546,False,True,0
2025-11-14,1990-01-03,2025-11-13,9034,0.9779451758375631,False,True,0
2025-11-17,1990-01-03,2025-11-14,9035,0.9779709341909032,False,True,0
2025-11-18,1990-01-03,2025-11-17,9036,0.9779599845003817,False,True,0
2025-11-19,1990-01-03,2025-11-18,9037,0.9779567861695727,False,True,0
2025-11-20,1990-01-03,2025-11-19,9038,0.9779791287217637,False,True,0
2025-11-21,1990-01-03,2025-11-20,9039,0.9779436994094152,False,True,0
2025-11-24,1990-01-03,2025-11-21,9040,0.9779504357777405,False,True,0
2025-11-25,1990-01-03,2025-11-24,9041,0.977933757040336,False,True,0
2025-11-26,1990-01-03,2025-11-25,9042,0.977937955611738,False,True,0
2025-11-28,1990-01-03,2025-11-26,9043,0.9779435101505203,False,True,0
2025-12-01,1990-01-03,2025-11-28,9044,0.9779479222183918,False,True,0
2025-12-02,1990-01-03,2025-12-01,9045,0.9779445603725812,False,True,0
2025-12-03,1990-01-03,2025-12-02,9046,0.9779476386325208,False,True,0
2025-12-04,1990-01-03,2025-12-03,9047,0.9779475713158315,False,True,0
2025-12-05,1990-01-03,2025-12-04,9048,0.9779439682772693,False,True,0
2025-12-08,1990-01-03,2025-12-05,9049,0.9779369227894872,False,True,0
2025-12-09,1990-01-03,2025-12-08,9050,0.9779278167915658,False,True,0
2025-12-10,1990-01-03,2025-12-09,9051,0.9779204498123382,False,True,0
2025-12-11,1990-01-03,2025-12-10,9052,0.9779273681563347,False,True,0
2025-12-12,1990-01-03,2025-12-11,9053,0.9779186434920815,False,True,0
2025-12-15,1990-01-03,2025-12-12,9054,0.9779222196181976,False,True,0
2025-12-16,1990-01-03,2025-12-15,9055,0.977924791519736,False,True,0
2025-12-17,1990-01-03,2025-12-16,9056,0.9779245232210813,False,True,0
2025-12-18,1990-01-03,2025-12-17,9057,0.9779093032574511,False,True,0
2025-12-19,1990-01-03,2025-12-18,9058,0.9779135108543986,False,True,0
2025-12-22,1990-01-03,2025-12-19,9059,0.9779164309440944,False,True,0
2025-12-23,1990-01-03,2025-12-22,9060,0.9779217785819172,False,True,0
2025-12-24,1990-01-03,2025-12-23,9061,0.9779262480832649,False,True,0
2025-12-26,1990-01-03,2025-12-24,9062,0.9779269846947817,False,True,0
2025-12-29,1990-01-03,2025-12-26,9063,0.9779248948370151,False,True,0
2025-12-30,1990-01-03,2025-12-29,9064,0.9779171651528499,False,True,0
2025-12-31,1990-01-03,2025-12-30,9065,0.9779158586889078,False,True,0
2026-01-02,1990-01-03,2025-12-31,9066,0.9779063421830807,False,True,0
2026-01-05,1990-01-03,2026-01-02,9067,0.9779134909636222,False,True,0
2026-01-06,1990-01-03,2026-01-05,9068,0.9779185628435655,False,True,0
2026-01-07,1990-01-03,2026-01-06,9069,0.9779252014614219,False,True,0
2026-01-08,1990-01-03,2026-01-07,9070,0.9779198532573495,False,True,0
2026-01-09,1990-01-03,2026-01-08,9071,0.977921230932615,False,True,0
2026-01-12,1990-01-03,2026-01-09,9072,0.977930002303088,False,True,0
2026-01-13,1990-01-03,2026-01-12,9073,0.9779292675182033,False,True,0
2026-01-14,1990-01-03,2026-01-13,9074,0.9779235656081136,False,True,0
2026-01-15,1990-01-03,2026-01-14,9075,0.9779143030306431,False,True,0
2026-01-16,1990-01-03,2026-01-15,9076,0.977920786540791,False,True,0
2026-01-20,1990-01-03,2026-01-16,9077,0.9779248498236495,False,True,0
2026-01-21,1990-01-03,2026-01-20,9078,0.9778899104913861,False,True,0
2026-01-22,1990-01-03,2026-01-21,9079,0.9778693467171682,False,True,0
2026-01-23,1990-01-03,2026-01-22,9080,0.9778868964994726,False,True,0
2026-01-26,1990-01-03,2026-01-23,9081,0.9779120079032576,False,True,0
2026-01-27,1990-01-03,2026-01-26,9082,0.9779265837380432,False,True,0
2026-01-28,1990-01-03,2026-01-27,9083,0.9779422117584291,False,True,0
2026-01-29,1990-01-03,2026-01-28,9084,0.9779563357612465,False,True,0
2026-01-30,1990-01-03,2026-01-29,9085,0.9779659160018142,False,True,0
2026-02-02,1990-01-03,2026-01-30,9086,0.9779632132069316,False,True,0
2026-02-03,1990-01-03,2026-02-02,9087,0.9779725371985093,False,True,0
2026-02-04,1990-01-03,2026-02-03,9088,0.9779510861788779,False,True,0
2026-02-05,1990-01-03,2026-02-04,9089,0.9779524503624798,False,True,0
2026-02-06,1990-01-03,2026-02-05,9090,0.9779131033864756,False,True,0
2026-02-09,1990-01-03,2026-02-06,9091,0.9778523713645773,False,True,0
2026-02-10,1990-01-03,2026-02-09,9092,0.9778702525174141,False,True,0
2026-02-11,1990-01-03,2026-02-10,9093,0.977879561716874,False,True,0
2026-02-12,1990-01-03,2026-02-11,9094,0.9778958194200357,False,True,0
2026-02-13,1990-01-03,2026-02-12,9095,0.9778550727031611,False,True,0
2026-02-17,1990-01-03,2026-02-13,9096,0.9778789873901123,False,True,0
2026-02-18,1990-01-03,2026-02-17,9097,0.9778977460830929,False,True,0
2026-02-19,1990-01-03,2026-02-18,9098,0.9779092245589419,False,True,0
2026-02-20,1990-01-03,2026-02-19,9099,0.9779163756946226,False,True,0
2026-02-23,1990-01-03,2026-02-20,9100,0.9779218797465684,False,True,0
2026-02-24,1990-01-03,2026-02-23,9101,0.977906137519319,False,True,0
2026-02-25,1990-01-03,2026-02-24,9102,0.9779107858981471,False,True,0
2026-02-26,1990-01-03,2026-02-25,9103,0.9779143992010895,False,True,0
2026-02-27,1990-01-03,2026-02-26,9104,0.9779127990678765,False,True,0
2026-03-02,1990-01-03,2026-02-27,9105,0.9779147506603909,False,True,0
2026-03-03,1990-01-03,2026-03-02,9106,0.9779241642578326,False,True,0
2026-03-04,1990-01-03,2026-03-03,9107,0.9779123034887154,False,True,0
2026-03-05,1990-01-03,2026-03-04,9108,0.9779170968423798,False,True,0
2026-03-06,1990-01-03,2026-03-05,9109,0.9779155613502898,False,True,0
2026-03-09,1990-01-03,2026-03-06,9110,0.9778890497592694,False,True,0
2026-03-10,1990-01-03,2026-03-09,9111,0.9779012860682046,False,True,0
2026-03-11,1990-01-03,2026-03-10,9112,0.9779112437049405,False,True,0
2026-03-12,1990-01-03,2026-03-11,9113,0.9779206816445231,False,True,0
2026-03-13,1990-01-03,2026-03-12,9114,0.9778901199987015,False,True,0
2026-03-16,1990-01-03,2026-03-13,9115,0.9778941810570806,False,True,0
2026-03-17,1990-01-03,2026-03-16,9116,0.9778964045867459,False,True,0
2026-03-18,1990-01-03,2026-03-17,9117,0.9779061258754386,False,True,0
2026-03-19,1990-01-03,2026-03-18,9118,0.9778941037077453,False,True,0
2026-03-20,1990-01-03,2026-03-19,9119,0.9779042594957924,False,True,0
2026-03-23,1990-01-03,2026-03-20,9120,0.9778888681201843,False,True,0
2026-03-24,1990-01-03,2026-03-23,9121,0.9778907504171863,False,True,0
2026-03-25,1990-01-03,2026-03-24,9122,0.9778967170957222,False,True,0
2026-03-26,1990-01-03,2026-03-25,9123,0.9779009948304273,False,True,0
2026-03-27,1990-01-03,2026-03-26,9124,0.9778901735559916,False,True,0
2026-03-30,1990-01-03,2026-03-27,9125,0.9778759806892827,False,True,0
2026-03-31,1990-01-03,2026-03-30,9126,0.977889200603432,False,True,0
2026-04-01,1990-01-03,2026-03-31,9127,0.9778726910742899,False,True,0
2026-04-02,1990-01-03,2026-04-01,9128,0.9778762966906109,False,True,0
2026-04-06,1990-01-03,2026-04-02,9129,0.9778727829750491,False,True,0
2026-04-07,1990-01-03,2026-04-06,9130,0.9778681007342692,False,True,0
2026-04-08,1990-01-03,2026-04-07,9131,0.9778559426528147,False,True,0
2026-04-09,1990-01-03,2026-04-08,9132,0.9779341635839723,False,True,0
2026-04-10,1990-01-03,2026-04-09,9133,0.9779243942743777,False,True,0
2026-04-13,1990-01-03,2026-04-10,9134,0.977901228672482,False,True,0
2026-04-14,1990-01-03,2026-04-13,9135,0.9779300790572216,False,True,0
2026-04-15,1990-01-03,2026-04-14,9136,0.9779806594680878,False,True,0
2026-04-16,1990-01-03,2026-04-15,9137,0.9779927252548194,False,True,0
2026-04-17,1990-01-03,2026-04-16,9138,0.9779629769714651,False,True,0
2026-04-20,1990-01-03,2026-04-17,9139,0.9780464157375457,False,True,0
2026-04-21,1990-01-03,2026-04-20,9140,0.9780168948667319,False,True,0
2026-04-22,1990-01-03,2026-04-21,9141,0.9780087370422351,False,True,0
2026-04-23,1990-01-03,2026-04-22,9142,0.9780487159406854,False,True,0
2026-04-24,1990-01-03,2026-04-23,9143,0.9780308413003386,False,True,0
2026-04-27,1990-01-03,2026-04-24,9144,0.9780476216604372,False,True,0
2026-04-28,1990-01-03,2026-04-27,9145,0.9780274878528118,False,True,0
2026-04-29,1990-01-03,2026-04-28,9146,0.9780156963042506,False,True,0
2026-04-30,1990-01-03,2026-04-29,9147,0.978000850680511,False,True,0
2026-05-01,1990-01-03,2026-04-30,9148,0.9780385817015783,False,True,0
2026-05-04,1990-01-03,2026-05-01,9149,0.978026364392433,False,True,0
2026-05-05,1990-01-03,2026-05-04,9150,0.9780134081180907,False,True,0
2026-05-06,1990-01-03,2026-05-05,9151,0.9780333876597888,False,True,0
2026-05-07,1990-01-03,2026-05-06,9152,0.9781066961464591,False,True,0
2026-05-08,1990-01-03,2026-05-07,9153,0.9780944192410155,False,True,0
2026-05-11,1990-01-03,2026-05-08,9154,0.9781163451848464,False,True,0
2026-05-12,1990-01-03,2026-05-11,9155,0.9781065676935438,False,True,0
2026-05-13,1990-01-03,2026-05-12,9156,0.9780951481912568,False,True,0
2026-05-14,1990-01-03,2026-05-13,9157,0.9781003736616394,False,True,0
2026-05-15,1990-01-03,2026-05-14,9158,0.9781298110630022,False,True,0
2026-05-18,1990-01-03,2026-05-15,9159,0.9781436843163743,False,True,0
2026-05-19,1990-01-03,2026-05-18,9160,0.978155316209625,False,True,0
2026-05-20,1990-01-03,2026-05-19,9161,0.9781442033678859,False,True,0
2026-05-21,1990-01-03,2026-05-20,9162,0.9781307637175105,False,True,0
2026-05-22,1990-01-03,2026-05-21,9163,0.9781467903493088,False,True,0
2026-05-26,1990-01-03,2026-05-22,9164,0.9781532578148382,False,True,0
2026-05-27,1990-01-03,2026-05-26,9165,0.978155100489044,False,True,0
2026-05-28,1990-01-03,2026-05-27,9166,0.9781632549085649,False,True,0
2026-05-29,1990-01-03,2026-05-28,9167,0.9781728143760766,False,True,0
2026-06-01,1990-01-03,2026-05-29,9168,0.9781786588248059,False,True,0
2026-06-02,1990-01-03,2026-06-01,9169,0.9781850905827417,False,True,0
2026-06-03,1990-01-03,2026-06-02,9170,0.9781905082821309,False,True,0
2026-06-04,1990-01-03,2026-06-03,9171,0.9781656382178973,False,True,0
2026-06-05,1990-01-03,2026-06-04,9172,0.9781796352330541,False,True,0
2026-06-08,1990-01-03,2026-06-05,9173,0.9781044258580024,False,True,0
2026-06-09,1990-01-03,2026-06-08,9174,0.9781500227784437,False,True,0
2026-06-10,1990-01-03,2026-06-09,9175,0.9781833451297612,False,True,0
2026-06-11,1990-01-03,2026-06-10,9176,0.9781176076408661,False,True,0
2026-06-12,1990-01-03,2026-06-11,9177,0.9780611453569668,False,True,0
2026-06-15,1990-01-03,2026-06-12,9178,0.9780888756842552,False,True,0
2026-06-16,1990-01-03,2026-06-15,9179,0.9780466784427616,False,True,0
2026-06-17,1990-01-03,2026-06-16,9180,0.9780544432552314,False,True,0
2026-06-18,1990-01-03,2026-06-17,9181,0.9780328538349169,False,True,0
2026-06-22,1990-01-03,2026-06-18,9182,0.9780322749373064,False,True,0
2026-06-23,1990-01-03,2026-06-22,9183,0.9780448912023366,False,True,0
2026-06-24,1990-01-03,2026-06-23,9184,0.9780230729611435,False,True,0
2026-06-25,1990-01-03,2026-06-24,9185,0.9780430010273633,False,True,0
2026-06-26,1990-01-03,2026-06-25,9186,0.9780584085150663,False,True,0
2026-06-29,1990-01-03,2026-06-26,9187,0.9780683037834357,False,True,0
2026-06-30,1990-01-03,2026-06-29,9188,0.9780686186027737,False,True,0
2026-07-01,1990-01-03,2026-06-30,9189,0.9780720075272084,False,True,0
2026-07-02,1990-01-03,2026-07-01,9190,0.9780684010827434,False,True,0
2026-07-06,1990-01-03,2026-07-02,9191,0.9780646815859702,False,True,0
2026-07-07,1990-01-03,2026-07-06,9192,0.9780675014331521,False,True,0
2026-07-08,1990-01-03,2026-07-07,9193,0.9780584012424786,False,True,0
2026-07-09,1990-01-03,2026-07-08,9194,0.9780503815923486,False,True,0
2026-07-10,1990-01-03,2026-07-09,9195,0.9780569236231973,False,True,0
2026-07-13,1990-01-03,2026-07-10,9196,0.9780511917402707,False,True,0
2026-07-14,1990-01-03,2026-07-13,9197,0.9780475980311135,False,True,0
2026-07-15,1990-01-03,2026-07-14,9198,0.9780462642476381,False,True,0
2026-07-16,1990-01-03,2026-07-15,9199,0.9780432828682433,False,True,0
2026-07-17,1990-01-03,2026-07-16,9200,0.9780351352033563,False,True,0
2026-07-20,1990-01-03,2026-07-17,9201,0.9780288357708639,False,True,0
2026-07-21,1990-01-03,2026-07-20,9202,0.9780327983410765,False,True,0
2026-07-22,1990-01-03,2026-07-21,9203,0.9780366922905906,False,True,0
2026-07-23,1990-01-03,2026-07-22,9204,0.9780360322256497,False,True,0
2026-07-24,1990-01-03,2026-07-23,9205,0.978026867263978,False,True,0
2026-07-27,1990-01-03,2026-07-24,9206,0.978036598036609,False,True,0
2026-07-28,1990-01-03,2026-07-27,9207,0.9780423950057475,False,True,0
2026-07-29,1990-01-03,2026-07-28,9208,0.9780447187334023,False,True,0
2026-07-30,1990-01-03,2026-07-29,9209,0.9780309044817898,False,True,0
2026-07-31,1990-01-03,2026-07-30,9210,0.9780162284655608,False,True,0
2026-08-03,1990-01-03,2026-07-31,9211,0.9780216559662928,False,True,0
2026-08-04,1990-01-03,2026-08-03,9212,0.9780228628672804,False,True,0
2026-08-05,1990-01-03,2026-08-04,9213,0.9780341909774262,False,True,0
2026-08-06,1990-01-03,2026-08-05,9214,0.9780316900778862,False,True,0
2026-08-07,1990-01-03,2026-08-06,9215,0.978027926052364,False,True,0
2026-08-10,1990-01-03,2026-08-07,9216,0.9780311266125504,False,True,0
2026-08-11,1990-01-03,2026-08-10,9217,0.9780246060515659,False,True,0
2026-08-12,1990-01-03,2026-08-11,9218,0.9780159441238884,False,True,0
2026-08-13,1990-01-03,2026-08-12,9219,0.9780121338855378,False,True,0
2026-08-14,1990-01-03,2026-08-13,9220,0.9780195950187175,False,True,0
2026-08-17,1990-01-03,2026-08-14,9221,0.9780094968989826,False,True,0
2026-08-18,1990-01-03,2026-08-17,9222,0.9780010513879575,False,True,0
2026-08-19,1990-01-03,2026-08-18,9223,0.9779930894530314,False,True,0
2026-08-20,1990-01-03,2026-08-19,9224,0.9779987780996605,False,True,0
2026-08-21,1990-01-03,2026-08-20,9225,0.9779870518334112,False,True,0
2026-08-24,1990-01-03,2026-08-21,9226,0.9779964548532256,False,True,0
