date,cond_vol_rolling,std_resid_rolling
1991-12-24,0.00807589655782997,0.7807570630232621
1991-12-26,0.007933286598215064,1.7273810801927874
1991-12-27,0.007940757250535167,0.5029222955057532
1991-12-30,0.007762352447924189,2.7221574937101423
1991-12-31,0.008024732988334038,0.5839657284449741
1992-01-02,0.007843534104230915,0.05195808816093115
1992-01-03,0.007578094772082963,0.6561657022921517
1992-01-06,0.0074272156751019084,-0.4438169573498041
1992-01-07,0.0074339527161917185,-0.18035273458725118
1992-01-08,0.007307459582529665,0.22930991563012146
1992-01-09,0.0071061880578728006,-0.16502594445187582
1992-01-10,0.006987424463441053,-0.8627610693841109
1992-01-13,0.007266372851725945,-0.2522009014380146
1992-01-14,0.007202662803520206,2.029097318768395
1992-01-15,0.0072563363607005705,0.10811960683557048
1992-01-16,0.00705317474155281,-0.8652361439503131
1992-01-17,0.00733820829679013,0.21163503338383308
1992-01-20,0.007147306875941809,-0.8375832851441765
1992-01-21,0.007417259398333629,-1.2099695252386153
1992-01-22,0.007916288612450223,1.6695731611002085
1992-01-23,0.007883406785974266,-0.9653556375872322
1992-01-24,0.00825410769956922,0.15172995031130526
1992-01-27,0.00801055809726028,-0.14731867182515182
1992-01-28,0.007872904907007434,-0.009182197995165862
1992-01-29,0.007665977671796661,-1.4604835178023556
1992-01-30,0.008332307281010646,0.37378678718410563
1992-01-31,0.008106191752955924,-0.8540965925139454
1992-02-03,0.008390910242720878,0.21845623678582068
1992-02-04,0.008147528131517263,1.2879300577918313
1992-02-05,0.008053504872353956,-0.003003317655931674
1992-02-06,0.007837854054456637,-0.006162716928599441
1992-02-07,0.007632960146399272,-0.8671543576044068
1992-02-10,0.007911355482989787,0.8213608446566107
1992-02-11,0.007762970522684788,-0.0031068202698656118
1992-02-12,0.007556690088209119,1.0734615604985651
1992-02-13,0.00745755054800154,-1.1104220474633637
1992-02-14,0.00787267305253581,-0.3720668400906995
1992-02-18,0.00785944280689277,-1.5829778165495012
1992-02-19,0.008595752546009909,0.25103415694136627
1992-02-20,0.008340168042316604,1.64506682277498
1992-02-21,0.008298518130783942,-0.7212740184438402
1992-02-24,0.00849651059252209,0.24004788252620513
1992-02-25,0.008257258457844798,-0.5358072964915855
1992-02-26,0.008336511309646872,1.4235456540844293
1992-02-27,0.008244613245016293,-0.4359011010143264
1992-02-28,0.008270550932139513,-0.339366829978474
1992-03-02,0.00823730870421084,-0.07356170026226448
1992-03-03,0.008053226111673101,0.12036539527418243
1992-03-04,0.007832997686751943,-1.0931577041840081
1992-03-05,0.008240118606804278,-0.8389552692948393
1992-03-06,0.008499394372654545,-0.6006489957789605
1992-03-09,0.008604267704408202,0.2210565685283174
1992-03-10,0.008351595813879072,0.49541244365407816
1992-03-11,0.008144724234356034,-0.8660557229583122
1992-03-12,0.0084064013814029,-0.0412221193433033
1992-03-13,0.008179068062197453,0.5888671265042136
1992-03-16,0.007993883689086146,0.16942221395263096
1992-03-17,0.00777280754506034,1.0059281502974355
1992-03-18,0.007666389653800928,-0.13701228552205483
1992-03-19,0.007523744894275524,0.2109832249081928
1992-03-20,0.007323902450518516,0.4988651289253218
1992-03-23,0.007160697647574657,-0.4727490787917402
1992-03-24,0.007182365011352858,-0.3502893454895031
1992-03-25,0.007137271690364,-0.46680892564142834
1992-03-26,0.0071469838972934826,0.11668671549743027
1992-03-27,0.006925919244176223,-1.5517730224586261
1992-03-30,0.007547256744293207,-0.16428827126606751
1992-03-31,0.007386720893422635,0.23159136623134916
1992-04-01,0.007167625510954776,0.18650351418852668
1992-04-02,0.0069470435262507365,-1.3344214028739931
1992-04-03,0.007432453959009476,0.3522741937880817
1992-04-06,0.007225908129969486,1.3853981668252504
1992-04-07,0.007239811373103021,-2.5884716587242687
1992-04-08,0.008470886140192401,-1.060526741028602
1992-04-09,0.00885781605495988,1.7435634983292114
1992-04-10,0.0089220203538256,1.016491553951747
1992-04-13,0.008769948330513646,0.503730230178102
1992-04-14,0.008536428620824214,1.8063042863276724
1992-04-15,0.008518074687575402,1.102193760277603
1992-04-16,0.008380600354182546,-0.06881103849889401
1992-04-20,0.008168472789055976,-1.736598811121949
1992-04-21,0.00902627121656168,0.02161013815506671
1992-04-22,0.008722948856642479,-0.12581721829154846
1992-04-23,0.008529688866522033,0.510966714003453
1992-04-24,0.008321609318670938,-0.7556219963267116
1992-04-27,0.008521450361631142,-0.16364468597901596
1992-04-28,0.008365619797578995,0.19299168467933886
1992-04-29,0.008138762783026565,0.8708734549481912
1992-04-30,0.007992216334305252,0.8866370691229405
1992-05-01,0.007852885193778742,-0.7448387279708908
1992-05-04,0.008038930774785541,1.3137882141940145
1992-05-05,0.00794435249985876,-0.02113874122748023
1992-05-06,0.007745473445318805,-0.01548362524795458
1992-05-07,0.007551623100281132,-0.298993383109711
1992-05-08,0.00750272038552435,0.06408115850437614
1992-05-11,0.007300485932701892,0.8009816735240848
1992-05-12,0.0071753048764965684,-0.7345775875162452
1992-05-13,0.0073499516088509735,0.05228366304067073
1992-05-14,0.007146728813923433,-1.1165782100841575
1992-05-15,0.007528446116340673,-0.984255587111197
1992-05-18,0.007845076544477613,0.842667863641348
1992-05-19,0.007702815085877619,1.1147669322191782
1992-05-20,0.007599250860575435,-0.31008360138633023
1992-05-21,0.007549981081037343,-0.8926191644416211
1992-05-22,0.007814231177236597,0.43966447799827835
1992-05-26,0.007626509471690762,-0.8292079432376299
1992-05-27,0.007853504169104313,0.23500657464614202
1992-05-28,0.0076420993442773075,1.4428737484056813
1992-05-29,0.0075861839053363855,-0.44039925348691583
1992-06-01,0.007603542987397023,0.6160030097686133
1992-06-02,0.007444568442208116,-1.2287943824230434
1992-06-03,0.007889573184602717,0.33367543705906616
1992-06-04,0.007688290865336907,-0.41792289527581483
1992-06-05,0.007687050661771847,0.06923511082924565
1992-06-08,0.007471049041821214,-0.03885983449031515
1992-06-09,0.007280721962146883,-1.1009023668252937
1992-06-10,0.007639052834998697,-0.9001426181351019
1992-06-11,0.007894825397327037,0.5586090145390474
1992-06-12,0.007713413363635863,0.2248392617755695
1992-06-15,0.007504400032855251,0.1722457861809767
1992-06-16,0.007298617377429625,-0.6594466683928737
1992-06-17,0.007410207821207839,-2.0178285160980396
1992-06-18,0.008303477253422464,-0.38983904051675333
1992-06-19,0.008250324329649469,0.8164643094802548
1992-06-22,0.008095950496893278,-0.08265062436695636
1992-06-23,0.007891004709164812,0.20089884345349582
1992-06-24,0.0076730403609491194,-0.0645315600880603
1992-06-25,0.0074776968113395015,-0.23864013610176596
1992-06-26,0.0073660629910084156,0.11109357771441912
1992-06-29,0.007153765192044145,1.889334786790846
1992-06-30,0.007229543889183814,-0.27085571695137306
1992-07-01,0.007150094408908708,1.6149041277909966
1992-07-02,0.007153131532004685,-0.376351433488213
1992-07-06,0.007129291687953823,0.7033661554258712
1992-07-07,0.007004812724285059,-1.6236166125636842
1992-07-08,0.0075797770367624,0.36063909420308027
1992-07-09,0.007403239086347625,1.294237706446131
1992-07-10,0.007346778723329126,0.12808670636530117
1992-07-13,0.007162340464426221,0.08415964722708683
1992-07-14,0.0069804141023447055,0.9670436585379895
1992-07-15,0.006890898571677546,-0.20165087560721723
1992-07-16,0.006797613540785562,0.15510630418847765
1992-07-17,0.0066273224808192435,-0.6954541670129433
1992-07-20,0.006743247381741627,-0.6687345974055031
1992-07-21,0.006847465945330969,0.0035330580044997586
1992-07-22,0.006660291298499305,-1.0304734451545425
1992-07-23,0.006929299554291867,0.4033029290520105
1992-07-24,0.006769702647060945,-0.17215732273338177
1992-07-27,0.0066494696160552666,-0.021923144927020657
1992-07-28,0.006467106904670871,2.2307006412513433
1992-07-29,0.00659151067291663,1.701854827487114
1992-07-30,0.00661158657576696,0.6041779129556085
1992-07-31,0.0064894505269803525,0.10537188518858868
1992-08-03,0.006323610772781801,0.32770946463075523
1992-08-04,0.0061764426690480104,-0.27828081896578516
1992-08-05,0.006116400258792948,-0.8381828192982632
1992-08-06,0.006288558999409875,-0.6037912245885763
1992-08-07,0.006360236202106442,-0.640539786940765
1992-08-10,0.0064471907362479795,0.19983000229424985
1992-08-11,0.00627793737133262,-0.19761636058941004
1992-08-12,0.00617655645679147,-0.43345157463500994
1992-08-13,0.006167088452883229,-0.019402697996014243
1992-08-14,0.005993524671055922,0.8684529557562298
1992-08-17,0.005912067510202361,0.3340001057230166
1992-08-18,0.005758546689373249,0.24746825689300803
1992-08-19,0.00559586588144163,-1.3410291852762262
1992-08-20,0.005972826693458849,0.028025512931811516
1992-08-21,0.005790039203673409,-1.4138502285971828
1992-08-24,0.006204178967808152,-1.6126716814356392
1992-08-25,0.006748623035742034,0.32073852735232844
1992-08-26,0.006559117795316266,0.7021459621917242
1992-08-27,0.006435554555511144,0.00751119202957135
1992-08-28,0.006239367681273114,0.5069158903045986
1992-08-31,0.006099019382487278,-0.32045526526261653
1992-09-01,0.006035042269761085,0.8144269253258734
1992-09-02,0.005943273263279858,0.7706322142471262
1992-09-03,0.005846867520554354,0.0
1992-09-04,0.005677200118460951,-0.37969298293137604
1992-09-08,0.005636729327211107,-1.1265044112916807
1992-09-09,0.005889988757728412,0.7847244503908648
1992-09-10,0.005796323096041331,1.4811890282991536
1992-09-11,0.005815573865452023,-0.1515769069088393
1992-09-14,0.005695927966397938,2.3648572511526975
1992-09-15,0.005847649724532893,-2.226077150335337
1992-09-16,0.006632711414129789,0.05387432667523678
1992-09-17,0.006419627381770407,0.0037018282289396002
1992-09-18,0.006221792082490439,1.1441478640941773
1992-09-21,0.00618875415670053,-0.30209894925148656
1992-09-22,0.006116785145256456,-1.9479375202986209
1992-09-23,0.0067983876429881475,0.1057449633419283
1992-09-24,0.006579268242503371,0.37456725604486363
1992-09-25,0.006403603458617252,-1.545093122624816
1992-09-28,0.006917368209163145,0.7898208458931761
1992-09-29,0.006802184334464057,0.06349982516053533
1992-09-30,0.00658350479997117,0.36399438083768
1992-10-01,0.0064064833922747024,-0.5651566363605348
1992-10-02,0.006427839396700166,-2.190363642159376
1992-10-05,0.00726506053000922,-0.9759220200017799
1992-10-06,0.007526223473995955,-0.1272065484868586
1992-10-07,0.007303235552731688,-0.9888537237369074
1992-10-08,0.007563710538434823,1.139750523251887
1992-10-09,0.007535400906466181,-1.66702464328705
1992-10-12,0.008254204487993052,1.429713316720272
1992-10-13,0.008287914768966436,0.5495550126592458
1992-10-14,0.008068471569827405,0.02119694804315441
1992-10-15,0.007793767021952609,0.07207143580677276
1992-10-16,0.007547199077357403,0.6872394272918129
1992-10-19,0.007397043305373551,1.0629289366075898
1992-10-20,0.007315874231763525,0.16459441364058736
1992-10-21,0.007114884710061606,0.06426017375152115
1992-10-22,0.006918448944321432,-0.26800745610878557
1992-10-23,0.0068361621625040525,-0.2823232233786929
1992-10-26,0.006758902545363903,1.4435239753946472
1992-10-27,0.006744618680491874,0.1169566911164757
1992-10-28,0.006572069884859105,0.5951286944511623
1992-10-29,0.006444874254216562,0.26936184005534614
1992-10-30,0.006287785745937084,-0.8259369388950016
1992-11-02,0.006429041415496734,1.504750033540706
1992-11-03,0.0064279324310826825,-1.0449299101651528
1992-11-04,0.00667149750353065,-1.0064169333538375
1992-11-05,0.006907554801080851,0.42627955826809444
1992-11-06,0.0067465161933301186,-0.26952869816168595
1992-11-09,0.006659805243450036,0.3627435322932089
1992-11-10,0.006707565547793762,0.010684009134874741
1992-11-11,0.006568718144253405,1.296385173635407
1992-11-12,0.006508932006462228,0.24360791146947763
1992-11-13,0.0063881948498125665,-0.16296566159462797
1992-11-16,0.006316653432269939,-0.6571997438422542
1992-11-17,0.006411015209953258,-0.5236853346405457
1992-11-18,0.006460255818633049,1.316115538668245
1992-11-19,0.0064036799210931096,0.2804114829036114
1992-11-20,0.006288041995216799,1.1372068820757382
1992-11-23,0.006224413944879882,-0.5771660083918034
1992-11-24,0.006291900445581997,0.9207573283851159
1992-11-25,0.006215823183424044,0.6008750460813266
1992-11-27,0.006123389083307769,0.3686723106741924
1992-11-30,0.006020373635726114,0.4588749510834312
1992-12-01,0.005924999077852345,-0.223177006360144
1992-12-02,0.005882052927634891,-0.35159833785051786
1992-12-03,0.005879421375965532,0.007908412679120977
1992-12-04,0.02621290320621092,0.19030966640408994
1992-12-07,0.005659338067661667,1.3241749159843108
1992-12-08,0.005875362540447074,0.6555976445859117
1992-12-09,0.0057842714936024876,-0.5309457772386259
1992-12-10,0.006100410514193478,-0.3804692677700161
1992-12-11,0.006204954205808069,-0.33777685675450575
1992-12-14,0.006245426311381381,-0.32889824850657257
1992-12-15,0.006270330366414833,-0.09950932212469014
1992-12-16,0.006010221587721489,-0.4043687826225486
1992-12-17,0.011899743038764012,0.7580161860537872
1992-12-18,0.011693943786470342,1.141236892982173
1992-12-21,0.011501090412513374,-0.1143537042453774
1992-12-22,0.011355075314541078,-0.07797225259444113
1992-12-23,0.011146407443329086,-0.26118493080331834
1992-12-24,0.011286118501971275,0.14921807688686328
1992-12-28,0.01108370525181672,-0.12728699395724685
1992-12-29,0.010964963349549075,-0.24329804506188418
1992-12-30,0.011066855106435812,0.17313415315904346
1992-12-31,0.010870540950651701,-0.654287409991662
1993-01-04,0.011780292455845935,-0.06431424650082632
1993-01-05,0.011560688063158164,-0.20687307477841083
1993-01-06,0.011598645354935953,0.035721342223614165
1993-01-07,0.011385854180822325,-0.7694178188495374
1993-01-08,0.012591047211799067,-0.3103820774087068
1993-01-11,0.01286684531505356,0.3434150725566492
1993-01-12,0.012627175006145195,0.016536606690734812
1993-01-13,0.012386676355631262,0.37185873513898393
1993-01-14,0.012160255729987997,0.5507793669200418
1993-01-15,0.011943508811848202,0.2320714044598243
1993-01-18,0.014190066781012374,-0.04999164059195425
1993-01-19,0.01322881939079483,-0.2964844097208546
1993-01-20,0.014048305612234423,-0.2885040395941358
1993-01-21,0.014067478978464075,0.34689628326788563
1993-01-22,0.015394246354368734,0.09241504863423622
1993-01-25,0.013570356981239587,0.656062667746759
1993-01-26,0.01803867170471977,-0.007559552340038466
1993-01-27,0.01326704727084457,-0.3159048724061489
1993-01-28,0.01928309215977975,0.06506461249116545
1993-01-29,0.01842594753232293,0.014843841637772142
1993-02-01,0.018640422143323388,0.455327167262483
1993-02-02,0.01742796398104384,0.003889639179505075
1993-02-03,0.018768164276552292,0.5569284322088758
1993-02-04,0.004937623116723981,1.0659728289329113
1993-02-05,0.005390373097107318,-0.26016083212821806
1993-02-08,0.0054216367599159,-0.44425490418422314
1993-02-09,0.005574194150341511,-1.0123110496854122
1993-02-10,0.006131915260744619,0.3292590452728512
1993-02-11,0.005968445971356857,0.536066695542246
1993-02-12,0.054222193503237925,-0.1273286340224012
1993-02-18,0.03167246313963724,-0.10217818312648186
1993-02-19,0.0027269531665173492,1.9645570551959886
1993-02-23,0.009663357207553654,-0.10466895218179112
1993-02-24,0.009393626448451564,1.475884658337698
1993-02-25,0.00935015163150465,0.3560126786588621
1993-02-26,0.00901485093790349,0.2605026231779986
1993-03-01,0.008673391848788247,-0.3568007629114963
1993-03-02,0.007649539082106829,1.730490045789132
1993-03-03,0.0078279550746568,0.38730765045911086
1993-03-04,0.003087114537138072,-1.3873417156773757
1993-03-05,0.0031031153322123688,-0.8873012619115135
1993-03-08,0.003125979050164637,6.108265112352609
1993-03-09,0.006259685858499925,-0.10894801435036074
1993-03-10,0.0060530686659339104,0.700198333320423
1993-03-11,0.0059096811942364194,-0.9705992584827634
1993-03-12,0.0061616146661669655,-1.3974529547676477
1993-03-15,0.006664345116869383,0.5327758438302063
1993-03-16,0.006479847190533888,-0.02051196496069669
1993-03-17,0.00624927305940805,-1.0885169253972953
1993-03-18,0.006564850917974401,1.2115839247765254
1993-03-19,0.006546380314177397,-0.5791495606205564
1993-03-22,0.006588762933838782,-0.4389115566477081
1993-03-23,0.006555376938499855,-0.04078436448055456
1993-03-24,0.006341604560589012,-0.24264503849815564
1993-03-25,0.006196263902305701,1.0089552483605728
1993-03-26,0.0061471579478510055,-1.1223401046681911
1993-03-29,0.006460181195317719,1.0301831131212087
1993-03-30,0.006397716459792081,0.415554744466669
1993-03-31,0.006216036116739526,-0.10681312256827126
1993-04-01,0.006038904157842319,-0.5030472653774846
1993-04-02,0.006005864234604271,-3.327602465384739
1993-04-05,0.00737537308702459,0.2761790163701191
1993-04-06,0.007123326938984361,-0.35912504542313506
1993-04-07,0.007029133153433187,0.5053963869998649
1993-04-08,0.006828626192871617,-0.2946875223609905
1993-04-12,0.0066872874348969606,2.193857578032273
1993-04-13,0.006914290931073431,0.2739217494269747
1993-04-14,0.006705060538031969,-0.1860352242118045
1993-04-15,0.006558787578831008,-0.08838419513961761
1993-04-16,0.006355495622283516,0.18937569103148208
1993-04-19,0.006251177168468145,-0.5282404776155445
1993-04-20,0.006712351061116621,-0.7878222348300866
1993-04-21,0.006999048290518495,-0.47264955277258613
1993-04-22,0.007050337604777916,-1.3395403446729257
1993-04-23,0.006744260278381015,-0.82215705865561
1993-04-26,0.0068981648630665636,-1.1623027449225423
1993-04-27,0.007276611865005746,1.4096779896136866
1993-04-28,0.007315744300465048,0.00311422737053318
1993-04-29,0.0070790531005072346,0.28030574098219707
1993-04-30,0.006856229204484215,0.431375872672331
1993-05-03,0.006635026539765345,0.7752174169867615
1993-05-04,0.006508214809985055,0.551164297658844
1993-05-05,0.006409836127452775,0.16504047327872876
1993-05-06,0.0063172236313254245,-0.4493265404498196
1993-05-07,0.006350013482778622,-0.33787946763183263
1993-05-10,0.00635365191515959,0.17425963738073144
1993-05-11,0.006261923394857924,0.5616227251360512
1993-05-12,0.006167881294126653,0.16046089362576457
1993-05-13,0.006079517343448127,-2.0727791195277834
1993-05-14,0.006534054747777354,0.11493661551788549
1993-05-17,0.006439801716835906,0.28588621291591115
1993-05-18,0.006345412425677348,-0.017890028713710003
1993-05-19,0.006273933198252756,2.603026518204772
1993-05-20,0.006367504234770438,1.056121883433572
1993-05-21,0.006291924875816574,-1.6843322439972421
1993-05-24,0.006863327026705679,0.7041916185623218
1993-05-25,0.006734053243224388,0.28148535768384897
1993-05-26,0.006561195267315027,1.5506613766505666
1993-05-27,0.006070437980424154,-0.3746196681443575
1993-05-28,0.01327738179520626,-0.37048984519204925
1993-06-01,0.01340075241112025,0.6009310108055645
1993-06-02,0.006148975956427435,0.007173784767474375
1993-06-03,0.006072564776861863,-0.4942093933817857
1993-06-04,0.006117495786194423,-0.8802196633264938
1993-06-07,0.0076155751079473024,-0.6932986209589012
1993-06-08,0.007951921804097824,-0.8398811143017296
1993-06-09,0.006458608161002804,0.3720908376269518
1993-06-10,0.006372377565060845,-0.14087249378537547
1993-06-11,0.03520777060014658,0.11963954094064858
1993-06-14,0.035400343976232734,0.028405923551661848
1993-06-15,0.0356787466722433,-0.0902934435613751
1993-06-16,0.005766648359541816,0.4501677522735164
1993-06-17,0.005723617641778819,0.4329077123891413
1993-06-18,0.005683643958382879,-1.916783927504138
1993-06-21,0.0058867741473126135,0.969723175457737
1993-06-22,0.00576094069035522,-0.11285206862575992
1993-06-23,0.005798192958899314,-1.0629855091284532
1993-06-24,0.005924334111066694,1.3013332163674467
1993-06-25,0.005745763758259013,0.38147753582528904
1993-06-28,0.00571355251049551,1.6540129393361995
1993-06-29,0.00548899184723645,-0.46830688910784035
1993-06-30,0.029686824244154263,-0.011960941326710637
1993-07-01,0.029887627593238077,-0.11232939360364497
1993-07-02,0.030099895070923085,-0.23612277214418337
1993-07-06,0.030326302800172514,-0.3277911794147769
1993-07-07,0.030563704304417006,0.10360257309646811
1993-07-08,0.030675119800760722,0.4249338958455264
1993-07-09,0.0062997218637683115,-0.18764507093524202
1993-07-12,0.006138121564744981,0.3160026187910286
1993-07-13,0.006429720347659252,-0.3086092021747845
1993-07-14,0.0064267475140207895,0.6894961992239805
1993-07-15,0.009289512339850115,-0.20588451249520157
1993-07-16,0.005925829820472969,-1.3085916537783864
1993-07-19,0.006893001572794969,0.09110034941889293
1993-07-20,0.010115354988524203,0.2832969776628955
1993-07-21,0.009672320857182514,-0.030052699101823746
1993-07-22,0.00970747543671622,-0.6169068285413543
1993-07-23,0.011140984359168393,0.5214730445545354
1993-07-26,0.009928492785187832,0.4472993172625932
1993-07-27,0.009602622754316609,-0.19729229332245363
1993-07-28,0.010071963329205595,-0.2328459410581347
1993-07-29,0.02747493556412788,0.247395904882107
1993-07-30,0.027474190548106386,-0.17097400701395948
1993-08-02,0.027677494715251966,0.1624954589705305
1993-08-03,0.027746148401264593,-0.07052611793700754
1993-08-04,0.02794415514590056,-0.05819235199759317
1993-08-05,0.028142379549860784,-0.032495580493403016
1993-08-06,0.0035231959701269968,0.34813353408924574
1993-08-11,0.0035749699292390805,0.6278720573870281
1993-08-13,0.05216703264219593,0.0503172217791015
1993-08-16,0.053998320263079415,0.09192632913117807
1993-08-17,0.05695017109611282,0.029087277197505514
1993-08-18,0.028543030386757623,0.22427446593573774
1993-08-19,0.02878432619607691,0.029696296747210336
1993-08-20,0.02840778707104978,-0.02082873970998947
1993-08-23,0.02866102328764672,-0.07120552889167156
1993-08-24,0.029700041405029444,0.33412514616209044
1993-08-25,0.02952579658533612,0.026509981393285732
1993-08-26,0.028693823304691807,0.06885651929883246
1993-08-27,0.028466408835665407,-0.03811836909529638
1993-08-30,0.029002003042193053,0.10167130989978096
1993-08-31,0.028669736350406937,0.12512905361501103
1993-09-01,0.028593463049592146,-0.030946187813736033
1993-09-02,0.02892158626885111,-0.13838792876112851
1993-09-03,0.006619367898967475,0.013101890384433627
1993-09-09,0.07621459787375857,0.02440037729803729
1993-09-10,0.0056470838000004285,1.6259303031684784
1993-09-13,0.005646249984226241,0.1303693791452761
1993-09-14,0.004918331500848473,-0.9526983327948028
1993-09-15,0.005058327871283259,0.7294242753375653
1993-09-16,0.004985523592921062,-0.9451672585853532
1993-09-17,0.005125142307279615,-0.2549847106985516
1993-09-20,0.005903344435105104,-1.401318475354575
1993-09-21,0.006849110744269746,-0.6753438957286085
1993-09-22,0.0071079292406984115,1.005857726053277
1993-09-23,0.00696846008383192,0.48360460515785375
1993-09-24,0.006670970222362863,-0.03602294130273943
1993-09-27,0.006323528342887547,1.4344622128568847
1993-09-28,0.0063575523845688445,-0.09198758406860709
1993-09-29,0.006089246565750745,-0.506055236079635
1993-09-30,0.006202731289887479,-0.41399221561011434
1993-10-01,0.01892851824671886,0.26983381122249034
1993-10-04,0.018473079515252594,0.007040466117206642
1993-10-05,0.06576742995149198,-0.004614373277222998
1993-10-06,0.06689794373767052,-0.014917401524475462
1993-10-07,0.0678389151034903,-0.049994863133859334
1993-10-08,0.010924130740427545,0.22499695440577486
1993-10-11,0.010684696558615859,0.1158241384318187
1993-10-12,0.01043922096972164,0.04986830003596344
1993-10-13,0.010808654697975461,0.07420552094364084
1993-10-14,0.010475223820320291,1.098284204569323
1993-10-15,0.010258361636776419,0.5559524916720188
1993-10-18,0.010026060494008206,-0.22330806742234557
1993-10-19,0.010521046770698683,-0.4555858837463176
1993-10-20,0.008148477778472467,-0.036854112026172316
1993-10-21,0.0069882666700949395,-0.21816354452386516
1993-10-22,0.007337213604863449,-0.6134828036748389
1993-10-25,0.008093772951350817,0.2477838701340874
1993-10-26,0.0070272934021794785,0.030644600279819082
1993-10-27,0.00689220082594051,0.09684043601907387
1993-10-28,0.006798134425436642,0.9845226585112747
1993-10-29,0.008127652338118584,0.02629584874871425
1993-11-01,0.0068787274181834725,0.39411722822713974
1993-11-02,0.00430988623968413,-0.3266786828037689
1993-11-03,0.00427287855311497,-2.723645025485484
1993-11-04,0.008827355240318137,-1.361134840030758
1993-11-05,0.00985100825517698,0.4604889474483141
1993-11-08,0.008260118989415817,0.16847249445696164
1993-11-09,0.007275028287560898,0.03583572802157543
1993-11-10,0.006670164712270555,1.1000223136272655
1993-11-11,0.006747905121920775,-0.3455411538559382
1993-11-12,0.006850394298400987,0.865139939269506
1993-11-15,0.006762039357295033,-0.5220586736918744
1993-11-16,0.007100232685680073,0.9051425335683821
1993-11-17,0.006930799746287151,-0.5978562347259203
1993-11-18,0.007315844923519125,-0.3504002707700094
1993-11-19,0.00720455789447379,-0.3057061491631841
1993-11-22,0.015054936620880937,-0.5001255192899259
1993-11-23,0.01671508833157536,0.24706475225472432
1993-11-24,0.0161421146827839,0.17845633285043017
1993-11-26,0.015567958304238098,0.0971773739996434
1993-11-29,0.014989393596285984,-0.16733337556198263
1993-11-30,0.015045897735190614,-0.015827797902966605
1993-12-01,0.014450116868321128,0.014985236214083182
1993-12-02,0.013897322992975218,0.18980461373855495
1993-12-03,0.01343562723341446,0.2855300072402998
1993-12-06,0.013028765654856276,0.2538298600219993
1993-12-07,0.012629089361431502,0.05600468132525186
1993-12-08,0.012182657578121375,-0.08269553382311792
1993-12-09,0.011934816157376772,-0.3800129111612525
1993-12-10,0.012796135763235295,-0.042100933981618766
1993-12-13,0.012378930498563858,0.30762053408949885
1993-12-14,0.012025224732044353,-0.47276007530094716
1993-12-15,0.013260121428462425,-0.19895196598799952
1993-12-16,0.003338756467851232,0.971204442893133
1993-12-17,0.0032812176439483715,1.9930543203196913
1993-12-20,0.0031326679362400516,-0.3629672740942144
1993-12-21,0.004787843919543326,-0.24674454771881577
1993-12-22,0.006138933548721082,0.705648769697852
1993-12-23,0.005983868857548205,0.021454048568938882
1993-12-27,0.021326388979634046,0.31596290322131354
1993-12-28,0.018511491057377812,0.045901923090022737
1993-12-29,0.005299417589637684,-0.14430918487921715
1993-12-30,0.005247621815014935,-0.7872201402961511
1993-12-31,0.004044002447246721,-1.1582719894005866
1994-01-03,0.004322380599871027,-0.5014966948642329
1994-01-04,0.004351654772894961,0.7147890698113247
1994-01-05,0.003836628432941879,0.3681757402675483
1994-01-06,0.003171950542161384,-0.29007238242038985
1994-01-07,0.005467293709423549,1.0853120232608702
1994-01-10,0.005399807366697441,2.104361616957806
1994-01-11,0.0055441803569591915,-0.43315410620641115
1994-01-12,0.005704862684172935,0.014790804552344354
1994-01-13,0.0053927800735280714,-0.6660164174707474
1994-01-14,0.005851118048880499,0.8803556222751922
1994-01-17,0.005695069176520891,-0.5962893308315624
1994-01-18,0.006055764630911077,0.3311221317958195
1994-01-19,0.005755657348104745,0.018312127546144866
1994-01-20,0.005436480538404312,0.2635370178191281
1994-01-21,0.005212453838601919,-0.10504877705251134
1994-01-24,0.005024166209446064,-1.1563575012833718
1994-01-25,0.006101652816696806,-0.36501095244524284
1994-01-26,0.006131495544981887,0.7877199195104639
1994-01-27,0.005918752720339191,1.3690593425924589
1994-01-28,0.005858459320183748,0.5893768482218978
1994-01-31,0.011608433986454239,0.5220777920011382
1994-02-01,0.013792102186235325,-0.3002090548655796
1994-02-02,0.01475162200267754,0.33555635634913467
1994-02-03,0.014371280840733865,-0.18647983967194176
1994-02-04,0.014760319304171803,-1.5538828785291592
1994-02-07,0.024703770326960167,0.16766873568985632
1994-02-08,0.023917515390052574,-0.06297405010222884
1994-02-09,0.023509826503396402,0.15503174739250628
1994-02-10,0.022758291411077113,-0.3583529606894296
1994-02-11,0.024859272963339615,0.10708666258404412
1994-02-14,0.024030081946841583,0.00442676556049288
1994-02-15,0.023170217176932798,0.20966962549993237
1994-02-16,0.02246224468042873,0.02543301115738697
1994-02-17,0.021675517954157075,-0.2396945585237732
1994-02-18,0.022694628676788498,-0.24896380667646806
1994-02-22,0.023840132155734873,0.33676643111107873
1994-02-23,0.023184880708786146,-0.07050009555735069
1994-02-24,0.022851331841754738,-0.6019319729412483
1994-02-25,0.027229074036472883,0.14290210502029366
1994-02-28,0.026336364842282568,0.08707264002002073
1994-03-01,0.025439479822922956,-0.22786023896359586
1994-03-02,0.026521347745806098,0.030026025671531953
1994-03-03,0.007467706890309248,-0.5195760256775989
1994-03-04,0.0075140465358038465,0.49632580499251994
1994-03-07,0.01558409136228352,0.2989227239913077
1994-03-08,0.015224980839667097,-0.1450528418580715
1994-03-09,0.023375315604969457,0.10821771024454606
1994-03-10,0.02424106758523887,-0.28005058860120763
1994-03-11,0.021948224262296548,0.24878556097611387
1994-03-14,0.006322337743701813,0.3218205768567625
1994-03-15,0.00618588329081687,-0.13148755011357346
1994-03-16,0.006098749584227809,0.843980721036854
1994-03-17,0.005991704961218077,0.5253639173085329
1994-03-18,0.005872882067633427,0.057846379918624465
1994-03-21,0.005736669113805928,-0.9350328577504154
1994-03-22,0.005935403618319904,0.09345903321975266
1994-03-23,0.006649638170984806,-0.08342064179637113
1994-03-24,0.006362029377983821,-1.411955720423277
1994-03-25,0.008694055260082335,-0.9376586019366407
1994-03-28,0.04090438136823399,-0.030804675211136227
1994-03-29,0.0354529902130043,-0.4649227564644324
1994-03-30,0.05673633684558,-0.2720327350239705
1994-03-31,0.06581382269003044,0.007500743907523837
1994-04-04,0.05299162043310282,-0.2922330823024212
1994-04-05,0.0637520755174952,0.33133303654552015
1994-04-06,0.07706542459310362,-0.006949386186535403
1994-04-07,0.07724282816250044,0.08151479696152514
1994-04-08,0.07720875743035444,-0.10904129180097015
1994-04-11,0.010052096056284295,0.6144334832607691
1994-04-12,0.00992434963182958,-0.5164746354257743
1994-04-13,0.007930526058630007,-0.3696101262369048
1994-04-14,0.008015686232455216,0.033541039071616645
1994-04-15,0.007943565767595941,-0.056420066092250296
1994-04-18,0.008959373243673293,-0.9344845707247335
1994-04-19,0.002878680594631228,0.06281682740292523
1994-04-20,0.0028970942388919846,-0.4526998891403333
1994-04-21,0.00850425753790816,1.7875792294321473
1994-04-22,0.008434565779055868,-0.2909913661280301
1994-04-25,0.023220784108791803,0.4859747941997706
1994-04-26,0.02300306193696646,-0.08073742413055121
1994-04-28,0.023147455791755207,-0.265641434211282
1994-04-29,0.023333215643748784,0.17237990452618066
1994-05-02,0.023336984980551444,0.2000463728370787
1994-05-03,0.023321005271940223,0.0009474460259173743
1994-05-04,0.023447416859348966,-0.12350290954581955
1994-05-05,0.023603242595373813,-0.031900444909890364
1994-05-06,0.023739225338355315,-0.3335485967373054
1994-05-09,0.007806832033517634,-1.582942181551995
1994-05-10,0.009906920407159113,0.8385831579482952
1994-05-11,0.004597901170572711,-2.2153689694146763
1994-05-12,0.00814754155363934,0.6266912718191977
1994-05-13,0.008001984180182572,0.10978779991092856
1994-05-16,0.007877096643106372,0.09999553777685741
1994-05-17,0.007754805931360741,1.4080372270871677
1994-05-18,0.029725941785267874,0.32185893043400454
1994-05-20,0.01834109397659479,-0.18664659284291887
1994-05-23,0.01624703893877766,-0.23315342310457296
1994-05-24,0.005449786833933623,0.6507021233294885
1994-05-25,0.005375243546109375,0.6247891300321304
1994-05-26,0.005305961390863534,0.29712433894493967
1994-05-27,0.005289065634389591,0.11165178840622446
1994-05-31,0.006967502538839146,-0.2607105709860921
1994-06-01,0.006914404041742313,0.3575590863731649
1994-06-02,0.006762619616002647,0.006458808807728013
1994-06-03,0.006604913434236974,0.8182366694059687
1994-06-06,0.0041946955087722865,-0.6485143550182716
1994-06-07,0.06047051303300887,-0.024163395928005336
1994-06-08,0.06079996949457819,-0.04133073949259609
1994-06-09,0.0611370196688941,0.028603955223956586
1994-06-10,0.013755485886678827,0.12850131171197582
1994-06-13,0.01245612578621825,0.07522708503259985
1994-06-14,0.012900508803549562,0.550161343144409
1994-06-15,0.00799253236180242,-0.4771653672492791
1994-06-16,0.024309566083493772,0.11771836751381533
1994-06-17,0.015486186351156289,-0.48831179612753217
1994-06-20,0.08933460471628676,-0.07275376748530882
1994-06-21,0.00816004779362649,-1.1189768324594387
1994-06-22,0.006121070018296405,0.6322171650328944
1994-06-23,0.0060354466847404205,-1.2701197396951402
1994-06-24,0.0062104623257721436,-2.4646892811010823
1994-06-27,0.006560393460642336,1.5446768376695346
1994-06-28,0.008355554351290966,-0.33222862037924555
1994-06-29,0.008436738503845034,0.4137976340398762
1994-06-30,0.008393092641106116,-0.8977082181966516
1994-07-01,0.008524214561746091,0.5085334650144886
1994-07-05,0.008456910287129861,0.04503822314060115
1994-07-06,0.008502670057098162,-0.06324992639344412
1994-07-07,0.008561247740892897,0.5876126820393965
1994-07-08,0.008474316216414727,0.30751238804291586
1994-07-11,0.008456168367339159,-0.3926020110679338
1994-07-12,0.008543501963484449,-0.02873532147924658
1994-07-13,0.008599234176852827,0.20231438254641396
1994-07-14,0.005830642548349396,1.7794619295767302
1994-07-15,0.005477691226865294,0.3017266527832976
1994-07-18,0.005467855481692575,0.42635624541698014
1994-07-19,0.005436837243800817,-0.5503333940657719
1994-07-20,0.005514639797364923,-0.9052091449030444
1994-07-21,0.005619328303851264,0.39754740141640055
1994-07-22,0.004727331749063534,0.23355545727703939
1994-07-25,0.004717771361446042,0.5326281838793259
1994-07-26,0.004667751948464926,-0.42016537026807627
1994-07-27,0.004723664389413619,-0.36920829144055606
1994-07-28,0.004775977798222345,0.7711944840340584
1994-07-29,0.004692825560685981,1.8775593939395931
1994-08-01,0.00446621665955008,1.3396183913831716
1994-08-02,0.007510137216002978,-0.13004034730225264
1994-08-03,0.00757253040212441,0.2549474212846061
1994-08-04,0.0075668738976264974,-0.8763962726534043
1994-08-05,0.0076988898139479815,-0.3717226923928849
1994-08-08,0.007785278995826865,0.22461783985132203
1994-08-09,0.016214911890676476,0.0040402997891957945
1994-08-10,0.016331761120486614,0.3174121011088694
1994-08-11,0.016285230261304403,-0.18972256713431485
1994-08-12,0.0047422270345883035,1.401508013584064
1994-08-15,0.002007074141619673,-0.7663692987521289
1994-08-16,0.00204588766553649,3.9895024884185277
1994-08-17,0.028735364942758787,0.01197226158703419
1994-08-18,0.005610747303336685,-0.76794988143565
1994-08-19,0.08748957987787899,0.012578149593580817
1994-08-22,0.007851962269022397,-0.3740893529532855
1994-08-23,0.02743268760263518,0.17226892922662598
1994-08-24,0.006119532836043856,1.582411986550831
1994-08-26,0.01335297194029298,0.9096157186392021
1994-08-29,0.015303635897723225,0.10886300084590726
1994-08-30,0.008640575400357547,0.360352383386488
1994-08-31,0.005313589884777022,-0.22942811206496744
1994-09-01,0.005324697268786898,-0.9185630943419646
1994-09-02,0.005442254621719363,-0.8485304380482419
1994-09-06,0.005551046418534026,0.332452406468863
1994-09-07,0.005497290208815464,-0.3357033502256474
1994-09-08,0.016917240693025373,0.26922340307634995
1994-09-09,0.016615027086185254,-0.6342774511857632
1994-09-12,0.019779723960952872,-0.21318111700898407
1994-09-13,0.01866126941356001,0.14921823572696505
1994-09-14,0.01685837865571745,0.16344706197981262
1994-09-15,0.01619067644462519,0.7867803850627685
1994-09-16,0.018367689660735088,-0.4166721090201939
1994-09-19,0.019265329510978136,-0.037467823399105274
1994-09-20,0.008024251823290357,-1.9983578691419843
1994-09-21,0.006771370738443433,-0.6068048143610333
1994-09-22,0.006891941795050929,-0.059754821119881035
1994-09-23,0.0068214113729387306,-0.5093756846750589
1994-09-26,0.006908369284969621,0.36168552464408216
1994-09-27,0.006792029356101423,0.3924536634842389
1994-09-28,0.00667540151537675,0.901843664059484
1994-09-29,0.006520158607972283,-0.8602608038425259
1994-09-30,0.007899482838303261,0.12865068735279214
1994-10-03,0.007313575897366301,-0.2869387783695402
1994-10-04,0.007366377229447791,-2.11854955402543
1994-10-05,0.005773548280906569,-0.4081649367421711
1994-10-06,0.011173514406118816,-0.22920766712425952
1994-10-07,0.01127589998835785,0.5355579438744354
1994-10-10,0.006557917620987832,1.314469456930007
1994-10-11,0.00642236886397737,2.2729208777566616
1994-10-12,0.007778463732754881,-0.08835378238329791
1994-10-13,0.007143544445633976,0.6959913440492016
1994-10-14,0.007157007897800015,0.390733509587101
1994-10-17,0.021393748108575212,-0.013953590667548572
1994-10-18,0.020496275302858954,-0.13543508294093304
1994-10-19,0.0035751528035770645,1.5626508053867227
1994-10-20,0.003445853790615831,-2.12436157913051
1994-10-21,0.02192381727914484,-0.19189952085798923
1994-10-24,0.04272841444538285,-0.2052888644561008
1994-10-25,0.009026699320009034,0.16815363595668997
1994-10-26,0.007548512942258554,0.31250096795821347
1994-10-27,0.006925807731388281,1.0046098685834035
1994-10-28,0.006838915896249762,2.465045912635014
1994-10-31,0.03594494912783905,-0.08350824278022444
1994-11-01,0.0019793845021710706,-4.220954090176219
1994-11-02,0.0021183016680810713,-1.9288474675719915
1994-11-03,0.0021947943561393107,1.365276127920844
1994-11-04,0.0021240104345691506,-5.699224398678064
1994-11-07,0.0023203678658151785,0.735866471281241
1994-11-08,0.0022893185501772243,2.426931577346931
1994-11-09,0.006638647802003895,-0.08089420052597104
1994-11-10,0.006571538465396998,-0.33715088579650454
1994-11-11,0.006572141474627437,-0.663321769789706
1994-11-14,0.006658786718539199,1.1938049374755333
1994-11-15,0.006549763637708004,-0.33124381223523197
1994-11-16,0.006548894359481243,0.19360876119425385
1994-11-17,0.006558429034760691,-0.6727870496780948
1994-11-18,0.006636819256375852,-0.6841176443323008
1994-11-21,0.006719144911514822,-1.0258871135021201
1994-11-22,0.006911260832041816,-2.615501091374658
1994-11-23,0.007654754019674321,-0.04644901710865524
1994-11-25,0.007515132084117262,0.6961404036071057
1994-11-28,0.007398939337464875,0.5576449306244886
1994-11-29,0.007276830714288698,0.30527549772381135
1994-11-30,0.007142440312043974,-0.4559862021714783
1994-12-01,0.007150845785491646,-1.4780661015195304
1994-12-02,0.007508933091807063,1.29304694016939
1994-12-05,0.007429647059071906,0.005944159081516451
1994-12-06,0.007277801274253311,-0.0636737278264505
1994-12-07,0.007153267078423727,-0.581227788051187
1994-12-08,0.007203588084426983,-1.789688272174133
1994-12-09,0.05756015389251673,0.05879156384595166
1994-12-12,0.0389495690386044,0.14377636729603088
1994-12-13,0.021693641630224202,0.06968555322626929
1994-12-14,0.021771843540902953,0.4891932269614216
1994-12-15,0.016212845406662842,0.05013920669651426
1994-12-16,0.011626844061166519,0.6510772835400535
1994-12-19,0.013754187927743125,-0.1411709951554156
1994-12-20,0.00681268854332519,-0.25987795417596715
1994-12-21,0.006855312443227893,0.7988072421036779
1994-12-22,0.006719696761718423,0.022665811591838933
1994-12-23,0.006711483127503851,0.048610337580679966
1994-12-27,0.016985221010456703,0.3370498306514982
1994-12-28,0.04663283526241639,-0.07478454076540512
1994-12-29,0.035987546027941165,0.01868674902339188
1994-12-30,0.006496443835875835,-0.635504486410957
1995-01-03,0.057579413790805216,-0.006051600896616687
1995-01-04,0.006079022018179943,0.5722891592306322
1995-01-05,0.0065781689682985235,-0.12213433889771437
1995-01-06,0.002975771590254927,0.2481050508350513
1995-01-17,0.005668908475915263,0.2516111758103326
1995-01-18,0.0056192811457103555,-0.12876758370363212
1995-01-19,0.005586378956428081,-1.054932568631333
1995-01-20,0.005629720728806814,-0.8274014283398999
1995-01-23,0.005784483879207913,0.3864020465106152
1995-01-24,0.005715792323349852,0.01501440569373043
1995-01-25,0.005594726604482156,0.6051904497088816
1995-01-26,0.00534429265586757,0.351933405395718
1995-01-27,0.005264678936118185,0.8377206790178504
1995-01-30,0.0052118164342185936,-0.7683889167574883
1995-01-31,0.0053566205220600014,0.7595225763916131
1995-02-01,0.00524849676073223,-0.00810853549512541
1995-02-02,0.005102281190357302,0.9932713527654288
1995-02-03,0.005064404721582419,2.4323283719709585
1995-02-06,0.005109772912671765,1.0154443142774954
1995-02-07,0.004987410389628932,-0.13757478185286245
1995-02-08,0.0049433914498896395,0.15981558217634925
1995-02-09,0.004875987168058661,-0.42665074958402194
1995-02-10,0.004896086565929991,0.5394660159200027
1995-02-13,0.004790195787972736,0.08236828670549648
1995-02-14,0.0045406952281131325,0.41113099005767223
1995-02-15,0.004456841046972116,0.9234091586481586
1995-02-16,0.004397299126252549,0.3189216638805837
1995-02-17,0.004294655122845675,-1.564857870286712
1995-02-21,0.004594095241923128,0.33845705743270654
1995-02-22,0.004497220764711799,1.0798775140614254
1995-02-23,0.0044577613213315345,0.8493238657243308
1995-02-24,0.004404678763611526,0.5588266052445976
1995-02-27,0.004317056657301954,-2.049659841367956
1995-02-28,0.004761836944993383,1.54822424144083
1995-03-01,0.004714488844378257,-0.7586117697579284
1995-03-02,0.004810497627261665,-0.22269649435532882
1995-03-03,0.004767865775021673,0.1253426464772036
1995-03-06,0.00466500758355453,0.0927123673099479
1995-03-07,0.004567285833429729,-1.5882499598241553
1995-03-08,0.004881046908484233,0.43299347285277723
1995-03-09,0.004788493665198115,0.008639934613343227
1995-03-10,0.004702947777891859,2.802412673355429
1995-03-13,0.0047022655345280795,0.20839572473298157
1995-03-14,0.004605706654561304,1.2546724665966205
1995-03-15,0.004552962070371537,-0.45053327291835094
1995-03-16,0.004575056995732172,1.5630222153985642
1995-03-17,0.004595388193647762,0.04830584318451056
1995-03-20,0.004465908939545891,0.280005806272027
1995-03-21,0.004354757682337065,-0.4957779830819276
1995-03-22,0.004380402564433812,0.27651072815129657
1995-03-23,0.004276606861470408,0.132050949423869
1995-03-24,0.004182845027987473,2.4077109279233526
1995-03-27,0.004199000116670577,1.0577537586326884
1995-03-28,0.004146997159850001,0.3352049387495555
1995-03-29,0.004061474230044155,-0.38141890261356115
1995-03-30,0.004077025876336677,-0.4391503641054517
1995-03-31,0.004075891977581384,-0.7387828329821028
1995-04-03,0.004152207602201168,0.5477106468954482
1995-04-04,0.004056388155872313,1.65966911857338
1995-04-05,0.004011012244245859,0.16279569829076176
1995-04-06,0.003948495526664234,0.2553410283629365
1995-04-07,0.003886734252234538,0.17280780412894306
1995-04-10,0.0038263011256125124,0.3043031506567875
1995-04-11,0.0037664689111219117,-0.7761553664395499
1995-04-12,0.003846670324836969,0.8420004432759837
1995-04-13,0.0037847354777990894,1.0710188091131319
1995-04-17,0.003682755010269222,-1.6580629225626424
1995-04-18,0.004034034125345814,-0.3725150258640609
1995-04-19,0.004012041522645579,-0.22203088460757006
1995-04-20,0.003954074009693593,0.1852548306095725
1995-04-21,0.003851582082290037,1.6390645408833093
1995-04-24,0.0038886726320913768,2.2156391643648243
1995-04-25,0.0038945951917198113,-0.39581905635447207
1995-04-26,0.003849846542658489,0.2838903371826817
1995-04-27,0.003734267030530925,0.46449994082827695
1995-04-28,0.0036763063259214884,0.613742683793697
1995-05-01,0.003619116117084147,-0.24168465338650613
1995-05-02,0.003611981770650219,0.3228137740741976
1995-05-03,0.003556254496117626,3.052772127431882
1995-05-04,0.0034979142768087252,0.03295303022713357
1995-05-05,0.003451303696620349,-0.2338673585893035
1995-05-08,0.0034441134276709767,2.135772478002289
1995-05-09,0.0033889009365945053,-0.22536958708967011
1995-05-10,0.003380917287924731,0.45159671275891666
1995-05-11,0.0033288727072809765,0.005734466663738735
1995-05-12,0.0032890587937850395,0.6834105073221158
1995-05-15,0.0032382622623046207,1.2841485029759525
1995-05-16,0.0031876028897103504,0.2673960447035958
1995-05-17,0.003138981060882762,-0.6762357277849089
1995-05-18,0.003192969413558889,-4.48252184319154
1995-05-19,0.0038138801438910553,-0.19689037562994538
1995-05-22,0.00721594812141381,1.1853825986521358
1995-05-23,0.0066829281262301195,1.4050077872152595
1995-05-24,0.00650774436363564,0.0058018990080956285
1995-05-25,0.006002078272752869,-0.006290700296215908
1995-05-26,0.005782374677839094,-1.6238252589785716
1995-05-30,0.007755803954829028,-0.0172387019104517
1995-05-31,0.006570761451394808,2.8279505817472264
1995-06-01,0.006959201236774403,0.024234189271478766
1995-06-02,0.004475477588244029,-0.41081940271748446
1995-06-05,0.05641827887564977,0.1025531664710494
1995-06-07,0.05956731943792788,-0.07603040451802885
1995-06-08,0.004311847681130662,-0.33957232093019074
1995-06-09,0.00431345803289968,-1.9284936416024163
1995-06-12,0.004647644603656114,1.1948785166077431
1995-06-13,0.004594807369818731,2.109207318256202
1995-06-14,0.004569794635912487,0.17137977572377674
1995-06-15,0.03307949154723584,0.03660685743610491
1995-06-16,0.033002812607920394,0.15249556925761457
1995-06-19,0.029867529331079157,0.3326362302818615
1995-06-20,0.025550720563008115,-0.017231149958162537
1995-06-21,0.034307541537934264,-0.05353386606869607
1995-06-22,0.033477569352312414,0.38680856458966123
1995-06-23,0.024413139520140344,-0.10121392627491096
1995-06-26,0.03259524160811793,-0.31301220795510193
1995-06-27,0.028553817038635673,-0.10958837958752692
1995-06-28,0.008106280126972558,0.5219646757770409
1995-06-29,0.00704874171863963,-0.22415127948843735
1995-06-30,0.04323749415217122,0.03739197020198993
1995-07-06,0.0696031540649141,0.17560398396533763
1995-07-10,0.0380904314603075,0.03866502472271052
1995-07-11,0.038048931895029545,-0.11392192791763345
1995-07-12,0.008214674964307967,1.333362848454897
1995-07-14,0.005633904955903138,-0.3515400973190913
1995-07-17,0.005673359397099283,0.888671822741652
1995-07-18,0.004599420530785514,-1.652182429107844
1995-07-19,0.004770141763133195,-2.8268676576012437
1995-07-20,0.005087476932276846,0.9111592816041588
1995-07-21,0.005026763894062936,0.02875503399402158
1995-07-24,0.005006435727290004,1.0830525704385838
1995-07-25,0.004940092418713776,1.6190677189861526
1995-07-26,0.004854011529722468,0.18717167986219144
1995-07-27,0.004824244399188938,1.3281564505580847
1995-07-28,0.004751337435601521,-0.8544353326863091
1995-07-31,0.0760436561546768,-0.02033926476276979
1995-08-01,0.07612077320234541,-0.056684334589406825
1995-08-02,0.0760218462952362,-0.019759326763469167
1995-08-03,0.005230970247281583,-0.01710191526955096
1995-08-04,0.020317703248211968,0.016733747136026336
1995-08-07,0.019115791499111606,0.10191933719742886
1995-08-08,0.025220530546471456,0.025478845871273838
1995-08-09,0.0054671297726930235,-0.22208441865253575
1995-08-10,0.005410355672367202,-0.7478245133368189
1995-08-11,0.005558778816127477,-0.7567434023003468
1995-08-14,0.005711542577551163,1.454266815630754
1995-08-15,0.00571934879034316,-0.36584816600535663
1995-08-16,0.0031446722293671557,0.7960127084400946
1995-08-18,0.005011366073309911,0.06068706530399828
1995-08-21,0.007926792251127218,-0.2484060835690745
1995-08-31,0.004801381345088147,0.35615797600969473
1995-09-01,0.046387160470564855,0.07506944269022847
1995-09-05,0.07733225272326702,0.12166409202474504
1995-09-06,0.013993476229251471,0.1254443660097387
1995-09-07,0.018216920281427084,0.011551505012295911
1995-09-08,0.06356250137135153,0.06579537877802645
1995-09-11,0.007081418731220321,0.30297023601609263
1995-09-12,0.018893889790663455,0.2392392352585579
1995-09-13,0.020164500680310265,0.1940287684422692
1995-09-14,0.005219239430703487,1.5955831786932466
1995-09-15,0.005052124082732373,-0.0882042880249871
1995-09-18,0.004381716189123547,-0.2270061545921714
1995-09-21,0.004459140550937238,-1.445517825565894
1995-09-22,0.004806848765440599,-0.45368545354707174
1995-09-25,0.004864164268189306,0.028276340701976294
1995-09-26,0.002119046812557951,-0.3245742855683093
1995-09-27,0.0243654962684783,-0.026126213895776164
1995-09-28,0.09191417082055177,0.09006609179818202
1995-09-29,0.08645429640335527,-0.028861125333029296
1995-10-02,0.08937698554665306,-0.05161914299534424
1995-10-03,0.09356929571965245,0.01138550588204702
1995-10-04,0.004745438113977627,-0.3150786392835992
1995-10-05,0.004734848750096317,0.4209248196206601
1995-10-06,0.004686887111509544,-0.05128003623308745
1995-10-09,0.029667466520302454,-0.23925896413281383
1995-10-10,0.023034246269958047,-0.06384781033431135
1995-10-11,0.03659732464874002,0.09163417482561138
1995-10-12,0.035815005777907596,0.17484244180836037
1995-10-13,0.04144931024993761,0.05785680241673768
1995-10-16,0.03233128801459668,-0.07788392652594148
1995-10-17,0.02868228474642125,0.22352888753634778
1995-10-18,0.05032932607253775,0.02233498705050551
1995-10-19,0.015123638036010084,0.3603332357212312
1995-10-20,0.010223294447313392,-0.5297187476913223
1995-10-23,0.007589323463674576,-0.5394148917587153
1995-10-24,0.007878134818117178,0.3206885457200261
1995-10-25,0.007450263715073969,-0.9346243430135636
1995-10-26,0.006324109750436016,-1.5687271037827277
1995-10-27,0.007088527810363208,0.7270790556057534
1995-10-30,0.006325149557781775,0.9652201015300539
1995-10-31,0.004963222074381673,-0.6054411625726944
1995-11-01,0.0682075707531352,0.06841765600916225
1995-11-03,0.007047686733321532,0.2043771769266275
1995-11-06,0.004972562341105563,-0.7197883222818738
1995-11-07,0.0052642342938453626,-0.6920786581656126
1995-11-08,0.005293103703943259,1.728845594703919
1995-11-09,0.005404282761415461,0.48407548605095746
1995-11-10,0.0053756829129817055,-0.1694120112725293
1995-11-13,0.005240955143631056,-0.13524634112430375
1995-11-14,0.005146552961433081,-0.9899553320297735
1995-11-15,0.005377272952957919,1.4679613556494446
1995-11-16,0.005382790233139875,1.054192381659292
1995-11-17,0.005330911608206561,0.855354044732853
1995-11-20,0.0052506370541750835,-1.024740920327586
1995-11-21,0.005326076530462512,1.063404609256612
1995-11-22,0.005233253369444265,-0.5866506534342177
1995-11-24,0.005126365317486899,0.5111102143716851
1995-11-27,0.005346751826192974,0.42037593615632285
1995-11-28,0.0052215642485669055,1.6269174406925715
1995-11-29,0.005260544196711936,0.3726459639342226
1995-11-30,0.005190295218699712,-0.7211135414812214
1995-12-01,0.005198002696336148,0.5109608988009731
1995-12-04,0.005065459518290678,2.1671870571120304
1995-12-05,0.005102694309381822,1.273230186425842
1995-12-06,0.005099804741816383,0.7920370947648002
1995-12-07,0.005112850219422555,-1.2687394791656006
1995-12-08,0.005227567875839543,0.40626463078712743
1995-12-11,0.005174736176776479,0.6373983868631864
1995-12-12,0.005136722260728892,-0.23267196700455967
1995-12-13,0.0037156377358259635,1.2626998582492477
1995-12-18,0.005334936400357608,-2.9209494755821916
1995-12-19,0.008520633241080591,0.9860959237451034
1995-12-20,0.09254707068011352,-0.10629088039840305
1995-12-27,0.006623554824611844,0.0565266504980943
1995-12-29,0.016718589672733694,0.17602967949364048
1996-01-03,0.006364834139664968,0.14927106858820843
1996-01-04,0.01292815876315564,-0.45198520152721244
1996-01-05,0.011214169172879852,-0.1430324087924106
1996-01-08,0.018476556133671117,0.15336298708401058
1996-01-09,0.012485071820719968,-1.175453513885322
1996-01-10,0.005659746642700164,-3.209305530569589
1996-01-11,0.006639258143560608,1.0558254128064253
1996-01-12,0.006690421095559951,-0.2184011381856535
1996-01-15,0.006610931412691729,-0.5010117625989273
1996-01-16,0.006546429814351146,2.179613383617151
1996-01-17,0.006804746988796646,-0.5008203398887523
1996-01-18,0.006811415653759598,0.4520605208718006
1996-01-19,0.006710474702830883,0.8769825497407457
1996-01-22,0.0066574486246038424,0.38495188568099564
1996-01-23,0.0065275584639754546,-0.15243487871109807
1996-01-24,0.006449388438387661,1.8036952624901856
1996-01-25,0.006486615083104429,-0.7303196875556511
1996-01-26,0.006604191375616398,1.1222075075343458
1996-01-29,0.006496099043427908,0.6425175572858737
1996-01-30,0.006358137349129113,1.4870867213575192
1996-01-31,0.0062289798962875224,1.4885447092046946
1996-02-01,0.00610395490850426,0.6273016526267688
1996-02-02,0.005945808747048947,-0.6915896006856118
1996-02-05,0.006042247434462923,1.4486407461302075
1996-02-06,0.005881609019856366,1.2938956411271192
1996-02-07,0.005803712545293673,0.957045643653263
1996-02-08,0.005645795431593166,1.6654603115772555
1996-02-09,0.005661845020682194,0.08074137661089117
1996-02-12,0.005415726939472564,1.423588477828934
1996-02-13,0.005397468983642361,-0.2634817707129471
1996-02-14,0.005356907169019053,-1.398551883671937
1996-02-15,0.005853808578205554,-1.113682116176652
1996-02-16,0.006173189421160869,-0.8328405713425818
1996-02-20,0.006355749139845316,-1.789950676547482
1996-02-21,0.007031128172184226,1.6443511505515853
1996-02-22,0.006931326672264839,2.375602769827445
1996-02-23,0.006902966361059727,0.04837087375787821
1996-02-26,0.006643700624754266,-1.981592967718792
1996-02-27,0.007466769579127327,-0.6646361837394358
1996-02-28,0.0076382439027741,-0.5046328359124665
1996-02-29,0.007629933074419862,-0.8811126369697898
1996-03-01,0.007838097420409746,0.782495172911295
1996-03-04,0.007589007498764414,1.3104018508660078
1996-03-05,0.007429362231208554,1.026042992762364
1996-03-06,0.007263820076108398,-0.797930049187359
1996-03-07,0.007438203101824748,0.3398018845377249
1996-03-08,0.007182389448869526,-4.3595627638879675
1996-03-11,0.009470526120177071,1.081191951845338
1996-03-12,0.00921055182546944,-0.4981765956571919
1996-03-13,0.009188443096336195,0.24911584823895921
1996-03-14,0.008787658073727413,0.4126991247338894
1996-03-15,0.008449843523892242,0.10336603370095004
1996-03-18,0.008113440174054957,2.137316284948888
1996-03-19,0.008037859245943607,-0.18313865845699928
1996-03-20,0.007847425993289813,-0.3348141605839884
1996-03-21,0.0077491758540705336,-0.15693635691899874
1996-03-22,0.007556102427487316,0.2911965829929049
1996-03-25,0.0073091456035856974,-0.1220226424627885
1996-03-26,0.0071152090636615,0.6320651790948211
1996-03-27,0.006888677488366743,-0.9054206325610525
1996-03-28,0.007130164456297589,0.006490095972839578
1996-03-29,0.006916885740166741,-0.7684174905415271
1996-04-01,0.007086819957652034,1.787710438435998
1996-04-02,0.00696898219692163,0.3354472683043775
1996-04-03,0.006724104964048306,0.14064838224124213
1996-04-04,0.006466457994038421,-0.004720300862167207
1996-04-08,0.006261466231211259,-2.854925062290729
1996-04-09,0.007585574453190681,-0.4201525521617453
1996-04-10,0.007587194713507451,-1.795685311377902
1996-04-11,0.008435886771074446,-0.4349190681642237
1996-04-12,0.008372523220910505,1.0418908870783583
1996-04-15,0.008091357071186045,1.116859603829195
1996-04-16,0.007816528919367948,0.4988249374792928
1996-04-17,0.007517196229070198,-0.7010189703958823
1996-04-18,0.0076594174496385226,0.4063377174790208
1996-04-19,0.007382323944299176,0.30693851576326486
1996-04-22,0.007107305248538206,0.6137490821094922
1996-04-23,0.00686780104962683,0.8269397004049336
1996-04-24,0.006649248062423132,-0.3258064546388766
1996-04-25,0.006599751828038359,0.6279296633363064
1996-04-26,0.006389532043936268,0.1413773528711816
1996-04-29,0.006163358816993655,0.1736995835220739
1996-04-30,0.0059464191438407,0.0025732447843851754
1996-05-01,0.005785249320961318,0.1083106832210092
1996-05-02,0.0055564495371351955,-3.1059937706978196
1996-05-03,0.007074574529308766,-0.3850006617654116
1996-05-06,0.007067700886685521,-0.18093915953568587
1996-05-07,0.006931726704767316,-0.5752186063401997
1996-05-08,0.007021603376324664,1.4452475684524027
1996-05-09,0.0067811713064339415,0.15315410187923073
1996-05-10,0.006537846182082902,1.5678514850422067
1996-05-13,0.00634795816376201,2.2593855531805946
1996-05-14,0.00621733390091434,0.9913795147729064
1996-05-15,0.006028735207225937,-0.04486152725845935
1996-05-16,0.005876162503856551,-0.14584007441350716
1996-05-17,0.005796749296399958,1.0502553913291823
1996-05-20,0.00562674000393266,1.1229845180205384
1996-05-21,0.005471139529677912,-0.10592954456513717
1996-05-22,0.005390640068005765,1.5541515485854809
1996-05-23,0.005287368385032029,-0.6758492469912806
1996-05-24,0.005503605816380461,0.6734050426695377
1996-05-28,0.005363388525803449,-1.7337392382807528
1996-05-29,0.006099870820963115,-1.052013779072274
1996-05-30,0.006480144340660501,0.8685707430627091
1996-05-31,0.006274899782610902,-0.6133040584836118
1996-06-03,0.006428223524443912,-0.3351475039913102
1996-06-04,0.00641864742899564,1.1345563693896183
1996-06-05,0.006223004524430853,1.3987978589766206
1996-06-06,0.00606138910335377,-1.3208358284890207
1996-06-07,0.0065747334736509745,0.06325660697335488
1996-06-10,0.00635890384818472,-0.2688319573775919
1996-06-11,0.0063262847986849105,-0.2800987631329615
1996-06-12,0.006298301768456046,-0.4573560928715292
1996-06-13,0.006369158852241981,-0.2630545054675998
1996-06-14,0.0063260871950575615,-0.4906661766160428
1996-06-17,0.0064118809723303395,-0.16170144788316004
1996-06-18,0.006322708081371478,-0.738827445722785
1996-06-19,0.006527607241079594,-0.02313531341636346
1996-06-20,0.006348138983786861,0.03330121057373148
1996-06-21,0.0061594209639631,1.158162810623969
1996-06-24,0.005982779879718835,0.5030447297057232
1996-06-25,0.0058016844990287485,-0.0953747294149885
1996-06-26,0.005706438433000815,-1.075469528502705
1996-06-27,0.006133935360551469,1.017588372714712
1996-06-28,0.005938433250099253,0.5231020434447387
1996-07-01,0.005765093531240135,1.352619225494659
1996-07-02,0.0056148331464640775,-0.5991747130531626
1996-07-03,0.005789454045358376,-0.3105385792976634
1996-07-05,0.005810346902646297,-3.872389957378604
1996-07-08,0.00796833637614262,-0.9388537541663139
1996-07-09,0.008326296309157662,0.4060721519962998
1996-07-10,0.007825709617839809,0.2554095621573464
1996-07-11,0.007437216926542638,-2.1464660413664456
1996-07-12,0.008697380579153159,0.0925647758642393
1996-07-15,0.008185939834270151,-3.1384658572267172
1996-07-16,0.010520819829013763,-0.2160603587002009
1996-07-17,0.010024619982950456,0.9008035042865953
1996-07-18,0.009411012551771555,1.5785643594965755
1996-07-19,0.008931133804869158,-0.8435054114045452
1996-07-22,0.00915831072115217,-0.8512111154334431
1996-07-23,0.009387544037698215,-1.1661163498188125
1996-07-24,0.009920381749323443,-0.03537815530717206
1996-07-25,0.009354867429590326,0.7682634570188172
1996-07-26,0.00882718406985592,0.8458126395254342
1996-07-29,0.008356586370906138,-0.9427506949883098
1996-07-30,0.008688319901705724,0.7908548837160128
1996-07-31,0.008262471443649971,0.8902527704941637
1996-08-01,0.007871855561119705,1.9834071136390705
1996-08-02,0.007674792332644692,2.4759350023033018
1996-08-05,0.007622508257898405,-0.44830638035503534
1996-08-06,0.0075476546046646465,0.4307546305044725
1996-08-07,0.007155427750630392,0.3750477557576866
1996-08-08,0.006763773521536421,-0.3498942772949049
1996-08-09,0.006639121733669695,-0.11144142161301265
1996-08-12,0.006450865912064404,0.8568973381510914
1996-08-13,0.006453113324820082,-1.3019230492410636
1996-08-14,0.007018343347076001,0.3987017021201453
1996-08-15,0.0068336715619250945,0.050837697585415204
1996-08-16,0.006562238963494854,0.6726883703037008
1996-08-19,0.006351569180752538,0.32391597935814986
1996-08-20,0.006115914479042738,-0.21846081827796002
1996-08-21,0.0060342676068784636,-0.15441660094631054
1996-08-22,0.005942399890532637,1.4135371259225868
1996-08-23,0.0058236489471693974,-0.9370492386717119
1996-08-26,0.0061558193102351,-0.7689713571406168
1996-08-27,0.006391148449252187,0.5928058018028368
1996-08-28,0.006185502699078316,-0.3862007230287451
1996-08-29,0.006211592920753595,-1.804462019529729
1996-08-30,0.0070347977663639365,-1.174659064030626
1996-09-03,0.007494964610396403,0.557495516748585
1996-09-04,0.007213185339295819,0.18832997814083874
1996-09-05,0.006924366854579961,-1.365557452694682
1996-09-06,0.007517316354705772,1.2720493031129554
1996-09-09,0.007258613275862362,1.6873469797907226
1996-09-10,0.007017324142401779,0.010731612640079668
1996-09-11,0.006765652092265773,0.7706325264869954
1996-09-12,0.006536555293332028,0.8847019893996257
1996-09-13,0.006332450993091804,2.194075104660534
1996-09-16,0.006238550553017998,0.8082134536382675
1996-09-17,0.0060531827963774655,-0.25137805492922266
1996-09-18,0.006010643205385906,-0.35850155275208223
1996-09-19,0.006025751975718302,0.3721814216379129
1996-09-20,0.0058379800401062555,1.007735967368265
1996-09-23,0.005695433286648006,-0.14062827990587967
1996-09-24,0.005616168051094787,-0.2258001292139214
1996-09-25,0.005585625628653208,0.05744691246192041
1996-09-26,0.00543171619065325,0.00804448980194159
1996-09-27,0.005323624681928667,0.09036267318969234
1996-09-30,0.005186921446125759,0.3200338105294207
1996-10-01,0.0050550330384908785,0.50303296915158
1996-10-02,0.00492188877131704,1.4484245069935555
1996-10-03,0.004866870464062476,-0.36447506651139194
1996-10-04,0.0049427912874376876,2.5190984378598182
1996-10-07,0.0048965135951131895,0.5466228143526329
1996-10-08,0.004793222254862437,-0.8024311095986483
1996-10-09,0.0050865001551860575,-1.0973997635535746
1996-10-10,0.0055001476819292235,-0.5566730526189168
1996-10-11,0.005645342009564735,1.536168001763252
1996-10-14,0.00551587667711169,0.7436701115867496
1996-10-15,0.005380296081021734,-0.2564266823369877
1996-10-16,0.005394264021451311,0.4848639348427762
1996-10-17,0.005255675188532693,0.6956238171266618
1996-10-18,0.005136889307506071,1.051752425094808
1996-10-21,0.005028707833383779,-0.27156037446536235
1996-10-22,0.005076246616966904,-0.9123587783889568
1996-10-23,0.005387891927499808,0.1837877224995128
1996-10-24,0.005245907658788574,-1.346978169056099
1996-10-25,0.005739391642997928,-0.3402206210120282
1996-10-28,0.00575960772108591,-0.9089770073196466
1996-10-29,0.006045973237104132,1.002736339743871
1996-10-30,0.005874703273104683,-0.14564841218559246
1996-10-31,0.005800098647471678,1.0716158380026157
1996-11-01,0.005653180349857936,-0.376621617252562
1996-11-04,0.00569511694160571,0.7369548413469565
1996-11-05,0.005542527974859542,1.8818799150672623
1996-11-06,0.005423387591977524,2.6785790988812854
1996-11-07,0.005344470650508797,0.7885125535810189
1996-11-08,0.0052141574838752815,0.8336925998529501
1996-11-11,0.0051411060426076426,0.27925789845468646
1996-11-12,0.004992644158439984,-0.6331888353187952
1996-11-13,0.005212704620836561,0.4123924145116645
1996-11-14,0.005073054522991437,1.2765049871750473
1996-11-15,0.004972776253119346,0.4749281908982402
1996-11-18,0.0048743019420085,-0.16694182443820815
1996-11-19,0.004865569120740079,1.4283553729296943
1996-11-20,0.004785520994986368,0.5033992171737536
1996-11-21,0.004679491759389963,-0.3449798444783778
1996-11-22,0.0047580758342375745,1.6853235926471177
1996-11-25,0.004720072191676017,2.3356654774307137
1996-11-26,0.00471882763487022,-0.29974133143871456
1996-11-27,0.004757912455105906,-0.2670802701183611
1996-11-29,0.004818840789336572,0.5544797671608814
1996-12-02,0.0046838746275615515,-0.12977706192878066
1996-12-03,0.004658271322819689,-2.3623700906756224
1996-12-04,0.005633372796742437,-0.7560078115066952
1996-12-05,0.005855444154375441,-0.16510124201733004
1996-12-06,0.005792826790538755,-1.1120990529955326
1996-12-09,0.006237899846549256,2.187226819428587
1996-12-10,0.006053652894675882,-0.48985005425382416
1996-12-11,0.006149132029617643,-1.4882793282626838
1996-12-12,0.00688520261888706,-2.258612806000545
1996-12-13,0.00834052724300559,-0.10854832633681898
1996-12-16,0.008027198198522406,-1.3165779838128662
1996-12-17,0.008781574440897756,0.7964071761666375
1996-12-18,0.0081575239101133,0.9251326395146149
1996-12-19,0.007594024126999359,2.5351479411163482
1996-12-20,0.007001686117231608,0.594364184697433
1996-12-23,0.0066339113217306935,-0.3930314384623675
1996-12-24,0.0066564114694957375,0.8244044508944571
1996-12-26,0.00630939638182685,1.0076440256805177
1996-12-27,0.006013386651917512,0.21327629125441988
1996-12-30,0.005769575757461639,-0.674642020527829
1996-12-31,0.006047223382976404,-2.9011171541614695
1997-01-02,0.007982585430780178,-0.6324015599733726
1997-01-03,0.008073862627556501,1.8382340774735255
1997-01-06,0.007519534464161487,-0.0675755401653662
1997-01-07,0.007201913877002292,1.0324496461580963
1997-01-08,0.0067864307641496355,-0.9459582032793359
1997-01-09,0.007209287230610491,1.1884810704367708
1997-01-10,0.006794241788085635,0.9038978235636637
1997-01-13,0.006439671619900862,0.0020465838697150047
1997-01-14,0.006206295460459901,1.9714462479612322
1997-01-15,0.005942417452922397,-0.36371389251974945
1997-01-16,0.005980007027442023,0.5548902048122335
1997-01-17,0.005728204227699518,1.4499761535072124
1997-01-20,0.005514748862411962,0.12378529321508117
1997-01-21,0.005328650491117325,1.4489230434450922
1997-01-22,0.005163439441525159,0.8665444940438155
1997-01-23,0.004996392227872824,-2.219308810789813
1997-01-24,0.0062527847163023976,-1.4545793313929984
1997-01-27,0.007030393185396492,-1.0189521335674903
1997-01-28,0.007478704980034477,0.0
1997-01-29,0.007130994962410038,1.3644668124393098
1997-01-30,0.006766535516076302,2.2158759055274904
1997-01-31,0.00647305215329214,0.3915445214978039
1997-02-03,0.006185160138370163,0.11718206959093992
1997-02-04,0.005917455883606585,0.5425845652377256
1997-02-05,0.005683534594972721,-2.46491254819851
1997-02-06,0.007168840044818917,0.3347607032616836
1997-02-07,0.0068085545055728116,1.760958951215035
1997-02-10,0.00650644974805285,-0.8060457237703392
1997-02-11,0.0068202655711434275,0.7745340953707431
1997-02-12,0.0065033726658874115,2.5455121189889987
1997-02-13,0.006312561234622826,1.7758842996764237
1997-02-14,0.006167866865450926,-0.6684210988373355
1997-02-18,0.006373994118144733,1.5082755808402213
1997-02-19,0.006206505460152771,-0.7518019084842869
1997-02-20,0.006495669920223283,-1.84707548985797
1997-02-21,0.00758254519810071,-0.16930906824928219
1997-02-24,0.007333767281183235,1.4396550426426198
1997-02-25,0.007063355443141086,0.30543815695623444
1997-02-26,0.006711373071673118,-1.1697590102007331
1997-02-27,0.007269086499466307,-1.8236764613399887
1997-02-28,0.008400118473829092,-0.6380599557516847
1997-03-03,0.008487157321612879,0.6670763116932287
1997-03-04,0.008006523645143976,-0.686590441926241
1997-03-05,0.008144310389906716,1.7019681277517549
1997-03-06,0.007826602223198637,-0.5476225822955462
1997-03-07,0.007861019188262824,1.0170272318240652
1997-03-10,0.00749796189994644,1.430436031411991
1997-03-11,0.007233914319528396,-0.39302279706870386
1997-03-12,0.007196363880722208,-1.2179237860965428
1997-03-13,0.007797074620070145,-2.365859998148094
1997-03-14,0.00943403610493255,0.48353935347677096
1997-03-17,0.00886365284842469,0.3607172598188276
1997-03-18,0.008357947927772509,-0.9131890351044484
1997-03-19,0.008662708221609493,-0.5700625417173624
1997-03-20,0.008657829923125063,-0.4595291320589655
1997-03-21,0.00855395888671524,0.21637976013710483
1997-03-24,0.008078506687037324,1.0673235013568745
1997-03-25,0.007747402536215756,-0.2973727054251954
1997-03-26,0.007571876568252087,0.2391230947855198
1997-03-27,0.007161419592731147,-2.9671250587365243
1997-03-31,0.009121841330085138,-2.4002910625971223
1997-04-01,0.010971371003366912,0.30287019075767857
1997-04-02,0.010224894753805619,-1.2347132678902784
1997-04-03,0.01078804651447077,0.025949929640661496
1997-04-04,0.009999813585641327,1.0051878450061973
1997-04-07,0.00954693561168278,0.5829795457364746
1997-04-08,0.009031147028974335,0.5781832393432335
1997-04-09,0.008528569188196103,-0.8478849741062368
1997-04-10,0.008778100827396424,-0.33899064885006425
1997-04-11,0.008575074375172834,-3.2259054125542153
1997-04-14,0.011159223945778835,0.7355842180414814
1997-04-15,0.010532184747435764,1.3927538861824988
1997-04-16,0.010051623711726703,1.1546069175476663
1997-04-17,0.009579827810841775,-0.24089749209399608
1997-04-18,0.009221141047790956,0.6486477119268327
1997-04-21,0.008704672677134762,-0.8984622777685661
1997-04-22,0.009027662700354853,2.0552947198609415
1997-04-23,0.008863780694858138,-0.141360664680034
1997-04-24,0.008454274258035483,-0.37671692389926875
1997-04-25,0.008293183554464536,-0.9118849415660234
1997-04-28,0.008637952757226997,1.1423955256947558
1997-04-29,0.008292749416088869,3.2460991644780366
1997-04-30,0.008527433614166729,1.071710923017303
1997-05-01,0.008279068588612583,-0.42429722777762097
1997-05-02,0.008157617153356883,2.196915844640087
1997-05-05,0.008355719265066239,2.522923253185109
1997-05-06,0.008830753199783986,-0.3455811445137489
1997-05-07,0.008581917600453504,-1.721609964668554
1997-05-08,0.009743781482842244,0.5821991030922163
1997-05-09,0.009337246728294979,0.5885401456554714
1997-05-12,0.008961792081928412,1.7290669544521777
1997-05-13,0.009070181278605866,-0.5978447095816564
1997-05-14,0.009069360779834983,0.38445204206806743
1997-05-15,0.008622295100605233,0.807332553738572
1997-05-16,0.008358021654504081,-1.7364206591828846
1997-05-19,0.009413019768445406,0.44972731847688907
1997-05-20,0.009010918059932604,1.1118020943271711
1997-05-21,0.008840545849809778,-0.31087974377343863
1997-05-22,0.00863667652900108,-0.5101446149776775
1997-05-23,0.008592320052376095,1.57284039672002
1997-05-27,0.008614594882002901,0.36670243502005884
1997-05-28,0.008188822463947138,-0.3598218096291263
1997-05-29,0.008046914063729295,-0.45996845887467347
1997-05-30,0.007988851998215377,0.6213042159526292
1997-06-02,0.0076958938202645825,-0.2944454354578134
1997-06-03,0.007527377999603667,-0.1382012946230113
1997-06-04,0.0072907958616784925,-0.8739336868392321
1997-06-05,0.007573267891524665,0.5207902525934507
1997-06-06,0.007283282049458063,2.3531786068945624
1997-06-09,0.007473294368873704,0.7619934474687807
1997-06-10,0.007234378171546863,0.3775379596162859
1997-06-11,0.00693463463704327,0.7148502764225975
1997-06-12,0.006728392656651817,2.3552721910678565
1997-06-13,0.007035844278348516,1.5695156259518053
1997-06-16,0.007142120705932775,0.09871448111810113
1997-06-17,0.006748531475520289,0.08616763508718286
1997-06-18,0.006371813462707879,-0.9433299302372665
1997-06-19,0.006677584525876797,1.4966788387433576
1997-06-20,0.006712332364917638,0.11774845114855961
1997-06-23,0.0063465033893234345,-3.560511615377727
1997-06-24,0.00837613496459594,2.3838376668157966
1997-06-25,0.008654585114856183,-0.951386954154951
1997-06-26,0.008957369092636813,-0.6688323262236718
1997-06-27,0.00903440842646872,0.45250690761893403
1997-06-30,0.008703711365647156,-0.28002869636112726
1997-07-01,0.008507175928575125,0.7796110879286764
1997-07-02,0.0082904094021801,1.7471330508681
1997-07-03,0.008387122615782899,1.688020000244309
1997-07-07,0.008505321831134624,-0.6067884616312659
1997-07-08,0.008545371825052895,0.8372687595058524
1997-07-09,0.008367782111753251,-1.4671070866443476
1997-07-10,0.009045359225653641,0.7575438477605447
1997-07-11,0.008824713609761656,0.3590558479142054
1997-07-14,0.008478832729770507,0.21852233074828561
1997-07-15,0.008108074981018586,0.9871367388449727
1997-07-16,0.007985766802326502,1.4564182001504653
1997-07-17,0.008050124841613503,-0.6622744497773425
1997-07-18,0.008120698646900999,-2.1749839716235346
1997-07-21,0.009271759303829077,-0.2784480566086418
1997-07-22,0.009053244641882847,2.5167595727492156
1997-07-23,0.009508820873645794,0.290107657910452
1997-07-24,0.009107235215478144,0.43760533707971894
1997-07-25,0.008790023354102023,-0.1828404336850919
1997-07-28,0.008535846712695644,-0.2923723318269698
1997-07-29,0.008364382186815436,0.7432606684346117
1997-07-30,0.008178206648486893,1.2908120479248022
1997-07-31,0.008170604046655143,0.2593414763658215
1997-08-01,0.007810700661612676,-0.9655511108446676
1997-08-04,0.008087082246121454,0.4118640414044675
1997-08-05,0.007810724111001623,0.2785783004015705
1997-08-06,0.007499043343453277,1.1085360996804585
1997-08-07,0.007455191899096788,-1.28135333822604
1997-08-08,0.007945604611315445,-2.357284026838031
1997-08-11,0.009136775236576952,0.4049015242933564
1997-08-12,0.008825483581052803,-1.2732249048548163
1997-08-13,0.009286650864427193,-0.5254338015359935
1997-08-14,0.009254821707942867,0.32179362080324425
1997-08-15,0.0089095046298222,-2.9463729241368455
1997-08-18,0.010630135402759226,1.2119092979812436
1997-08-19,0.010629939897031941,1.3836323273705997
1997-08-20,0.010649215549669992,1.3431108034540946
1997-08-21,0.010653165972504253,-1.4399798006515638
1997-08-22,0.011383255840671657,-0.143516805873609
1997-08-25,0.01095553040359264,-0.3346756821416817
1997-08-26,0.010711397251680294,-0.7272376371414502
1997-08-27,0.010808245309704055,0.06888220902132591
1997-08-28,0.010273259681446725,-1.0744469738839182
1997-08-29,0.010650200072874016,-0.43741546215581667
1997-09-02,0.010492707102198845,2.9328364791515193
1997-09-03,0.011228393593008163,0.026876595587824494
1997-09-04,0.010664414224201522,0.3037001248582032
1997-09-05,0.010217490533287701,-0.19154232975549096
1997-09-08,0.009860743475214699,0.23441889066549015
1997-09-09,0.009454327621934265,0.27452061969151487
1997-09-10,0.009079613905657112,-1.7347323628434381
1997-09-11,0.010015272044855549,-0.7021334707763321
1997-09-12,0.01009364617570797,1.2213520130187958
1997-09-15,0.010038124895188748,-0.4473918443171209
1997-09-16,0.009911726806537444,2.7985337924162867
1997-09-17,0.01056438946398818,-0.26463240570315916
1997-09-18,0.010275938995866716,0.4417086050143454
1997-09-19,0.009874946440177541,0.34364131833941264
1997-09-22,0.009503043241721474,0.5432786319539844
1997-09-23,0.009174423380121083,-0.4000249523446523
1997-09-24,0.009011176408103666,-0.8719176956775333
1997-09-25,0.00923802984892413,-0.7556290664708081
1997-09-26,0.009391666913568368,0.8266590762097499
1997-09-29,0.009266110603170738,0.923144890823961
1997-09-30,0.009137795009297569,-0.6978582187113866
1997-10-01,0.009227774787339025,0.9260941948952693
1997-10-02,0.009117232030224812,0.5782258927032822
1997-10-03,0.008852067027458218,0.5362431215634179
1997-10-06,0.008627896690015853,0.9163545481948827
1997-10-07,0.00847160244874711,1.2590004552023317
1997-10-08,0.008500678899823066,-1.1156916339551777
1997-10-09,0.008920929480926945,-0.3712627867147718
1997-10-10,0.008789897410171396,-0.4274503837498527
1997-10-13,0.008702123479370777,0.13302155414025454
1997-10-14,0.008306215646934118,0.2708041085600822
1997-10-15,0.007973899154187489,-0.5907791098238707
1997-10-16,0.008013506206807833,-1.360305985769583
1997-10-17,0.008579212571318957,-1.3611355779851624
1997-10-20,0.009140566381144176,1.3187639944656802
1997-10-21,0.009134228278027585,1.8933175008592307
1997-10-22,0.009340907701606336,-0.41812975920510836
1997-10-23,0.00924533374579712,-2.006429260725129
1997-10-24,0.010325451427546126,-0.9263505712912009
1997-10-27,0.010596783606896485,-6.712175643009478
1997-10-28,0.016980094974634746,2.937964448604093
1997-10-29,0.019366549807078467,-0.15089490861354124
1997-10-30,0.018334310668472735,-0.9263982298855556
1997-10-31,0.018838579645523493,0.6387618406393988
1997-11-03,0.018006676229454,1.4603553515250356
1997-11-04,0.01805194171312235,0.1043239846454813
1997-11-05,0.016918323170337556,0.12552568425947785
1997-11-06,0.01590391289800437,-0.3162612288836252
1997-11-07,0.015426360400921026,-0.7311106283625934
1997-11-10,0.015569384825483572,-0.44333184532347875
1997-11-11,0.015269119697903148,0.18814426156346853
1997-11-12,0.014424145713575288,-1.3504301012988535
1997-11-13,0.015433647939996005,0.7607676925079152
1997-11-14,0.014956367908782423,0.8472772728464745
1997-11-17,0.014530750068270083,1.3106815170267443
1997-11-18,0.0144258757568965,-0.5863682420537077
1997-11-19,0.014370842404874637,0.47011152612523793
1997-11-20,0.01374790864566265,1.0997454439393937
1997-11-21,0.013590582644311754,0.3146806969078976
1997-11-24,0.012908775037220628,-1.332144038076716
1997-11-25,0.01391012547093152,0.3144639018428186
1997-11-26,0.013217317303539377,0.06522121704836106
1997-11-28,0.01242256076166823,0.3174304540582624
1997-12-01,0.011769962496328803,1.7053103837153287
1997-12-02,0.01213330382047598,-0.26167985290311846
1997-12-03,0.011720310470791,0.4457821481209779
1997-12-04,0.011137344288953016,-0.33799826540692124
1997-12-05,0.010795812827599047,1.0120229706412314
1997-12-08,0.010642761788847552,-0.13571879546337273
1997-12-09,0.010098387370581132,-0.6665255607063884
1997-12-10,0.010178629815176268,-0.6049586975586915
1997-12-11,0.010196803426101466,-1.5133190347235836
1997-12-12,0.01131689017905088,-0.14354160104963024
1997-12-15,0.010790961960263414,0.966944390868383
1997-12-16,0.010577725288191796,0.4552071891421097
1997-12-17,0.01011949415665882,-0.25553436110394345
1997-12-18,0.009781424096540474,-1.0900348417369008
1997-12-19,0.01035684244178946,-0.8649962547042788
1997-12-22,0.010668596932400895,0.6826000509373868
1997-12-23,0.010313062529832393,-1.4927912402991708
1997-12-24,0.011294040313031297,-0.6083120803759311
1997-12-26,0.011316826573945095,0.35550720532430063
1997-12-29,0.010798083804334732,1.6554084980767743
1997-12-30,0.010902865900227845,1.667417728675255
1997-12-31,0.011038488506386036,-0.038269651299044125
1998-01-02,0.010454682345055668,0.4533096668696408
1998-01-05,0.009997494577580346,0.20803528280900288
1998-01-06,0.009473559507816408,-1.1394047896804096
1998-01-07,0.010084924830874387,-0.26502836955041165
1998-01-08,0.009814840618701378,-0.8437319322324859
1998-01-09,0.010119196008669739,-2.9757870347519213
1998-01-12,0.012695009827255764,0.9721529997458629
1998-01-13,0.012416494969114152,1.0995013006501213
1998-01-14,0.012211639616606177,0.49903830523691356
1998-01-15,0.011734761742605775,-0.6438186155071652
1998-01-16,0.011813913091141352,0.9543734951189932
1998-01-20,0.011543567718756038,1.5262160528699833
1998-01-21,0.011590748168293712,-0.6895311435975353
1998-01-22,0.01170560983454882,-0.6864953810603867
1998-01-23,0.011830513893834016,-0.4797074390823773
1998-01-26,0.01170997108950951,-0.057095206735357076
1998-01-27,0.011143084794265503,1.1248335321387353
1998-01-28,0.010986919722937118,0.7893132320833318
1998-01-29,0.010642491064883082,0.7687651944543757
1998-01-30,0.01035674796597193,-0.5118107042725699
1998-02-02,0.01030058157814594,2.0567982042584654
1998-02-03,0.010618299678770284,0.443842995724566
1998-02-04,0.010133819798868418,0.08824476124432921
1998-02-05,0.009551740533380003,-0.349946810376567
1998-02-06,0.009295028910345629,0.9520473556283049
1998-02-09,0.00904598142431961,-0.18796286253616623
1998-02-10,0.008735989858028766,0.9327908189440195
1998-02-11,0.008714296931373794,0.11255795308503086
1998-02-12,0.008179986538479312,0.4939873143521579
1998-02-13,0.007813301513195335,-0.5071307301102025
1998-02-17,0.007787961850854524,0.3356436400273563
1998-02-18,0.00734667438158505,1.234745885803716
1998-02-19,0.007287315806506387,-0.5061683856281312
1998-02-20,0.007339276839252787,0.7834941534950788
1998-02-23,0.007101195016962531,0.5341146154705743
1998-02-24,0.006773884140718359,-1.0818407420968157
1998-02-25,0.007288661146582026,1.6330731588103666
1998-02-26,0.00740144652296765,0.7454514379441008
1998-02-27,0.00715969631390624,0.08919736232295217
1998-03-02,0.0067579592810889134,-0.23144912505147144
1998-03-03,0.006585523889457174,0.624841000423822
1998-03-04,0.006411860318344145,-0.6968519853196032
1998-03-05,0.00659968884778566,-1.7870910103240136
1998-03-06,0.007632902514485951,2.5867937048205625
1998-03-09,0.007953984176439829,-0.40315929887907026
1998-03-10,0.0078975222197119,1.4286154591592886
1998-03-11,0.007872188582163217,0.5027020698138746
1998-03-12,0.00756329696841403,0.17931719226512033
1998-03-13,0.007187968620344275,-0.17045087886889218
1998-03-16,0.0069998365456993405,1.4180588179216396
1998-03-17,0.006993261505798054,0.156246275365947
1998-03-18,0.006632784628809034,0.705823765000208
1998-03-19,0.006419546526326933,0.6043999918412776
1998-03-20,0.006185433139995711,1.3915203522657378
1998-03-23,0.00620180794058448,-0.5304449941961545
1998-03-24,0.006287487040049883,1.4595425013111587
1998-03-25,0.006323206367280777,-0.5329863714788908
1998-03-26,0.0063877922216665365,-0.16061950595074642
1998-03-27,0.006203701930764987,-0.7868168160402729
1998-03-30,0.0064617061980911895,-0.2601590661058831
1998-03-31,0.006348106024056403,1.1696150960160192
1998-04-01,0.006256436642610914,0.925791444207583
1998-04-02,0.006115760554700415,1.740689846777198
1998-04-03,0.006181561560767424,0.38806253234189125
1998-04-06,0.005921012291427,-0.1986790230480479
1998-04-07,0.005815135187574073,-1.8237757135993506
1998-04-08,0.006807276565307113,-1.0496846380514184
1998-04-09,0.007269089432988556,1.1217908906891472
1998-04-13,0.0071479777243333206,-0.12350796206501052
1998-04-14,0.006925516519098218,0.7863933722330295
1998-04-15,0.006738529290953043,0.4740627240007438
1998-04-16,0.006489352486770136,-1.5427216019578218
1998-04-17,0.00729925516152136,1.7870646146803875
1998-04-20,0.0073638627180570605,0.11244782958893608
1998-04-21,0.0069904312349809575,0.38396509591058325
1998-04-22,0.00671154883461034,0.5109119986564296
1998-04-23,0.006483432616727435,-1.502576503324034
1998-04-24,0.007277973531857638,-1.440953597670742
1998-04-27,0.008083954580194747,-2.4082250756431764
1998-04-28,0.010012473524375008,-0.13153798656143867
1998-04-29,0.00955015647991626,0.9136934866492692
1998-04-30,0.009268976440035184,1.6752749232233088
1998-05-01,0.009290105424571071,0.8918944729560763
1998-05-04,0.009010314289385337,0.10587885814292498
1998-05-05,0.008493817482813595,-0.691374755806108
1998-05-06,0.008692680293959186,-1.0962971876332352
1998-05-07,0.009301317951190801,-0.9558593335753737
1998-05-08,0.00979702983307253,1.2045206762413905
1998-05-11,0.009571400962057467,-0.14151915030700257
1998-05-12,0.009202380340783642,0.8948009202119976
1998-05-13,0.008918717058140931,0.3080698117486332
1998-05-14,0.008450800373260348,-0.15768819190490257
1998-05-15,0.00817810948089355,-0.9491810740603535
1998-05-18,0.008629078604801037,-0.30456390673317973
1998-05-19,0.008478426499901407,0.3939898905853397
1998-05-20,0.008086894218417389,1.0586997127143094
1998-05-21,0.007895525912451674,-0.5012463557075082
1998-05-22,0.007947776395504206,-0.4716002352959775
1998-05-26,0.007959151445051098,-1.875114404948992
1998-05-27,0.009310560103314472,-0.17588020800095044
1998-05-28,0.008990288461742366,0.5455326371037913
1998-05-29,0.008606747933917113,-0.719934874927798
1998-06-01,0.008835909919093549,0.01660261671646257
1998-06-02,0.00838201676519497,0.2447007805468748
1998-06-03,0.007966612305577696,-1.210280007541992
1998-06-04,0.008673135599241991,1.2813645526052753
1998-06-05,0.008525142057922583,2.021360718048822
1998-06-08,0.008603711173224836,0.1939236363576845
1998-06-09,0.0081474604676412,0.2955711425564846
1998-06-10,0.007738470169432445,-0.7102276302367905
1998-06-11,0.00797294076258933,-2.0119679316333525
1998-06-12,0.009478052197781724,0.4098267071399869
1998-06-15,0.009015223884545528,-2.2258298659776186
1998-06-16,0.010955283429724629,0.8923105972779671
1998-06-17,0.010578718475542516,1.6815643132958715
1998-06-18,0.010520479585012073,-0.06355428890789798
1998-06-19,0.009983521003893372,-0.5192000957627736
1998-06-22,0.01000748045657891,0.2321403512840507
1998-06-23,0.009455946922663324,1.5491985378906699
1998-06-24,0.009375373910317763,1.2682002469629836
1998-06-25,0.009195268132980909,-0.34613235296552586
1998-06-26,0.009045791402730565,0.38306857670096245
1998-06-29,0.008604555888883404,0.5412677415276778
1998-06-30,0.008268544104634684,-0.49497742711484555
1998-07-01,0.008348702361388932,1.545026108546007
1998-07-02,0.00828056633686606,-0.2252204917453662
1998-07-06,0.008103096602145404,1.1688751603639023
1998-07-07,0.00794959663315557,-0.29053449274639465
1998-07-08,0.007814454605564625,1.292346312060675
1998-07-09,0.007711123167117511,-0.8723806060855889
1998-07-10,0.008086088857986909,0.6143725842156634
1998-07-13,0.007782653882243775,0.09486956918416037
1998-07-14,0.007320111801389533,1.4449689512200028
1998-07-15,0.0072687241555817236,-0.32398609653046184
1998-07-16,0.007192060019620199,1.0822490277547543
1998-07-17,0.007042455332724475,0.33062278809695006
1998-07-20,0.006697744627227177,-0.3337700729395957
1998-07-21,0.00665759599577539,-2.433588159803999
1998-07-22,0.008339957919418432,-0.10192943872031897
1998-07-23,0.008049137059081132,-2.624144358870259
1998-07-24,0.010141759445291727,0.09080015879884747
1998-07-27,0.009566872970412343,0.591145162567121
1998-07-28,0.009202652150242662,-1.625100351474955
1998-07-29,0.010430740868139927,-0.42761494913636894
1998-07-30,0.01034818547298308,1.5116608082032659
1998-07-31,0.010218537078331756,-1.926482871723204
1998-08-03,0.012015304277842746,-0.6134685754654985
1998-08-04,0.012101479612649403,-3.0506811895701005
1998-08-05,0.016382937561095847,0.5277623078009432
1998-08-06,0.015380298129588126,0.49114161686142743
1998-08-07,0.01444978400109178,-0.011436616339456267
1998-08-10,0.0135159578987009,-0.42976555784323717
1998-08-11,0.013304698777939288,-0.9890745690326255
1998-08-12,0.013983530099193208,1.01232684525003
1998-08-13,0.013455612796893003,-0.6409101258854375
1998-08-14,0.013578467900986322,-0.8378766123335449
1998-08-17,0.013998226783269872,1.3925750184577492
1998-08-18,0.013651560365980869,1.1754686158528238
1998-08-19,0.013210216075923835,-0.21615166359186982
1998-08-20,0.012697757320757634,-0.4646924751005426
1998-08-21,0.012569611817565489,-0.7586523745253693
1998-08-24,0.012870185714616981,0.4942670288368107
1998-08-25,0.012182361055833963,0.3545380379316732
1998-08-26,0.011486641951301066,-0.6926158350485767
1998-08-27,0.011692958557294996,-3.346042924825465
1998-08-28,0.016135772275594068,-0.9252556101651253
1998-08-31,0.016757407575258107,-4.203369388360131
1998-09-01,0.02599650292407643,1.457995775679715
1998-09-02,0.02534891971733472,-0.15026665202201375
1998-09-03,0.023563883181956773,-0.3536601031676082
1998-09-04,0.02263112968653981,-0.3781372469643881
1998-09-08,0.0218156099237157,2.2757084691415974
1998-09-09,0.021803722801057194,-0.780059175673029
1998-09-10,0.022153478010026345,-1.1821943833206014
1998-09-11,0.023711949375993423,1.2241949241692054
1998-09-14,0.022687568304042303,0.8933390260826037
1998-09-15,0.021449963184751827,0.35900348970115936
1998-09-16,0.019830948219854122,0.37762125769315763
1998-09-17,0.018382840795869545,-1.4024995619809295
1998-09-18,0.02044201288326694,0.05854216883924819
1998-09-21,0.018821235294786645,0.19755495302129417
1998-09-22,0.017363937999586847,0.3219549544599109
1998-09-23,0.016090977707901598,2.162590699667608
1998-09-24,0.01639918720463078,-1.351595179960502
1998-09-25,0.018113168167999665,0.10737861110237201
1998-09-28,0.01671993071180577,0.2251258119991141
1998-09-29,0.01552689476798213,0.020268270549862088
1998-09-30,0.014320155295254194,-2.1640445600556535
1998-10-01,0.01772784071957547,-1.7244293963135895
1998-10-02,0.020387876586683094,0.7994972715844783
1998-10-05,0.019333186093997253,-0.7294474942624427
1998-10-06,0.01962346987379779,-0.20506048178721126
1998-10-07,0.018664471851032226,-0.7623301093527167
1998-10-08,0.019009913155873314,-0.6126837986490493
1998-10-09,0.018984195987515978,1.3523033276028062
1998-10-12,0.01842311006718199,0.7295456642481682
1998-10-13,0.01746313525778852,-0.16726522722371695
1998-10-14,0.01652250029628398,0.6493190470644497
1998-10-15,0.015578922409620007,2.6241880540661393
1998-10-16,0.016153569125837163,0.5255221375627692
1998-10-19,0.015182342449161071,0.3711697170307
1998-10-20,0.014168637042574097,0.10223629325779764
1998-10-21,0.0130564258530449,0.43000057558685484
1998-10-22,0.01214590246099066,0.6560816636968074
1998-10-23,0.011410256262871551,-0.6369675090530714
1998-10-26,0.011594624675317473,0.13280410018582497
1998-10-27,0.010661407573088455,-0.6125373669703452
1998-10-28,0.010764338233064821,0.2394954189107164
1998-10-29,0.00997080184590684,1.661334542547098
1998-10-30,0.010181439209007128,1.1455733262391405
1998-11-02,0.009904994824871482,1.18122217894543
1998-11-03,0.009683141764887677,-0.07063222082967549
1998-11-04,0.009132024716600257,0.7691682902700985
1998-11-05,0.00870621459958965,1.5481333229555214
1998-11-06,0.008760536269391064,0.7185568961138099
1998-11-09,0.008358445477975793,-1.1388814650693195
1998-11-10,0.009230162581727623,-0.18612168207164473
1998-11-11,0.008907198688126722,-0.7277569609882578
1998-11-12,0.00926478105308324,-0.3162894793977461
1998-11-13,0.009099499700170465,0.7867247819971345
1998-11-16,0.008716026848529094,1.0298348168732854
1998-11-17,0.008422847676028054,0.3600531967576685
1998-11-18,0.00786923012271445,0.5742394336132409
1998-11-19,0.007516644865037349,0.94171736531673
1998-11-20,0.007268552107763654,1.2996804778899267
1998-11-23,0.007129863628831248,2.941461804140445
1998-11-24,0.007454243080697116,-0.5906456836463336
1998-11-25,0.007638750339450145,0.4286646313003998
1998-11-27,0.007262928011415359,0.6319425697473731
1998-11-30,0.006962073654130379,-3.4996621353607438
1998-12-01,0.010237853231196681,0.9730563844001172
1998-12-02,0.00989733952773863,-0.34705159174171646
1998-12-03,0.009784644893279097,-1.8588173548106617
1998-12-04,0.011552745011925578,1.9791147581450739
1998-12-07,0.011500627618322117,0.8061062414883278
1998-12-08,0.011021515743760885,-0.48408694384392403
1998-12-09,0.011042653658996348,0.1615953385818935
1998-12-10,0.010390373881529318,-1.5138455394228074
1998-12-11,0.011809970229231104,0.10459101499841965
1998-12-14,0.011093101809787924,-1.9735859812011003
1998-12-15,0.013323584372507101,1.4092569443904568
1998-12-16,0.01297495488109008,-0.05901213696043096
1998-12-17,0.012281772096185438,1.2544200422676839
1998-12-18,0.011913620620164348,0.5706934436202659
1998-12-21,0.011323718899966697,1.0940664637298119
1998-12-22,0.010965772833286416,0.05532639801954336
1998-12-23,0.010287505298531343,1.9960532771688897
1998-12-24,0.01027669500675977,-0.17996512464167488
1998-12-28,0.009918474238366094,-0.06415316661685662
1998-12-29,0.009453391639874999,1.399421962151071
1998-12-30,0.009272501435243408,-0.8614666784789893
1998-12-31,0.009779605071075108,-0.22435954143433415
1999-01-04,0.009518074627037233,-0.09662683752048737
1999-01-05,0.009127716770167776,1.4779809229056886
1999-01-06,0.008977141523786324,2.439403106878338
1999-01-07,0.009218441644762017,-0.2227528201566775
1999-01-08,0.008960431113163669,0.47011951040056565
1999-01-11,0.008525448881705757,-1.035767066214223
1999-01-12,0.009204464641710434,-2.1153006743823743
1999-01-13,0.011303209611858968,-0.36548081522030473
1999-01-14,0.01115685163827269,-1.6273810689098391
1999-01-15,0.012824510517240905,1.9734380610944051
1999-01-19,0.01279700404793448,0.5474174097237158
1999-01-20,0.0121417001876606,0.30335951335122524
1999-01-21,0.011439651101576336,-1.5057302682169966
1999-01-22,0.012997294318880671,-0.6235649998800653
1999-01-25,0.01318697460255551,0.5421119019200226
1999-01-26,0.012504715024872583,1.179170461192629
1999-01-27,0.012126022466622255,-0.6040965416607201
1999-01-28,0.012289714681727746,1.4402255638472363
1999-01-29,0.012021013443754497,0.9328859168776691
1999-02-01,0.011557635181620736,-0.4501336271317531
1999-02-02,0.011493745238885291,-0.7557577600379152
1999-02-03,0.0118922802940684,0.6689734862643696
1999-02-04,0.011327110461212604,-1.651845757042707
1999-02-05,0.013172085293604884,-0.5547642506929167
1999-02-08,0.013258822512461686,0.26546054290889814
1999-02-09,0.012446183062532116,-1.8049858991279746
1999-02-10,0.01474613795261911,0.41194438965604374
1999-02-11,0.013861230628666682,1.7757342113307093
1999-02-12,0.01361739226836199,-1.4136709564435794
1999-02-16,0.015318044158602414,0.6200821260134177
1999-02-17,0.014475139484118065,-0.9996163906622623
1999-02-18,0.01540473462454381,0.6989233044898521
1999-02-19,0.014599728362544973,0.10730886203891686
1999-02-22,0.013615680416727562,1.9256039120471675
1999-02-23,0.013458971319993218,-0.05608809525503769
1999-02-24,0.012678751518826777,-1.1103444087538346
1999-02-25,0.013773300530240838,-0.48762855337987465
1999-02-26,0.013739898319282635,-0.3921388198500079
1999-03-01,0.013549703144324545,-0.12943708478610577
1999-03-02,0.012902787158677018,-0.6712428914099627
1999-03-03,0.013217277519685327,0.13569635985336412
1999-03-04,0.012329414397770166,1.2417040241344954
1999-03-05,0.01191591734584393,1.9186748780115066
1999-03-08,0.011793559427833705,0.4812702101248982
1999-03-09,0.011144436083480687,-0.20239342398229557
1999-03-10,0.010752645993236845,0.5072733531459669
1999-03-11,0.010181683247396702,0.8238836099620869
1999-03-12,0.009747311769779842,-0.24458844675711527
1999-03-15,0.009492168076779016,1.026039024036072
1999-03-16,0.009168019467276188,-0.07345033765918312
1999-03-17,0.008736406867708463,-0.7524906694087338
1999-03-18,0.009140943087479514,1.5675432260332638
1999-03-19,0.00900658132349525,-1.4652312401948036
1999-03-22,0.010347542739783564,-0.1697377434925712
1999-03-23,0.009973276961115177,-2.73259415580437
1999-03-24,0.013438551894134829,0.3793054476670951
1999-03-25,0.012642313806663056,1.3232101775728407
1999-03-26,0.012263626713674505,-0.4557568544088309
1999-03-29,0.012238724096696255,1.7249924306010571
1999-03-30,0.012023652666619943,-0.6001430962276472
1999-03-31,0.012227064782687487,-0.9091901373350998
1999-04-01,0.012928789639658916,0.4406810220394776
1999-04-05,0.012246098479957002,1.7114096635660314
1999-04-06,0.012016699846821952,-0.20370601723887508
1999-04-07,0.011654400658114546,0.5839755714058882
1999-04-08,0.01110057680244143,1.1528659748619512
1999-04-09,0.010751735501429724,0.30192875307157857
1999-04-12,0.01016890482434531,0.7469081687923649
1999-04-13,0.009737377472955513,-0.6681092790810024
1999-04-14,0.010039448158908271,-1.5903197876289148
1999-04-15,0.011594384128046085,-0.36369295350884023
1999-04-16,0.011487729556614992,-0.253714871591156
1999-04-19,0.01122125185014706,-2.017141478743368
1999-04-20,0.013594156507373103,0.9460096541453729
1999-04-21,0.013035091876744644,1.7392024175406444
1999-04-22,0.012776723587850702,1.318549989473855
1999-04-23,0.012414039960042499,-0.11686910499647958
1999-04-26,0.011898331009334653,0.19736558022134876
1999-04-27,0.011214670020296504,0.18077240155454885
1999-04-28,0.010581485699288802,-0.828142488041379
1999-04-29,0.011117300470733997,-0.5396247255381968
1999-04-30,0.011249752490392116,-0.5078458462051875
1999-05-03,0.011342679297635248,1.2750253345117515
1999-05-04,0.0109878664686912,-1.533217194344552
1999-05-05,0.012587562678193458,0.9079186866783883
1999-05-06,0.012066580530265707,-0.9440047955011054
1999-05-07,0.012815169519149995,0.7549543087784542
1999-05-10,0.012231512485173296,-0.2861875933159794
1999-05-11,0.012009845592870343,0.9457257967383444
1999-05-12,0.01154003225504578,0.5346633839341832
1999-05-13,0.010985632992393852,0.2372747626877074
1999-05-14,0.010416740751052821,-2.1121445956403098
1999-05-17,0.012760217420992261,0.09893460034971184
1999-05-18,0.012042025358173692,-0.38339938311175464
1999-05-19,0.011954877794041238,0.6816725277025939
1999-05-20,0.011424317967464117,-0.352343000859219
1999-05-21,0.011312686202564148,-0.5656545536970324
1999-05-24,0.01148750372406769,-1.5608581931557637
1999-05-25,0.013122191462923281,-1.3088458922812711
1999-05-26,0.014502084956140016,1.0844937887437067
1999-05-27,0.013951946913057242,-1.2943041270454918
1999-05-28,0.01538504291745443,1.0281129126473918
1999-06-01,0.014753122606828595,-0.3958152774202146
1999-06-02,0.014586340683587728,0.0291300405453638
1999-06-03,0.013722418378085905,0.2657238804538053
1999-06-04,0.012953371229610655,1.6579000312477874
1999-06-07,0.01265617011987158,0.4018522905020343
1999-06-08,0.011993291584529487,-1.0810012989421558
1999-06-09,0.01292960264891232,0.07687676768909192
1999-06-10,0.012148791387316797,-0.993498739008108
1999-06-11,0.01296541435248678,-0.5453850411622863
1999-06-14,0.013090614540315557,0.021254502012179256
1999-06-15,0.012319521660036975,0.4479073645994336
1999-06-16,0.011722305776077054,1.8964690873865813
1999-06-17,0.011582535876732516,0.6136662569470706
1999-06-18,0.011088044553788833,0.19766751338001892
1999-06-21,0.010469959946951615,0.4371390645599048
1999-06-22,0.009997451564834496,-0.9775814152263307
1999-06-23,0.01072940491177657,-0.1969502505363463
1999-06-24,0.010469487564570506,-1.2462336259187152
1999-06-25,0.01156288580175605,-0.030895756329448958
1999-06-28,0.011046485512692059,1.09727413611706
1999-06-29,0.010600010288517602,1.4136408261895923
1999-06-30,0.01028466838783696,1.517677102208474
1999-07-01,0.010011738505370604,0.598499600654821
1999-07-02,0.00956220102419262,0.774106061245329
1999-07-06,0.009179970815538962,-0.2429995539005025
1999-07-07,0.009036729036083015,0.6153102633030325
1999-07-08,0.008626635278824405,-0.11964254058195807
1999-07-09,0.008373623783425328,0.7563970954590811
1999-07-12,0.008032966521187691,-0.3713720349357966
1999-07-13,0.00805930866500272,-0.49228654250188847
1999-07-14,0.008210874825225018,0.40222316122405294
1999-07-15,0.007832597317831628,1.041275401793587
1999-07-16,0.007558929449209375,0.8568947539305163
1999-07-19,0.007246028460387985,-1.0868993211437095
1999-07-20,0.007989908429544995,-2.7461946284327485
1999-07-21,0.010700441277794355,0.14850614809408608
1999-07-22,0.010131789020587747,-1.319731690824118
1999-07-23,0.011320708694296489,-0.26195690132204125
1999-07-26,0.011109753211708675,-0.6110089974891696
1999-07-27,0.011377579633804279,0.9779558259453365
1999-07-28,0.010926752803564763,0.17175379425474313
1999-07-29,0.010357879368897123,-1.7387194792146332
1999-07-30,0.012150087920444457,-0.7590024501245302
1999-08-02,0.012620272034938693,-0.039960552640753745
1999-08-03,0.012052708316456703,-0.3675362812283248
1999-08-04,0.011956814249611737,-1.072700566292998
1999-08-05,0.012908616273161058,0.49573997535845393
1999-08-06,0.012248133270787777,-0.8383170754975214
1999-08-09,0.012846861825942125,-0.14920264195713276
1999-08-10,0.012391935312366702,-1.0243659890005292
1999-08-11,0.013283539017648525,1.1947972883708693
1999-08-12,0.0127817428355951,-0.22687959020079
1999-08-13,0.012454257622435162,1.8054223479457867
1999-08-16,0.012130817376843801,0.19163079156614302
1999-08-17,0.01148375564066093,0.8718028859717794
1999-08-18,0.010997714881836955,-0.7690079087263778
1999-08-19,0.011471318113070925,-0.607102184012072
1999-08-20,0.011724392596990848,0.8349115432364638
1999-08-23,0.01122795854193527,1.559489464647717
1999-08-24,0.010897494384643904,0.22101350874675418
1999-08-25,0.010350837674514488,1.2873223882000073
1999-08-26,0.010020781559519772,-1.4388330170267147
1999-08-27,0.011338274146231175,-0.894250150247961
1999-08-30,0.011978621350734932,-1.5151765158656132
1999-08-31,0.013613350490944906,-0.20055735564351082
1999-09-01,0.013207936527662188,0.6087831646610676
1999-09-02,0.012569366431590625,-0.7180818617982802
1999-09-03,0.012976148794000273,2.196026226923666
1999-09-07,0.012750085117201625,-0.3933608765792437
1999-09-08,0.012678115607694036,-0.36882239039464726
1999-09-09,0.012572328213931554,0.2074332848374601
1999-09-10,0.01188651990616712,0.24933382489842365
1999-09-13,0.011244328031995853,-0.4968304668325475
1999-09-14,0.011361176523046041,-0.5148956690534376
1999-09-15,0.011512032004504975,-1.1991362447349105
1999-09-16,0.012617333144959206,0.030663476477203765
1999-09-17,0.012006374342971953,1.0632967562010842
1999-09-20,0.011523588511795,0.00714679510473934
1999-09-21,0.010953388397222805,-1.930925028529259
1999-09-22,0.013170754168732576,0.16994584403536805
1999-09-23,0.012432492456107924,-1.8689748756794815
1999-09-24,0.014784948779925065,-0.16130791460245342
1999-09-27,0.0142414583918504,0.3263209846191585
1999-09-28,0.0134704977220071,-0.0642447543340332
1999-09-29,0.012848542550347876,-0.8440417844417909
1999-09-30,0.013476124994842591,0.8342449474048543
1999-10-01,0.012901928404019616,0.006048168321450103
1999-10-04,0.012237498514455984,1.3763786541915974
1999-10-05,0.011804656888226022,-0.21129739495526642
1999-10-06,0.011514977273219026,1.5902897800345304
1999-10-07,0.011161267458028073,-0.5261096331100956
1999-10-08,0.011332691728023148,1.2223742822069823
1999-10-11,0.01091268248342583,-0.055578093265534007
1999-10-12,0.010470807688052553,-1.5990614004228347
1999-10-13,0.012074656159520714,-1.7522990792072088
1999-10-14,0.01412671293528134,-0.11738443819475652
1999-10-15,0.013572485521935651,-2.0968152709196035
1999-10-18,0.01654341404875759,0.32476245977411106
1999-10-19,0.0155971103270921,0.3665191785931799
1999-10-20,0.01474134602252566,1.4952198274475534
1999-10-21,0.01421021848217911,-0.3183548880369058
1999-10-22,0.013992599123927797,0.9974058197916981
1999-10-25,0.01337216651219874,-0.46219027514230854
1999-10-26,0.01340298717175051,-0.679031015640303
1999-10-27,0.013792706594516061,0.832257058096164
1999-10-28,0.013167151694853383,2.632198179077926
1999-10-29,0.012959845370639591,1.1688429185075622
1999-11-01,0.01244668292942285,-0.5210255849786325
1999-11-02,0.012587537081215986,-0.3751873711764571
1999-11-03,0.012500118784075755,0.42565386066662153
1999-11-04,0.011877501182533924,0.47772449030327796
1999-11-05,0.011303522224790329,0.4914034118056183
1999-11-08,0.010744190682988439,0.45940121642525683
1999-11-09,0.010209964894553138,-0.8379002082656647
1999-11-10,0.010798920993700051,0.5531587598171495
1999-11-11,0.010294692552745108,0.564155521090344
1999-11-12,0.00979929987357298,1.0728463069044993
1999-11-15,0.009390132751230466,-0.12747116594203114
1999-11-16,0.009125478859630727,1.9997935966848068
1999-11-17,0.008953842090693626,-0.7385692332387012
1999-11-18,0.00940959917094975,1.0666310228410896
1999-11-19,0.009055003776038793,-0.22808770939084055
1999-11-22,0.008942278473150416,-0.08339576784013623
1999-11-23,0.008696217091113328,-1.3267298247375072
1999-11-24,0.009777623115890637,0.9017869352299264
1999-11-26,0.009356209345666704,-0.03469741788778531
1999-11-29,0.00904869152572406,-0.6878639292334197
1999-11-30,0.009478553519250157,-1.4274529443828645
1999-12-01,0.010738380356829762,0.5888248499808881
1999-12-02,0.010262639272015303,0.7859900638335884
1999-12-03,0.009813788546330015,1.7394773454399888
1999-12-06,0.009423503353005238,-0.7407379164804464
1999-12-07,0.009863199596529225,-1.0136929611225145
1999-12-08,0.010627505518674658,-0.35390002094960465
1999-12-09,0.010657568087870835,0.2822908484451582
1999-12-10,0.010202083947304352,0.6196623434759221
1999-12-13,0.009767128836908263,-0.13158843397222317
1999-12-14,0.009577019683456384,-0.8928645445821113
1999-12-15,0.010203759298253708,0.7070528376631563
1999-12-16,0.009765681390351248,0.39411249507443424
1999-12-17,0.009353605734518534,0.1694120319970239
1999-12-20,0.008975666750694503,-0.23074717349916596
1999-12-21,0.00890602167061872,1.2080971523670034
1999-12-22,0.008544757651556092,0.22022720422777659
1999-12-23,0.008206792274497022,1.870009552147471
1999-12-27,0.007900507545256145,-0.10766863203340199
1999-12-28,0.007759408350698655,0.049525863496215995
1999-12-29,0.007479637492705257,0.5309127171038265
1999-12-30,0.007179240702749758,0.0960984520190349
1999-12-31,0.006905915996850591,0.47186850353825716
2000-01-03,0.006627202126091382,-1.4478198367453106
2000-01-04,0.007630520386499482,-5.124050963826116
2000-01-05,0.013027611911517306,0.14740521705963536
2000-01-06,0.012382682933170065,0.07714174264269526
2000-01-07,0.011800520119815128,2.265150133932322
2000-01-10,0.011349280583398604,0.9804872468671766
2000-01-11,0.01084537602432499,-1.2123670732496672
2000-01-12,0.011995823446988773,-0.36646251906225763
2000-01-13,0.01198785776261105,1.0090414321685064
2000-01-14,0.011436869669450839,0.9281179032487817
2000-01-18,0.010916093218909764,-0.6280192775249761
2000-01-19,0.011285949866432306,0.046266098981597135
2000-01-20,0.010800081654414167,-0.6593109939081518
2000-01-21,0.011199988664659625,-0.26040813265785
2000-01-24,0.01110202296476491,-2.52409712332573
2000-01-25,0.014237663043079142,0.42468230809689417
2000-01-26,0.013516588458101086,-0.3123287935971223
2000-01-27,0.013382726708344773,-0.2948729440930713
2000-01-28,0.013258723326505073,-2.099810973057863
2000-01-31,0.016164983325744522,1.5406666389479644
2000-02-01,0.015373180790161624,0.6876742724688762
2000-02-02,0.014544443801960379,-0.007808057309960059
2000-02-03,0.013903359734781911,0.8045068178691527
2000-02-04,0.01320838426949366,-0.031883766184396756
2000-02-07,0.012698863183246924,-0.007187731137775669
2000-02-08,0.012189693269081512,1.0007219544674526
2000-02-09,0.011608781332589675,-1.812000455267341
2000-02-10,0.013705536326123506,0.2641445592958167
2000-02-11,0.013040872662877859,-1.6250675500816663
2000-02-14,0.015035039844529457,0.13507691862141252
2000-02-15,0.014275677739842466,0.607673254550178
2000-02-16,0.013567367027619277,-0.7598654031908378
2000-02-17,0.014155381210858133,0.030028024759103752
2000-02-18,0.013492033973459439,-2.2863197011193646
2000-02-22,0.016776606937028614,0.2686284239734116
2000-02-23,0.015882259485562596,0.3954814560262805
2000-02-24,0.015076850863625453,-0.35483075110547835
2000-02-25,0.014984743695692566,-0.9970200150790566
2000-02-28,0.016035541487684202,0.68329957890073
2000-02-29,0.015185218778726908,0.8913321101179977
2000-03-01,0.014396102807146961,0.6461550638457274
2000-03-02,0.01366905120646801,0.13620024586000198
2000-03-03,0.012960336516952616,1.5156129450564648
2000-03-06,0.012329532495245887,-1.0362681633822965
2000-03-07,0.01331485071443799,-1.950100506356708
2000-03-08,0.01587158951708824,0.512874189328667
2000-03-09,0.015049184579809584,1.6797966872796015
2000-03-10,0.014277238151380068,-0.3315805822870018
2000-03-13,0.014156928647844012,-0.5821393494403453
2000-03-14,0.014465781618397842,-1.2335128267609077
2000-03-15,0.015903937349629957,1.5079674451553982
2000-03-16,0.015067461559523779,3.089158626698506
2000-03-17,0.014326448184518557,0.28656518781781815
2000-03-20,0.013596709920214793,-0.39478891916741
2000-03-21,0.013611723136938522,1.8546155271105496
2000-03-22,0.013031011508263832,0.34698984085720697
2000-03-23,0.012395950914758591,1.423246846153358
2000-03-24,0.011901407581251402,0.006050375379099396
2000-03-27,0.011337439354683773,-0.2081263307415694
2000-03-28,0.011093440584838219,-0.9592501375221987
2000-03-29,0.011889757735384672,0.04405936463894246
2000-03-30,0.011347935743407686,-1.2116608633795756
2000-03-31,0.012579023631989095,0.5675132581325044
2000-04-03,0.011979473262897104,0.410637893153287
2000-04-04,0.011423914052491555,-0.6557834655971942
2000-04-05,0.011842741932446088,-0.4168054247248768
2000-04-06,0.011932878304844212,0.7834290499039033
2000-04-07,0.01135831993167124,0.8758421452030765
2000-04-10,0.010842684101800828,-0.7260297586347318
2000-04-11,0.011346469877291408,-0.22700122269255554
2000-04-12,0.011153790398551888,-2.0193078200872936
2000-04-13,0.013550609008055872,-1.3533104534828364
2000-04-14,0.01515506192546265,-3.962048971976732
2000-04-17,0.02313920267494026,1.4066219683787797
2000-04-18,0.021874370855085833,1.2919364395860478
2000-04-19,0.020651616555307024,-0.47729476070491855
2000-04-20,0.020637725416111224,0.2393985489869003
2000-04-24,0.0193783356226848,-0.16862853899551083
2000-04-25,0.01870749394474757,1.7497957576611098
2000-04-26,0.017680879063174396,-0.6332569327346041
2000-04-27,0.01810477661006319,0.14837973932695342
2000-04-28,0.017118801697810684,-0.5001875030423168
2000-05-01,0.017275944971333338,0.6270662847606773
2000-05-02,0.016339389839359824,-0.9222823912693807
2000-05-03,0.017344790270484807,-1.256948099338472
2000-05-04,0.019139032937896042,-0.20458335073224626
2000-05-05,0.01858905931784454,0.8729470287262175
2000-05-08,0.017566954188958647,-0.3371501130182996
2000-05-09,0.017363046091348925,-0.4885619739811488
2000-05-10,0.01746533711400003,-1.1917922861305823
2000-05-11,0.019090614415409827,0.9294675414337145
2000-05-12,0.01803152561668035,0.5156149937951652
2000-05-15,0.017037858931170647,1.2828570491680098
2000-05-16,0.016128525658960974,0.5812747919155904
2000-05-17,0.015281835737307623,-0.8192548643571562
2000-05-18,0.016035852402037087,-0.4578172329802678
2000-05-19,0.01610788811437498,-1.3210608791917344
2000-05-22,0.017919640987841948,-0.24765211400344836
2000-05-23,0.017506381027473886,-1.1060014933250135
2000-05-24,0.018929654325434267,0.9598265127381759
2000-05-25,0.017893109430408304,-0.7046910084026783
2000-05-26,0.018398517865289635,-0.13787284403566097
2000-05-30,0.017749262076891672,1.7878491006444717
2000-05-31,0.01684545163743935,-0.07725541119993527
2000-06-01,0.0161698708032997,1.216043721884081
2000-06-02,0.015358353736875243,1.2661810783619187
2000-06-05,0.014616767680097887,-0.4474429063351098
2000-06-06,0.01467636153739796,-0.45603901123502383
2000-06-07,0.014767162658903816,0.6251213357574507
2000-06-08,0.014014105867666127,-0.47148819475324066
2000-06-09,0.01412184539003339,-0.2290402996615623
2000-06-12,0.013820726077476895,-0.5458506478975262
2000-06-13,0.014036640919604245,1.145588343360975
2000-06-14,0.013334115149047152,0.0561245253279201
2000-06-15,0.01266088039451553,0.4386654848467526
2000-06-16,0.011986348317811122,-0.8090079358872677
2000-06-19,0.012626904975372728,1.1563719819855607
2000-06-20,0.01207472422680089,-0.5620111055842006
2000-06-21,0.012338508947752968,0.17443462745764432
2000-06-22,0.011766142445092043,-1.5628034279568042
2000-06-23,0.013586378952695998,-0.544336549081878
2000-06-26,0.01383712246910004,0.6900731433190197
2000-06-27,0.013139352409618478,-0.2493386271831131
2000-06-28,0.012917842106817234,0.2275392567609579
2000-06-29,0.012260927840153271,-0.6998389252392692
2000-06-30,0.012723746754305064,0.6624983951705972
2000-07-03,0.012113467880984441,0.8435669600860458
2000-07-05,0.011504886957954827,-1.3897829880234518
2000-07-06,0.013017778795297426,0.5525429484020633
2000-07-07,0.012384566589536374,1.2229370850177959
2000-07-10,0.011817698565024208,-0.18788324464917944
2000-07-11,0.011543411056573012,0.3082513306448062
2000-07-12,0.010983643836907973,0.7372284026850355
2000-07-13,0.010448149458174842,0.1870126332693682
2000-07-14,0.010043405811588212,0.9367831825868131
2000-07-17,0.009691712438152318,0.03484443683199927
2000-07-18,0.009311702593193125,-1.197531745088374
2000-07-19,0.010341616484613398,-0.7655984913984539
2000-07-20,0.010895963999181546,0.8390133787194133
2000-07-21,0.01040214510041374,-0.9937326136027802
2000-07-24,0.011234211069161231,-0.9613410529662358
2000-07-25,0.012071703729935868,0.5739101489714249
2000-07-26,0.011519674686843409,-1.307972898139004
2000-07-27,0.012885326615475113,-0.14976036976708387
2000-07-28,0.01260319797623369,-1.6441886933097694
2000-07-31,0.014669410728484633,0.5232146513826641
2000-08-01,0.013894329279097386,0.36476148441596734
2000-08-02,0.013200606018462024,0.03159803327361914
2000-08-03,0.012608495799900206,0.7604129270379568
2000-08-04,0.011959251428601513,0.5948326650626549
2000-08-07,0.011374748458648644,0.9794656776281369
2000-08-08,0.010784022422510203,0.21789075608227917
2000-08-09,0.010302152260102433,-0.6522278107760844
2000-08-10,0.010735866951292285,-0.8015394667228792
2000-08-11,0.01135993157693277,0.6959233453536308
2000-08-14,0.010800743791948206,1.2322573461229847
2000-08-15,0.01021050489886129,-0.4692907044350163
2000-08-16,0.010425650664451707,-0.296401795698534
2000-08-17,0.010411385260739458,1.0470190984657957
2000-08-18,0.009881889676055486,-0.29466398894591855
2000-08-21,0.009862307206706847,0.526101168296007
2000-08-22,0.00942124080916738,-0.0956032614158178
2000-08-23,0.009234291398264144,0.5652325897245307
2000-08-24,0.008817576376413195,0.17608786418480596
2000-08-25,0.00846666177862117,-0.14574817298760245
2000-08-28,0.008356575309813432,0.6053578831314261
2000-08-29,0.007985429766788668,-0.3520052927252663
2000-08-30,0.008094435675047598,-0.5946553225620383
2000-08-31,0.008466886041540717,1.1802007669402559
2000-09-01,0.0080619653006118,0.2522846294425569
2000-09-05,0.007736775436475236,-1.1688104144095697
2000-09-06,0.008706168339557596,-1.1358529061632763
2000-09-07,0.009705390115103164,0.7059995869075651
2000-09-08,0.00924105448218498,-0.5784347172836635
2000-09-11,0.009588546162956652,-0.36630619818244275
2000-09-12,0.009670758718396583,-0.506018852298474
2000-09-13,0.00992774995946297,0.1982740057137256
2000-09-14,0.009494851111870815,-0.28693844018553455
2000-09-15,0.009473600638916457,-1.078968738932435
2000-09-18,0.010447862125799725,-1.401038798702223
2000-09-19,0.012064707322195677,0.8784122310239093
2000-09-20,0.011411646339241641,-0.515325546512643
2000-09-21,0.011668064281181294,-0.13533016500190512
2000-09-22,0.011362020663491186,-0.02005059438713427
2000-09-25,0.010910582495499841,-0.6150993197165637
2000-09-26,0.011281626906832154,-0.7310854852844328
2000-09-27,0.011877012755355448,-0.037765237327647916
2000-09-28,0.011453598217315777,1.9200620462924685
2000-09-29,0.010748766242651343,-1.3999723582703658
2000-10-02,0.012355162842107184,-0.015779334150447348
2000-10-03,0.01182304234521691,-0.577329243878173
2000-10-04,0.012177411171362194,0.4512460444709214
2000-10-05,0.011562934641822032,0.11810377496073188
2000-10-06,0.011007498913777846,-1.742750965574836
2000-10-09,0.013220775516213068,-0.37455604929592046
2000-10-10,0.013202049061443939,-0.815300133442161
2000-10-11,0.013955796088958482,-1.1682302211175064
2000-10-12,0.015435747345926856,-1.6740656958164912
2000-10-13,0.01817603719063466,1.8065768175638421
2000-10-16,0.016749259166989952,0.01954601446386446
2000-10-17,0.015745591461897846,-1.1492091293646125
2000-10-18,0.01733750187028522,-0.3359446178673596
2000-10-19,0.017072955556826634,2.0004364062996496
2000-10-20,0.015624421326108758,0.375421289246797
2000-10-23,0.014628693967405813,-0.05629964712447612
2000-10-24,0.013918760792667286,0.12085940724036492
2000-10-25,0.013148810855098749,-1.8294011119636453
2000-10-26,0.016007257263479763,-0.021061613272923097
2000-10-27,0.015158613234708644,0.7279708169739906
2000-10-30,0.014134168530269397,0.9718001205859543
2000-10-31,0.013171044256014437,1.6506005608439336
2000-11-01,0.012202481261552595,-0.47032695188353624
2000-11-02,0.012377909802860252,0.40259251016448544
2000-11-03,0.011658568943705786,-0.09794135007728917
2000-11-06,0.011310617265588532,0.34018174575364274
2000-11-07,0.010719013117254504,-0.020843477130964246
2000-11-08,0.010303867425624572,-1.5433353096479574
2000-11-09,0.01221543187336357,-0.5326634739069648
2000-11-10,0.012514989668663932,-1.973644188526823
2000-11-13,0.015569288376472212,-0.6958961428847767
2000-11-14,0.01615199152170921,1.4352017009639153
2000-11-15,0.014846959804291529,0.3332820957936055
2000-11-16,0.013922657162330923,-0.9096245093728383
2000-11-17,0.0149472371648334,-0.22463018523621076
2000-11-20,0.014579653832240065,-1.270412414237382
2000-11-21,0.016399925102641207,0.21443738091635714
2000-11-22,0.015360073839209192,-1.2188531429414653
2000-11-24,0.01711396655372089,0.8514475253264275
2000-11-27,0.015828572696237202,0.33810149792034677
2000-11-28,0.014809136280709134,-0.6478368386981106
2000-11-29,0.015291924850252252,0.285216136621699
2000-11-30,0.01433795027415352,-1.416542177365863
2000-12-01,0.016443699739781107,0.012949364913344892
2000-12-04,0.01544996267369896,0.4775581202597903
2000-12-05,0.014444379665145484,2.6434736615804275
2000-12-06,0.013121259286393079,-1.4013648929823803
2000-12-07,0.015085491205143176,-0.3891195598783545
2000-12-08,0.015034121663567705,1.2913993130746402
2000-12-11,0.013886228241716442,0.5399540722988145
2000-12-12,0.01301832937149605,-0.5036482391598621
2000-12-13,0.013252182325741718,-0.6183421236987822
2000-12-14,0.013695590378828804,-1.030543121360904
2000-12-15,0.014968269456889066,-1.44949363334574
2000-12-18,0.017273902478840884,0.4653438058764407
2000-12-19,0.0160464994658746,-0.8128033707675272
2000-12-20,0.0169052673391441,-1.8808414060576824
2000-12-21,0.02058667590720044,0.38713376891684914
2000-12-22,0.01901659698914737,1.2670169503637305
2000-12-26,0.017369267155523456,0.405911739205011
2000-12-27,0.016163253471542648,0.6425388327411591
2000-12-28,0.015023722342790403,0.2649286266403831
2000-12-29,0.014088048941177494,-0.745523529715496
2001-01-02,0.0147844885507854,-1.9231192491880877
2001-01-03,0.01820997468556975,2.6844666756806927
2001-01-04,0.016285864045783773,-0.6513959810968847
2001-01-05,0.016772754037303897,-1.585478330316529
2001-01-08,0.019643048795174686,-0.09772681721541936
2001-01-09,0.018538546634507883,0.20524485137968873
2001-01-10,0.017218980497484822,0.5540820290673838
2001-01-11,0.01594370810835169,0.6438173784567052
2001-01-12,0.014784542551987084,-0.4228995473711808
2001-01-16,0.014778358138553183,0.41441011754018
2001-01-17,0.013840817403699942,0.15341278884403037
2001-01-18,0.01304708501982798,1.0591937401103486
2001-01-19,0.01216916973423182,-0.3316877151357439
2001-01-22,0.01214702036151467,0.022071385891236715
2001-01-23,0.011536625858946619,1.122279552994543
2001-01-24,0.010764754469557642,0.26593456334919435
2001-01-25,0.01019935968005546,-0.4891842290078028
2001-01-26,0.01049502819050182,-0.17985937682693762
2001-01-29,0.010323474289591976,0.6569203220730584
2001-01-30,0.009733579344687196,0.7174582108812433
2001-01-31,0.009181814273572432,-0.6137746462054532
2001-02-01,0.009673250189861015,0.563024211377009
2001-02-02,0.009154551210130058,-1.9256500408169606
2001-02-05,0.011689269735428741,0.3062844662483429
2001-02-06,0.01105086663247735,-0.1370814443140014
2001-02-07,0.01078796204930901,-0.7826956087769826
2001-02-08,0.011553864958273317,-0.5413055010899628
2001-02-09,0.01191196349068092,-1.127040556940909
2001-02-12,0.013341691256525963,0.8812896884781258
2001-02-13,0.012396119594135224,-0.7010074822180928
2001-02-14,0.013044225664279532,-0.16759868461932576
2001-02-15,0.012685583716357187,0.6377894080520126
2001-02-16,0.011881400850104298,-1.6064004004234866
2001-02-20,0.014233603671091393,-1.2301139188114096
2001-02-21,0.016033210366598473,-1.1651353134487152
2001-02-22,0.017812225684961262,-0.10968516712731338
2001-02-23,0.016946746413779964,-0.3287312275065139
2001-02-26,0.016666583220108167,1.0403313602185866
2001-02-27,0.015298554368564367,-0.5026224009415198
2001-02-28,0.015495578550537,-0.9301022008916817
2001-03-01,0.01664901054009201,0.06245798366435854
2001-03-02,0.015578235033843075,-0.36563720126890575
2001-03-05,0.015423734155115639,0.3787041708874946
2001-03-06,0.014384544656924623,0.6904021725730557
2001-03-07,0.013318252440624644,0.48291845512668835
2001-03-08,0.012756689927265192,0.1768445461699825
2001-03-09,0.012057220417139745,-2.0797268737242636
2001-03-12,0.015426583021707282,-2.8613454374391054
2001-03-13,0.021725849168929764,0.67751690739852
2001-03-14,0.019866363220344466,-1.3179006546551717
2001-03-15,0.022361086258493406,0.2617996929883417
2001-03-16,0.020574177415052897,-0.9633037761285167
2001-03-19,0.02195626251196993,0.7958155795905949
2001-03-20,0.020032634107577857,-1.216614852648842
2001-03-21,0.02217577662874464,-0.8155870961708932
2001-03-22,0.02309918521455395,-0.17628308219421457
2001-03-23,0.02196465116847038,0.8975100849860775
2001-03-26,0.01996094439116999,0.5620576023775445
2001-03-27,0.018373135067347838,1.3744785132889321
2001-03-28,0.01666705941314464,-1.483945542990803
2001-03-29,0.019342473615531097,-0.23994143651093033
2001-03-30,0.01872553317433429,0.5728386497476617
2001-04-02,0.01725362069022322,-0.7268178789842088
2001-04-03,0.01791104109190323,-1.9540167901391632
2001-04-04,0.022117596025409345,-0.13135809868555684
2001-04-05,0.021046483475727015,2.0313565906008804
2001-04-06,0.018700320981259757,-1.0794439516841632
2001-04-09,0.020333418633464023,0.39760288149753176
2001-04-10,0.018780794569702334,1.4219962043097403
2001-04-11,0.01699129827215594,-0.12555966500020724
2001-04-12,0.016334873644367337,0.9177538730154793
2001-04-16,0.015037962350244101,-0.21498186438507894
2001-04-17,0.014612219063612104,0.7000954677009052
2001-04-18,0.013559406049753784,2.8137829163620034
2001-04-19,0.012250128047671225,1.0175176704285445
2001-04-20,0.011437461067712238,-0.750118347859189
2001-04-23,0.012159781737982685,-1.241260770761311
2001-04-24,0.013803962257355537,-0.8864138717011161
2001-04-25,0.014837570749548007,1.0658867173497166
2001-04-26,0.013702537258369724,0.3418968192725634
2001-04-27,0.012894478542495076,1.1554070901050546
2001-04-30,0.011949544735492082,-0.24010886328608294
2001-05-01,0.011793203630163196,1.14458650319323
2001-05-02,0.010940079236205722,0.07143477467860128
2001-05-03,0.010459394802956556,-1.4326259227151232
2001-05-04,0.012283625740774557,1.1671764166378253
2001-05-07,0.011416413791946847,-0.21464346283160798
2001-05-08,0.011279339356135018,-0.162240006791892
2001-05-09,0.011084744015293692,-0.4057666943005656
2001-05-10,0.011272313295955363,-0.02543920169319569
2001-05-11,0.010897559537011308,-0.6979047286881281
2001-05-14,0.011533870425178495,0.22591202157611165
2001-05-15,0.010979220556130664,0.03790715345955993
2001-05-16,0.01052182757204077,2.6664117414641177
2001-05-17,0.009462499443175423,0.28745617783649824
2001-05-18,0.009059838946737677,0.29685211523989924
2001-05-21,0.008675956284086898,1.847019920341682
2001-05-22,0.00806150393111116,-0.32640714871989274
2001-05-23,0.008203611515140609,-1.9074764320133453
2001-05-24,0.010378365369937234,0.3074714907087626
2001-05-25,0.009918215936590312,-1.1984323253664995
2001-05-29,0.011281707497207036,-0.6935652181551509
2001-05-30,0.011931422156713048,-1.3225042539946057
2001-05-31,0.013699527640747309,0.45128327194347356
2001-06-01,0.012890728963753553,0.2990255736136656
2001-06-04,0.012217137245879256,0.4170653597856666
2001-06-05,0.011561798506961011,1.1163065238331198
2001-06-06,0.010759324662321762,-0.9856260866540771
2001-06-07,0.01186135577012756,0.45877363045022124
2001-06-08,0.011225780974127481,-0.8410775456363878
2001-06-11,0.012123247150405353,-0.6921462394080232
2001-06-12,0.012796669173792139,0.0908989976385549
2001-06-13,0.012215108090214737,-0.9342335617901836
2001-06-14,0.01331973104823305,-1.3255942655109434
2001-06-15,0.015250455251412411,-0.2968511192256653
2001-06-18,0.01511497974493428,-0.3238599174258096
2001-06-19,0.015023394767368383,0.22819369128920378
2001-06-20,0.014161992904092811,0.6122761113824573
2001-06-21,0.013208086442414663,0.8555460379306501
2001-06-22,0.01226561090725106,-0.7741125398916954
2001-06-25,0.013065664988921439,-0.4227767018854806
2001-06-26,0.01325310575388061,-0.11401421576633501
2001-06-27,0.012858493300998365,-0.3645352694439061
2001-06-28,0.012911548210050694,0.9615961080080537
2001-06-29,0.011953084874842819,-0.124262408308544
2001-07-02,0.01166306753759087,0.8598160451311087
2001-07-03,0.010879137998220576,-0.16887393251099475
2001-07-05,0.010854323405817714,-1.1421975314114947
2001-07-06,0.012248608359085313,-1.9413431499405964
2001-07-09,0.015269221806660934,0.4489713771731072
2001-07-10,0.014275010278027198,-1.015945730412963
2001-07-11,0.015627311977892834,-0.07261305976904212
2001-07-12,0.015005691697615342,1.5604068580069346
2001-07-13,0.01365642505448754,0.4555830835784402
2001-07-16,0.012883864546532377,-0.8493207666753623
2001-07-17,0.013819491838743515,0.7179652896721138
2001-07-18,0.012901892267363893,-0.4307154879157592
2001-07-19,0.013155936202231206,0.45869647144687836
2001-07-20,0.012464448087830395,-0.27582300085565414
2001-07-23,0.012509606924023243,-1.3193115252243104
2001-07-24,0.014211581387104356,-1.154373362419019
2001-07-25,0.01576611701780826,1.0117866229736174
2001-07-26,0.014502738360333264,0.716782786342332
2001-07-27,0.01353906442618905,0.17722766726031497
2001-07-30,0.012937631384420244,-0.08337116037732396
2001-07-31,0.01260545648203631,0.44069745124438403
2001-08-01,0.011948122734512581,0.324143320488965
2001-08-02,0.011420794929932981,0.3464000285141811
2001-08-03,0.010915685268412549,-0.4815538116864507
2001-08-06,0.011225407240344414,-1.0233458189761269
2001-08-07,0.0123411597836861,0.2641629642239077
2001-08-08,0.01179301459801178,-1.482234657134615
2001-08-09,0.013721478930498805,-0.006156474670806477
2001-08-10,0.013191143883038204,0.429889449033241
2001-08-13,0.012556150237016062,0.07558095303753143
2001-08-14,0.012050699406340758,-0.3182535019218496
2001-08-15,0.012112818258267884,-0.6081598311290526
2001-08-16,0.012600675558817907,0.24484233945849854
2001-08-17,0.01199340796130263,-1.4010565806726833
2001-08-20,0.013840982099142408,0.5845947363834929
2001-08-21,0.012984609754767826,-0.9359565156577709
2001-08-22,0.014040974835370298,0.4937011780665002
2001-08-23,0.013245406812213277,-0.20891148730750242
2001-08-24,0.013113339240713642,1.4842647930811532
2001-08-27,0.011929528894205203,-0.4056368752680991
2001-08-28,0.012143064641484055,-1.2454680023189482
2001-08-29,0.013793671413551662,-0.8128261118565544
2001-08-30,0.014714104476329471,-1.1655586603232626
2001-08-31,0.016301333321852535,0.24671875201363253
2001-09-04,0.015402515790097309,-0.03666643804783478
2001-09-05,0.014838067990096683,-0.0714182858325139
2001-09-06,0.014409557716752043,-1.5715082865752033
2001-09-07,0.016734280621494256,-1.124211680005904
2001-09-10,0.018307194443968798,0.339027733553458
2001-09-17,0.017159787310875817,-2.941059566403849
2001-09-18,0.023449339978539627,-0.24827499684031512
2001-09-19,0.022581892447301098,-0.7193245411896418
2001-09-20,0.02317273082518439,-1.3616228490814584
2001-09-21,0.025749259869861825,-0.7463416033861414
2001-09-24,0.02639484534292075,1.4488659529071226
2001-09-25,0.02327358782037515,0.3760175910267168
2001-09-26,0.021515434945796046,-0.24075924714412714
2001-09-27,0.02088057822952786,0.5470933436500003
2001-09-28,0.019233422605103176,1.127472567120722
2001-10-01,0.01738528840895389,-0.13221168295672858
2001-10-02,0.01680908613311652,0.7276083207871037
2001-10-03,0.01551617888068237,1.2716573169254388
2001-10-04,0.014108128403389247,-0.175391871901517
2001-10-05,0.013817323364084982,0.1183111080833098
2001-10-08,0.013169526640326562,-0.6362755039630579
2001-10-09,0.01370369483258287,-0.3918603036876425
2001-10-10,0.013830843064192546,1.6397495305597356
2001-10-11,0.012485473134189216,1.208913150957196
2001-10-12,0.011465501170461505,-0.46058135483947965
2001-10-15,0.011688643378930174,-0.13098234857277583
2001-10-16,0.011471946665050074,0.602514815932831
2001-10-17,0.010835959779452106,-1.7357409345321326
2001-10-18,0.01314806271346122,-0.6011686856832631
2001-10-19,0.01365413132582269,0.33301016260434535
2001-10-22,0.012944000592285392,1.1727658604290492
2001-10-23,0.011863785568200747,-0.3969005359432693
2001-10-24,0.012085063852660704,0.0320253454760266
2001-10-25,0.011674065811801809,1.1673488038321125
2001-10-26,0.010740684072864241,0.3817591725565344
2001-10-29,0.010274311416859676,-2.3462931059022756
2001-10-30,0.013453753670682286,-1.2869984440100202
2001-10-31,0.015213777883913308,-0.0006208247967774905
2001-11-01,0.014577622433762665,1.5564101903799856
2001-11-02,0.013012858248862398,0.21943002247350415
2001-11-05,0.012443337750706851,1.1478512574242021
2001-11-06,0.01142365292691927,1.2624382908927565
2001-11-07,0.010473776124670158,-0.26147365391102867
2001-11-08,0.010588335271286647,0.23163397834244898
2001-11-09,0.010237608308865984,0.15444882867288048
2001-11-12,0.009962226681256651,-0.17757307191229788
2001-11-13,0.009984002824998813,1.8422677268098415
2001-11-14,0.009017496584724897,0.2061992216677758
2001-11-15,0.00878289545610144,0.10271890759320912
2001-11-16,0.008601657952376548,-0.3659604520336312
2001-11-19,0.008895675766601495,1.2185624300536069
2001-11-20,0.008294508522865538,-0.8830420984968389
2001-11-21,0.00917416270523187,-0.53839052184297
2001-11-23,0.009665514498983492,1.2040637599157957
2001-11-26,0.00897044429738912,0.6840137170373465
2001-11-27,0.008558994999814084,-0.8022393828107797
2001-11-28,0.009358201168277144,-1.9683278681268235
2001-11-29,0.011792836366782865,0.8731220721528973
2001-11-30,0.010996144553336275,-0.059838772916927636
2001-12-03,0.010797459766209437,-0.7794881700117785
2001-12-04,0.011616187605729016,1.127808668086823
2001-12-05,0.010718495951738682,2.0593221941285047
2001-12-06,0.009529889840367638,-0.29179875552345563
2001-12-07,0.009710525370901718,-0.7785285947393273
2001-12-10,0.010524156117903518,-1.5198551349017664
2001-12-11,0.01247918447708884,-0.22315439371557702
2001-12-12,0.012415695418680782,0.021957036405147744
2001-12-13,0.011997113403087416,-1.306961572361187
2001-12-14,0.013727117246351348,0.2410425702875584
2001-12-17,0.013057719464031607,0.7646678097426103
2001-12-18,0.01218616193251553,0.6169150938565718
2001-12-19,0.01146534521031656,0.5052514135717382
2001-12-20,0.01089974937145566,-0.7717982331440548
2001-12-21,0.011718922465252066,0.3704838221765309
2001-12-24,0.011184190437579131,-0.018744366660782438
2001-12-26,0.010926698533470702,0.37660297530397074
2001-12-27,0.010462320332158352,0.6431502313023191
2001-12-28,0.009922788591679176,0.3382255116811634
2001-12-31,0.009563758632671913,-1.1719244228017198
2002-01-02,0.01088187144712212,0.5259833611523979
2002-01-03,0.01034599644790553,0.8832604676255483
2002-01-04,0.009713361294289702,0.6376702816258762
2002-01-07,0.00927552440388594,-0.7029342598474582
2002-01-08,0.009989110001136042,-0.359874036969857
2002-01-09,0.010248264354086824,-0.4693762373161014
2002-01-10,0.010633678922799362,0.11472195534001056
2002-01-11,0.010304734963220182,-0.9231660969268285
2002-01-14,0.011339413362178283,-0.5552239498116651
2002-01-15,0.011816327631578014,0.576385969554879
2002-01-16,0.011142339610054137,-1.4699354874088175
2002-01-17,0.01305763766892955,0.7643419728443108
2002-01-18,0.012148383571512912,-0.8208189366978699
2002-01-22,0.013043669021135719,-0.5643525570013164
2002-01-23,0.013491431613753374,0.5850591895072249
2002-01-24,0.012636757352085925,0.277977876845626
2002-01-25,0.012044740508809985,0.08282515286373432
2002-01-28,0.01160735258781675,-0.016723862273715282
2002-01-29,0.011269117777641531,-2.576079829562728
2002-01-30,0.015190113488598951,0.7688672142603076
2002-01-31,0.014043497567089357,1.055544930516324
2002-02-01,0.01286676380575419,-0.552086312774537
2002-02-04,0.013306587317895744,-1.8823937976796623
2002-02-05,0.01626112402745891,-0.24885738319920245
2002-02-06,0.015964392285988657,-0.3752277063566864
2002-02-07,0.015943955516966986,-0.19363472700963708
2002-02-08,0.01556874264825111,0.9473722494591783
2002-02-11,0.014260594404850245,0.9984375724418213
2002-02-12,0.013097758369119148,-0.3054692103153582
2002-02-13,0.013120030291135502,0.7539790707577212
2002-02-14,0.012239486880081363,-0.14842041006292775
2002-02-15,0.012066836442887596,-0.9180396940661917
2002-02-19,0.013101928738702856,-1.454304714659755
2002-02-20,0.015156242422433647,0.8856601703936599
2002-02-21,0.013937688579401817,-1.1215540626376368
2002-02-22,0.015410306273112488,0.5315031396229416
2002-02-25,0.014373225888870638,1.2394958066333248
2002-02-26,0.01306712519608786,-0.003452420849700867
2002-02-27,0.012609074596624963,0.03645147738248968
2002-02-28,0.012153862661273157,-0.23459378317308754
2002-03-01,0.012105940997941154,1.8488390619359185
2002-03-04,0.010822700345406838,1.7836435977406198
2002-03-05,0.00978390218884544,-0.6843581303922492
2002-03-06,0.010437802231496804,1.380110332920683
2002-03-07,0.009598484503984627,-0.4696584141741528
2002-03-08,0.009982686752048464,0.5841703724274077
2002-03-11,0.009519373241196118,0.3557779957004552
2002-03-12,0.009198649602229195,-0.24967699909401062
2002-03-13,0.00933613704522855,-1.0611085105162874
2002-03-14,0.010494359965364918,-0.08672833432286896
2002-03-15,0.010366743989679626,1.091409456425456
2002-03-18,0.009642492095080685,-0.054260722113656235
2002-03-19,0.009535418387476702,0.4256230874092745
2002-03-20,0.009175873744918836,-1.7308749986647278
2002-03-21,0.011272639733816456,0.1339052018597916
2002-03-22,0.010893444632219442,-0.3899559641179004
2002-03-25,0.011167684805766725,-1.321643477203229
2002-03-26,0.012868692908458778,0.4531685212240124
2002-03-27,0.012155449917888177,0.43888993912173163
2002-03-28,0.011524469918959376,0.2127726031989952
2002-04-01,0.011079978804574831,-0.06688324968118356
2002-04-02,0.010875282191128897,-0.7877153102310581
2002-04-03,0.011699751374462428,-0.858442991811369
2002-04-04,0.01266966246770737,0.06589424959488058
2002-04-05,0.012202309495095646,-0.2630818032182388
2002-04-08,0.012186766058067509,0.1868923134611536
2002-04-09,0.011647828006095744,-0.5733518205413742
2002-04-10,0.012141698941287691,0.9282834351480023
2002-04-11,0.011280143353276685,-2.1253622895654387
2002-04-12,0.01444265668834905,0.45770402329516613
2002-04-15,0.013525257790619485,-0.5651498370152542
2002-04-16,0.013960160118838884,1.6581748260780789
2002-04-17,0.0124550257950292,-0.16382640481161012
2002-04-18,0.012254107536769249,-0.11603126236078945
2002-04-19,0.011996712546779774,0.05187978972618333
2002-04-22,0.011579367913302621,-1.3412707188756121
2002-04-23,0.013397240772663075,-0.46432070578420154
2002-04-24,0.013646926665425751,-0.52232923518601
2002-04-25,0.01402224658783536,-0.10838111259645919
2002-04-26,0.013568050747283213,-1.0308621632758364
2002-04-29,0.01495075778400455,-0.6789332178520037
2002-04-30,0.015561844316152823,0.6880904534558155
2002-05-01,0.014350339413926175,0.61458565909627
2002-05-02,0.013322231442080985,-0.1313773757400814
2002-05-03,0.013057216112441388,-0.7900037606893062
2002-05-06,0.01396107574112836,-1.3988423152739449
2002-05-07,0.016093668270050505,-0.1879939884423755
2002-05-08,0.01565004487140175,2.352565038392563
2002-05-09,0.013372201746707883,-1.0958762739109251
2002-05-10,0.014853425871751542,-1.14024290177186
2002-05-13,0.016485244167806373,1.1149395698665445
2002-05-14,0.014801076543882458,1.4136192684912354
2002-05-15,0.013202609923763266,-0.4298847076393536
2002-05-16,0.013445566327523625,0.4864769612228301
2002-05-17,0.012629419965570134,0.6004558207435824
2002-05-20,0.011812967771210095,-1.1328396451655482
2002-05-21,0.013303407084303297,-0.8306937616069612
2002-05-22,0.014281103754455383,0.3970090307312257
2002-05-23,0.013371119463105131,0.75778316355923
2002-05-24,0.012374524234458183,-0.9826864045506907
2002-05-28,0.013640566815242654,-0.6297226059961274
2002-05-29,0.014235743410344521,-0.45186575349396685
2002-05-30,0.0144632272212248,-0.19455120878031903
2002-05-31,0.01420163582417052,0.16383006838701933
2002-06-03,0.013500198915602512,-1.8598088323877515
2002-06-04,0.016590808227055644,0.000572675017880605
2002-06-05,0.015731424449363554,0.5600920898916544
2002-06-06,0.014588253997707822,-1.3683407383896031
2002-06-07,0.016696584076017925,-0.09435163408224609
2002-06-10,0.016038047432909035,0.1944805855375469
2002-06-11,0.01507459669853927,-1.1123783811217507
2002-06-12,0.016669156859683846,0.39289212186945094
2002-06-13,0.015576171633686173,-0.6768618531129892
2002-06-14,0.016233300677394,-0.13988958063865248
2002-06-17,0.01572532738461365,1.7988525410588065
2002-06-18,0.013780638870897194,0.06789769606124818
2002-06-19,0.013208443840068376,-1.262383784957175
2002-06-20,0.014991399185763001,-0.9020195451210617
2002-06-21,0.016104609041890067,-1.0673754372642685
2002-06-24,0.01760693772271845,0.2051877202845815
2002-06-25,0.016524155012868292,-1.0192707092072562
2002-06-26,0.017927220515432326,-0.14934622360760502
2002-06-27,0.017282314681799662,1.008113955948743
2002-06-28,0.015602383952982846,-0.053075086521837914
2002-07-01,0.014987511356511923,-1.4425170773179257
2002-07-02,0.01725134646084039,-1.243607970098253
2002-07-03,0.01919425891348196,0.3232068620551554
2002-07-05,0.017839172337667852,2.022039744649336
2002-07-08,0.015374490195249075,-0.7973294259808467
2002-07-09,0.016277197618996292,-1.53771183290986
2002-07-10,0.01894416813923457,-1.823893455903399
2002-07-11,0.02273338138156539,0.328514276502515
2002-07-12,0.020905554057426917,-0.30944897985215314
2002-07-15,0.0204229968723349,-0.18421822733439847
2002-07-16,0.019642141272734656,-0.9511417989178047
2002-07-17,0.020940704974254994,0.26955947798375984
2002-07-18,0.019403619828636604,-1.4116112673965424
2002-07-19,0.021987410285849454,-1.77862154000443
2002-07-22,0.02601408385295942,-1.2863960260033764
2002-07-23,0.028584265717916297,-0.958176255692569
2002-07-24,0.029909885579940308,1.8637416695491134
2002-07-25,0.025260035543492067,-0.2235817820968053
2002-07-26,0.024116260976196017,0.6942522967710695
2002-07-29,0.021750252388119454,2.4214236683736203
2002-07-30,0.018476900552167975,0.2294951902278253
2002-07-31,0.01718120504759368,0.5671492392884829
2002-08-01,0.015792287442622788,-1.9009197551062746
2002-08-02,0.019565347753096173,-1.193582839898185
2002-08-05,0.02160555682655474,-1.615230659601833
2002-08-06,0.025152781420578245,1.1720267961103437
2002-08-07,0.022236991753672605,0.8909680791852399
2002-08-08,0.020020158752373153,1.6082991132749465
2002-08-09,0.017683564158676415,0.19825562842326397
2002-08-12,0.01649844344225273,-0.3237219800919561
2002-08-13,0.016257229329847408,-1.3479214194220992
2002-08-14,0.01856979343512404,2.114504947498422
2002-08-15,0.016190942582915882,0.709830897034107
2002-08-16,0.014897420713953922,-0.10687864078725547
2002-08-19,0.014359673891167268,1.6252052262688503
2002-08-20,0.01295697827092555,-1.084858470392774
2002-08-21,0.014386340015371637,0.8790267251050037
2002-08-22,0.013322187085978637,1.0474099670557184
2002-08-23,0.012243308639090398,-1.8742902828450676
2002-08-26,0.015270155890958446,0.49164108913856597
2002-08-27,0.01428848568332799,-0.9761542414598178
2002-08-28,0.015538468607212766,-1.1776091075442328
2002-08-29,0.017316544775349198,-0.00440471311990134
2002-08-30,0.016444104988498062,-0.1147341067312672
2002-09-03,0.015879960650934034,-2.6715050013338306
2002-09-04,0.021572532057029626,0.8049607498848947
2002-09-05,0.01961545410432584,-0.8197045451516562
2002-09-06,0.020633729835513336,0.8074501006440848
2002-09-09,0.01883084937966884,0.5343366719980823
2002-09-10,0.017430830227544013,0.4190674350940325
2002-09-11,0.01626794777300008,-0.008786522438480864
2002-09-12,0.015498533082630455,-1.6192857225343578
2002-09-13,0.01828604844932551,0.17852259263687512
2002-09-16,0.01720056046131001,0.08422244023122184
2002-09-17,0.016312517600710043,-1.2214901245580627
2002-09-18,0.018222930341644614,-0.25565007494494735
2002-09-19,0.017841512882245666,-1.71094589467817
2002-09-20,0.021174342099100723,0.11578094477649056
2002-09-23,0.019824249211324002,-0.7023941468367129
2002-09-24,0.020494304479900447,-0.8507512593482458
2002-09-25,0.021551833386231355,1.1395286358103236
2002-09-26,0.01939545605320014,0.9304233895054309
2002-09-27,0.017681239743021847,-1.8545652419724776
2002-09-30,0.02133666199702151,-0.6899083304198794
2002-10-01,0.021960923515047484,1.7869384194799858
2002-10-02,0.019294895453839687,-1.2371171474323204
2002-10-03,0.021419515173651052,-0.5080121312412144
2002-10-04,0.021512360409030595,-1.054582578272661
2002-10-07,0.023204219210722597,-0.8315775145862968
2002-10-08,0.02421016268822101,0.6921551350801946
2002-10-09,0.022078514502012574,-1.2530794540378378
2002-10-10,0.0243615137953866,1.4107623136045433
2002-10-11,0.021644494278981328,1.7702032101243927
2002-10-14,0.019142911048717123,0.381332754834626
2002-10-15,0.017847914832347392,2.5913031723297055
2002-10-16,0.01570217692331339,-1.5544598487784564
2002-10-17,0.018367684587954812,1.2008453959843153
2002-10-18,0.016767997356939745,0.35101039694127073
2002-10-21,0.015705480552739036,1.0942303106451183
2002-10-22,0.014468083784782952,-0.7383410080148396
2002-10-23,0.015169464245937975,0.44137850398555045
2002-10-24,0.01424400816568225,-1.0767951077717146
2002-10-25,0.015608956101626381,1.0904941750310093
2002-10-28,0.014326695208473652,-0.5793680976234447
2002-10-29,0.014709577975410525,-0.6198476347830595
2002-10-30,0.015210319989412045,0.6348837450653911
2002-10-31,0.014183172376483073,-0.39292179816836414
2002-11-01,0.014544276073828785,1.1698651231353887
2002-11-04,0.013459967124060366,0.6069000048611608
2002-11-05,0.012674173865861971,0.6091505490184097
2002-11-06,0.01198450764319135,0.7594878746854977
2002-11-07,0.011251218514219341,-2.054657436101124
2002-11-08,0.014079785653513548,-0.625133527128878
2002-11-11,0.014573696450917224,-1.4375348939021066
2002-11-12,0.016627025147118425,0.462236776258883
2002-11-13,0.015654214750637382,-0.030392576797614736
2002-11-14,0.015053787576147977,1.6165495945916877
2002-11-15,0.013684022807831278,0.44795143783923447
2002-11-18,0.012965183732771201,-0.8070167608447995
2002-11-19,0.01378941955673343,-0.2921597228540314
2002-11-20,0.013717635769977315,1.4017535327298967
2002-11-21,0.012583958029083138,1.6866519915548643
2002-11-22,0.01150346534614564,-0.2993585130430575
2002-11-25,0.01152606388046333,0.21603683460801743
2002-11-26,0.011071531199596201,-1.9139620145422571
2002-11-27,0.01350647644124591,2.0435869502675543
2002-11-29,0.012175863605202867,-0.22424722708759412
2002-12-02,0.012039897110081701,-0.1580457990671639
2002-12-03,0.011856704754332197,-1.2528949181921152
2002-12-04,0.013316861321113545,-0.25897747442272057
2002-12-05,0.013230426402007106,-0.9140760425312862
2002-12-06,0.014217111902784208,0.43932674141558403
2002-12-09,0.013481410968091688,-1.6634755311671159
2002-12-10,0.01581910003710793,0.8762132505486746
2002-12-11,0.0147248344860963,0.03828433281224953
2002-12-12,0.014138967713620514,-0.26465648237816847
2002-12-13,0.014020494272471169,-0.9637176859133434
2002-12-16,0.015118233458959154,1.5376855965909584
2002-12-17,0.013782758127241833,-0.5929598248542712
2002-12-18,0.014244791756006805,-0.9289272537576209
2002-12-19,0.01529379156138851,-0.5060396528139003
2002-12-20,0.015570166742379243,0.8306078529785919
2002-12-23,0.014510140259169817,0.12452541758383244
2002-12-24,0.013899733517633177,-0.3947230574796832
2002-12-26,0.014022911895926183,-0.22488408693261752
2002-12-27,0.013858081077947513,-1.1659900344187681
2002-12-30,0.015307060461394198,0.2970883479298938
2002-12-31,0.01456276388521608,0.03356831670100559
2003-01-02,0.01399110663316506,2.33439574139208
2003-01-03,0.012440567892793948,-0.03891721722646114
2003-01-06,0.012074805193745972,1.840653848651455
2003-01-07,0.01097516171558363,-0.5982717761095634
2003-01-08,0.011416969880201579,-1.2425116962348801
2003-01-09,0.012803014117984193,1.4996941833402346
2003-01-10,0.011735377909411239,0.0
2003-01-13,0.01138755405353048,-0.1241081188233516
2003-01-14,0.011192466150087952,0.5193608844259601
2003-01-15,0.010676843517537782,-1.3609763028297919
2003-01-16,0.012216521217213654,-0.32334875191980894
2003-01-17,0.012275771905082637,-1.1499206955787253
2003-01-21,0.013583833712674138,-1.1651278071583289
2003-01-22,0.015003038372628326,-0.699005229121712
2003-01-23,0.015631125176139116,0.6507361342508753
2003-01-24,0.014674775566261298,-2.0217857898807003
2003-01-27,0.01788540526380255,-0.9108982218851419
2003-01-28,0.01900961996319697,0.6820772571429103
2003-01-29,0.01766959819796643,0.38235646972729403
2003-01-30,0.01663150737994452,-1.3897938535296974
2003-01-31,0.018737838986097603,0.6961793560449934
2003-02-03,0.017448821928735654,0.30859160046256867
2003-02-04,0.016518590125103795,-0.8589080566259555
2003-02-05,0.01749613338710291,-0.3114885387372959
2003-02-06,0.01731777074914823,-0.37357667437643505
2003-02-07,0.017222956541301838,-0.5890377294063398
2003-02-10,0.017626875079501562,0.4277872398214061
2003-02-11,0.016609092041945935,-0.4895690218566235
2003-02-12,0.016801849165495614,-0.7599233270363889
2003-02-13,0.017552319018070375,-0.09123668602409851
2003-02-14,0.016929356419057056,1.2527431002480818
2003-02-18,0.015563460517536556,1.2408459104784206
2003-02-19,0.014364729579302335,-0.4957549693158004
2003-02-20,0.014642171442904835,-0.6520179736842977
2003-02-21,0.01515468288616469,0.8668976346713595
2003-02-24,0.014173355797794489,-1.3089160854854944
2003-02-25,0.015872508648346256,0.4516447412778449
2003-02-26,0.015006979636730209,-0.881493518783997
2003-02-27,0.015962527753316594,0.7322815132623666
2003-02-28,0.01496935673662475,0.3080596351931672
2003-03-03,0.014230165385448886,-0.5316790677380406
2003-03-04,0.014554289637850453,-1.063324549489553
2003-03-05,0.015818120314738497,0.6016337153801026
2003-03-06,0.01489953247890245,-0.6297459131196899
2003-03-07,0.015380093706259819,0.534812187221855
2003-03-10,0.014530585753198282,-1.800974280031022
2003-03-11,0.01719356872706995,-0.48823346290026726
2003-03-12,0.017313640348618615,0.24903922087314348
2003-03-13,0.016397158172900807,2.066010925551339
2003-03-14,0.014726986370850594,0.11173175968842575
2003-03-17,0.014137777236928929,2.4624490460258914
2003-03-18,0.012644334978916642,0.33478386744356015
2003-03-19,0.012121560505122624,0.717635559949416
2003-03-20,0.011486789326477308,0.16418922889869766
2003-03-21,0.01110247013881497,2.046094029038873
2003-03-24,0.01019020584672821,-3.51975927015137
2003-03-25,0.01483750025485767,0.8146772361168633
2003-03-26,0.013981211859353603,-0.3927367292183686
2003-03-27,0.014066837094127056,-0.11695000376095498
2003-03-28,0.013708377208570132,-0.42286103151451254
2003-03-31,0.01384824183345421,-1.2926571487729568
2003-04-01,0.01538452075914674,0.7845868112561704
2003-04-02,0.014486411997793429,1.7796524747936224
2003-04-03,0.013283204677320672,-0.38126855358454387
2003-04-04,0.01335452962147521,0.20476462747031066
2003-04-07,0.012845733054392367,0.09560712850012544
2003-04-08,0.012409258210084777,-0.1503345557967687
2003-04-09,0.012192590442170114,-1.156723864502249
2003-04-10,0.013387949826233614,0.4806057923828168
2003-04-11,0.012767791440523096,-0.29530660168940903
2003-04-14,0.012737855808571641,1.5159704637473872
2003-04-15,0.01180075164528204,0.5324815272357356
2003-04-16,0.011281206475449161,-1.0913335800263257
2003-04-17,0.012329752647773962,1.250332159719983
2003-04-21,0.011524820534875168,-0.1525864128003055
2003-04-22,0.01133942746950779,1.8935349574173888
2003-04-23,0.010438523197551617,0.8007789474219507
2003-04-24,0.009952648691064329,-0.8332575347276162
2003-04-25,0.01060033784483868,-1.315347054954152
2003-04-28,0.011900949364135872,1.4853901090513857
2003-04-29,0.011084513183336166,0.29535774315302293
2003-04-30,0.010673026747899397,-0.09396621641059653
2003-05-01,0.010452198766608765,-0.06471367175343713
2003-05-02,0.010240604750650749,1.4576105651973887
2003-05-05,0.009555124539214229,-0.3979670465545403
2003-05-06,0.009719032020538282,0.8669513574805607
2003-05-07,0.00926195410191157,-0.5525864562612648
2003-05-08,0.009594955825118559,-1.0535503192404319
2003-05-09,0.010494337487661529,1.3509563374608768
2003-05-12,0.009831532658742708,1.2670241316082063
2003-05-13,0.009252953070353042,-0.3218026781193207
2003-05-14,0.009354913629843526,-0.34313804194072417
2003-05-15,0.009476484110046483,0.8269828716402564
2003-05-16,0.009032603451807657,-0.2775109332026477
2003-05-19,0.009082521049002649,-2.778259635394668
2003-05-20,0.012085826723658684,-0.09351203492622713
2003-05-21,0.011807197064559585,0.33911714373158486
2003-05-22,0.011376796342517892,0.8006792111652125
2003-05-23,0.010797966548076387,0.1340646326906327
2003-05-27,0.010473014832698389,1.8502510210513856
2003-05-28,0.009662943046792502,0.18907797256186532
2003-05-29,0.009392837165602685,-0.40059412574547354
2003-05-30,0.009568267272976825,1.524094128876611
2003-06-02,0.008980061551332187,0.3933797809863725
2003-06-03,0.008682118907057126,0.5418641646473876
2003-06-04,0.008357296866076745,1.7944436422329775
2003-06-05,0.007809106401490807,0.5053893587296444
2003-06-06,0.007543592594198154,-0.3190255690700393
2003-06-09,0.007640797856159133,-1.5769175350912674
2003-06-10,0.0089680231671293,1.013418844315243
2003-06-11,0.00850736425267701,1.4990377489253104
2003-06-12,0.008011118662404702,0.12883328718980608
2003-06-13,0.007821944890882719,-1.2738873040367988
2003-06-16,0.008834074866520191,2.5059900648530125
2003-06-17,0.008149771100458707,0.11163421573917488
2003-06-18,0.00798545365643399,-0.19448577067541808
2003-06-19,0.007964598671337022,-1.9277236137772014
2003-06-20,0.00984754693400155,0.10101705390252709
2003-06-23,0.009546283582780061,-1.4886745403626058
2003-06-24,0.011000427999148119,0.1674619226985766
2003-06-25,0.010620967762191156,-0.7815841744501376
2003-06-26,0.011254445101592927,0.9514604852740268
2003-06-27,0.010623478460861669,-0.9211529711607447
2003-06-30,0.011411932496715498,-0.1545243884455622
2003-07-01,0.01122327246947536,0.7121460681295407
2003-07-02,0.010689217112606597,1.0822623900677772
2003-07-03,0.010088156615387528,-0.8062528391577766
2003-07-07,0.01070645794129951,1.7572068655830906
2003-07-08,0.009949090231627444,0.34166039155291356
2003-07-09,0.009612461280212587,-0.5827716657094624
2003-07-10,0.009970586935241459,-1.3611938080331103
2003-07-11,0.011257599815614498,0.8441053702324468
2003-07-14,0.010688044114271052,0.5346415054521064
2003-07-15,0.010250294894146767,-0.3348840220508733
2003-07-16,0.010333497679949732,-0.6142548329987313
2003-07-17,0.010725265533855013,-1.1665418652960724
2003-07-18,0.011803135834196836,0.9943606419511595
2003-07-21,0.011150196362808715,-1.3206544279311023
2003-07-22,0.0124609661843762,0.7597078365348284
2003-07-23,0.011827064378777896,0.04277380630740035
2003-07-24,0.011479188273541283,-0.619907316136817
2003-07-25,0.01188265860791704,1.4517400293170684
2003-07-28,0.011108118251937391,-0.19491783711275024
2003-07-29,0.0110137664799324,-0.6620617829012527
2003-07-30,0.011480913498349126,-0.15774660896769405
2003-07-31,0.011326682420565332,0.2517650449467064
2003-08-01,0.010949331165089844,-0.9418271052979135
2003-08-04,0.01174195459641111,0.2316779378848958
2003-08-05,0.011344834686635425,-1.5708737894348745
2003-08-06,0.01297364764005962,0.12922698262429422
2003-08-07,0.012546179915066564,0.5781245430567395
2003-08-08,0.011978403646276937,0.2968586200655146
2003-08-11,0.011581981397930598,0.2645550795941764
2003-08-12,0.011169405709522568,0.8867018438365277
2003-08-13,0.010605808677712505,-0.6036293300336244
2003-08-14,0.01097891567263233,0.5978329635613829
2003-08-15,0.010519344855458928,0.015351981978696576
2003-08-18,0.010258968296830763,0.8883710811634011
2003-08-19,0.009779253588543252,0.2666115835877905
2003-08-20,0.00948677112769687,-0.21580323572036283
2003-08-21,0.009453461848160231,0.3136144077516405
2003-08-22,0.009169772252371958,-1.1154999953021167
2003-08-25,0.01004571467556121,0.06513752350466238
2003-08-26,0.009790557030626751,0.30993798877431655
2003-08-27,0.009478887656496397,0.006350173777149541
2003-08-28,0.009253670947586567,0.6539228354143606
2003-08-29,0.00889817264189372,0.5778825081545003
2003-09-02,0.00857639363530727,1.6059894292532582
2003-09-03,0.008124585465795977,0.5143882884746489
2003-09-04,0.00785066806843102,0.21081851365465643
2003-09-05,0.007650340774417336,-0.8393738757369894
2003-09-08,0.008117032875581822,1.2301692383101577
2003-09-09,0.007779040156381025,-1.0597899814007843
2003-09-10,0.008487193957324507,-1.4191785885654724
2003-09-11,0.009600106584901591,0.5651856334537894
2003-09-12,0.009244999103039683,0.23493342122833488
2003-09-15,0.008990637210598127,-0.41790047605348135
2003-09-16,0.009133135054928203,1.5544429518624154
2003-09-17,0.008675599757288384,-0.3757503749762645
2003-09-18,0.008798181107577893,1.497839723755383
2003-09-19,0.00835365522761337,-0.37827977664265106
2003-09-22,0.008465870371752058,-1.546586255314206
2003-09-23,0.009709692906692526,0.6234094018076326
2003-09-24,0.009369886829096973,-2.057693326877829
2003-09-25,0.011312891096144138,-0.5366975708050731
2003-09-26,0.011576238125769571,-0.5545567358848909
2003-09-29,0.011866983837910381,0.818528076936794
2003-09-30,0.011307186020241906,-0.937159343175217
2003-10-01,0.012113843923636285,1.823875882397663
2003-10-02,0.011270344595663112,0.17585160070851327
2003-10-03,0.010884728899236076,0.861321653859848
2003-10-06,0.010353210188621604,0.42113021587251137
2003-10-07,0.010071748748232148,0.46924449419056
2003-10-08,0.009850349969330803,-0.5357457690917371
2003-10-09,0.010109871191879638,0.47248657941073097
2003-10-10,0.009778362121935214,-0.06597744012473936
2003-10-13,0.009540418576608495,0.733520355800441
2003-10-14,0.009204071592622935,0.4284028581954486
2003-10-15,0.008922082296157511,-0.2908621694334892
2003-10-16,0.008967305736625185,0.3520666046705752
2003-10-17,0.008667475388358332,-1.1872172152964966
2003-10-20,0.009572230692534923,0.5373949432728669
2003-10-21,0.00919753173413195,0.1404076794615573
2003-10-22,0.009065368713820188,-1.6649992826662527
2003-10-23,0.01063184678066524,0.3107730618805872
2003-10-24,0.010206710643563842,-0.4616874696136011
2003-10-27,0.010353490731271182,0.20816846817561985
2003-10-28,0.009972583691526449,1.511452146476541
2003-10-29,0.009409269833260037,0.13392667524619115
2003-10-30,0.009146072429589987,-0.12212461315745045
2003-10-31,0.008958906283683073,0.4012232242871912
2003-11-03,0.008649707700845688,0.9107685418759496
2003-11-04,0.008252067619855603,-0.6620581652560791
2003-11-05,0.008634345672023133,-0.1584458837496186
2003-11-06,0.00852617139493106,0.6937571188094829
2003-11-07,0.00817079650308974,-0.5611486061805232
2003-11-10,0.008418620339327467,-0.6899743285810809
2003-11-11,0.008802969660062875,-0.058602438079460036
2003-11-12,0.008606417892420606,1.3203032928954332
2003-11-13,0.008111198566549693,-0.013976549756446585
2003-11-14,0.007953614609322996,-0.9611222005104273
2003-11-17,0.008564677596134204,-0.749402817748042
2003-11-18,0.00901317361664788,-1.01242566816427
2003-11-19,0.009731215685260947,0.8204736444659124
2003-11-20,0.009252316314160718,-0.9152099294310302
2003-11-21,0.00989370289104632,0.15926278954101078
2003-11-24,0.009570402402242661,1.6819737326911044
2003-11-25,0.008885792652705192,0.19345251812709965
2003-11-26,0.00861695030185184,0.5010396129288403
2003-11-28,0.008279248676836671,-0.028531857620932778
2003-12-01,0.008118933787610964,1.3796739945330667
2003-12-02,0.0076147190948481335,-0.4302222461381994
2003-12-03,0.007763414100787841,-0.2284482098710951
2003-12-04,0.007753128093143364,0.6030697537295082
2003-12-05,0.007497208229034213,-1.0289033199825106
2003-12-08,0.008140012681492005,0.8994177981541134
2003-12-09,0.007730020877482261,-1.1080848149515306
2003-12-10,0.00852132839631255,-0.12514829583535098
2003-12-11,0.008420243997748853,1.355838174041143
2003-12-12,0.007887785528527102,0.346300089675735
2003-12-15,0.007629610873682441,-0.7464503165803842
2003-12-16,0.00802243527818369,0.8247320444120516
2003-12-17,0.007696544170633899,0.16304093221269053
2003-12-18,0.0074641426381717715,1.5713429728354273
2003-12-19,0.007165589327423731,-0.06664564222348437
2003-12-22,0.007019196272814665,0.5589878926577211
2003-12-23,0.006713711390353618,0.41917128984908214
2003-12-24,0.006462909473683486,-0.27977372335756356
2003-12-26,0.006457324349453089,0.261645488626291
2003-12-29,0.006245376871987031,1.9733937353448305
2003-12-30,0.005834655160287817,0.024719903121744248
2003-12-31,0.0057073431384680705,0.35964873148365784
2004-01-02,0.0055160077018796706,-0.561746935803353
2004-01-05,0.005701973534540891,2.160506399799067
2004-01-06,0.0053550647235866,0.24113862833720004
2004-01-07,0.005216297417831109,0.45326545468973345
2004-01-08,0.005034264074145701,0.9834255947850411
2004-01-09,0.004809781109708175,-1.8560794038891826
2004-01-12,0.005814971454378989,0.8212025639096068
2004-01-13,0.005568021309908002,-0.9601124337599614
2004-01-14,0.006032090040973004,1.369404142851416
2004-01-15,0.005705952697982827,0.23702797379079682
2004-01-16,0.005562868836293759,1.2311809926546198
2004-01-20,0.00530138816102964,-0.17548992650825035
2004-01-21,0.005285437771138155,1.4646806986299579
2004-01-22,0.005052994756091833,-0.6356301045081925
2004-01-23,0.005285760135883118,-0.3956596474522932
2004-01-26,0.005379297524863411,2.2370214503865262
2004-01-27,0.005060234806193271,-1.9457582837173073
2004-01-28,0.006202173626241837,-2.2093970004554477
2004-01-29,0.007739140767560791,0.6430445482168327
2004-01-30,0.007401470440634123,-0.35547694145851155
2004-02-02,0.007489049457476506,0.48665332473721795
2004-02-03,0.007230419868729574,0.09377684981048502
2004-02-04,0.007067897409873045,-1.189392194935226
2004-02-05,0.00780742216638215,0.23513311796981723
2004-02-06,0.007595734115223129,1.642680177454957
2004-02-09,0.007106548538654971,-0.3637158442679839
2004-02-10,0.0072175271019751346,0.694772922065541
2004-02-11,0.006947891398369068,1.5272168145195801
2004-02-12,0.006534109238079712,-0.7486990084739872
2004-02-13,0.006907290959705711,-0.7938234433103296
2004-02-17,0.007387082730213356,1.3144478581917893
2004-02-18,0.006953724197507127,-0.6440495955917599
2004-02-19,0.0072704877419381185,-0.5695704807372531
2004-02-20,0.007622559216921524,-0.33783520527024746
2004-02-23,0.007687392715181652,-0.3552220419026002
2004-02-24,0.00784654209890322,-0.21240311989285823
2004-02-25,0.007816005120841202,0.5134029661359183
2004-02-26,0.007513289500940315,0.14422882537713733
2004-02-27,0.007357210311443327,0.00355047072458553
2004-03-01,0.007210010159510204,1.329763771487683
2004-03-02,0.00685132323736512,-0.8700198152463023
2004-03-03,0.007336566067760953,0.2287464045221873
2004-03-04,0.007140309969240921,0.4664447577342596
2004-03-05,0.0068843314597801675,0.25008184840432945
2004-03-08,0.006708852684832357,-1.2498824655360776
2004-03-09,0.007440499437088913,-0.7778082536698325
2004-03-10,0.00786594398598675,-1.8740244661765675
2004-03-11,0.00932885998799707,-1.6444635080253085
2004-03-12,0.010734243989710023,1.1535522550610389
2004-03-15,0.010059231512813394,-1.4368647687676226
2004-03-16,0.011322921768469375,0.4951656665333927
2004-03-17,0.01081717706402243,1.0798476816271128
2004-03-18,0.010161684708067522,-0.12531221632619058
2004-03-19,0.01002831979326352,-1.1204369148524065
2004-03-22,0.010932058680256419,-1.1930239863480212
2004-03-23,0.011986621819920638,-0.11051163486026046
2004-03-24,0.011782344987355706,-0.20351286975007746
2004-03-25,0.011685309087184362,1.389169137469388
2004-03-26,0.010860901709503667,-0.09383889576087281
2004-03-29,0.010691823054796856,1.2084746155597874
2004-03-30,0.010014056094076835,0.40219935867617046
2004-03-31,0.009658879125809084,-0.07260226750462194
2004-04-01,0.009511618954360765,0.5549218795389629
2004-04-02,0.009135308668677913,0.9281120360352908
2004-04-05,0.008665250195393274,0.8819885141552958
2004-04-06,0.008248934988603553,-0.25418242448216366
2004-04-07,0.008283214069819867,-0.8049530514524899
2004-04-08,0.00877417607093303,-0.12098529408098796
2004-04-12,0.00869321836519802,0.5921518734120791
2004-04-13,0.008346164208305465,-1.6603278431056157
2004-04-14,0.009601409639298824,-0.11716955486018162
2004-04-15,0.009489781482313274,0.06255535169748634
2004-04-16,0.009270751683358948,0.5499489472674614
2004-04-19,0.008911055294459127,0.11960907848238117
2004-04-20,0.008717784030485065,-1.798536643267738
2004-04-21,0.010159982924783564,0.5214805328031068
2004-04-22,0.009753411042522336,1.4346893651145796
2004-04-23,0.009088674120434341,0.06464245475504221
2004-04-26,0.008899953856314544,-0.5005520605764424
2004-04-27,0.009140375712451323,0.24828857673481397
2004-04-28,0.008877128048358994,-1.5647841505203612
2004-04-29,0.010092266366104276,-0.7550120962819888
2004-04-30,0.010583734905339336,-0.5606473279458857
2004-05-03,0.010884349645042243,0.8416144887883512
2004-05-04,0.010334146775015785,0.1782219982526121
2004-05-05,0.01004752093408182,0.17586309831591052
2004-05-06,0.009772814559417833,-0.6902509560937009
2004-05-07,0.010186315294045439,-1.3567749824982052
2004-05-10,0.011335728662147984,-0.9347105475237935
2004-05-11,0.012063229015054017,0.6327659062423694
2004-05-12,0.011515358023386888,0.1449563105253196
2004-05-13,0.011178011511112923,-0.06851868195036812
2004-05-14,0.010964476203415367,-0.061574351393147354
2004-05-17,0.010737696415391153,-0.9912048440444371
2004-05-18,0.01148356252129936,0.5915933437178872
2004-05-19,0.01096960863060223,-0.23498776147207753
2004-05-20,0.010986658807643301,0.042619362179887425
2004-05-21,0.010696605510291397,0.3743464187291615
2004-05-24,0.010308758315220807,0.16396453068388725
2004-05-25,0.009990897303331697,1.5989840235782595
2004-05-26,0.009310707134552261,0.1822096264262298
2004-05-27,0.009054928317743606,0.6262199504130475
2004-05-28,0.008716335004626635,-0.06140472560707026
2004-06-01,0.00857524852503243,0.0540864678938907
2004-06-02,0.008382805061607664,0.4025670719929884
2004-06-03,0.008084153483208407,-0.9215496288891701
2004-06-04,0.00865504418331138,0.6047515319844893
2004-06-07,0.008300984977976798,1.9080041164673782
2004-06-08,0.007737517335744295,0.19930293426995727
2004-06-09,0.007530338080759151,-1.2675222586174058
2004-06-10,0.008340552072719096,0.5434950098782712
2004-06-14,0.00802904513687825,-1.231295409834076
2004-06-15,0.008854648225719883,0.67241602498539
2004-06-16,0.008481245486506804,0.16133860974106617
2004-06-17,0.008266517561895271,-0.16125086378750594
2004-06-18,0.008191066028299502,0.3198725993605185
2004-06-21,0.0079303412110388,-0.5254706710130624
2004-06-22,0.008152917445662489,0.4451896796329902
2004-06-23,0.007874880228460078,1.0756567700196282
2004-06-24,0.007487162521105953,-0.3986949103285342
2004-06-25,0.007597999316193383,-0.7196535617387689
2004-06-28,0.00795717246887152,-0.11970864115374501
2004-06-29,0.00785872486497097,0.3195799601561286
2004-06-30,0.007603330873409931,0.5360131130158001
2004-07-01,0.007323533494562383,-1.4317836801437436
2004-07-02,0.008245013827623379,-0.3830589984835582
2004-07-06,0.008354496059355744,-0.9793262665322073
2004-07-07,0.008976043898997867,0.2113936325064926
2004-07-08,0.008698877203171952,-0.9516841008623623
2004-07-09,0.009294954313784992,0.3583150351086212
2004-07-12,0.00895886852001543,0.15435574152684609
2004-07-13,0.008695219664248284,0.08150654686911464
2004-07-14,0.008448364363770881,-0.3901978437803564
2004-07-15,0.00852527581983527,-0.5055451350364731
2004-07-16,0.008691332914759214,-0.5523311241175939
2004-07-19,0.00890675973586833,-0.0499600858167887
2004-07-20,0.008675963262056241,0.810640717049063
2004-07-21,0.008285859557584109,-1.6208487512778693
2004-07-22,0.009485728351631854,0.2848778539298799
2004-07-23,0.009148182463906288,-1.0655630822995528
2004-07-26,0.009879503252067899,-0.19868353526551474
2004-07-27,0.00981288775416319,1.0064960641602332
2004-07-28,0.009317777489135835,0.05782833449436376
2004-07-29,0.009069399597296635,0.5031391308341038
2004-07-30,0.008714202123971879,0.1344365248404675
2004-08-02,0.008450032571043457,0.525175717047195
2004-08-03,0.008120366770114575,-0.7736167392070227
2004-08-04,0.008512326307571155,-0.11328456019520833
2004-08-05,0.008356921018284781,-1.9690289401088674
2004-08-06,0.009966249420531788,-1.5654601835572168
2004-08-09,0.011328966550634877,0.10364189813414182
2004-08-10,0.01094008142536854,1.1782791696147141
2004-08-11,0.010338289320068144,-0.29177761840049926
2004-08-12,0.010304805631869664,-1.1396513221527145
2004-08-13,0.0111907888939753,0.13185912235394875
2004-08-16,0.010805761477573148,1.2551339048219603
2004-08-17,0.010183973266616252,0.2153751385879546
2004-08-18,0.00985983806173064,1.2542352320475707
2004-08-19,0.009313275399916051,-0.3869916685732591
2004-08-20,0.009399544241952296,0.6919004563755217
2004-08-23,0.008993232270628492,-0.27062654061438063
2004-08-24,0.008966171600377418,0.051889883679720764
2004-08-25,0.008716016791355823,0.9142504363078375
2004-08-26,0.008311973407957376,0.014154138154817747
2004-08-27,0.008093842508532373,0.2992712658778826
2004-08-30,0.00782812163430387,-0.997918467547136
2004-08-31,0.008407994436136233,0.5494925916961133
2004-09-01,0.008080374005005764,0.18702719493111158
2004-09-02,0.007842019229548264,1.4218421112334352
2004-09-03,0.007432183254100298,-0.5642642455066414
2004-09-07,0.00765655204245752,0.896463018564375
2004-09-08,0.007314532400144047,-0.6146643567259829
2004-09-09,0.007564832133767133,0.24963228559793593
2004-09-10,0.007329774765015241,0.6741543643271315
2004-09-13,0.007036499493652915,0.24003379332627178
2004-09-14,0.006819537511813145,0.32656367157556593
2004-09-15,0.006596312243266507,-1.0732725707892425
2004-09-16,0.007171385155715178,0.3890223502057573
2004-09-17,0.006923917834832601,0.6477334979435281
2004-09-20,0.006655893456576605,-0.8477697810260401
2004-09-21,0.0070568428217788115,0.8937444577728879
2004-09-22,0.006759506310859826,-2.0764640653388935
2004-09-23,0.008166892740088702,-0.5731324134780864
2004-09-24,0.008394411962102555,0.18794219781738486
2004-09-27,0.008121246056256243,-0.7331397025450792
2004-09-28,0.00850046709105051,0.6951420714362115
2004-09-29,0.008138468466438025,0.5235554750119209
2004-09-30,0.007844875125424079,-0.025168981620701882
2004-10-01,0.007615944970054916,1.9782933362821369
2004-10-04,0.0071727608275046865,0.45146801240745593
2004-10-05,0.006914758080643211,-0.08793933261508066
2004-10-06,0.0067735864622428775,0.9818368672881544
2004-10-07,0.006481593275318859,-1.547802409278152
2004-10-08,0.0074008395790565555,-1.020846424923348
2004-10-11,0.007986772297056334,0.25080092155231143
2004-10-12,0.007723137578851506,-0.2939887337903728
2004-10-13,0.007722434800652756,-0.9488242011696686
2004-10-14,0.00825748897403708,-1.1318538282917519
2004-10-15,0.0089960816722427,0.4935896673194638
2004-10-18,0.008639035125519756,0.6063268329226243
2004-10-19,0.008288823543603612,-1.1742184043659678
2004-10-20,0.00906669502403638,0.04298560102470434
2004-10-21,0.008783669268973749,0.2915494289794114
2004-10-22,0.008434883208740317,-1.1574444721539319
2004-10-25,0.0092039968865019,-0.09324018897946013
2004-10-26,0.008985790686570816,1.6436774954780493
2004-10-27,0.008528173804440648,1.500563343236887
2004-10-28,0.008067749090063619,0.22447081578378877
2004-10-29,0.007804502985978002,0.31328594330888143
2004-11-01,0.007539983712224436,0.03637964994099116
2004-11-02,0.007328433931866515,0.006040859167522325
2004-11-03,0.007130664374415556,1.559205050483261
2004-11-04,0.006791419177889339,2.359942372664006
2004-11-05,0.0063949869716793785,0.6045750820005797
2004-11-08,0.006180543796265492,-0.1776927864751958
2004-11-09,0.006113990601100027,-0.11377786792036305
2004-11-10,0.005986935989998945,-0.1679529992262331
2004-11-11,0.005903345643708951,1.5327177450196403
2004-11-12,0.005614988978948429,1.6150464221009095
2004-11-15,0.005343244682574252,-0.056902548403326814
2004-11-16,0.005244951179789803,-1.354448511056818
2004-11-17,0.005875752949253044,0.9399685378392254
2004-11-18,0.005627003967934037,0.24192824702199647
2004-11-19,0.005461922773327248,-2.054983691986194
2004-11-22,0.006579849567023458,0.8933991116210488
2004-11-23,0.006315835045794662,-0.04036003191168325
2004-11-24,0.006181308838721098,0.6611966686519267
2004-11-26,0.005951874399999288,0.12648837672197688
2004-11-29,0.005796526019077442,-0.5962037036093099
2004-11-30,0.00598470049162904,-0.6747959542261622
2004-12-01,0.006252028787301966,2.37371898378972
2004-12-02,0.005854617760785274,-0.1491743247825213
2004-12-03,0.005780362026224668,0.1220531839579763
2004-12-06,0.005640795206007909,-0.13698160537000653
2004-12-07,0.005596358750252312,-1.9897071424019006
2004-12-08,0.0066704363889237474,0.729301445002283
2004-12-09,0.006398430559947428,0.8473056570084188
2004-12-10,0.006142156615257469,-0.16984563358136873
2004-12-13,0.0060920762411406214,1.4690845720924417
2004-12-14,0.005813377629918728,0.6731494557075434
2004-12-15,0.005602295798442398,0.3467518502659037
2004-12-16,0.005423863019957357,-0.3842135555472572
2004-12-17,0.005480420153060174,-1.3715168601900933
2004-12-20,0.0061097540169773425,0.06167378367319585
2004-12-21,0.005975085608696746,1.5061917779667178
2004-12-22,0.0056650419168708345,0.602286706138276
2004-12-23,0.005462050906474681,0.08475126902394164
2004-12-27,0.005330039937381959,-0.8094845012415917
2004-12-28,0.005615213013756185,1.269502893135431
2004-12-29,0.005355839105706592,-0.013861202459647712
2004-12-30,0.005245686123046956,0.015724680404771117
2004-12-31,0.005138249195064205,-0.2615820142325162
2005-01-03,0.005142809655364758,-1.585235035743934
2005-01-04,0.005838040201695181,-2.0109495616880606
2005-01-05,0.006896764270154232,-0.5269774420169537
2005-01-06,0.007050619788909165,0.4963715239465153
2005-01-07,0.006810515724007253,-0.21029181072814668
2005-01-10,0.0067683501384865445,0.5048391873638133
2005-01-11,0.0065890626927539095,-0.9285456456667389
2005-01-12,0.006999002102074835,0.5677236566726801
2005-01-13,0.006742707497386233,-1.2854748626497638
2005-01-14,0.007423290751703943,0.8064622863604305
2005-01-18,0.007107673223457922,1.3546304990020057
2005-01-19,0.00677486294435394,-1.4074709794254607
2005-01-20,0.007540760866721855,-1.03616091571673
2005-01-21,0.008071970603138225,-0.7972624823428879
2005-01-24,0.008424901761092935,-0.4194735026988543
2005-01-25,0.008501361502691311,0.47008115704173564
2005-01-26,0.00817880978668019,0.5908463161484035
2005-01-27,0.007871856982709211,0.05193666457771349
2005-01-28,0.007667190487272301,-0.35471698312748734
2005-01-31,0.0077517352935256925,1.0868138170125168
2005-02-01,0.007390305391284036,0.9292264385622147
2005-02-02,0.007074364207947655,0.44851084937567826
2005-02-03,0.006842709968298833,-0.4047322651185985
2005-02-04,0.0069431475769099645,1.5817783478666534
2005-02-07,0.006597222499943203,-0.16515422718963627
2005-02-08,0.006522235733869176,0.07399151521363578
2005-02-09,0.006361980964295998,-1.3537070459352456
2005-02-10,0.007016515165646288,0.5989608324698745
2005-02-11,0.006764590803055509,1.0202760826351
2005-02-14,0.006472555827404169,0.10763148949556348
2005-02-15,0.006324508757780352,0.5208838169566673
2005-02-16,0.006128383154572465,0.029658625947920205
2005-02-17,0.005999929992467729,-1.3258358148931995
2005-02-18,0.006601052549132707,0.10593609772088207
2005-02-22,0.006439169605735043,-2.269230486892358
2005-02-23,0.00770882106220116,0.7253638121495919
2005-02-24,0.007409479860131174,1.0611780954158099
2005-02-25,0.007074569709618029,1.3094474975174526
2005-02-28,0.006787360794627955,-0.9480711571664912
2005-03-01,0.007191266658501647,0.7845805483271256
2005-03-02,0.006897881712188232,-0.03953918456199202
2005-03-03,0.006755078046411986,0.04770528582500498
2005-03-04,0.006605725884716158,1.4500089822197297
2005-03-07,0.006275634917909933,0.4153953272908526
2005-03-08,0.006091297244841175,-0.7897070746138946
2005-03-09,0.0063868208268230454,-1.6028859427720312
2005-03-10,0.007194235671884276,0.2577198787395277
2005-03-11,0.00700254254848029,-1.0870548873370014
2005-03-14,0.007523007243345809,0.7455617029547075
2005-03-15,0.0072187650676123725,-1.0461974949598452
2005-03-16,0.007730634328901524,-1.0496810327467718
2005-03-17,0.008320118392157473,0.21629893746249215
2005-03-18,0.008053102282200696,-0.05843246104244288
2005-03-21,0.007900863847185425,-0.626062377280669
2005-03-22,0.008124525375746917,-1.2614332204377063
2005-03-23,0.008859256094674372,0.0789733831051213
2005-03-24,0.00863642369973687,-0.10966422611496655
2005-03-28,0.008494767995637436,0.2870582388381778
2005-03-29,0.008242849098469611,-0.925065968079776
2005-03-30,0.00869274263425321,1.5735689306469067
2005-03-31,0.008213188162570897,-0.08454509240952826
2005-04-01,0.008059974597439392,-0.808672641640098
2005-04-04,0.008422330272652372,0.32348260262020134
2005-04-05,0.008165628379797701,0.5475197471182938
2005-04-06,0.007882266560945712,0.2874664585524674
2005-04-07,0.007653602629138042,0.7778340940113402
2005-04-08,0.007360788006456098,-1.138467034268837
2005-04-11,0.007919410007527699,0.0010700543089783357
2005-04-12,0.007744260793098403,0.7140623166656875
2005-04-13,0.007442874304389039,-1.5896178037900766
2005-04-14,0.008349539527037009,-1.2039148063760454
2005-04-15,0.00904540809427327,-1.8641350160244288
2005-04-18,0.010423237482154154,0.2817053986308737
2005-04-19,0.010075382320581156,0.5872028103136084
2005-04-20,0.009689298528119368,-1.3771451072482128
2005-04-21,0.010645039275407244,1.835971319351878
2005-04-22,0.009996949563637543,-0.6775206102211533
2005-04-25,0.010018355779265182,0.8609170158125006
2005-04-26,0.009585423499746962,-0.926067424265775
2005-04-27,0.01007233256828615,0.3914184093344261
2005-04-28,0.00974060221809397,-1.1750427045137632
2005-04-29,0.010475461685744192,1.131401824354467
2005-05-02,0.009989843492913014,0.4584254927099363
2005-05-03,0.009623813659833273,-0.08855290485967951
2005-05-04,0.009460068286440138,1.3100382772195567
2005-05-05,0.008996786933951966,-0.285892436953285
2005-05-06,0.008995498310818134,-0.12141457503462824
2005-05-09,0.008881083450705969,0.7177014164747799
2005-05-10,0.008546623808904075,-1.259345340379425
2005-05-11,0.009218389725742194,0.4539057657136007
2005-05-12,0.008933646762335316,-1.128753876261546
2005-05-13,0.009540618927549241,-0.4811615588722619
2005-05-16,0.009685438635688654,1.0361532883212625
2005-05-17,0.009258427291940818,0.7488587874323416
2005-05-18,0.008855240699330646,1.125762225986159
2005-05-19,0.008476954361265119,0.54797221351781
2005-05-20,0.00821147073754258,-0.18417103176127078
2005-05-23,0.008165480227866779,0.4707177236828905
2005-05-24,0.00791040439413132,0.022230449018164403
2005-05-25,0.007758921955758418,-0.43896253884455816
2005-05-26,0.007863599046521876,0.8106378873102769
2005-05-27,0.00759731394775184,0.12743285893029196
2005-05-31,0.007434681450963962,-0.8193195490095687
2005-06-01,0.0077796806549199305,1.1513076337223875
2005-06-02,0.007429057327940054,0.2315759252578192
2005-06-03,0.0072789633405728185,-0.9466760111074727
2005-06-06,0.0076534150442946905,0.16267444266902892
2005-06-07,0.007509131225304135,-0.027804590260432378
2005-06-08,0.007388781840377433,-0.29309126725070256
2005-06-09,0.007414478633471482,0.7048732912459477
2005-06-10,0.007169866798613183,-0.3278998725798975
2005-06-13,0.007207236483161514,0.3134778617019426
2005-06-14,0.007038013537332324,0.36516122144347735
2005-06-15,0.006849277781869268,0.32342874420600953
2005-06-16,0.006677209585590534,0.5426707375144545
2005-06-17,0.006468685890800897,0.764067467188805
2005-06-20,0.00623386447786553,-0.11339943829835193
2005-06-21,0.0061663756863048836,-0.33238650027429756
2005-06-22,0.0061855102159214005,0.03596600498803976
2005-06-23,0.006028225192199278,-1.8068595213253495
2005-06-24,0.006847940717183599,-1.1182878163001309
2005-06-27,0.0072977302874478326,-0.10123673975866725
2005-06-28,0.007209252491089182,1.261721448500128
2005-06-29,0.006883708006771318,-0.20809448479789172
2005-06-30,0.006883347088494374,-1.0352863729571937
2005-07-01,0.007298628160827548,0.35720603862507155
2005-07-05,0.007107533753801746,1.2372579727942423
2005-07-06,0.006788119596924953,-1.2338224225501657
2005-07-07,0.007302510489973141,0.3353709192103205
2005-07-08,0.007116636991243219,1.6315827001028875
2005-07-11,0.006751274919866303,0.9235783847213379
2005-07-12,0.0064907846445646684,0.34956860443296656
2005-07-13,0.006341087353856115,0.13930085789590013
2005-07-14,0.006212744736989057,0.421810724141927
2005-07-15,0.006028238869894148,0.19195193156720722
2005-07-18,0.005892404868846167,-0.9410509577591222
2005-07-19,0.006208321651841332,1.0806287703620032
2005-07-20,0.005958309396726658,0.7967538915820565
2005-07-21,0.005748054765569417,-1.1530968578069223
2005-07-22,0.006159910907022873,0.8761196901612041
2005-07-25,0.00593420314867655,-0.6363705112454743
2005-07-26,0.006116131091106091,0.28311655020087995
2005-07-27,0.005968763656727453,0.7643966380494489
2005-07-28,0.005762716273166994,0.9695983205758779
2005-07-29,0.0055517122101120565,-1.3869666303758894
2005-08-01,0.0060810422738953865,0.15580972301510754
2005-08-02,0.005940496690502655,1.1908327122669302
2005-08-03,0.005698243587988384,0.12973129617410223
2005-08-04,0.005576765858337027,-1.3270446201655737
2005-08-05,0.0061065742053465644,-1.2556434644593397
2005-08-08,0.006622264224896502,-0.4056378656812177
2005-08-09,0.006689794397038545,1.0048656523269182
2005-08-10,0.006415759384105543,-0.2850620676004631
2005-08-11,0.006422750563080216,1.0956568203266701
2005-08-12,0.006150182928958493,-0.9776184452774473
2005-08-15,0.00651098103284277,0.4337846014750023
2005-08-16,0.0063236162338185355,-1.8732741449142678
2005-08-17,0.007197355844515848,0.10251709093818383
2005-08-18,0.007049204788022381,-0.1418996126592633
2005-08-19,0.006966774740303896,0.08121696026474634
2005-08-22,0.006809649348467582,0.24300480935214158
2005-08-23,0.006640730332109841,-0.5111491921115786
2005-08-24,0.006768376435495585,-0.9739464477278333
2005-08-25,0.007145190623289903,0.3212911627074105
2005-08-26,0.006944447799956832,-0.8661000759257903
2005-08-29,0.0072517693862428345,0.8191624865336801
2005-08-30,0.0069857387549679476,-0.45770879217468974
2005-08-31,0.0070690793931368155,1.3885547507327909
2005-09-01,0.006751006063794701,0.1528635810187272
2005-09-02,0.006596770881108221,-0.44364969268677074
2005-09-06,0.006674194091573308,1.8788608823265092
2005-09-07,0.006336424096779152,0.379564108868426
2005-09-08,0.006174750302881214,-0.6155000543485643
2005-09-09,0.006335799734107208,1.2521217722033293
2005-09-12,0.006072624100113397,-0.12206629976068467
2005-09-13,0.006017366087268388,-1.258636056382404
2005-09-14,0.006472535782973956,-0.5077885338248003
2005-09-15,0.006581847494770509,0.0705478981352621
2005-09-16,0.006452180844201861,1.2798124533922712
2005-09-19,0.0061891918702468764,-0.9017964797049454
2005-09-20,0.0064701844684700435,-1.2201385091337371
2005-09-21,0.006915104054040528,-1.3250695475040204
2005-09-22,0.007440077801580735,0.4900045255433529
2005-09-23,0.0072401706868335525,0.07617181335720609
2005-09-26,0.007111118244270228,0.0393329644522321
2005-09-27,0.006966286372429467,0.0035459863930020073
2005-09-28,0.006838591487767995,0.14787671759965906
2005-09-29,0.006690004863031324,1.3195532164105195
2005-09-30,0.006415686267494184,0.1434010091503487
2005-10-03,0.006285222354703497,-0.27344646429527597
2005-10-04,0.006282458556235076,-1.594893727329903
2005-10-05,0.0068945175730274096,-2.17550274920069
2005-10-06,0.007888505174370565,-0.5202614361307649
2005-10-07,0.008019375816884944,0.4606897031263431
2005-10-10,0.00778554401988114,-0.9237644302166568
2005-10-11,0.008133988689689621,-0.25497846681574865
2005-10-12,0.008110543252863834,-0.7504568488182979
2005-10-13,0.008361463106307636,-0.08534342608248606
2005-10-14,0.008229715001950823,1.0005080090170297
2005-10-17,0.00793062514061744,0.3745694319720962
2005-10-18,0.0077244310459150065,-1.307588938229592
2005-10-19,0.008282790922238105,1.7922749347971951
2005-10-20,0.007866437926517577,-1.9238239490699531
2005-10-21,0.008818080271946683,0.1722096493724436
2005-10-24,0.008619200620860544,1.9303262465845896
2005-10-25,0.008170821768773515,-0.29013842837594417
2005-10-26,0.008174349609301317,-0.528701157098625
2005-10-27,0.008310693414150645,-1.2671003064107518
2005-10-28,0.008877974958387292,1.8488321692668668
2005-10-31,0.008427667429221498,0.8484587829172828
2005-11-01,0.008134221516066296,-0.4336384504679073
2005-11-02,0.008228826344961042,1.2064430670308306
2005-11-03,0.007875441342672438,0.5402992082688517
2005-11-04,0.007645012992493074,0.02145046549955207
2005-11-07,0.007507076403059182,0.2911810787528982
2005-11-08,0.007278190702163678,-0.474996108273305
2005-11-09,0.007434739534880115,0.22719008930655657
2005-11-10,0.007261720073056166,1.1582376073801524
2005-11-11,0.006980980765091338,0.43688402369461277
2005-11-14,0.006799987009921271,-0.11437889228698762
2005-11-15,0.006730112399955901,-0.5731627639162128
2005-11-16,0.006873627104501128,0.2601855933496991
2005-11-17,0.006720526489342258,1.394168135568409
2005-11-18,0.006436179770789666,0.6823411836096801
2005-11-21,0.006248833130510548,0.8413435939533488
2005-11-22,0.006041981066203532,0.8393597500137985
2005-11-23,0.005842763869368073,0.5933472761079855
2005-11-25,0.0056861223422776655,0.36646936572196676
2005-11-28,0.005542806216170157,-1.5414962846141658
2005-11-29,0.00606994039429406,0.0026228403450543345
2005-11-30,0.005969859077591547,-1.0690794450930872
2005-12-01,0.006319002898786345,1.912296036759671
2005-12-02,0.00599429233840977,0.054063632663730515
2005-12-05,0.0058957195576473335,-0.4013550270562826
2005-12-06,0.005949573624048615,0.21427372064389852
2005-12-07,0.005820176311694391,-0.8628008554842866
2005-12-08,0.006074787505747705,-0.20043332573479625
2005-12-09,0.006047337611024981,0.4641625861317907
2005-12-12,0.005883596118873644,0.14300491349453376
2005-12-13,0.00576319310989984,0.9609768764249254
2005-12-14,0.00556759195434986,0.7509132523959361
2005-12-15,0.005392022143282351,-0.2624824211956668
2005-12-16,0.00538271655159886,-0.5299082455090359
2005-12-19,0.005493045149380588,-1.066099087090219
2005-12-20,0.0058150670471048315,-0.04095867905189198
2005-12-21,0.005716608917437792,0.43968468562213
2005-12-22,0.005564347580290161,0.7569432276660122
2005-12-23,0.005393736270035549,0.07893737120063044
2005-12-27,0.005279735915371571,-1.818141926749594
2005-12-28,0.005934165892182057,0.21845971144205883
2005-12-29,0.005815279641082784,-0.5132977257870972
2005-12-30,0.005908608691445285,-0.8290789950519206
2006-01-03,0.006147018349768246,2.6511982580942233
2006-01-04,0.005798383637391522,0.6322390196149701
2006-01-05,0.0056276587745459385,0.00279342772509794
2006-01-06,0.005523891008892975,1.6936464476138187
2006-01-09,0.005279131369133392,0.6913440376872692
2006-01-10,0.005125527899081237,-0.06958807548713858
2006-01-11,0.005080643539366991,0.6840663884433861
2006-01-12,0.004929874693957791,-1.276706866986605
2006-01-13,0.00529232164392898,0.22758420929303652
2006-01-17,0.005176582793984915,-0.703400135352459
2006-01-18,0.005347271175038354,-0.7302683659127295
2006-01-19,0.005531464711044393,1.0030351006744715
2006-01-20,0.0053356917642161834,-3.4665275333251793
2006-01-23,0.006707782234251121,0.275095956043095
2006-01-24,0.006541072682384821,0.36730189803796076
2006-01-25,0.006366123594745446,-0.2705285541586259
2006-01-26,0.006381793870779559,1.1296051990173581
2006-01-27,0.0061467711115753,1.2582239084745943
2006-01-30,0.005894625919333576,0.1941483028148604
2006-01-31,0.005782014293883412,-0.6890297907970776
2006-02-01,0.005953397143693478,0.31201284583425043
2006-02-02,0.0058291406282583915,-1.5614661501669351
2006-02-03,0.006369841173936931,-0.8435091729362323
2006-02-06,0.006601493412886117,0.11859361573352309
2006-02-07,0.006481735420708604,-1.2539336277355266
2006-02-08,0.006918704945408662,1.2467017745875446
2006-02-09,0.006654504700253732,-0.22219390252383808
2006-02-10,0.006634599730666243,0.38235129746262186
2006-02-13,0.006458023389260975,-0.5055761349546202
2006-02-14,0.006586058966179996,1.5157506325479917
2006-02-15,0.006305541278412473,0.554793997434214
2006-02-16,0.00613874889418479,1.1893968404526194
2006-02-17,0.0059080808779200175,-0.2811577356856535
2006-02-21,0.005927818949424616,-0.5526303967114035
2006-02-22,0.006051298095016335,1.236989119522097
2006-02-23,0.005825627760338401,-0.6492484081272631
2006-02-24,0.005990544550054635,0.21245158260286917
2006-02-27,0.005859763434744306,0.6195850456194438
2006-02-28,0.0057007820175092065,-1.8340162709825303
2006-03-01,0.006310424513228985,1.3037780067017901
2006-03-02,0.006076605947138864,-0.2678548996563566
2006-03-03,0.0060880342117186625,-0.24354874568919707
2006-03-06,0.006095569264935349,-1.147197507893673
2006-03-07,0.006470218727485178,-0.2880343650434914
2006-03-08,0.006478991625925776,0.31299424929034964
2006-03-09,0.006345005903268131,-0.7711224866123562
2006-03-10,0.006585499040409778,1.0929500481882286
2006-03-13,0.006352457202227372,0.3325607178111273
2006-03-14,0.006208483073080847,1.665858866792407
2006-03-15,0.005952407032792015,0.7158038012393896
2006-03-16,0.005781450491400256,0.30635676964244346
2006-03-17,0.0056291271394760325,0.26111426247722225
2006-03-20,0.0054685667397797845,-0.3038065109101883
2006-03-21,0.005497327913832315,-1.0974606459327592
2006-03-22,0.005800041325004302,1.0349089566091754
2006-03-23,0.005611133269499613,-0.46080395052416573
2006-03-24,0.005680028892543847,0.1730268919620312
2006-03-27,0.0055753244247493785,-0.18455221196491228
2006-03-28,0.005555187831455557,-1.1626967299194866
2006-03-29,0.005876636459018841,1.2663596839558116
2006-03-30,0.005658145201901879,-0.3584799454208447
2006-03-31,0.005712557134037185,-0.7258139100504112
2006-04-03,0.005901650236615028,0.3842947885413533
2006-04-04,0.005763317057375599,1.0822236636234428
2006-04-05,0.005549333110961324,0.7751996930054684
2006-04-06,0.005387161238161067,-0.3570041866744658
2006-04-07,0.005431855985308601,-1.9141437083690636
2006-04-10,0.006078006523200172,0.14217717737711616
2006-04-11,0.005890529114395272,-1.3209601336768235
2006-04-12,0.006301915219199638,0.19106359042543897
2006-04-13,0.006123370277492164,0.12673151717733813
2006-04-17,0.019294905833051657,-0.15259731032592583
2006-04-18,0.055966232118932445,0.3025610980928977
2006-04-19,0.005634403508016902,0.359412757521559
2006-04-20,0.005607387842890486,0.20816269624654832
2006-04-21,0.005555961576096614,-0.02469579801602898
2006-04-24,0.005513546521490649,-0.43899975661596585
2006-04-25,0.0056042374306841235,-0.8710395763404516
2006-04-26,0.0036462751653661197,0.7721222808109192
2006-04-27,0.00757093144727416,0.4353701659425472
2006-04-28,0.005032067803870725,0.1349971813607645
2006-05-01,0.00438807205281297,-0.9443982019466924
2006-05-02,0.010657279780695417,0.5748101606698897
2006-05-03,0.005497309437060944,-0.7064371558144555
2006-05-04,0.005647193483322088,0.5581946051867216
2006-05-05,0.005876619423437256,1.7429520928028255
2006-05-08,0.048035077448463095,-0.01727984585885283
2006-05-09,0.00371828328340308,0.0974311857633757
2006-05-10,0.005746363098626813,-0.3009979867164201
2006-05-11,0.005148473411245485,-2.5018434882511107
2006-05-12,0.005873643140107121,-1.924668760331059
2006-05-15,0.0069499139460533176,0.3628146771277238
2006-05-16,0.008318820273682345,-0.224939499961176
2006-05-17,0.03393989825012822,-0.5004285474686487
2006-05-18,0.006535923858748714,-1.0284009657800426
2006-05-19,0.006442273574534339,0.6408230832172641
2006-05-22,0.0072617002890176426,-0.5401509935275395
2006-05-23,0.007443290510403345,-0.5856922559391765
2006-05-24,0.008316436001763093,0.1902742013131501
2006-05-25,0.019060654115982532,0.5931559453582166
2006-05-26,0.007807535697475931,0.7304537035372142
2006-05-30,0.006847215809018082,-2.333292845316585
2006-05-31,0.007738928543634444,1.0439688107805496
2006-06-01,0.01174836875033875,1.0404276227289389
2006-06-02,0.00714538352463638,0.27295011398817115
2006-06-05,0.007974765102635745,-2.2521067123848604
2006-06-06,0.008037118252681474,-0.1416897543299133
2006-06-07,0.006792932434720419,-0.8996249316088359
2006-06-08,0.00691167287725113,0.2048778163405764
2006-06-09,0.007983063552111548,-0.561896562752357
2006-06-12,0.008168794174103789,-1.4613194111849503
2006-06-13,0.00875938127458728,-1.2756432880414699
2006-06-14,0.0092883258516849,0.5572462535024755
2006-06-15,0.00908812670797582,2.312110670857639
2006-06-16,0.008665503130707276,-0.42520917543847914
2006-06-19,0.008722879407203826,-1.049952319662774
2006-06-20,0.009163027303785013,-0.0008808855085123022
2006-06-21,0.008986910216150135,1.0786599522245695
2006-06-22,0.005240880497928974,-1.0083502953142358
2006-06-23,0.008687584052735417,-0.10169445343326759
2006-06-26,0.007903862189717635,0.61459257563846
2006-06-27,0.03201885224289136,-0.28500481714257253
2006-06-28,0.008890823561740233,0.6155166177440886
2006-06-29,0.008660743545015347,2.4635031708615607
2006-06-30,0.008181495220683255,-0.25665963840804346
2006-07-03,0.008181988284721243,0.9574847125333676
2006-07-05,0.007910726146265696,-0.9196693581840809
2006-07-06,0.008238049903294024,0.302390596797856
2006-07-07,0.008081636632133436,-0.838052232391296
2006-07-10,0.008371095196752582,0.17544984917148704
2006-07-11,0.008239184690882008,0.4864937083003426
2006-07-12,0.008034240531693338,-1.3602440157918505
2006-07-13,0.00856781500582143,-1.5233228289683405
2006-07-14,0.009169793851172014,-0.5350508261491084
2006-07-17,0.009329050040656275,-0.14837494968192122
2006-07-18,0.009233374814991688,0.20772217582331803
2006-07-19,0.009081585176967399,2.0244333971378223
2006-07-20,0.008570247901540698,-0.9933959492359582
2006-07-21,0.008956176454173802,-0.7929788122520925
2006-07-24,0.009239745042252036,1.7845140536471351
2006-07-25,0.008792791825001176,0.716600139170605
2006-07-26,0.008513381276450868,-0.044440924121024065
2006-07-27,0.008432704800299251,-0.48716725205951883
2006-07-28,0.00855739071074462,1.4114718619253497
2006-07-31,0.008152778288029657,-0.1814525185159946
2006-08-01,0.009566617938784943,-0.4710376374670856
2006-08-02,0.008262839764812907,0.6164388005999935
2006-08-03,0.008036250460984105,0.2782878881881359
2006-08-04,0.007890535883888557,-0.09011643991569772
2006-08-07,0.007839851956773733,-0.35842618640817786
2006-08-08,0.007903003693774417,-0.4262141825795465
2006-08-09,0.007994335330921172,-0.5452324502941068
2006-08-10,0.008136027699652784,0.5676405037541838
2006-08-11,0.007920257303080784,-0.5043353004952569
2006-08-14,0.008051491168571028,0.14404328375545294
2006-08-15,0.007904214054514153,1.721046199110047
2006-08-16,0.007521336239264258,1.0148174990336485
2006-08-17,0.00724879871739313,0.21812977006527176
2006-08-18,0.007112577802362266,0.5213388114153436
2006-08-21,0.006917513981148097,-0.5315788656518184
2006-08-22,0.007030817046944834,0.14242346903657907
2006-08-23,0.006896960465043145,-0.6522815915536435
2006-08-24,0.007054696467811103,0.3361703965116648
2006-08-25,0.006919330241217086,-0.10821480163478847
2006-08-28,0.006822657847298087,0.7551920235864332
2006-08-29,0.006618765732398951,0.2898736290606417
2006-08-30,0.00643629775532928,0.12978500085190114
2006-08-31,0.0062742950598135795,-0.18936721492444475
2006-09-01,0.006182962327880764,0.8894545532063048
2006-09-05,0.0059447400888863935,0.28716829666902943
2006-09-06,0.005808990452027874,-1.7112661749666618
2006-09-07,0.0064669468243937,-0.7438726663488546
2006-09-08,0.006707951413464154,0.5634383066712558
2006-09-11,0.006473758633946062,0.07371327726391042
2006-09-12,0.006291649982729496,1.637759505838394
2006-09-13,0.006000420124840354,0.6422732564322795
2006-09-14,0.005862754031663871,-0.23178632438436747
2006-09-15,0.005865845743730428,0.4372012474164642
2006-09-18,0.005654658388927535,0.20357794904716253
2006-09-19,0.00598039318378825,-0.4486408289423433
2006-09-20,0.006016832282318514,0.948351352789168
2006-09-21,0.010694419796847038,-0.5058825156178952
2006-09-22,0.013649928506942563,-0.18086880616863354
2006-09-25,0.006370232729805779,1.3777377823547092
2006-09-26,0.005861027662589553,1.278976173592128
2006-09-27,0.005704482564902714,0.03147879569704013
2006-09-28,0.0056331369221935615,0.303894334579389
2006-09-29,0.005571785892058612,-0.4066330220053378
2006-10-02,0.005601005033057624,-0.6064776155683116
2006-10-03,0.005748830735743164,0.36416117852533514
2006-10-04,0.005762546698194788,2.0803825470407955
2006-10-05,0.005795342040714428,0.38552038326638155
2006-10-06,0.0055849383319481,-0.4809540399028996
2006-10-09,0.007266371613357873,0.10907367895989624
2006-10-10,0.006027913203128638,0.33865245352653367
2006-10-11,0.0072649878467279105,-0.35337102702160217
2006-10-12,0.006066839275175313,1.5652086416939894
2006-10-13,0.004669889236294701,0.4379432724221551
2006-10-16,0.007093863011083879,0.35465603995207345
2006-10-17,0.005516198343189172,-0.6646179289410973
2006-10-18,0.05043412178700702,0.025421714756569902
2006-10-19,0.005511223177376037,0.15403010528825462
2006-10-20,0.005123197862560851,0.23404017334808885
2006-10-23,0.005942325592146351,1.032164320238116
2006-10-24,0.0041085668907019,0.06362055472022381
2006-10-25,0.005740368725635048,0.611064161715299
2006-10-26,0.030916532018997155,0.16013260496853063
2006-10-27,0.004065152962499609,-2.0878790823244002
2006-10-30,0.00681026636531555,0.06289533571911227
2006-10-31,0.004573293065286685,0.0015690519098471266
2006-11-01,0.004395985117270507,-1.6784916364618927
2006-11-02,0.004872626551833455,-0.07054549658377944
2006-11-03,0.004787480293058986,-0.46490202164347105
2006-11-06,0.0048736449866104295,2.315017827094545
2006-11-07,0.0046576099516789475,0.4756180454309108
2006-11-08,0.004553887804327444,0.4568641914720529
2006-11-09,0.0044561376719053115,-1.1999740283304074
2006-11-10,0.0047544644441461234,0.39181881975347593
2006-11-13,0.021201060241550745,0.12008045310819256
2006-11-14,0.004600370113662473,1.3773419428192317
2006-11-15,0.008941806911574353,0.2685808590486952
2006-11-16,0.003870000049771852,0.5895628683620062
2006-11-17,0.004113680160309169,0.24994095867777086
2006-11-20,0.004125230170966316,-0.12112336890219061
2006-11-21,0.004124695703928276,0.39956739297558097
2006-11-22,0.003624367329016677,0.6443521232939174
2006-11-24,0.005339032157549792,-0.685936183288131
2006-11-27,0.004065598615323448,-3.356895567294048
2006-11-28,0.002874029028950128,1.1963943794538363
2006-11-29,0.004648757119060109,1.9703115446318862
2006-11-30,0.00437085648646275,0.18792970971374864
2006-12-01,0.0046963650386024495,-0.5967798062093848
2006-12-04,0.004499738344797093,1.9658808717143286
2006-12-06,0.036631260347406595,-0.03591373115006235
2006-12-07,0.0373896347403935,-0.10640516147597245
2006-12-08,0.009344260818390664,0.19373405971342345
2006-12-12,0.004267014025666626,-0.24558677682065633
2006-12-13,0.004814400798542694,0.24264030703845868
2006-12-14,0.004018306214955991,2.1531267090939106
2006-12-15,0.003998982412786518,0.28051499180823847
2006-12-18,0.003909918153887849,-0.827528446664515
2006-12-19,0.0040802996491187,0.5283741808177143
2006-12-20,0.003989696488004791,-0.35541939445023696
2006-12-21,0.004040937065657232,-0.9108573344432315
2006-12-22,0.0041952208665925255,-1.2705964054755536
2006-12-26,0.00446435607374376,0.9727787287910594
2006-12-27,0.003723842916130897,1.8773028982989641
2006-12-28,0.0039097905865799545,-0.37850532142167886
2006-12-29,0.004390963575383016,-1.030138955143061
2007-01-03,0.037280488684280716,-0.03217202040140427
2007-01-04,0.002823655099934606,0.4347317408715139
2007-01-05,0.02955647065708782,-0.2064917663302443
2007-01-08,0.005470085970422138,0.40545195989425065
2007-01-09,0.005284156802094172,-0.09780358886410837
2007-01-10,0.010840176085738753,0.17882290767281334
2007-01-11,0.07263667410569391,0.08700648408030556
2007-01-12,0.08332137368611404,0.05810546416693739
2007-01-16,0.010870224987067401,0.07520183559201904
2007-01-17,0.004693281313354412,-0.19055695976623513
2007-01-18,0.00464098056556716,-0.6410630972753738
2007-01-19,0.004855903189239755,0.5954158148481049
2007-01-22,0.0046847418454749445,-1.1296004222505247
2007-01-23,0.005208447597127229,0.6788408726118804
2007-01-24,0.0050225755530849256,1.68549707991912
2007-01-25,0.004110604978376629,-2.7572067348546025
2007-01-26,0.009765323294581029,-0.12377056027429313
2007-01-29,0.004612880995702829,-0.23793174213430462
2007-01-30,0.007440320536770739,0.7735551955324107
2007-01-31,0.0026506795960348955,2.4790796486405635
2007-02-01,0.0038683962057229197,1.3802752458325227
2007-02-02,0.0037960950466074134,0.4459888994898998
2007-02-05,0.004243440882212,-0.22789873344100603
2007-02-06,0.004256705745930356,0.1639211114563417
2007-02-07,0.004104605568026888,0.33963530083964644
2007-02-08,0.004021211506880652,-0.2934347034797294
2007-02-09,0.005817548964480338,-1.2208536888534176
2007-02-12,0.07551474229369108,-0.04325926300842345
2007-02-13,0.006536251731919517,1.1579686712425714
2007-02-14,0.032155877220759764,0.23681555974497764
2007-02-15,0.03394177739671863,0.030553953828990076
2007-02-16,0.004152416124151808,-0.21003708069061885
2007-02-20,0.03508701270349192,0.08094954698506239
2007-02-21,0.005094211124557765,-0.2758892274368012
2007-02-22,0.004049894731022161,-0.21183867985434443
2007-02-23,0.004071892559554852,-0.8767517572168172
2007-02-26,0.004247387236981173,-0.2954506311098478
2007-02-27,0.006819595016851705,-5.182516081346013
2007-02-28,0.007154280322014547,0.7751282733036756
2007-03-01,0.006839295512200896,-0.37983531676111504
2007-03-02,0.006733109584510513,-1.703263801933698
2007-03-05,0.007574070377181699,-1.247969591531384
2007-03-06,0.008230764291972286,1.8679651333087852
2007-03-07,0.008116108601605575,-0.3041253645018136
2007-03-08,0.008071059841293549,0.8798531878615296
2007-03-09,0.007764205643497052,0.08724553470421706
2007-03-12,0.007520618453460556,0.3559146949231466
2007-03-13,0.007204534063369206,-2.8563367632662855
2007-03-14,0.00891067949043694,0.7484143237467054
2007-03-15,0.008543348500028938,0.43039095964535984
2007-03-16,0.008289336807020927,-0.4627216616372452
2007-03-19,0.00830257188795131,1.3050858443577316
2007-03-20,0.007982227251975765,0.7909423914160404
2007-03-21,0.007657173518579744,2.2118661882069266
2007-03-22,0.007404566744450979,-0.047063259652410455
2007-03-23,0.00731717075964668,0.14948285870153932
2007-03-26,0.007079874050017893,0.1366457254792061
2007-03-27,0.0068804007178746495,-0.9016277718597435
2007-03-28,0.00726999919006612,-1.1000943200133784
2007-03-29,0.007682692194419116,0.48586464513069444
2007-03-30,0.007398551401395086,-0.1587723290390331
2007-04-02,0.007281186562279745,0.35621898225411097
2007-04-03,0.007042829037002441,1.3115904168592127
2007-04-04,0.006790662148284359,0.16378354814750928
2007-04-05,0.006639370712847399,0.458675091676869
2007-04-09,0.006421786932744697,0.09164900256949997
2007-04-10,0.006267250846016997,0.4169652836904676
2007-04-11,0.006063379553152849,-1.0875988967304486
2007-04-12,0.006396637829787593,0.9672451138785748
2007-04-13,0.006162463758134347,0.5650225789530868
2007-04-16,0.006081557810658925,1.7427348720719582
2007-04-17,0.005811161303477006,0.3687753616804211
2007-04-18,0.005662172684918349,0.12238284304746398
2007-04-19,0.0055560030613893965,-0.21648182056077211
2007-04-20,0.0055209007472581065,1.6696707806012376
2007-04-23,0.005291011708546236,-0.4359552761231889
2007-04-24,0.00532968234498544,-0.06589615044396412
2007-04-25,0.005298778586056272,1.9038413360496598
2007-04-26,0.005076659356553513,-0.15418101780019428
2007-04-27,0.005050797352267468,-0.023858604340679275
2007-04-30,0.004976748931826751,-1.5796956641284874
2007-05-01,0.005440425954370426,0.4866692441952726
2007-05-02,0.005301494960169964,1.2169375972198726
2007-05-03,0.0051016217579887705,0.8459568004340668
2007-05-04,0.0049346342452794255,0.4352069411603761
2007-05-07,0.004795720500866255,0.5339004762120324
2007-05-08,0.0046981489896282405,-0.2483214555794911
2007-05-09,0.004730239702040595,0.6803495623116693
2007-05-10,0.0046178837264890605,-3.0435114258152582
2007-05-11,0.005509875293637464,1.7414759774268218
2007-05-14,0.005308221266236518,-0.3380763703026352
2007-05-15,0.005363861220998622,-0.24326403892145645
2007-05-16,0.0053581028083927295,1.6030940636523556
2007-05-17,0.005142242895350802,-0.17860769908778182
2007-05-18,0.005120748668999238,1.286672055211558
2007-05-21,0.004922872878939357,0.3132428919644862
2007-05-22,0.004803851928385851,-0.13380398959282233
2007-05-23,0.0047865188121348524,-0.25236731296725706
2007-05-24,0.004800847511640237,-2.0308790540244797
2007-05-25,0.005372995523227061,1.0120739187335441
2007-05-29,0.005183644839951684,0.3026774222791321
2007-05-30,0.005075841780690716,1.566618507176658
2007-05-31,0.00488657358865695,0.0521512148786941
2007-06-01,0.004808127139842981,0.77578299232464
2007-06-04,0.004668337901732767,0.395622567844945
2007-06-05,0.004561193650577761,-1.1754414597121468
2007-06-06,0.004850917999632439,-1.8353761582945356
2007-06-07,0.0053561214552206304,-3.3094771456781182
2007-06-08,0.006531857525204822,1.7309374529632238
2007-06-11,0.006330700677434777,0.15184012090650664
2007-06-12,0.0061671996044292965,-1.7413377842445048
2007-06-13,0.006809348309836676,2.213148039403533
2007-06-14,0.006577359710035313,0.7304970856141458
2007-06-15,0.00635178784621126,1.0242085674718275
2007-06-18,0.006137742527323933,-0.19780979991406583
2007-06-19,0.006098275450777171,0.2835684324754007
2007-06-20,0.005947100150992915,-2.3027068712664622
2007-06-21,0.006859671622866805,0.898205159125521
2007-06-22,0.006638399731733239,-1.9552437864483938
2007-06-25,0.007501355067425244,-0.4283306527359926
2007-06-26,0.007556445219462159,-0.4292296402165088
2007-06-27,0.007599659957671746,1.180183899508626
2007-06-28,0.007338013466393057,-0.057007664183467824
2007-06-29,0.0072135668523288995,-0.21744953966485828
2007-07-02,0.007173893174614598,1.4830670876725423
2007-07-03,0.006919985320625453,0.516454483483945
2007-07-05,0.006723861392473464,0.05168598975471393
2007-07-06,0.0065838095009251975,0.5010094415631813
2007-07-09,0.006422033383421795,0.14339724361004863
2007-07-10,0.006296404228371788,-2.269076794830188
2007-07-11,0.0071910433996234145,0.7933625102242837
2007-07-12,0.006962831172386251,2.7109241978207486
2007-07-13,0.006629601401204166,0.46708817775809996
2007-07-16,0.006453352994682487,-0.29772378336089006
2007-07-17,0.0064728947280376856,-0.014958471858668084
2007-07-18,0.0063793302440888254,-0.3240872837215061
2007-07-19,0.006407198861910712,0.6959506187350393
2007-07-20,0.006237887436663671,-1.971204821339801
2007-07-23,0.006995801480746359,0.694340576273181
2007-07-24,0.006755148680348055,-2.9611726412185275
2007-07-25,0.008116130311169591,0.5735198590639332
2007-07-26,0.007836392294411016,-3.013522987519478
2007-07-27,0.009594162313192833,-1.6802748334286688
2007-07-30,0.010675766761905963,0.9556026783134083
2007-07-31,0.010312614146382702,-1.2341480761453758
2007-08-01,0.011072849315191815,0.6517353057276647
2007-08-02,0.01065891595296519,0.4080918567881877
2007-08-03,0.01029108982252555,-2.618361017283328
2007-08-06,0.012378908138384017,1.9278017009327686
2007-08-07,0.011923003464910764,0.5150107246563865
2007-08-08,0.011446606488629711,1.2207769003810507
2007-08-09,0.011014135865902011,-2.7326761785062197
2007-08-10,0.013534477248808135,0.027963084057349038
2007-08-13,0.013064997224074568,-0.037918941542843795
2007-08-14,0.012661762710597307,-1.4471441234364606
2007-08-15,0.013848786521707296,-1.0113130293096748
2007-08-16,0.01456960854668237,0.2226223836756121
2007-08-17,0.014057925552126342,1.7263974284490993
2007-08-20,0.013420585161398163,-0.020094713610207763
2007-08-21,0.012988695462103832,0.08356999967773382
2007-08-22,0.012546648736486941,0.928122012909612
2007-08-23,0.01203952807329489,-0.08911410706926312
2007-08-24,0.01174489385260648,0.9765110007967798
2007-08-27,0.011244017305413086,-0.7595107407907583
2007-08-28,0.011643449994819043,-2.0400261869750618
2007-08-29,0.013327312645494556,1.6271135492747197
2007-08-30,0.012717171025633262,-0.32945808229422363
2007-08-31,0.012678517618854399,0.8797797681225352
2007-09-04,0.012128443935790078,0.8586269707952785
2007-09-05,0.011613431518150703,-0.996068527491763
2007-09-06,0.012365387157295238,0.3431249231282517
2007-09-07,0.011898543113992735,-1.4332037894146183
2007-09-10,0.013019027475298485,-0.09782788265635024
2007-09-11,0.012688036473221809,1.0671656267380272
2007-09-12,0.01210611047772402,0.003933232906838073
2007-09-13,0.0117101862946264,0.7159848650449494
2007-09-14,0.011225730753040382,0.018010018416595525
2007-09-17,0.01093649279412677,-0.46939810489054434
2007-09-18,0.010999511840738324,2.617350847714879
2007-09-19,0.010349960579028206,0.5862785387347574
2007-09-20,0.009994636929890445,-0.6749558310698079
2007-09-21,0.010238271623043787,0.44914459247159527
2007-09-24,0.009949179621751092,-0.5297228485898324
2007-09-25,0.010055896280685308,-0.03407836647007917
2007-09-26,0.009804767411511659,0.5504174046982576
2007-09-27,0.00946720888918049,0.4118935279478925
2007-09-28,0.009110604062931198,-0.3323599305752277
2007-10-01,0.009062426071707333,1.4568019399398593
2007-10-02,0.008750939037634896,-0.030291543825866102
2007-10-03,0.008542352815859154,-0.5340739999400794
2007-10-04,0.008683501445299792,0.2428429072381294
2007-10-05,0.008459531599530907,1.1247527262623043
2007-10-08,0.008115430508172513,-0.3969842377014678
2007-10-09,0.008209693938142191,0.9822103868851119
2007-10-10,0.007938306956330667,-0.21588960451181283
2007-10-11,0.0077989694358059,-0.6631400900553952
2007-10-12,0.008104253919329117,0.5852431522898693
2007-10-15,0.007809592870038945,-1.0777427870430494
2007-10-16,0.008313213948765903,-0.7932993209581728
2007-10-17,0.008593048691281482,0.20479888079718933
2007-10-18,0.008358953889899016,-0.09007661906150272
2007-10-19,0.008206705061669414,-3.161964663297388
2007-10-22,0.010417152619936027,0.3639359676766915
2007-10-23,0.010056852097043035,0.8714794000561005
2007-10-24,0.00966884461314986,-0.25281278168827404
2007-10-25,0.009606453603629305,-0.10168108248251656
2007-10-26,0.009414833598886613,1.4544555389328784
2007-10-29,0.009013044761212292,0.4111564051606527
2007-10-30,0.008714820389985035,-0.7440626426204446
2007-10-31,0.00901478867569429,1.3223450693742311
2007-11-01,0.008636836682723314,-3.100543598720133
2007-11-02,0.01080709220899948,0.07420004061954225
2007-11-05,0.010475349559362213,-0.47416970755240545
2007-11-06,0.010581491813250053,1.1319013524589934
2007-11-07,0.010119165282042793,-2.9458681156709794
2007-11-08,0.012505757456357023,-0.04607305690024498
2007-11-09,0.012157056340531849,-1.1836797830766292
2007-11-12,0.013038376752029486,-0.7699158248979165
2007-11-13,0.013446248980897491,2.132772078555313
2007-11-14,0.012797096421143269,-0.5543818308369277
2007-11-15,0.012969638727743956,-1.0255095633867048
2007-11-16,0.01368015209505706,0.38133204336736154
2007-11-19,0.013190451185775203,-1.335396479812142
2007-11-20,0.014279490470865314,0.3134680476239956
2007-11-21,0.013737486442998765,-1.1687056530273399
2007-11-23,0.014653697833690672,1.1430170263555313
2007-11-26,0.01398840135731908,-1.6808901854246003
2007-11-27,0.015643814813831862,0.9473261945920515
2007-11-28,0.0149091551122549,1.888747094507414
2007-11-29,0.014105640454507557,0.03377098876143375
2007-11-30,0.013670813459478353,0.5661831996820069
2007-12-03,0.01314145298702152,-0.44932138742007516
2007-12-04,0.013198062762684773,-0.49717431188411015
2007-12-05,0.013302779441802103,1.1332906112984682
2007-12-06,0.012726889195234948,1.17271175071427
2007-12-07,0.012125108930364847,-0.1467618609639208
2007-12-10,0.011912742127322422,0.6280580933596079
2007-12-11,0.011398345264446759,-2.2455778252534837
2007-12-12,0.013531970834240131,0.445750223628243
2007-12-13,0.012984122981204322,0.09423628550601645
2007-12-14,0.012510737179373985,-1.1063794605590387
2007-12-17,0.013303734657901588,-1.137639531769099
2007-12-18,0.014215893978474461,0.44036340403903956
2007-12-19,0.013671017096340408,-0.09960903443022744
2007-12-20,0.013342141326797806,0.36637568674425863
2007-12-21,0.012860990627874838,1.28547039213188
2007-12-24,0.012265186782015967,0.6558856809999559
2007-12-26,0.01174285703942477,0.06883410318577765
2007-12-27,0.011312497422381274,-1.2716257796619779
2007-12-28,0.01222120936757858,0.12295350785771066
2007-12-31,0.011772295824444494,-0.5840125336298048
2008-01-02,0.012012340556434478,-1.2106785464225882
2008-01-03,0.012865434669706416,0.0
2008-01-04,0.01240538642155395,-2.0038045877204915
2008-01-07,0.014332643522415369,0.22452768232962952
2008-01-08,0.01376164631204745,-1.34596959132508
2008-01-09,0.0149486432116851,0.9052400040768369
2008-01-10,0.014261981699428208,0.5550919966082482
2008-01-11,0.013702536301007791,-0.9989866859582436
2008-01-14,0.01443058513317167,0.7492403495147778
2008-01-15,0.013769359713892189,-1.833120865405102
2008-01-16,0.01557415017156213,-0.3613606944707795
2008-01-17,0.015454766075490328,-1.910360622781254
2008-01-18,0.017663458107153286,-0.34329457418833037
2008-01-22,0.017491901222619226,-0.6372696281435292
2008-01-23,0.017832139529736418,1.1897355126230047
2008-01-24,0.017008809618332434,0.5886619041672261
2008-01-25,0.0162720260232639,-0.9832358297235021
2008-01-28,0.017039728963582735,1.0209159105558643
2008-01-29,0.016396438956219457,0.37452525777279555
2008-01-30,0.015743003681356626,-0.30333339212164817
2008-01-31,0.01554850027630774,1.0697592908774691
2008-02-01,0.014794388159285519,0.8221508748062827
2008-02-04,0.014162771913358711,-0.7426505265913903
2008-02-05,0.014575547612260889,-2.231029274535757
2008-02-06,0.017214882628060615,-0.44454845000011195
2008-02-07,0.01726027623206982,0.45508209335571925
2008-02-08,0.016486721591015805,-0.2555135172581966
2008-02-11,0.016203407303956426,0.3623760482420131
2008-02-12,0.015500178217843313,0.4670673639337302
2008-02-13,0.014807485343458174,0.9125356348488266
2008-02-14,0.014126200025022533,-0.9565458519964393
2008-02-15,0.014809683895237891,0.05654390637903947
2008-02-19,0.014192129085776392,-0.063181210863116
2008-02-20,0.013716811402613851,0.6055545814880979
2008-02-21,0.01309812442480955,-0.9887571767872261
2008-02-22,0.013789832951851816,0.5692397113525566
2008-02-25,0.013164295968832578,1.0420721198149527
2008-02-26,0.012551611603833678,0.549259486404528
2008-02-27,0.011989341639874647,-0.07672376660815693
2008-02-28,0.011587305769132552,-0.775166649555578
2008-02-29,0.011965779997040779,-2.2951612871172618
2008-03-03,0.014274313544656908,0.0373685353512403
2008-03-04,0.013695504178225813,-0.2521692798078497
2008-03-05,0.013463112281381901,0.388071881161027
2008-03-06,0.012877772797726917,-1.7285487851356747
2008-03-07,0.014473136937167709,-0.5835589231058301
2008-03-10,0.014630119275680148,-1.065219325899002
2008-03-11,0.015442620123405422,2.3608126290741156
2008-03-12,0.01458347896933089,-0.6196243282185977
2008-03-13,0.014773911876464419,0.34613875233660873
2008-03-14,0.014070767683115371,-1.492617521977631
2008-03-17,0.01549510500412594,-0.5807675444106308
2008-03-18,0.01564335968408636,2.655113560500826
2008-03-19,0.014603076563155522,-1.6836860725717644
2008-03-20,0.016402276666276704,1.4426220582409737
2008-03-24,0.015349633578748665,0.9905931960660174
2008-03-25,0.014431474274251033,0.15946033572017235
2008-03-26,0.01375185034927833,-0.6402342168515335
2008-03-27,0.014270224136964238,-0.807741941423417
2008-03-28,0.014774839559128363,-0.5402398787122121
2008-03-31,0.014912203335731905,0.380301640552218
2008-04-01,0.014152678628741967,2.49190227952831
2008-04-02,0.013319322754316035,-0.14534845105275873
2008-04-03,0.013043766539875615,0.0997251659097775
2008-04-04,0.012327636267451618,0.06454438662557845
2008-04-07,0.011580980896399508,0.13473647057896604
2008-04-08,0.01102829289899189,-0.46363321812991504
2008-04-09,0.011092758554561592,-0.7324590055586957
2008-04-10,0.011496091312786167,0.38831225496275196
2008-04-11,0.01092635092768527,-1.8839407205331007
2008-04-14,0.01282715759896943,-0.26424581875120357
2008-04-15,0.012600946025038433,0.36420513013057704
2008-04-16,0.011979820211628326,1.8729537003972967
2008-04-17,0.011160308529116045,0.05579779376584339
2008-04-18,0.010658482553919485,1.686586576955361
2008-04-21,0.010113470254361743,-0.15372891424743884
2008-04-22,0.009757306168310538,-0.9069381600335638
2008-04-23,0.010327635751932795,0.28038564804549504
2008-04-24,0.009773044569387046,0.6570741445710664
2008-04-25,0.00925654315907345,0.699368697091831
2008-04-28,0.008781071315877862,-0.11982078875809858
2008-04-29,0.008561408800137463,-0.4550972096489705
2008-04-30,0.008592907060917213,-0.4484766774231644
2008-05-01,0.008723639565358004,1.948208460025301
2008-05-02,0.00816893593930771,0.39544629330420034
2008-05-05,0.007799352172766689,-0.5825985940596309
2008-05-06,0.007990363708376769,0.953999847089121
2008-05-07,0.007566639631628743,-2.415848201090529
2008-05-08,0.009514624406596561,0.38496898775490584
2008-05-09,0.00910994063452627,-0.7407474904338072
2008-05-12,0.009536087800626763,1.149369901120711
2008-05-13,0.008915986985734519,-0.04315230075190647
2008-05-14,0.008659086712704513,0.4616633847491782
2008-05-15,0.008279511999766145,1.2716741272111796
2008-05-16,0.007756641651042934,0.16110285331756694
2008-05-19,0.00745684541656842,0.12037833214604682
2008-05-20,0.007215856607317102,-1.2911643124963181
2008-05-21,0.008153310297555885,-1.9849344555085813
2008-05-22,0.0096523862882384,0.2708096490362134
2008-05-23,0.009255036787971311,-1.4368861517653235
2008-05-27,0.010356844314338176,0.658781024899243
2008-05-28,0.009813287089015986,0.4030310007853432
2008-05-29,0.009379427493844706,0.5672794943716418
2008-05-30,0.008910215216881876,0.17003162521545465
2008-06-02,0.008597617657802167,-1.2282266291749984
2008-06-03,0.009489942595570894,-0.6116625128230931
2008-06-04,0.009806421374514422,-0.033319976772615424
2008-06-05,0.009545319052169815,2.0228276444844804
2008-06-06,0.008570717892290499,-3.6608763014778294
2008-06-09,0.012230423243926574,0.06486886339143466
2008-06-10,0.011751326208992599,-0.20772536295874497
2008-06-11,0.011585978523325728,-1.4706294324942426
2008-06-12,0.013053660577184663,0.25083632843136855
2008-06-13,0.01245166216731098,1.199373142470652
2008-06-16,0.011455593049066458,0.007059130528172856
2008-06-17,0.01107362972508889,-0.6135623677279639
2008-06-18,0.011423698082339562,-0.8543022951903861
2008-06-19,0.012048701606756036,0.31084694561877163
2008-06-20,0.01148037513189887,-1.6303413137175418
2008-06-23,0.01316888205103329,0.004030063456249003
2008-06-24,0.01266681218868017,-0.2225351140466549
2008-06-25,0.012500567639662001,0.46609087711598807
2008-06-26,0.011833287760229213,-2.5187433462705946
2008-06-27,0.014831385609599805,-0.2511131621169678
2008-06-30,0.014632503595844646,0.08654860406477809
2008-07-01,0.013980251925109842,0.27385956087651253
2008-07-02,0.013294225785437765,-1.3819040900669908
2008-07-03,0.014776727931204976,0.07398961456923463
2008-07-07,0.014161588791739819,-0.5946218658113124
2008-07-08,0.01445761774732933,1.1714322457800637
2008-07-09,0.01331439348919241,-1.730424780032904
2008-07-10,0.015319416643307387,0.4546802579828978
2008-07-11,0.014444139666285471,-0.7720705843153882
2008-07-14,0.015038305583545733,-0.6030504864167778
2008-07-15,0.015358748902224568,-0.7136721406778314
2008-07-16,0.015838008411946717,1.5629872286240318
2008-07-17,0.01434485199259668,0.8324227659574035
2008-07-18,0.013362973841178209,0.021378936977654903
2008-07-21,0.01286139101697791,-0.04195343780909999
2008-07-22,0.012441247418339886,1.0772116039794741
2008-07-23,0.011504585190952796,0.35254906017016446
2008-07-24,0.010944839024678825,-2.1376273249024376
2008-07-25,0.013277219668698522,0.31323184748571414
2008-07-28,0.012622384154426163,-1.4871718438789105
2008-07-29,0.014203665317286935,1.6254558438773228
2008-07-30,0.012890401857493926,1.2827016149474602
2008-07-31,0.011872552955232993,-1.11441097269057
2008-08-01,0.012875529017711457,-0.43446854493886256
2008-08-04,0.0129655649437703,-0.694649530812019
2008-08-05,0.01340867926910291,2.1116238720655236
2008-08-06,0.012056391875979853,0.277756080954721
2008-08-07,0.011496231574199257,-1.5741242323356008
2008-08-08,0.013122892972305284,1.7992882834198587
2008-08-11,0.011983555449985351,0.5773529171500732
2008-08-12,0.011277258291454538,-1.0750723348630482
2008-08-13,0.012178706033002301,-0.23975632805117306
2008-08-14,0.011986960569217569,0.45938352058247706
2008-08-15,0.011366364080815039,0.3578672805329076
2008-08-18,0.010795873740783455,-1.4091440965512345
2008-08-19,0.012134896964176977,-0.7712103031382372
2008-08-20,0.012678264352510894,0.48730701498660767
2008-08-21,0.01199708757262375,0.20770514748481023
2008-08-22,0.011488928492676688,0.9808519281825354
2008-08-25,0.010708583111233926,-1.850905047104016
2008-08-26,0.012589349176033444,0.29227836780935473
2008-08-27,0.012008640324778845,0.6621033616305873
2008-08-28,0.011307334699914963,1.3027921199096093
2008-08-29,0.01044416333468426,-1.3231031377008384
2008-09-02,0.011582795902157727,-0.35405196094018654
2008-09-03,0.011598469737923516,-0.17563973515181264
2008-09-04,0.011423153686808263,-2.659410750809511
2008-09-05,0.01452458072323434,0.30437902950930307
2008-09-08,0.013810948096227458,1.4700410769562513
2008-09-09,0.012595911756258089,-2.7575999808930223
2008-09-10,0.01616661022529239,0.37921319227519273
2008-09-11,0.015310260784848982,0.895604446613889
2008-09-12,0.014265499478737322,0.14856030001199677
2008-09-15,0.013646943345359638,-3.5380072633975823
2008-09-16,0.019000879338755983,0.914248491455835
2008-09-17,0.017573765495118455,-2.747733983664354
2008-09-18,0.022654431393028692,1.872870061534842
2008-09-19,0.020309399142732696,1.9433060377794924
2008-09-22,0.018245870792937796,-2.136746716199938
2008-09-23,0.022356808494362244,-0.7047567516699061
2008-09-24,0.0230158176494181,-0.0860141510718109
2008-09-25,0.021983193909261498,0.8854859815380955
2008-09-26,0.02041411759435324,0.16541109620755964
2008-09-29,0.019270014880738765,-4.784095545130273
2008-09-30,0.03213706566561845,1.6416607089385806
2008-10-01,0.02896807924606175,-0.1572194034994698
2008-10-02,0.02778429903988238,-1.480150665651934
2008-10-03,0.031373952058905155,-0.4334349006084076
2008-10-06,0.03092379147039808,-1.2701957890300168
2008-10-07,0.03385256099519966,-1.7460360293079469
2008-10-08,0.03923087873162288,-0.29052132641450834
2008-10-09,0.037855174177226794,-2.092819939018963
2008-10-10,0.04577634355219126,-0.2584080674478501
2008-10-13,0.04387485919137234,2.4973747976582747
2008-10-14,0.0383889780849107,-0.13900734220467628
2008-10-15,0.036420849345880434,-2.6000251664901404
2008-10-16,0.0471821204198185,0.8823007936170546
2008-10-17,0.04286605286148279,-0.14538791226862496
2008-10-20,0.04068473842278994,1.1449717788805558
2008-10-21,0.0369164325140587,-0.8474272947191357
2008-10-22,0.03835184124873971,-1.6414617300784724
2008-10-23,0.04409883722404093,0.2846990677335449
2008-10-24,0.040637464681118785,-0.8642462866925215
2008-10-27,0.04223351081157094,-0.7643169772020311
2008-10-28,0.04324870148692632,2.3690273916064024
2008-10-29,0.03877512651277092,-0.28732097557045616
2008-10-30,0.03716021137650818,0.6855894865140392
2008-10-31,0.03409847871093596,0.4471913843390947
2008-11-03,0.031384386096216674,-0.08068497141494693
2008-11-04,0.029535839881055806,1.3547770646960526
2008-11-05,0.027247582725285376,-1.9860572395270017
2008-11-06,0.033499097935857425,-1.5394805071547313
2008-11-07,0.03829822503974576,0.7427545778578212
2008-11-10,0.03522609518193487,-0.3614904269431309
2008-11-11,0.03452340727408718,-0.6455678049388561
2008-11-12,0.03505457671171182,-1.520168575532012
2008-11-13,0.039836533947143676,1.6799300581341297
2008-11-14,0.036163095040937135,-1.1778165163310903
2008-11-17,0.03934824606199691,-0.6645620227239076
2008-11-18,0.04007853006942228,0.24427768354983043
2008-11-19,0.03732437836842617,-1.690731332784622
2008-11-20,0.04326538447627773,-1.6059454054054108
2008-11-21,0.049332709757325184,1.2431508712322537
2008-11-24,0.045402442084780906,1.381296422281624
2008-11-25,0.04187727819248865,0.1559178126131835
2008-11-26,0.038476666707775,0.9023235220988267
2008-11-28,0.03552106539582016,0.27017528364832744
2008-12-01,0.032783189953060086,-2.853185482319981
2008-12-02,0.04466256686868598,0.8768789329007668
2008-12-03,0.040990233521549076,0.6222957453122169
2008-12-04,0.03801859889804533,-0.7824196744759961
2008-12-05,0.039353278583424155,0.9109556365308139
2008-12-08,0.03618924243350568,1.0408862118625148
2008-12-09,0.03394953002924409,-0.6889327910041461
2008-12-10,0.03437774460034779,0.34394366596667836
2008-12-11,0.03246036675699676,-0.8915106447319088
2008-12-12,0.03407149803150251,0.2055627616970718
2008-12-15,0.03137422084783164,-0.40692103473756386
2008-12-16,0.03090285903261912,1.620717867422099
2008-12-17,0.029085295992319852,-0.3314104150137403
2008-12-18,0.028076808863363632,-0.7618324159678905
2008-12-19,0.02901596726553554,0.10106821374887479
2008-12-22,0.026870966779239322,-0.687417644407497
2008-12-23,0.027672953503878887,-0.35287107980226445
2008-12-24,0.02724258810288455,0.21159870479336848
2008-12-26,0.025527008889580847,0.20926390725302535
2008-12-29,0.023948444110699945,-0.16201960806076748
2008-12-30,0.023098019354387763,1.0439864342151672
2008-12-31,0.021086345290651606,0.6667370739888159
2009-01-02,0.019505437493136372,1.595391862674835
2009-01-05,0.017970155111409966,-0.26039221245368294
2009-01-06,0.017588658639327265,0.4427135447583131
2009-01-07,0.01624461780232329,-1.8756440189202503
2009-01-08,0.019957151733889643,0.16992984455870716
2009-01-09,0.018826905342133677,-1.1437468825538861
2009-01-12,0.020735896065034655,-1.1006318490934606
2009-01-13,0.02268154555937962,0.07744248341312521
2009-01-14,0.021526294058091238,-1.5809718290729646
2009-01-15,0.02494823425212235,0.05324221159417329
2009-01-16,0.02371398831028055,0.3176661579573908
2009-01-20,0.022262649582902087,-2.437356542933098
2009-01-21,0.02863421856550429,1.4867546663375812
2009-01-22,0.02560576874212686,-0.5966798573690956
2009-01-23,0.02621268646781518,0.20460513613047937
2009-01-26,0.024721160388925537,0.22401254907640653
2009-01-27,0.023299892214976373,0.46636823184520554
2009-01-28,0.02175733209328207,1.5170443940979048
2009-01-29,0.019617329608807972,-1.716903632569387
2009-01-30,0.023189057472816146,-0.9941249676793095
2009-02-02,0.024972189937703938,-0.02134013781807709
2009-02-03,0.023876180813902293,0.6579753506389235
2009-02-04,0.0221271071186875,-0.3397505783051825
2009-02-05,0.021996648204898436,0.7379846442761097
2009-02-06,0.02037051311143767,1.3028970743253194
2009-02-09,0.018481206909361683,0.08030274897944739
2009-02-10,0.017598616179398847,-2.8620812557473054
2009-02-11,0.023997813842816424,0.3301749599062848
2009-02-12,0.022588122805211847,0.07692783384018807
2009-02-13,0.02153170701230599,-0.46666102150525146
2009-02-17,0.021764080541886853,-2.142498036081143
2009-02-18,0.02695855185201227,-0.03526960511324825
2009-02-19,0.025810986712246572,-0.46867239262712374
2009-02-20,0.026050152458261408,-0.44063436027899094
2009-02-23,0.026198473308206207,-1.3479914296823932
2009-02-24,0.029364163232004577,1.339048857311572
2009-02-25,0.026421922078893684,-0.4055354264509757
2009-02-26,0.02643963045338722,-0.6015846883262963
2009-02-27,0.02706491438207803,-0.8810847813390377
2009-03-02,0.028632823783976902,-1.6673831792234737
2009-03-03,0.03330289610097076,-0.1929975705075045
2009-03-04,0.0323154020442632,0.7264448784440506
2009-03-05,0.029808299834859598,-1.4580939680051235
2009-03-06,0.03376594238384969,0.03599231385785599
2009-03-09,0.03193881538278315,-0.315423255670816
2009-03-10,0.03142341589484164,1.9640968545696464
2009-03-11,0.027737596806143124,0.08806930005221214
2009-03-12,0.02630170106867074,1.5178134206689913
2009-03-13,0.023731277540217532,0.32485545693769396
2009-03-16,0.022476963160715662,-0.15669912949454048
2009-03-17,0.02185248462000254,1.4476275811690982
2009-03-18,0.0199494217831841,1.0347864715716406
2009-03-19,0.01829660908492938,-0.7140190807265435
2009-03-20,0.01907118093824341,-1.046994888037764
2009-03-23,0.02071426668539732,3.300449318147072
2009-03-24,0.017869745839662107,-1.1542615816515058
2009-03-25,0.019994367300180966,0.47915155809561877
2009-03-26,0.01876944439185945,1.228198435635554
2009-03-27,0.01734782709487028,-1.1831290036297757
2009-03-30,0.019031950947481606,-1.8620961942165046
2009-03-31,0.022738127697766217,0.5736694133808719
2009-04-01,0.021292537646019172,0.7712111845350034
2009-04-02,0.019832545337978028,1.4280681313795152
2009-04-03,0.01819668777869672,0.5322244582229754
2009-04-06,0.017086856972243065,-0.489690738927154
2009-04-07,0.01738350672212926,-1.3888837104951803
2009-04-08,0.019756769103663304,0.5929389074388729
2009-04-09,0.01851510184883545,2.0171150515751894
2009-04-13,0.01679416498784074,0.1506574371431198
2009-04-14,0.01595914294343491,-1.270025420335829
2009-04-15,0.017890401706867398,0.6970738048900722
2009-04-16,0.016633241604727414,0.9270177065996689
2009-04-17,0.015488548136399962,0.3200464099594476
2009-04-20,0.014658971098946694,-2.9833068669327436
2009-04-21,0.020218652381630987,1.040098213234581
2009-04-22,0.018787129159052306,-0.41045761490190275
2009-04-23,0.018763238291935713,0.526212102205488
2009-04-24,0.017708356610760968,0.9406764493441876
2009-04-27,0.016575102521485023,-0.6104087432298747
2009-04-28,0.01709847665556973,-0.16049954011286502
2009-04-29,0.016719606242321213,1.2787294998040515
2009-04-30,0.015454290375680732,-0.06150520002139739
2009-05-01,0.014877368860814526,0.36174947170825517
2009-05-04,0.014095789859804643,2.362921405539974
2009-05-05,0.012705466632405934,-0.2989996028642143
2009-05-06,0.012691154510881824,1.3595783042925218
2009-05-07,0.011831635243185533,-1.123288430769991
2009-05-08,0.013045155786226672,1.823198033727202
2009-05-11,0.012056801871742217,-1.8037279233826384
2009-05-12,0.014364323833926551,-0.068178286343242
2009-05-13,0.014069951058218812,-1.9376896496514102
2009-05-14,0.01682054967458793,0.6122529995753061
2009-05-15,0.015880377830854667,-0.7226324855930263
2009-05-18,0.016579679465933552,1.8056196477166007
2009-05-19,0.015183071636610946,-0.11449238082240391
2009-05-20,0.015004691543959234,-0.34287093959743564
2009-05-21,0.014943286444158006,-1.1309130754796504
2009-05-22,0.016328413760126118,-0.0917622820061688
2009-05-26,0.015903777373791728,1.6324554217503784
2009-05-27,0.014586247585123913,-1.313115293195888
2009-05-28,0.016254536288780385,0.9413529180229102
2009-05-29,0.015240310836855554,0.8847224989167519
2009-06-01,0.014312240230533107,1.7809891009965002
2009-06-02,0.01322884061142084,0.14977404543205053
2009-06-03,0.012676038251227149,-1.091387188688138
2009-06-04,0.013833753935273726,0.8253884083517762
2009-06-05,0.01304469082127151,-0.19301779730265586
2009-06-08,0.012832552057413484,-0.07878911770027056
2009-06-09,0.01249908628521808,0.27978523240606495
2009-06-10,0.01201644624651889,-0.29013581124103094
2009-06-11,0.01198869741108994,0.5082534858129458
2009-06-12,0.011352623535452588,0.12296900745982904
2009-06-15,0.010944362976983108,-2.197989166129429
2009-06-16,0.013524631641821792,-0.9465619003108066
2009-06-17,0.014532360932137807,-0.09513412674226235
2009-06-18,0.014203020108830393,0.5897207031112162
2009-06-19,0.013461284162196356,0.2309852600819827
2009-06-22,0.012924269470206529,-2.4046515280779404
2009-06-23,0.016275461421405544,0.1415670155125237
2009-06-24,0.015650433786907024,0.41553153815885574
2009-06-25,0.014928093840301675,1.4213190394721706
2009-06-26,0.013778486307856965,-0.1073354732558517
2009-06-29,0.013483495828593086,0.6692846540676036
2009-06-30,0.012749728582953862,-0.6719634521962045
2009-07-01,0.01328148702971218,0.3277076289661385
2009-07-02,0.012709531221940067,-2.3272050171998764
2009-07-06,0.015902436020599663,0.16113645110327393
2009-07-07,0.015284005785280821,-1.300692085711556
2009-07-08,0.017072794871623595,-0.09781240742901823
2009-07-09,0.01665831713360355,0.21256325197306516
2009-07-10,0.016010925086322018,-0.2516992650927983
2009-07-13,0.015900089934451248,1.5489188349724308
2009-07-14,0.014534752874665038,0.36477973047210044
2009-07-15,0.013874950165687232,2.104471333332183
2009-07-16,0.012471442348966386,0.6899470366728302
2009-07-17,0.011780116564567969,-0.032489927507227234
2009-07-20,0.01146239710046324,0.9916514288509449
2009-07-21,0.010720734732361332,0.337730072874409
2009-07-22,0.010269050585852115,-0.052041751258532186
2009-07-23,0.010012146070810683,2.299466973562518
2009-07-24,0.009037417291756748,0.336107468031538
2009-07-27,0.008641421434807315,0.34454853850516887
2009-07-28,0.008260552386179246,-0.3159409910305445
2009-07-29,0.008314392445368305,-0.5500589558389327
2009-07-30,0.008593655058814093,1.3760599078303686
2009-07-31,0.007982082526652638,0.09264613355149313
2009-08-03,0.00770861318989324,1.975142279449589
2009-08-04,0.007110260523349287,0.4229901861161881
2009-08-05,0.006774406377509126,-0.4307159114123383
2009-08-06,0.006895432383585276,-0.8180100014621865
2009-08-07,0.007404180082262449,1.802995116803428
2009-08-10,0.007006075143109593,-0.47823591046919334
2009-08-11,0.007137975847279377,-1.784950787454132
2009-08-12,0.008485860946375828,1.3503910640635997
2009-08-13,0.0079318436284462,0.8644208228657978
2009-08-14,0.007704453767787023,-1.1120775379433814
2009-08-17,0.008411632974167691,-2.9197613500966675
2009-08-18,0.011272307373199507,0.8955161582877145
2009-08-19,0.01060461267564322,0.6447650334956222
2009-08-20,0.010075866711110366,1.0807237031138734
2009-08-21,0.009499225347090485,1.9424194132916743
2009-08-24,0.008758026395374062,-0.06233663776945973
2009-08-25,0.008537180268347705,0.27721844262108414
2009-08-26,0.008165636528657115,0.014294042508979428
2009-08-27,0.007878428769178306,0.3525957209207879
2009-08-28,0.007539839750242322,-0.26397215303064414
2009-08-31,0.007522425358505241,-1.078003190980662
2009-09-01,0.00829774790702154,-2.6961805260285936
2009-09-02,0.010826121557568758,-0.3049923583614657
2009-09-03,0.010823480470934147,0.7851986681884416
2009-09-04,0.010245876707948055,1.2719500809581743
2009-09-08,0.00957659236668943,0.9195385469751906
2009-09-09,0.009018343690307266,0.8596100671761681
2009-09-10,0.008545349153255964,1.2133258209475448
2009-09-11,0.007991040138964399,-0.16910677021899267
2009-09-14,0.00788108826525333,0.8018064503814663
2009-09-15,0.007451594418308755,0.4201029088423598
2009-09-16,0.007120935196392666,2.1355773705321934
2009-09-17,0.006617551404943616,-0.46306085409207476
2009-09-18,0.006737191577526366,0.390944440839866
2009-09-21,0.006434419746043522,-0.5304463094729248
2009-09-22,0.006650870969462659,0.9853369007393721
2009-09-23,0.0062668707624036115,-1.614770566808676
2009-09-24,0.007438227365226738,-1.2847883941340492
2009-09-25,0.008355197080038046,-0.7312048739598109
2009-09-28,0.008750945050784867,2.017251102266232
2009-09-29,0.008122271088526353,-0.2748080701281629
2009-09-30,0.00806547051631905,-0.4133487474124592
2009-10-01,0.00815369109234323,-3.200662276473564
2009-10-02,0.011250646439505865,-0.4013729640909178
2009-10-05,0.011388055486838175,1.2965737633953642
2009-10-06,0.010628741708174773,1.2807175056840008
2009-10-07,0.009943893005240177,0.2723215705458502
2009-10-08,0.009529633310176044,0.7809477693906797
2009-10-09,0.009086502062034305,0.6190292485680025
2009-10-12,0.008713301012470826,0.5023099239085487
2009-10-13,0.008284241322654574,-0.33696563415880787
2009-10-14,0.008336705914938179,2.0864047785458655
2009-10-15,0.0077734088878920644,0.5337234122413641
2009-10-16,0.007590406155238611,-1.0712237661639985
2009-10-19,0.008210274644977015,1.140201411561989
2009-10-20,0.007684331136255288,-0.8144689597636017
2009-10-21,0.008320795167269447,-1.0687961593099164
2009-10-22,0.009012302843831472,1.174769039830402
2009-10-23,0.008450692271610084,-1.4499777011244799
2009-10-26,0.009737838749847594,-1.2103829965990625
2009-10-27,0.010714009126949324,-0.3101833382161182
2009-10-28,0.010689329347836703,-1.846176266356273
2009-10-29,0.01267808917461264,1.7565836639296417
2009-10-30,0.011813049400298764,-2.4097104016622892
2009-11-02,0.01507751826514921,0.42683769821036344
2009-11-03,0.014342786457895029,0.16893957951749447
2009-11-04,0.013738181854206619,0.07585263119701802
2009-11-05,0.013195535038227957,1.4438889492102955
2009-11-06,0.012296147100283667,0.20332583037483531
2009-11-09,0.01177053655490578,1.8686560984432854
2009-11-10,0.010861680115719849,-0.005891550911387798
2009-11-11,0.010477922625280625,0.47904131145044304
2009-11-12,0.00998030460434196,-1.0332709739731767
2009-11-13,0.010892977665025814,0.5253740007933302
2009-11-16,0.010375204200822073,1.384452420450701
2009-11-17,0.009681338482075655,0.09492322919244449
2009-11-18,0.009303900134472139,-0.0503391886734253
2009-11-19,0.00904691177518359,-1.4940795320613152
2009-11-20,0.010439158533887336,-0.30846377088234506
2009-11-23,0.010453466639629276,1.293725268425883
2009-11-24,0.0097540670753598,-0.054689958227934626
2009-11-25,0.009480574316992564,0.4740226414534022
2009-11-27,0.009042704190635981,-1.92240060068926
2009-11-30,0.010974235841658495,0.34497330699725176
2009-12-01,0.010486255305326169,1.1446319242585574
2009-12-02,0.009822690886994648,0.034882498368462266
2009-12-03,0.00949272663241629,-0.8888486752815807
2009-12-04,0.010179504130878623,0.539742622396094
2009-12-07,0.009689156093215941,-0.2550720519957382
2009-12-08,0.00964374588095229,-1.0685155122003136
2009-12-09,0.010558537811445676,0.3471735823120947
2009-12-10,0.010103917388751993,0.5762834151896115
2009-12-11,0.009615825907210602,0.38232056865298886
2009-12-14,0.009196177166902129,0.7541499126590511
2009-12-15,0.008727065531956105,-0.6373744778984407
2009-12-16,0.009096273300949783,0.12396220491638733
2009-12-17,0.00876155224019532,-1.3560283854185569
2009-12-18,0.009928258205408057,0.5854956549896039
2009-12-21,0.00945295603661979,1.1053660970967731
2009-12-22,0.008870451192103756,0.40101832729335557
2009-12-23,0.008500033457984042,0.27011901755289663
2009-12-24,0.008162356402881711,0.642266425645537
2009-12-28,0.007762199564770272,0.1485938711336696
2009-12-29,0.007477150589723957,-0.18750914158874266
2009-12-30,0.0074040050624473745,0.026392536956262907
2009-12-31,0.007147086206310651,-1.4132242948243487
2010-01-04,0.008184565369892928,1.9446459827511178
2010-01-05,0.007549516858225499,0.4120570925502901
2010-01-06,0.007229347382406381,0.07543860586235461
2010-01-07,0.006986692451399985,0.571546319296557
2010-01-08,0.006657762867244328,0.4322147142327618
2010-01-11,0.0063684009399528774,0.27404550138096584
2010-01-12,0.006113800315315016,-1.5416673677308597
2010-01-13,0.007151490423124296,1.1594025640515202
2010-01-14,0.006715505717360694,0.3608792134817913
2010-01-15,0.006435770676153163,-1.6908816129092943
2010-01-19,0.0076564226290153845,1.6224484736071039
2010-01-20,0.007096002323668914,-1.5014632346332943
2010-01-21,0.008238090403805546,-2.3217343262162466
2010-01-22,0.010539923828485622,-2.124282869065608
2010-01-25,0.013198455784310512,0.34758301491977567
2010-01-26,0.012549714298862053,-0.3356297798881229
2010-01-27,0.012542296341027015,0.38814924605851436
2010-01-28,0.011942456789023557,-0.9954505797505756
2010-01-29,0.012966626331927047,-0.761786358079928
2010-02-01,0.013666265136014573,1.0365162248345388
2010-02-02,0.01279151724886207,1.0076615771557083
2010-02-03,0.012005229579826176,-0.45724659791289723
2010-02-04,0.012219270377483011,-2.5890135067395996
2010-02-05,0.016154405848209544,0.17907996047699487
2010-02-08,0.015393339566587083,-0.5783542331320425
2010-02-09,0.01584303086392498,0.8177628311693446
2010-02-10,0.014882295364087887,-0.15018311176656882
2010-02-11,0.014541152872816581,0.6625253457799418
2010-02-12,0.01373597040054953,-0.20008532632189183
2010-02-16,0.013529128707683993,1.3186845895056967
2010-02-17,0.012580383904151756,0.33615862830024223
2010-02-18,0.011998358082462435,0.5470046558610989
2010-02-19,0.01138658271460369,0.19182531917931292
2010-02-22,0.01090953168233083,-0.09591659434975257
2010-02-23,0.010648524603658859,-1.1435053585747246
2010-02-24,0.01177331909603144,0.821647627001901
2010-02-25,0.011099984945972585,-0.18767670073473858
2010-02-26,0.010953980721844394,0.12820841961656598
2010-03-01,0.010533090426547188,0.9595718838726539
2010-03-02,0.00991140501352258,0.23485378709789084
2010-03-03,0.009517209772638004,0.045087744375887424
2010-03-04,0.009168981955482507,0.40671430020008775
2010-03-05,0.00874070240576592,1.5914376392024738
2010-03-08,0.008116853204693648,-0.02163540817454368
2010-03-09,0.007865476540390123,0.2175674945039658
2010-03-10,0.007534886584176848,0.5991271207310644
2010-03-11,0.0071660426153970815,0.562845426685005
2010-03-12,0.006834835619935781,-0.031803189159191864
2010-03-15,0.006610232088272141,0.06839285177871465
2010-03-16,0.006372162778707826,1.2160729805980377
2010-03-17,0.005997823911691592,0.9678168979333287
2010-03-18,0.005676990440562592,-0.057407024038674134
2010-03-19,0.00552130868752987,-0.9235901740343354
2010-03-22,0.006014767616996117,0.8449801260515899
2010-03-23,0.005681943685820241,1.2575587122822212
2010-03-24,0.0053499227481694925,-1.029631294988988
2010-03-25,0.00592711681882164,-0.28776572749703144
2010-03-26,0.005947221279148761,0.12399918909584495
2010-03-29,0.005726163112156474,0.9896934826685111
2010-03-30,0.00539040364256664,0.007913778959720489
2010-03-31,0.0052300533133763025,-0.6268085852296417
2010-04-01,0.005499300141222783,1.3431625508408245
2010-04-05,0.005150503658925459,1.5331955796989536
2010-04-06,0.004828370868313455,0.34853968786720974
2010-04-07,0.004616383487932858,-1.276766322093717
2010-04-08,0.005281718926727325,0.6377964215036904
2010-04-09,0.00502215140601852,1.326457081490632
2010-04-12,0.0047172387701495625,0.3741703448020585
2010-04-13,0.004520623326753616,0.1515645056693623
2010-04-14,0.004349679568165537,2.5492367716146003
2010-04-15,0.004045098196137024,0.20819865188480874
2010-04-16,0.0038861021386288664,-4.183622004408795
2010-04-19,0.006345516977580979,0.7109177637485141
2010-04-20,0.006013762924690445,1.3346129266451314
2010-04-21,0.005631741182043494,-0.18103041364050496
2010-04-22,0.005611790170097686,0.40295887311309364
2010-04-23,0.005389915450911438,1.3169534379279324
2010-04-26,0.005067752717935848,-0.8496279504432216
2010-04-27,0.005459463428111418,-4.3336933180786845
2010-04-28,0.008779161841941425,0.7337782916138068
2010-04-29,0.008311564791889006,1.5472634339371503
2010-04-30,0.0077723088222725846,-2.159951505241068
2010-05-03,0.009751489360626468,1.3367452879448432
2010-05-04,0.00916872399161004,-2.6314675825660805
2010-05-05,0.012335981298629416,-0.5356964833851294
2010-05-06,0.012650005813460334,-2.5998755359439047
2010-05-07,0.017018366398444295,-0.9064704460891676
2010-05-10,0.01824376269090177,2.358872173177119
2010-05-11,0.016893837174448156,-0.20143889652338637
2010-05-12,0.01652243926605993,0.8259066462333033
2010-05-13,0.01546557009785813,-0.7901098900271004
2010-05-14,0.016378995781583614,-1.1587390119051064
2010-05-17,0.018215126893293507,0.06086993670171596
2010-05-18,0.017263113150122036,-0.8282186220216327
2010-05-19,0.018352669559880422,-0.28025725866387324
2010-05-20,0.018160905448236717,-2.1890866593122302
2010-05-21,0.023116253377128124,0.6451146015062926
2010-05-24,0.02162423919608636,-0.6008094067900873
2010-05-25,0.022225935277209518,0.015921704092028168
2010-05-26,0.021120044455114874,-0.2688005087165486
2010-05-27,0.02080542062409016,1.5547540399746607
2010-05-28,0.01917036542592563,-0.6495386013124925
2010-06-01,0.01989103060711633,-0.8704603429851552
2010-06-02,0.02119745027027525,1.2036555238023257
2010-06-03,0.019658705833910668,0.2056692855370122
2010-06-04,0.01866838774518271,-1.8757614512729621
2010-06-07,0.022684382564159916,-0.6006099626992586
2010-06-08,0.023381732452498437,0.466871634328035
2010-06-09,0.021966899873070593,-0.27128983954598324
2010-06-10,0.021650506628732812,1.343148507554316
2010-06-11,0.019989644601088305,0.21861898146898898
2010-06-14,0.01896952989887351,-0.09522080628174477
2010-06-15,0.018329119774692905,1.2669703119384728
2010-06-16,0.016987286291841003,-0.03273562030695213
2010-06-17,0.016315922665622686,0.07858494053117446
2010-06-18,0.015573443761849796,0.0845197862838563
2010-06-21,0.014864824744172389,-0.25996256329317713
2010-06-22,0.01470233854695979,-1.1019488522347864
2010-06-23,0.01620648276984156,-0.18449032424439066
2010-06-24,0.015853578720243625,-1.0689247837342863
2010-06-25,0.017373837921479795,0.16434376471389375
2010-06-28,0.01652645144251425,-0.12319702252694556
2010-06-29,0.01598666692508957,-1.970906786877488
2010-06-30,0.01971196367065812,-0.515648980647474
2010-07-01,0.020108172428252198,-0.16141264557110807
2010-07-02,0.019555324803549153,-0.23897694368410255
2010-07-06,0.019119783372562607,0.2795390399206888
2010-07-07,0.01813598964801847,1.7010388518629507
2010-07-08,0.016771435366859558,0.5586078201852067
2010-07-09,0.015737823808686543,0.4561026895387496
2010-07-12,0.014908569687247748,0.04914177693245572
2010-07-13,0.014233473009289272,1.0722486862913352
2010-07-14,0.013349240042348293,-0.011621909884093173
2010-07-15,0.012800539219899322,0.09338579694787279
2010-07-16,0.01221220621371375,-2.3945640279076557
2010-07-19,0.016001257879430998,0.3727250465461832
2010-07-20,0.015166530584062516,0.7484819356723232
2010-07-21,0.01426030236162958,-0.9047984576402319
2010-07-22,0.015340086387624461,1.4513404461911257
2010-07-23,0.01422611500585204,0.5754501619716165
2010-07-26,0.01343733248960181,0.8288779581326003
2010-07-27,0.012651305713318697,-0.08298813824525686
2010-07-28,0.012255036477102722,-0.5667900418948283
2010-07-29,0.012633157906810265,-0.3298694001339445
2010-07-30,0.012634458841156142,0.005025715544852925
2010-08-02,0.012100670456217329,1.8001918868862439
2010-08-03,0.011205089818724957,-0.42908131207442624
2010-08-04,0.01135890364599937,0.531114467385529
2010-08-05,0.01077436210655034,-0.11781020822040156
2010-08-06,0.010487167810749438,-0.35385297855097525
2010-08-09,0.01055293081082561,0.518158150131793
2010-08-10,0.01001155280372906,-0.5978374904738282
2010-08-11,0.010402920961118958,-2.7476327182329388
2010-08-12,0.014327035447261471,-0.37643980291138257
2010-08-13,0.014406934025999381,-0.2798437686265055
2010-08-16,0.01430788695414811,0.008418523929990868
2010-08-17,0.01373218140948447,0.8824883126709909
2010-08-18,0.012863758456516272,0.11518254878208936
2010-08-19,0.01234213518211434,-1.383912556852277
2010-08-20,0.014185705541394665,-0.25869378947782734
2010-08-23,0.014050459710909782,-0.2881393831839582
2010-08-24,0.013962854803822679,-1.0469756054463195
2010-08-25,0.015309856870652823,0.21449871931411926
2010-08-26,0.01456127330434782,-0.5297934060882336
2010-08-27,0.01493383156171496,1.1015733192984765
2010-08-30,0.013906646160355028,-1.0662967146858386
2010-08-31,0.015287606471984658,0.02555783269330692
2010-09-01,0.014628290323487302,1.9877740832134871
2010-09-02,0.013343510171698937,0.6774718848648442
2010-09-03,0.012586577689335542,1.0433649334471768
2010-09-07,0.011747706943326141,-0.9821058244326001
2010-09-08,0.012815661282474845,0.5007981523106783
2010-09-09,0.012157192261386049,0.39652676007338183
2010-09-10,0.011544284466879424,0.4202551535012233
2010-09-13,0.010965966543458052,1.0094072929438485
2010-09-14,0.010288835331971613,-0.0693347601152344
2010-09-15,0.009975046484736573,0.3543726645963747
2010-09-16,0.009505282286985205,-0.03833763636303116
2010-09-17,0.009190396726079507,0.08993236522504065
2010-09-20,0.008801135768170536,1.7151522584334489
2010-09-21,0.008175453164002816,-0.3140270110063486
2010-09-22,0.008208854115884727,-0.5892628527885055
2010-09-23,0.008567077109559541,-0.9765571233748161
2010-09-24,0.009423712306198413,2.2255470950671676
2010-09-27,0.008558991464764838,-0.6640447306592165
2010-09-28,0.00900915682086329,0.537082529703911
2010-09-29,0.008546569749610423,-0.3031757721584628
2010-09-30,0.008576261572830347,-0.3601203951427795
2010-10-01,0.008669526415317536,0.5082993174931917
2010-10-04,0.008239931999602858,-0.979059841769377
2010-10-05,0.009049853699474381,2.2814426832516275
2010-10-06,0.008225090789543482,-0.08172924491602006
2010-10-07,0.008028089415947667,-0.20526373043633797
2010-10-08,0.007986258917725557,0.7642643738655767
2010-10-11,0.007541331204176628,0.019336940553232405
2010-10-12,0.007272490977881098,0.5240960319843406
2010-10-13,0.006926372789379299,1.024459089530941
2010-10-14,0.006502156429782963,-0.561049587747994
2010-10-15,0.006804672975153899,0.29765322752029705
2010-10-18,0.006504089370880095,1.109707182533587
2010-10-19,0.006088249662391543,-2.628775907124638
2010-10-20,0.008402685638283145,1.245921014345738
2010-10-21,0.007831581797602441,0.22630638338506318
2010-10-22,0.0075247198580108655,0.31714254209076154
2010-10-25,0.007266022897302894,0.2951642428318646
2010-10-26,0.006950460538536088,0.0024293558857203397
2010-10-27,0.006753175686639721,-0.39895447182667604
2010-10-28,0.006901423418963427,0.16289642998389656
2010-10-29,0.006654646967771691,-0.06602661504005038
2010-11-01,0.006547319134599042,0.14449971015679508
2010-11-02,0.006309186661239224,1.2250923105793066
2010-11-03,0.0059469291989186525,0.6173449053929824
2010-11-04,0.005681114409653686,3.361893993405683
2010-11-05,0.005181654527727857,0.7555654342952796
2010-11-08,0.004902651832118568,-0.4330737518317722
2010-11-09,0.005026157459994753,-1.6085637199017915
2010-11-10,0.0060243095610478005,0.7248189249700233
2010-11-11,0.005753645395451558,-0.7388619907333308
2010-11-12,0.006125893003466412,-1.9391076922224157
2010-11-15,0.007621476242738181,-0.15983482341960872
2010-11-16,0.007529644797229111,-2.1698443757534087
2010-11-17,0.009616436277572143,0.02206018631695847
2010-11-18,0.009256883013429855,1.64640554725997
2010-11-19,0.00857251424887713,0.2959635689427088
2010-11-22,0.00822098898253883,-0.19177849385387535
2010-11-23,0.008157055797252863,-1.7637529947257529
2010-11-24,0.00990659082577467,1.495238450757199
2010-11-26,0.009203861162787425,-0.8145050530035731
2010-11-29,0.009874721333622797,-0.1397315649342867
2010-11-30,0.009687905654419052,-0.6284862618771259
2010-12-01,0.010163134515480956,2.10433328719131
2010-12-02,0.00927865680589088,1.3727310350064899
2010-12-03,0.00863979225062007,0.30091626522214243
2010-12-06,0.00828911260523267,-0.15672149301970248
2010-12-07,0.008168938805827124,0.06303726796075079
2010-12-08,0.007876182001361816,0.469126507231097
2010-12-09,0.007510489261465564,0.5106702684054407
2010-12-10,0.007163601318955635,0.8352926800276556
2010-12-13,0.006766125548299311,0.00714133223122036
2010-12-14,0.006558911866201146,0.13882511356381075
2010-12-15,0.006326637611987505,-0.8117450896199588
2010-12-16,0.006845613017635937,0.900729516609877
2010-12-17,0.00646573899920266,0.1293671860241265
2010-12-20,0.006239505190253115,0.4079027716042582
2010-12-21,0.0059743925805357135,1.0062937392787328
2010-12-22,0.005634592123059837,0.598775838935036
2010-12-23,0.005363792861338062,-0.30681307428293664
2010-12-27,0.005432939353361012,0.11274000775143561
2010-12-28,0.005250607345918658,0.14684522081825935
2010-12-29,0.00506273871421559,0.1992274473563023
2010-12-30,0.004902079370519578,-0.30790152144309757
2010-12-31,0.00496725608028062,-0.03841308956081051
2011-01-03,0.004861677811908311,2.3142821435434713
2011-01-04,0.0044652937851750295,-0.2942526776171564
2011-01-05,0.004550878127900826,1.0975191894695462
2011-01-06,0.004292131519175686,-0.4951419501341963
2011-01-07,0.004472544841046337,-0.41284902325324047
2011-01-10,0.0046183550180676925,-0.29821769340622245
2011-01-11,0.004682104605821775,0.7941313941990201
2011-01-12,0.0044475305586187015,2.016232082199682
2011-01-13,0.004136962110514569,-0.4138812961586998
2011-01-14,0.0042685453504227415,1.7236341056029894
2011-01-18,0.0040032444601741,0.34358737765499375
2011-01-19,0.003844044509265636,-2.6449136499013974
2011-01-20,0.00539023930008081,-0.24039719420526906
2011-01-21,0.005424734755090941,0.44437888912411677
2011-01-24,0.005215922467239882,1.115682848268049
2011-01-25,0.0049048069016420694,0.05370808247933422
2011-01-26,0.004760052933041622,0.8848691827023365
2011-01-27,0.00451391892478291,0.4966396380075469
2011-01-28,0.004328444712140402,-4.161727045665631
2011-01-31,0.007357928555967407,1.0374319178038662
2011-02-01,0.006925410654779815,2.3905863006705803
2011-02-02,0.006358361271885402,-0.4287630322954439
2011-02-03,0.00654256640443018,0.35940518517855174
2011-02-04,0.006238304420772475,0.4616817116461691
2011-02-07,0.005955365597616513,1.0445676665833772
2011-02-08,0.005605828719882407,0.7449425561340554
2011-02-09,0.005339174725614982,-0.5224876916683561
2011-02-10,0.0055835681194341905,0.13418161854080168
2011-02-11,0.005388016424722926,1.0193475796929172
2011-02-14,0.005074789719646503,0.46939573374764976
2011-02-15,0.004856440941812056,-0.6671870883228366
2011-02-16,0.005202044200413338,1.1991321985222374
2011-02-17,0.004886801326954081,0.628421471411407
2011-02-18,0.004671328224857354,0.4116329723509244
2011-02-22,0.004473816546792151,-4.636355716312715
2011-02-23,0.008245875813310622,-0.743488641996391
2011-02-24,0.008840312144252828,-0.11253810329422313
2011-02-25,0.008655053311333137,1.2126150802078328
2011-02-28,0.008095096268069707,0.6850665844589243
2011-03-01,0.007661670200890296,-2.0706792872936615
2011-03-02,0.009933070464725757,0.1624772415791433
2011-03-03,0.009495502087047924,1.7979496421285803
2011-03-04,0.008736803471491254,-0.8476086034821956
2011-03-07,0.009503825320112527,-0.8813519792439349
2011-03-08,0.010400928479489242,0.8540738980846184
2011-03-09,0.009732102813614987,-0.1400140770260678
2011-03-10,0.009559687792638627,-1.9928768480285106
2011-03-11,0.012232051414810922,0.5768095869860732
2011-03-14,0.01151834729152015,-0.5267853801596051
2011-03-15,0.011911931849699164,-0.9455682367029796
2011-03-16,0.013072526568812097,-1.5060196547117213
2011-03-17,0.015512513715307057,0.857969667336462
2011-03-18,0.01442204815673067,0.29821974908178916
2011-03-21,0.01363000249983836,1.0913180632475528
2011-03-22,0.012638137873263532,-0.2814406186027633
2011-03-23,0.012622387495947579,0.23052233655768958
2011-03-24,0.01201315631234831,0.7739342762000541
2011-03-25,0.01125426360475956,0.2804404724316504
2011-03-28,0.010709084348384308,-0.25694246210754146
2011-03-29,0.010686394064308784,0.6583361576379555
2011-03-30,0.01007278300871453,0.6614321603543459
2011-03-31,0.009508818396707325,-0.19257672494926312
2011-04-01,0.009431012636013114,0.5249397000648252
2011-04-04,0.008940186512841859,0.03860659734069525
2011-04-05,0.00860694112531529,-0.020921655546261637
2011-04-06,0.008353966769654738,0.2611091016158604
2011-04-07,0.007985928507273931,-0.1904803803138807
2011-04-08,0.007935227718345865,-0.5056544239679388
2011-04-11,0.00829308283543078,-0.33730379243899067
2011-04-12,0.008402722814632554,-0.9291149568958024
2011-04-13,0.009313198821959346,0.02042450654672927
2011-04-14,0.008948977337435503,0.009350017069693784
2011-04-15,0.008613253755974902,0.45484888017498876
2011-04-18,0.008176775231778418,-1.3549348507857488
2011-04-19,0.009568013364183187,0.5972828423805686
2011-04-20,0.009023686783154955,1.4876885085825096
2011-04-21,0.008319366062052896,0.6326093190756074
2011-04-25,0.007866351443295873,-0.20262755377584113
2011-04-26,0.00783583427973571,1.140849521704575
2011-04-27,0.007313637408915244,0.8518877066880857
2011-04-28,0.00688132390904042,0.5157609957543495
2011-04-29,0.006543697102939564,0.35118064083189027
2011-05-02,0.006252661177575581,-0.28056039808086897
2011-05-03,0.0063240379438042685,-0.5352634505251425
2011-05-04,0.006629229625348877,-1.037664199551691
2011-05-05,0.007464479692531448,-1.2206098155522864
2011-05-06,0.008591601562422686,0.44376394414661374
2011-05-09,0.008165361718016951,0.5552564918131148
2011-05-10,0.007732872848357474,1.0399260620677742
2011-05-11,0.007235261775534415,-1.5443379983387515
2011-05-12,0.008731487846183461,0.5592968527468177
2011-05-13,0.008277255150892589,-0.9785909577224547
2011-05-16,0.009209967872865304,-0.6757589954719075
2011-05-17,0.009770670032746277,-0.0377280700396847
2011-05-18,0.009456809231606123,0.9268741463461588
2011-05-19,0.008869403453897728,0.24528961845921302
2011-05-20,0.00848253203244312,-0.9098668396529692
2011-05-23,0.009317729870274995,-1.2875737983413038
2011-05-24,0.010779375924796298,-0.07678762213200593
2011-05-25,0.010476760904256057,0.30334882944392
2011-05-26,0.009960060591812649,0.3961143339772177
2011-05-27,0.009464867389900378,0.4302876259113934
2011-05-31,0.008969055268702468,1.174818812092376
2011-06-01,0.008360401948903218,-2.7568322481988012
2011-06-02,0.011931207266928635,-0.1027210479734792
2011-06-03,0.011634838212071228,-0.8407072351932776
2011-06-06,0.012577499594490749,-0.8601483889898653
2011-06-07,0.013681225919811333,-0.0699400074435212
2011-06-08,0.013231209008422437,-0.3171036311902272
2011-06-09,0.013277855272910226,0.5535840825127961
2011-06-10,0.012470066260952362,-1.1289822032405865
2011-06-13,0.014023034210141344,0.047673887796552815
2011-06-14,0.013414068692532697,0.9343111156187893
2011-06-15,0.01246554009329874,-1.410734663371016
2011-06-16,0.014562817852123912,0.12036118239485936
2011-06-17,0.013881768623492698,0.21902038380425246
2011-06-20,0.013206048038714707,0.4074412779951148
2011-06-21,0.012516673665130696,1.06531331072492
2011-06-22,0.011597465765950936,-0.5595584393497018
2011-06-23,0.01206589665044823,-0.23471051843371257
2011-06-24,0.012002332355755383,-0.9827320913340648
2011-06-27,0.013192076012037762,0.6930324421560065
2011-06-28,0.012360950682748888,1.0404776352636531
2011-06-29,0.01148927928898691,0.7179417722762869
2011-06-30,0.010778828553305895,0.9340877392539103
2011-07-01,0.010078115462001163,1.4195976579178478
2011-07-05,0.00927300531573356,-0.1441897744639574
2011-07-06,0.009157774901089329,0.10931234174432733
2011-07-07,0.008821993555849427,1.178824584971154
2011-07-08,0.008186119149277814,-0.8533296400348586
2011-07-11,0.00892212610865639,-2.0461677759588572
2011-07-12,0.011380773085030193,-0.39042776766032955
2011-07-13,0.011567204023594579,0.2680878717792632
2011-07-14,0.011053204427173448,-0.6096677586789425
2011-07-15,0.011607398058185192,0.4772004468630437
2011-07-18,0.01100816878788083,-0.7415509061193793
2011-07-19,0.011724065568618292,1.3798242215690468
2011-07-20,0.010747296395473139,-0.062439741373658965
2011-07-21,0.010508068595918822,1.2804696375403302
2011-07-22,0.009701151325063386,0.09353936277318826
2011-07-25,0.009377939199641225,-0.6034369708283243
2011-07-26,0.00985938376780941,-0.41720863688857435
2011-07-27,0.01010819345349277,-2.0298112518020455
2011-07-28,0.012726874184244518,-0.2545171036195942
2011-07-29,0.012703318221150702,-0.509428101737878
2011-08-01,0.01310269137213947,-0.31603132124717526
2011-08-02,0.013166308414567198,-1.9662997687324963
2011-08-03,0.016404301769351398,0.3049898754036099
2011-08-04,0.015562461027691116,-3.1487086108392655
2011-08-05,0.02262868723634266,-0.02541389092819718
2011-08-08,0.021622183540483352,-3.189241700012078
2011-08-09,0.03179322101216901,1.4568338654853332
2011-08-10,0.028790464224916684,-1.5684636647294379
2011-08-11,0.03395024872375038,1.3328501576518936
2011-08-12,0.03073364591611974,0.17075341733287813
2011-08-15,0.028786418302211684,0.7486422155679521
2011-08-16,0.026537773702039257,-0.36876775299611086
2011-08-17,0.026485414475123287,0.03575319316608098
2011-08-18,0.02513308643369491,-1.8150814486200308
2011-08-19,0.03067271812980703,-0.4930360610431834
2011-08-22,0.031069445861057914,0.008304231571367808
2011-08-23,0.02940969069806825,1.1462292729480603
2011-08-24,0.026720488384081656,0.48781486255737777
2011-08-25,0.024870990101042167,-0.6307724249909951
2011-08-26,0.025791555752674996,0.5819120963014566
2011-08-29,0.02396708720106649,1.163575063511404
2011-08-30,0.021877375575888473,0.10715522141300514
2011-08-31,0.020779422539828313,0.23628706248499373
2011-09-01,0.019654690974742303,-0.607613765469583
2011-09-02,0.020397730521370658,-1.2553856060077069
2011-09-06,0.023149967976831373,-0.3224227551882488
2011-09-07,0.0230577665624741,1.2249159033951307
2011-09-08,0.020788261231290992,-0.5132170636399032
2011-09-09,0.021186625879762673,-1.2776249821269472
2011-09-12,0.02408427173201841,0.28821997439910774
2011-09-13,0.02267673254471404,0.40035424691155325
2011-09-14,0.021271772444221203,0.6294614401945725
2011-09-15,0.019839087237780068,0.8589632433115727
2011-09-16,0.018332779060698592,0.3103989604137605
2011-09-19,0.017324886009693098,-0.5686010679994485
2011-09-20,0.017936253713930875,-0.09268303622586159
2011-09-21,0.01734118870199308,-1.7202393445911082
2011-09-22,0.021074772562650956,-1.5374997126495185
2011-09-23,0.024705153095171933,0.24543822117235503
2011-09-26,0.02322729991786399,0.9931426114331701
2011-09-27,0.021373912271214164,0.49741316528247637
2011-09-28,0.020041677753117746,-1.043235806415596
2011-09-29,0.022063186136072024,0.3662882770202686
2011-09-30,0.02074661852873388,-1.2190552616484567
2011-10-03,0.023343954707698022,-1.2364487193879703
2011-10-04,0.02622852950353938,0.8479051838629779
2011-10-05,0.024178859194181723,0.7323719784832712
2011-10-06,0.022354664928834183,0.8113818088628457
2011-10-07,0.02068781125288828,-0.39621451914002365
2011-10-10,0.020800518795308344,1.6132118746411717
2011-10-11,0.018757532922230157,0.028993985483477903
2011-10-12,0.01790574693676838,0.5443529930394986
2011-10-13,0.016762172815622922,-0.17766804028895386
2011-10-14,0.016452485154147586,1.0473158699756715
2011-10-17,0.015196477918637357,-1.2871362498714245
2011-10-18,0.017397184299680585,1.1618575185572766
2011-10-19,0.01596085085802497,-0.7975651737028457
2011-10-20,0.01704573321390935,0.2665675781770372
2011-10-21,0.016148366479972337,1.1539289447972834
2011-10-24,0.014868980116358274,0.8602342985380788
2011-10-25,0.01387234123247968,-1.4596199632094984
2011-10-26,0.016286129047779308,0.6435802217541801
2011-10-27,0.015260761517323623,2.209364921262926
2011-10-28,0.013787262376823848,0.02822558372401474
2011-10-31,0.01299479483175673,-1.9275884642491232
2011-11-01,0.016328504337552074,-1.7356188316904086
2011-11-02,0.019821089142563204,0.8060285279727311
2011-11-03,0.01832765736253955,1.0152747202140109
2011-11-04,0.01692122714094947,-0.3723027582286747
2011-11-07,0.017018171591273567,0.36878275539216315
2011-11-08,0.01611662092254268,0.72393030634638
2011-11-09,0.015070699277514046,-2.480664394569156
2011-11-10,0.02029548440478944,0.4231089501591716
2011-11-11,0.01903771220146152,1.0134212977036476
2011-11-14,0.017589355965528596,-0.5455592977003533
2011-11-15,0.018122861199362024,0.2651677472136613
2011-11-16,0.01720807716603535,-0.9737170620682106
2011-11-17,0.018784730848674283,-0.9019385012323621
2011-11-18,0.020261539275561097,-0.019483045444042068
2011-11-21,0.019352879450377718,-0.9727013054163985
2011-11-22,0.021045713371930206,-0.1971631364389923
2011-11-23,0.0205614263696526,-1.0866449660113584
2011-11-25,0.022670525589401837,-0.11861742197577577
2011-11-28,0.021894731314396693,1.316347692271471
2011-11-29,0.01995282486851588,0.11082175000123543
2011-11-30,0.01898221571225012,2.233850830641549
2011-12-01,0.016880285265055018,-0.11317756470665741
2011-12-02,0.016411399414781876,-0.014685851415590772
2011-12-05,0.01573475599171032,0.6504367341100181
2011-12-06,0.014771366474659953,0.07481622694975083
2011-12-07,0.01413633459350899,0.14263391753498378
2011-12-08,0.013475221043276803,-1.5857624065907692
2011-12-09,0.01606752929596555,1.04200294884722
2011-12-12,0.014856949867882926,-1.0114045640863576
2011-12-13,0.016347409625419994,-0.533659657413825
2011-12-14,0.01681710519203795,-0.6786692101171786
2011-12-15,0.017632168963619053,0.1836332707996987
2011-12-16,0.01674904262533279,0.19171179951762765
2011-12-19,0.015905169199968403,-0.7420353917757031
2011-12-20,0.016837469414580745,1.7454698926130519
2011-12-21,0.01524686697666679,0.12773825388746707
2011-12-22,0.014536140279985552,0.5662835533559244
2011-12-23,0.013668213842178678,0.6580582427931566
2011-12-27,0.012810115522043041,0.0061751838929981935
2011-12-28,0.01230456307729487,-1.0204755892285629
2011-12-29,0.013639551752682449,0.7808300929820852
2011-12-30,0.012750590677720407,-0.33728404030561904
2012-01-03,0.0128202658952497,1.1977507951583808
2012-01-04,0.011835888039456031,0.015875981912873524
2012-01-05,0.011370085847721636,0.25851983079650204
2012-01-06,0.010819555189260794,-0.2347772120114994
2012-01-09,0.01076501415401238,0.20985057058807485
2012-01-10,0.01027335699207583,0.8611132290919227
2012-01-11,0.009610655410401748,0.03220897341688792
2012-01-12,0.009242248660666827,0.25252325751644633
2012-01-13,0.008810704670909912,-0.5629747713875697
2012-01-17,0.009209313753836646,0.3851164009583824
2012-01-18,0.008740022264718275,1.2639200216702968
2012-01-19,0.008135781400772287,0.6055351630732302
2012-01-20,0.00768377175889651,0.08709730250780003
2012-01-23,0.007390300987562231,0.06376356292304962
2012-01-24,0.007091915890694154,-0.14472024782055642
2012-01-25,0.006991511603872137,1.2360266572981922
2012-01-26,0.006559065475340025,-0.8797759848081793
2012-01-27,0.00727052500950201,-0.219261682369165
2012-01-30,0.007270748247749772,-0.3473245119065647
2012-01-31,0.007409061441916989,-0.06168812766117979
2012-02-01,0.0072203261927300645,1.2271242652703716
2012-02-02,0.006734687073555777,0.162523932992376
2012-02-03,0.006467877128565713,2.2418060299984384
2012-02-06,0.005932873658907467,-0.07146014526959817
2012-02-07,0.005816877696579103,0.34749527683201
2012-02-08,0.005563757110139869,0.38784599877521475
2012-02-09,0.005316319976553099,0.27707608503150216
2012-02-10,0.0051068078697058625,-1.3531197608994057
2012-02-13,0.006157680138451388,1.100580604078125
2012-02-14,0.005772025192039184,-0.16284838902328527
2012-02-15,0.0057524344916341855,-0.9383414177191047
2012-02-16,0.006458298497161575,1.6978722550677212
2012-02-17,0.005959183255246854,0.3937076244256415
2012-02-21,0.0057029815908687135,0.12619079094491278
2012-02-22,0.0055050484200342194,-0.6077507692701462
2012-02-23,0.005884592832368695,0.7244176958441618
2012-02-24,0.005580079536419376,0.29942963439921594
2012-02-27,0.0053541659253814764,0.25282043379756763
2012-02-28,0.005223532361997748,0.6414650585286341
2012-02-29,0.004960009196686347,-0.9573052324430319
2012-03-01,0.005630527355055454,1.0903342009378332
2012-03-02,0.005301426477751908,-0.6132377844909989
2012-03-05,0.005725557288200277,-0.6771743443755195
2012-03-06,0.006202533023725493,-2.497287167725594
2012-03-07,0.008845800996979479,0.7774221605643424
2012-03-08,0.008280493968350058,1.1798872400687523
2012-03-09,0.007654110921981976,0.4735589878011877
2012-03-12,0.007266013734633014,0.022081954789396466
2012-03-13,0.0071951531681205185,2.49739410274824
2012-03-14,0.00640760035719838,-0.1868059838112874
2012-03-15,0.006392317924964164,0.9307211830508967
2012-03-16,0.006029189003505385,0.18555936396252348
2012-03-19,0.005794466057401474,0.6844412366528623
2012-03-20,0.005470837346717759,-0.5492813154448422
2012-03-21,0.005873703029172402,-0.3188703777621349
2012-03-22,0.00601552910117192,-1.202327194375748
2012-03-23,0.007055714635748436,0.43993219224449814
2012-03-26,0.0067080989112438105,2.0557687277052112
2012-03-27,0.006128805977491465,-0.46024458346461466
2012-03-28,0.006554705880624362,-0.7557560588541823
2012-03-29,0.007143435940076124,-0.22527309783229488
2012-03-30,0.007173367772861925,0.5146276809599676
2012-04-02,0.006782617916165647,1.1023215834056137
2012-04-03,0.006315784562512124,-0.6327973635871194
2012-04-04,0.006764393378566399,-1.516015742820513
2012-04-05,0.008294911642000202,-0.07585857204738923
2012-04-09,0.008097757233153353,-1.4106915866498129
2012-04-10,0.009720190431523897,-1.7724987384310837
2012-04-11,0.012342370541692883,0.6012856100093552
2012-04-12,0.011528711561035578,1.1870637203059056
2012-04-13,0.010563990947659769,-1.188326191044054
2012-04-16,0.012213864777068015,-0.041242247999901435
2012-04-17,0.011749160953145517,1.3080065222733834
2012-04-18,0.010715073025357753,-0.3792352839900993
2012-04-19,0.010910591888498881,-0.5455318591355458
2012-04-20,0.011394660852987,0.10255527886389593
2012-04-23,0.010885685945369119,-0.7756160838426067
2012-04-24,0.011767943461177419,0.31212077571124763
2012-04-25,0.011133355766605697,1.2172738555064515
2012-04-26,0.010218192021639356,0.6515782948106636
2012-04-27,0.009586410170930627,0.25154503990827104
2012-04-30,0.009169136104085774,-0.42436519986175575
2012-05-01,0.009437918267364563,0.5978474871090179
2012-05-02,0.00888832491080205,-0.28124597173769683
2012-05-03,0.00895387638124508,-0.8586617433775536
2012-05-04,0.00984199501569752,-1.6540341359272348
2012-05-07,0.012189746387622866,0.028755281016560608
2012-05-08,0.011647975141807513,-0.36812004513801
2012-05-09,0.011788835028578738,-0.5704403798576733
2012-05-10,0.012400233199802655,0.20275807445498795
2012-05-11,0.011750822764494297,-0.28875351133146154
2012-05-14,0.011760213671460771,-0.9502440529170174
2012-05-15,0.013019070822693235,-0.4426128680748769
2012-05-16,0.013264166551103749,-0.33274189614124955
2012-05-17,0.013304222734272573,-1.1399235948249864
2012-05-18,0.015062883497060763,-0.49228302324731754
2012-05-21,0.015402273693220322,1.0328789575296073
2012-05-22,0.014173487775254935,0.034304809292690454
2012-05-23,0.013481694024750706,0.1255235811940178
2012-05-24,0.01285107703315198,0.10731241864239711
2012-05-25,0.012197548963760201,-0.17773904488525746
2012-05-29,0.01195087081741481,0.9219458102393834
2012-05-30,0.011090385954475398,-1.3019050341498943
2012-05-31,0.012923152717330568,-0.1763703571332792
2012-06-01,0.012635316746599836,-1.9747265474033717
2012-06-04,0.01625321113131876,0.0067400954864979615
2012-06-05,0.01542008578066912,0.3703296256314214
2012-06-06,0.014504574697584139,1.571075093421636
2012-06-07,0.013220880174313507,-0.00805318244803837
2012-06-08,0.012643099664760708,0.6391961634625186
2012-06-11,0.01182520388369639,-1.0740130944305655
2012-06-12,0.01332083004271555,0.8695696787734588
2012-06-13,0.012360637056071282,-0.5701995810678753
2012-06-14,0.01286429032279135,0.8361590402551866
2012-06-15,0.01195836829436023,0.8600459024996798
2012-06-18,0.011134398721630826,0.1296616005075256
2012-06-19,0.010621007060932877,0.9196712102321548
2012-06-20,0.009907854434104559,-0.17034773007580387
2012-06-21,0.009768564621039207,-2.3046587760588806
2012-06-22,0.013334819161609559,0.5361144495371688
2012-06-25,0.012500108288873865,-1.286669044692881
2012-06-26,0.014513123813961077,0.32807328195193536
2012-06-27,0.013662162795147306,0.6547119627936666
2012-06-28,0.012748526188504385,-0.16566843214169813
2012-06-29,0.012487798119858846,1.9711075962844224
2012-07-02,0.011206351826959695,0.21918749265013007
2012-07-03,0.01066280201559115,0.582658438123533
2012-07-05,0.010036918149997536,-0.46807610624207924
2012-07-06,0.010347157106599116,-0.9159442113367814
2012-07-09,0.011392807215214264,-0.14396593741425415
2012-07-10,0.011174852787818032,-0.7301323735096761
2012-07-11,0.011943460803205727,-0.0012495280251063523
2012-07-12,0.011431787546168097,-0.43733968395304396
2012-07-13,0.011676735569952938,1.4013128197985858
2012-07-16,0.010709615549979663,-0.21634725175775332
2012-07-17,0.010610505779280166,0.6957590866523925
2012-07-18,0.009959251458945318,0.6685517839901804
2012-07-19,0.00936633632098068,0.28969867785261183
2012-07-20,0.008932512585054092,-1.1321137740224145
2012-07-23,0.010185814532793231,-0.8785727420125666
2012-07-24,0.01116897736570977,-0.8131496640244692
2012-07-25,0.01207637165463751,-0.025993794419017693
2012-07-26,0.011621582880807996,1.4116547662404562
2012-07-27,0.01066072453663189,1.7729390179348876
2012-07-30,0.009665056848665973,-0.05002313511249881
2012-07-31,0.009383206047650791,-0.46105486165924214
2012-08-01,0.009675943258618133,-0.30014571438898263
2012-08-02,0.009734221552399084,-0.7737612693107321
2012-08-03,0.010518865039443118,1.7930915659225
2012-08-06,0.009544983813178176,0.24374695333115806
2012-08-07,0.00910750540363646,0.5592928597724744
2012-08-08,0.008609601094997383,0.07208624425280515
2012-08-09,0.008302610890570359,0.04981565445182355
2012-08-10,0.00799751383514583,0.27334127982352385
2012-08-13,0.0076443584619995085,-0.16387053072162444
2012-08-14,0.007603902425684324,-0.016853794912901784
2012-08-15,0.007392239575706953,0.1540793717227263
2012-08-16,0.00708884290185911,0.9981065295790389
2012-08-17,0.006650859884336847,0.2812243487314565
2012-08-20,0.006363205989220047,-0.0033277334867823386
2012-08-21,0.006165932109864602,-0.5682298721451277
2012-08-22,0.006532344975445724,0.03465487880805828
2012-08-23,0.006297582676293589,-1.2870016980058698
2012-08-24,0.007471961221049139,0.8610842793370924
2012-08-27,0.007018900456159376,-0.06968818315315532
2012-08-28,0.0068876226569189744,-0.11738579232173973
2012-08-29,0.006799732437400796,0.12412149626015535
2012-08-30,0.006532812634524195,-1.1995491326752326
2012-08-31,0.0076338199984563124,0.6629013742358102
2012-09-04,0.007199984152721646,-0.16203359589999958
2012-09-05,0.007153462930851114,-0.1493307036905974
2012-09-06,0.0070580587405600324,2.8661615545582233
2012-09-07,0.006340424884367094,0.6374643754408984
2012-09-10,0.00600382540982485,-1.0271460666662697
2012-09-11,0.006848272435180983,0.45705718209643337
2012-09-12,0.006512484759329644,0.32099969210710044
2012-09-13,0.0062273300556904285,2.5979307358312673
2012-09-14,0.005568291793096757,0.7095776298410019
2012-09-17,0.0052813746072068206,-0.5925697556078783
2012-09-18,0.00568051723582444,-0.22543636062596
2012-09-19,0.005725018316659024,0.20696034123192983
2012-09-20,0.0055201511790175075,-0.09798282244109978
2012-09-21,0.005454158375968473,-0.013809986898966741
2012-09-24,0.005327499363988603,-0.4195495703834835
2012-09-25,0.005537090455741831,-1.90666731976902
2012-09-26,0.007265690344862638,-0.7918384817774076
2012-09-27,0.007938463574751514,1.2096456219533365
2012-09-28,0.007369856733828308,-0.608941041712121
2012-10-01,0.007824476832677793,0.33842488445181684
2012-10-02,0.007454599136653726,0.11696225528460645
2012-10-03,0.007170511727886202,0.5045465972760789
2012-10-04,0.006807859447330051,1.0500836256984374
2012-10-05,0.006369966845749467,-0.05049336862557201
2012-10-08,0.006229296142453148,-0.555877224046255
2012-10-09,0.006577630430702471,-1.5112101903360233
2012-10-10,0.008043637440895493,-0.7716975823552972
2012-10-11,0.008733319152564341,0.022370697047918362
2012-10-12,0.008376825907424102,-0.35461462239341807
2012-10-15,0.00852095952986278,0.9441977425747335
2012-10-16,0.007973789392197332,1.281392737456683
2012-10-17,0.007395393451973518,0.5555628855497724
2012-10-18,0.007012674703514526,-0.34889966814925594
2012-10-19,0.007171754580088867,-2.329993924559064
2012-10-22,0.009926280907115616,0.044274958835353574
2012-10-23,0.009496805485242142,-1.5320135800766732
2012-10-24,0.011554694357974293,-0.26743697304767555
2012-10-25,0.0114992601714897,0.26010933779988693
2012-10-26,0.010889702439378368,-0.06696671214884257
2012-10-31,0.010522581856960306,0.014812671775691559
2012-11-01,0.010058017156099228,1.0804527803371138
2012-11-02,0.009344324005979654,-1.008496520118656
2012-11-05,0.01049068649980038,0.2060371687876031
2012-11-06,0.009972011863812448,0.7844464316287264
2012-11-07,0.009333086905534756,-2.570476887446278
2012-11-08,0.013311690963510767,-0.9224923675865476
2012-11-09,0.014632110063317634,0.11599497765375415
2012-11-12,0.013836886384601258,0.009429822065591821
2012-11-13,0.013159053571387658,-0.3034704170084541
2012-11-14,0.013122378842082904,-1.062983366978697
2012-11-15,0.014708306528092518,-0.10842961111602747
2012-11-16,0.014213978577839115,0.3396849593331609
2012-11-19,0.01338241007335187,1.4696438557588711
2012-11-20,0.012219004500643305,0.05427336046836595
2012-11-21,0.011655312241048382,0.1988358280792694
2012-11-23,0.011074038932392718,1.1686975409767715
2012-11-26,0.010226355051949692,-0.198667487976477
2012-11-27,0.010130745603941862,-0.5172663385396636
2012-11-28,0.010479020545658007,0.746761658308594
2012-11-29,0.009851115021953837,0.43249455085912464
2012-11-30,0.00934768368143832,0.017383379627079674
2012-12-03,0.00896835579402752,-0.530366911784232
2012-12-04,0.0093371147189382,-0.18327672333116665
2012-12-05,0.009221429805501644,0.17173124862289751
2012-12-06,0.008799634302178526,0.3751446645791107
2012-12-07,0.008354373383220448,0.3491179847441752
2012-12-10,0.007932612459758738,0.042672354371676345
2012-12-11,0.007594430159791371,0.8595156157801337
2012-12-12,0.007130914216800352,0.06284458350394803
2012-12-13,0.006875229091735097,-0.9223678065697447
2012-12-14,0.007652807794964737,-0.5414974203609794
2012-12-17,0.00799994526159864,1.4750960977766179
2012-12-18,0.007432560827812835,1.5366420714697993
2012-12-19,0.006884567759471607,-1.1065539375860387
2012-12-20,0.007889640503918466,0.6937077412906748
2012-12-21,0.007439852506162876,-1.266549900329195
2012-12-24,0.008719162179380728,-0.2802194661597099
2012-12-26,0.008754992520355536,-0.5481394505783789
2012-12-27,0.009145742929827567,-0.13330627436408674
2012-12-28,0.008957698169070764,-1.2404353736015707
2012-12-31,0.010421660997964911,1.6120297209021117
2013-01-02,0.00954590338928378,2.6279457203452576
2013-01-03,0.008512581750770316,-0.24525995575147017
2013-01-04,0.008503161778756296,0.5707641587045944
2013-01-07,0.008034001237868602,-0.38934562822546326
2013-01-08,0.008220652377424436,-0.3950585709781222
2013-01-09,0.00842621069022929,0.3147732066273939
2013-01-10,0.008023083749888232,0.943365462103775
2013-01-11,0.007502157522638988,-0.006333526700060266
2013-01-14,0.007258270608296102,-0.12828192212269687
2013-01-15,0.0071621898383478445,0.15749837979217984
2013-01-16,0.006871970365350604,0.02866317802373855
2013-01-17,0.006634238564039902,0.8481848349342469
2013-01-18,0.006237641768766411,0.5446757771764611
2013-01-22,0.005930655574552312,0.744998857574987
2013-01-23,0.00560432720352661,0.26878193752579455
2013-01-24,0.005380413621081174,0.001229396475915284
2013-01-25,0.005226816404989499,1.0390088805652646
2013-01-28,0.004908654213553069,-0.3771571991525625
2013-01-29,0.005087650199592105,1.0010522699877096
2013-01-30,0.004785034738888665,-0.8165551317730801
2013-01-31,0.00531224793468173,-0.4831461162864702
2013-02-01,0.005578673731664362,1.792991256548322
2013-02-04,0.0051349851429327185,-2.260149228596077
2013-02-05,0.007165995596957936,1.4460840900402423
2013-02-06,0.006615792028696424,0.08298626328530144
2013-02-07,0.0063722174358098625,-0.28357962892192795
2013-02-08,0.006468857310896512,0.8721779309523031
2013-02-11,0.006070921592343696,-0.09986972132918549
2013-02-12,0.005991837379815046,0.2660287715708505
2013-02-13,0.005741843375506824,0.10311806436880339
2013-02-14,0.0055381574464935055,0.12466840672613037
2013-02-15,0.005340527539803128,-0.19579110644403602
2013-02-19,0.005369287677140303,1.3613899796208653
2013-02-20,0.004988120562681248,-2.5022874393590127
2013-02-21,0.007254233475892299,-0.8716297161758425
2013-02-22,0.008048764060981399,1.0851620597398184
2013-02-25,0.007480245537717439,-2.47041029490236
2013-02-26,0.010748067711269094,0.5666950587017293
2013-02-27,0.010058911632601078,1.2571637549766923
2013-02-28,0.009256998674750789,-0.09338377284372597
2013-03-01,0.009019837476210673,0.25733938728371003
2013-03-04,0.008566989349266443,0.5369595269479692
2013-03-05,0.00808300342490932,1.1778483036590583
2013-03-06,0.007474037153894936,0.14502537692751974
2013-03-07,0.00716204580522728,0.25339737647057786
2013-03-08,0.006846871970611683,0.6530177184772392
2013-03-11,0.00645505504552619,0.502523811647787
2013-03-12,0.006125861349834034,-0.3927848280253664
2013-03-13,0.006336312180962152,0.20724817838299686
2013-03-14,0.006088737464901537,0.9176536500679546
2013-03-15,0.005707160155618565,-0.28381431496969134
2013-03-18,0.005814973171397173,-0.9502314408264695
2013-03-19,0.006572815840284815,-0.36901531791138675
2013-03-20,0.006755314086016009,0.9881352267003208
2013-03-21,0.006314925487532914,-1.3170264276948607
2013-03-22,0.007539236211508111,0.9481920452880226
2013-03-25,0.007044902879193416,-0.4749006988908054
2013-03-26,0.007352028328353482,1.0548059458269468
2013-03-27,0.00683736761547498,-0.0860745078607736
2013-03-28,0.006727123389920629,0.6018119724483553
2013-04-01,0.006374426366308655,-0.7033757404515918
2013-04-02,0.006915748291227434,0.7459690089354557
2013-04-03,0.006497838694554555,-1.6316399524855405
2013-04-04,0.00813211888793343,0.49682980148410416
2013-04-05,0.0076894186178142285,-0.5597491023490256
2013-04-08,0.00809057014194764,0.7765779982174045
2013-04-09,0.007582463515400114,0.46661164928666354
2013-04-10,0.007189487613889771,1.6851608877025117
2013-04-11,0.006578428868571774,0.5390278211440256
2013-04-12,0.006243350536856099,-0.45501182446491495
2013-04-15,0.006504136526455909,-3.572207387692295
2013-04-16,0.010943295640151925,1.298131869520367
2013-04-17,0.0100861947209321,-1.4307986396528989
2013-04-18,0.012126795070369976,-0.5544379970576242
2013-04-19,0.012635705670469084,0.6971505415516281
2013-04-22,0.011760562955848805,0.3954571080386886
2013-04-23,0.011077271274035296,0.9357279919513211
2013-04-24,0.01027370606659034,0.000617125897062908
2013-04-25,0.009869684024605408,0.40797806241344037
2013-04-26,0.00932602119082543,-0.19770615611848158
2013-04-29,0.009254331392886039,0.7737258441934611
2013-04-30,0.008661184825685795,0.28654479364324026
2013-05-01,0.00824748941643056,-1.133856883881972
2013-05-02,0.009471972110782163,0.9886012860681187
2013-05-03,0.008800753013484713,1.1907576467732905
2013-05-06,0.008153966556640697,0.23374649813002485
2013-05-07,0.007786086298366857,0.6699950347238122
2013-05-08,0.007335593343665675,0.5630817676478403
2013-05-09,0.006944423937569499,-0.5319257669147927
2013-05-10,0.007311193786129786,0.589827584623189
2013-05-13,0.006907811726705396,0.00620868815863595
2013-05-14,0.0066967569090778285,1.5068587834614684
2013-05-15,0.006164242968803382,0.8275312177062091
2013-05-16,0.005798996636322567,-0.8660691323656138
2013-05-17,0.006464482090887092,1.5851868475292648
2013-05-20,0.005966594640223557,-0.11863859494247082
2013-05-21,0.005908447780652717,0.29126172336462425
2013-05-22,0.005657365466685189,-1.4685411990268213
2013-05-23,0.00692821725536414,-0.42263615540338617
2013-05-24,0.00717196314473868,-0.07689909831630838
2013-05-28,0.00703293109511044,0.8987663925151452
2013-05-29,0.006593488174267824,-1.0727153907348923
2013-05-30,0.0075565400464145515,0.48482838598215694
2013-05-31,0.007162736893470306,-2.0118813710711154
2013-06-03,0.009480787241105184,0.6242561624082898
2013-06-04,0.008906585285897755,-0.6204451906338415
2013-06-05,0.00943508925566492,-1.4706330982074578
2013-06-06,0.011403585268540078,0.7413856208498685
2013-06-07,0.010641413773682695,1.1981410363420828
2013-06-10,0.009823650673019824,-0.03531005073191083
2013-06-11,0.009491882154924842,-1.0751570677187265
2013-06-12,0.010803928728433932,-0.7779370930068698
2013-06-13,0.011696614670505643,1.2547279286174053
2013-06-14,0.010719348120202057,-0.5506305977072178
2013-06-17,0.011209056466567653,0.6725700405917835
2013-06-18,0.010464900882288415,0.7416184363406955
2013-06-19,0.009755394361772772,-1.4298039434611418
2013-06-20,0.01173956044728534,-2.157527490576187
2013-06-21,0.015829734508755047,0.16843106572958494
2013-06-24,0.014889133471803782,-0.820690403693913
2013-06-25,0.016154524673119425,0.5851274952726627
2013-06-26,0.014980271661897113,0.6371573147412829
2013-06-27,0.013901657923688006,0.44460102055632433
2013-06-28,0.013007759581671807,-0.3304788156236359
2013-07-01,0.013136477960135897,0.41024691897969345
2013-07-02,0.012323180999943735,-0.04423019430235494
2013-07-03,0.011863505554515968,0.0694320823461702
2013-07-05,0.011291532104462678,0.898907748684872
2013-07-08,0.010463879690714821,0.5005605347779366
2013-07-09,0.009832982884971158,0.7326018990506998
2013-07-10,0.00918008902297791,0.019779325034203096
2013-07-11,0.008814931905184542,1.5273189753666787
2013-07-12,0.008031835939062947,0.3836893885793486
2013-07-15,0.007615949734619631,0.18040233975163172
2013-07-16,0.007283535981373237,-0.5101444445678088
2013-07-17,0.007648489084255893,0.36219005059457543
2013-07-18,0.007264410437510257,0.6910872885269999
2013-07-19,0.006827501362119193,0.23562874532282146
2013-07-22,0.006517097326500131,0.31163606137477856
2013-07-23,0.006203325212290068,-0.2988161679262646
2013-07-24,0.0063170315633215455,-0.604477386481555
2013-07-25,0.006762847654571026,0.37753474802338316
2013-07-26,0.006415688520984623,0.12905106524434784
2013-07-29,0.006152843712371325,-0.6083421504501084
2013-07-30,0.006600034219285546,0.05662805266093881
2013-07-31,0.006337161580801884,-0.021526753619707774
2013-08-01,0.00615017517762716,2.026379390907817
2013-08-02,0.005594272583035555,0.2929986094917075
2013-08-05,0.005342421465993875,-0.2772021801331048
2013-08-06,0.005447359398054519,-1.0536247769156204
2013-08-07,0.006336299957658551,-0.6017905855818042
2013-08-08,0.006785998617290099,0.5714591606555613
2013-08-09,0.006400266243517104,-0.5587811358705617
2013-08-12,0.0068147455892534035,-0.16927790559695455
2013-08-13,0.006765586306982119,0.4097516285331791
2013-08-14,0.006408387172899453,-0.8098860271435774
2013-08-15,0.007107206059789377,-2.023940888578681
2013-08-16,0.009614594911806378,-0.34427530788775673
2013-08-19,0.009728843109632963,-0.6082714964633815
2013-08-20,0.01027624508204534,0.3711387834681824
2013-08-21,0.00968373530242102,-0.5985675244445658
2013-08-22,0.010226701390708996,0.8392189637228565
2013-08-23,0.009478790554777376,0.41558486680847645
2013-08-26,0.008924763563365364,-0.45355142478771
2013-08-27,0.0092057398673643,-1.738213273428669
2013-08-28,0.011685893688016162,0.23480252193145787
2013-08-29,0.011007837050765856,0.17818910654744227
2013-08-30,0.010410602745623512,-0.30539703322857714
2013-09-03,0.010438065220895344,0.3981173846893101
2013-09-04,0.009837559621260582,0.8217676171526057
2013-09-05,0.009167027886392558,0.13190006122511336
2013-09-06,0.008736444224803774,0.006230184544352918
2013-09-09,0.008405629663286101,1.1829312659824427
2013-09-10,0.007789733071633653,0.9395624237053326
2013-09-11,0.007277331318200883,0.4187846451619634
2013-09-12,0.00691355797846948,-0.4897828062405896
2013-09-13,0.007215496363456389,0.3757193568599441
2013-09-16,0.006860175347892317,0.8275310772581598
2013-09-17,0.006446189215954262,0.6529236818142702
2013-09-18,0.006090566407535965,1.9873556494579807
2013-09-19,0.005582054796970596,-0.3304614905397205
2013-09-20,0.005717787509681037,-1.2667581561196297
2013-09-23,0.00675874626633492,-0.6999462260501103
2013-09-24,0.007288341887021064,-0.3568056408498424
2013-09-25,0.007450216862639738,-0.3682074233482686
2013-09-26,0.007616744416945269,0.45680485750024896
2013-09-27,0.007222972741761127,-0.5651581155557268
2013-09-30,0.007608202609654621,-0.7948631617034354
2013-10-01,0.008280128165890391,0.9621499237445209
2013-10-02,0.0077365782374198165,-0.08619984828891376
2013-10-03,0.007577710206603913,-1.190329565874869
2013-10-04,0.008756782925307367,0.8026311448204021
2013-10-07,0.00820749295571736,-1.0408473796944782
2013-10-08,0.009250926477269921,-1.3413521296026123
2013-10-09,0.010882227962167739,0.05272281858086629
2013-10-10,0.01035446222513323,2.08563442632662
2013-10-11,0.00937364152066188,0.6685337393706423
2013-10-14,0.008795828749043605,0.46231472454830996
2013-10-15,0.008323343181611136,-0.8516757580559876
2013-10-16,0.009141314020020984,1.502279024334455
2013-10-17,0.008392139146976126,0.8009059783236839
2013-10-18,0.007878040488521401,0.8285569835714189
2013-10-21,0.007382133142624509,0.012426246971174528
2013-10-22,0.007124997471338079,0.8029639677265276
2013-10-23,0.006696502852165384,-0.7071979725216342
2013-10-24,0.007239668165663071,0.44930768509299174
2013-10-25,0.006878673780011072,0.6375087019706932
2013-10-28,0.006497553118995632,0.20451029716899086
2013-10-29,0.00622901846816999,0.8939869487544329
2013-10-30,0.005867563557890683,-0.833028845166361
2013-10-31,0.006486446478635265,-0.5930474537341675
2013-11-01,0.006898041015244533,0.4202953281666192
2013-11-04,0.0065636007653784075,0.5430250110425958
2013-11-05,0.006227362928513912,-0.45115900270981346
2013-11-06,0.006493360918910836,0.655510877254819
2013-11-07,0.006145600768858148,-2.1593390945342104
2013-11-08,0.008348714771796361,1.5976361819574378
2013-11-11,0.007647521207037076,0.0944972946669197
2013-11-12,0.007326686106743597,-0.3239125316745403
2013-11-13,0.007456387748295522,1.0813215450527085
2013-11-14,0.0069418963066480086,0.6951410115172416
2013-11-15,0.006538759247305892,0.6443342099828658
2013-11-18,0.006188378636694438,-0.5987113331326115
2013-11-19,0.006602048106178873,-0.309760735564321
2013-11-20,0.006723478607757393,-0.5417189833784959
2013-11-21,0.007102524210508049,1.1398349630092015
2013-11-22,0.006590505007226122,0.7509577027257226
2013-11-25,0.006216432284071911,-0.20335471046287304
2013-11-26,0.0062314058968669025,0.024038433378046318
2013-11-27,0.006046581809571077,0.41047963223326733
2013-11-29,0.005769765406934079,-0.136227108327817
2013-12-02,0.005749969173480568,-0.47351967507468956
2013-12-03,0.006035474218973774,-0.5298599374081091
2013-12-04,0.006263359874682878,-0.20824980455925668
2013-12-05,0.0063040536751811675,-0.6898760761194054
2013-12-06,0.006825279609452539,1.6373241121725226
2013-12-09,0.006271681725646207,0.2894680131051363
2013-12-10,0.006009802777239972,-0.5299216985486334
2013-12-11,0.006354934915184617,-1.7909542468188222
2013-12-12,0.008155840612480562,-0.46318810759677576
2013-12-13,0.008448611981105608,-0.012003780826152763
2013-12-16,0.008140110447741588,0.7739639615264102
2013-12-17,0.007632642064926029,-0.40691098966155953
2013-12-18,0.007839575049105148,2.106097065944811
2013-12-19,0.007107314988135164,-0.08161977193384636
2013-12-20,0.00696813076836833,0.6898773287252403
2013-12-23,0.006569070600100695,0.8074245519791944
2013-12-24,0.006175278855959377,0.4714773813811159
2013-12-26,0.00587469845968582,0.8058804470767494
2013-12-27,0.005538630485249952,-0.06078055062593831
2013-12-30,0.005446234620775184,-0.03291631273664882
2013-12-31,0.005337264137606273,0.7404273513965116
2014-01-02,0.0050463108817152625,-1.7639446370382899
2014-01-03,0.006530392654938364,-0.05099548185793479
2014-01-06,0.006392424012042775,-0.39342309725101055
2014-01-07,0.006607156750966444,0.9176935865044523
2014-01-08,0.006185827039891535,-0.03430931742556794
2014-01-09,0.006043988332679459,0.0576189966534916
2014-01-10,0.00582231713457414,0.3957239767606069
2014-01-13,0.005550122775681563,-2.2803038726004092
2014-01-14,0.007760193094129378,1.3865474723913758
2014-01-15,0.0071481568453803926,0.7208696236167698
2014-01-16,0.006716738998065718,-0.2006968689439778
2014-01-17,0.006719187194748563,-0.5808411355269207
2014-01-21,0.0071382687800776844,0.3880369776140253
2014-01-22,0.006782977022338794,0.08472681654014234
2014-01-23,0.006475550957116819,-1.3789289627560282
2014-01-24,0.007827005581173614,-2.6953374708309346
2014-01-27,0.011617555902264267,-0.420761638201946
2014-01-28,0.011847326666889212,0.5167305498160235
2014-01-29,0.011072205525955829,-0.9267985393190069
2014-01-30,0.012277377531421224,0.9125763497574164
2014-01-31,0.011350761916568584,-0.5714409536492641
2014-02-03,0.011883503360349964,-1.9435854902477951
2014-02-04,0.015537905351809855,0.48990153503511
2014-02-05,0.014401699515348554,-0.1409751957741539
2014-02-06,0.013953438615577032,0.8860220619435059
2014-02-07,0.012822540713864622,1.0305440863220263
2014-02-10,0.01175132023532274,0.13343222479302438
2014-02-11,0.011121151142232954,0.9892299640166293
2014-02-12,0.010227141737510503,-0.026331760586956805
2014-02-13,0.009881543582154505,0.5862658936442486
2014-02-14,0.009234633037470635,0.5195322181272714
2014-02-18,0.008670218471741148,0.13353797212057916
2014-02-19,0.008266531136266592,-0.7918510999708401
2014-02-20,0.009045663797455958,0.6647761802318276
2014-02-21,0.008452991668826508,-0.2272055561422343
2014-02-24,0.008435852144950838,0.7311004799939321
2014-02-25,0.007883190879572162,-0.1710716760986753
2014-02-26,0.007795378837878679,0.002783667423514696
2014-02-27,0.007523905593526064,0.6560264940941276
2014-02-28,0.007064584573945062,0.39334574485612345
2014-03-03,0.006690393232134018,-1.1069403461794083
2014-03-04,0.007762793687494893,1.9519161897283475
2014-03-05,0.007052083446232984,-0.007565530111948351
2014-03-06,0.006797343473595693,0.2525888979313955
2014-03-07,0.0064649779825348965,0.08320903467403207
2014-03-10,0.006192016100973674,-0.07483081982721898
2014-03-11,0.0060434471857768466,-0.8430779352562933
2014-03-12,0.00673582576052657,0.04529872565849255
2014-03-13,0.00649187764427377,-1.8130489113985437
2014-03-14,0.008617055810352192,-0.3279271342365841
2014-03-17,0.008831732156657066,1.0833342231543075
2014-03-18,0.008110825738880965,0.8869235361559992
2014-03-19,0.007502136944760532,-0.8198364202122845
2014-03-20,0.008387618161906536,0.71800289084129
2014-03-21,0.007796454781080856,-0.3767071315203644
2014-03-24,0.008034984888931953,-0.6069184978904071
2014-03-25,0.008593281149054489,0.5113612335732199
2014-03-26,0.00809202218355051,-0.8681312032431293
2014-03-27,0.00907606555058388,-0.209550199189014
2014-03-28,0.009033003844192788,0.5125082777846867
2014-03-31,0.008463340187389128,0.9325953122571086
2014-04-01,0.007774033819786057,0.9023228103741957
2014-04-02,0.007171393310247493,0.3973096591659353
2014-04-03,0.006789028179610703,-0.1660156922600562
2014-04-04,0.00679225706837379,-1.8574890199694207
2014-04-07,0.009197451400936595,-1.175142097630303
2014-04-08,0.01084292011354435,0.3452518270885985
2014-04-09,0.010114352025668218,1.0736267943223563
2014-04-10,0.009176531240433558,-2.2999941028250905
2014-04-11,0.013233753096345391,-0.7202839338547019
2014-04-14,0.014255344704586927,0.574079990370716
2014-04-15,0.012975431946152605,0.5190254587016424
2014-04-16,0.011967978970704916,0.8718153645077422
2014-04-17,0.010835189407176338,0.12578679115581604
2014-04-21,0.010234267714821402,0.3681763816003181
2014-04-22,0.009569468369260797,0.4267519195994643
2014-04-23,0.0089246894653318,-0.24827383307056305
2014-04-24,0.008963850680428313,0.19137849753306355
2014-04-25,0.008473519558260263,-0.9593823071520204
2014-04-28,0.009668868420451306,0.33414573681323273
2014-04-29,0.009115416361919476,0.5210360466336047
2014-04-30,0.008475960750633098,0.35247329365913477
2014-05-01,0.007977116683793185,-0.01796034206486912
2014-05-02,0.007767874653585728,-0.17370968122517585
2014-05-05,0.007739336490168861,0.2415539865355061
2014-05-06,0.007354625159413168,-1.2276671164450663
2014-05-07,0.008985362312272756,0.6233198702943394
2014-05-08,0.008294851472496721,-0.16571354379810965
2014-05-09,0.008271982556126241,0.1835500963132747
2014-05-12,0.007860773293878747,1.2245940459588307
2014-05-13,0.007080910982666374,0.05955007615756204
2014-05-14,0.006839619805669381,-0.6889402772229145
2014-05-15,0.00756131339308681,-1.2439511094110411
2014-05-16,0.009212384497089452,0.40597120324086544
2014-05-19,0.008611303939623973,0.44562521734324795
2014-05-20,0.00803678553787775,-0.8112204285924385
2014-05-21,0.009057555630439555,0.8924417224202269
2014-05-22,0.008223466135538829,0.2869160224929292
2014-05-23,0.007771213269138967,0.5455252315259924
2014-05-27,0.007249026226976827,0.8235520226581027
2014-05-28,0.0066857104438591795,-0.1667276438934391
2014-05-29,0.006744476948040422,0.7936506712972486
2014-05-30,0.006252931382656022,0.29457870723012675
2014-06-02,0.005988950407758777,0.12148395203208447
2014-06-03,0.005799878775764431,-0.06539593053563594
2014-06-04,0.005769103142750532,0.3275858585987708
2014-06-05,0.005517404260913214,1.1788300824246791
2014-06-06,0.005059345999101309,0.9125850552304254
2014-06-09,0.004720587508377993,0.19877416843165632
2014-06-10,0.004588828356611203,-0.053611480482782414
2014-06-11,0.004597573204978406,-0.7706916222301547
2014-06-12,0.005285002120270026,-1.3460995713935906
2014-06-13,0.006723018766261064,0.46551397636679914
2014-06-16,0.0063285074838072605,0.13215680520669065
2014-06-17,0.006089813200387497,0.3563676542246991
2014-06-18,0.00581423479296003,1.3224858359762253
2014-06-19,0.005287527390782071,0.24144807219155995
2014-06-20,0.005091977160512784,0.33946803789328583
2014-06-23,0.004883884080252112,-0.027124487543521217
2014-06-24,0.004843006840479995,-1.333078129201657
2014-06-25,0.006217566459697712,0.785766819604696
2014-06-26,0.005771699709659205,-0.2043729727770694
2014-06-27,0.0058659524000420245,0.3254450612436138
2014-06-30,0.005611322550836775,-0.06635262785702416
2014-07-01,0.005556180739214132,1.197868321642119
2014-07-02,0.005088618848483052,0.12942531062614987
2014-07-03,0.004937330718303348,1.1067822958292783
2014-07-07,0.004560948940124765,-0.8619344583620708
2014-07-08,0.005385292430546431,-1.3135335309846385
2014-07-09,0.0067882143611744175,0.6825825330090582
2014-07-10,0.006358858131211116,-0.6510018369737023
2014-07-11,0.006943237938378863,0.2116940267771646
2014-07-14,0.006580081766871035,0.7343162134129755
2014-07-15,0.0061346048236347464,-0.31525495505345824
2014-07-16,0.00643062265606541,0.651925207506058
2014-07-17,0.006027472690493292,-1.9750576300832847
2014-07-18,0.0088415682735598,1.1550675834525213
2014-07-21,0.007852339776510765,-0.2958285670283508
2014-07-22,0.008009709205796326,0.6246932365134021
2014-07-23,0.007375066676237344,0.23767931246785765
2014-07-24,0.006990219722629887,0.06981709186780598
2014-07-25,0.006733687953004452,-0.7218846611299878
2014-07-28,0.007603292902197983,0.03789323879265671
2014-07-29,0.00731617003438077,-0.6202792434276707
2014-07-30,0.008009392733660995,0.00760493603386926
2014-07-31,0.0077186149753905985,-2.617300152895266
2014-08-01,0.012441343833957851,-0.23013721584345528
2014-08-04,0.01230656133476324,0.5820727866046028
2014-08-05,0.01109202815115643,-0.8774481154126438
2014-08-06,0.012505780118218741,0.0012504958676920856
2014-08-07,0.011802564164532812,-0.472110582840747
2014-08-08,0.012235067646954841,0.9370951504976438
2014-08-11,0.0107773014906676,0.2556878480413192
2014-08-12,0.010079576338633555,-0.1625050814762671
2014-08-13,0.009944862513270734,0.6721829581445534
2014-08-14,0.00903182534678244,0.4801242392538878
2014-08-15,0.00838147066694912,-0.007322677607560149
2014-08-18,0.008108985853776469,1.0476628487029898
2014-08-19,0.0072454170135329765,0.6884614329141812
2014-08-20,0.006630510836091606,0.37323644342348367
2014-08-21,0.00628918075293617,0.46835150649712837
2014-08-22,0.005934635373573352,-0.336090558773728
2014-08-25,0.006238785030903566,0.7655903897865253
2014-08-26,0.005779091518586025,0.18178097575799143
2014-08-27,0.005591849428348295,0.008939089638497886
2014-08-28,0.005506864643930654,-0.30713130870398025
2014-08-29,0.005764412944244956,0.5750653815198176
2014-09-02,0.005413571400283771,-0.10052776207480575
2014-09-03,0.005443452014725441,-0.14318942294205453
2014-09-04,0.0055074845753613965,-0.2788204276745042
2014-09-05,0.0055559041533718625,0.9041278550333892
2014-09-08,0.005146194557360377,-0.5980819069334236
2014-09-09,0.005725401803181517,-1.1469101660316463
2014-09-10,0.007090710876888559,0.5132692142659618
2014-09-11,0.006656380665380328,0.13243184382585674
2014-09-12,0.006417992807651498,-0.9318186653117454
2014-09-15,0.007541427252662749,-0.09420017250162674
2014-09-16,0.007425090476477249,1.0042311737719938
2014-09-17,0.006677952993925782,0.19389251171221858
2014-09-18,0.006390248319865086,0.7635473432498338
2014-09-19,0.005894155269531475,-0.08099269336705937
2014-09-22,0.005874600008280397,-1.3695575050008717
2014-09-23,0.007518418790804461,-0.7705410194376962
2014-09-24,0.008443141840482825,0.9240608420488101
2014-09-25,0.0075854189958980455,-2.148979940855649
2014-09-26,0.011149773430787633,0.7658685781382804
2014-09-29,0.00998565207893264,-0.25537149069065834
2014-09-30,0.009995071143764083,-0.2791192282860902
2014-10-01,0.010083151276503177,-1.3227120913793322
2014-10-02,0.012402941604430446,0.00041468616191620526
2014-10-03,0.011683980358241215,0.9503298690562438
2014-10-06,0.010190927853188458,-0.15370396336465295
2014-10-07,0.009934580038928298,-1.5341985830709564
2014-10-08,0.012791075136796172,1.3533614112124381
2014-10-09,0.011014248520553336,-1.895530903933647
2014-10-10,0.015098684779502896,-0.762786970812572
2014-10-13,0.016339711904118894,-1.0162378198563542
2014-10-14,0.018494984023747697,0.08529986718782911
2014-10-15,0.016934635275775923,-0.48027610832055795
2014-10-16,0.01721519502497964,0.008420886329300905
2014-10-17,0.015962744416733315,0.801980727306935
2014-10-20,0.013983313243553721,0.6508554848741872
2014-10-21,0.012485839930862629,1.5525884470002167
2014-10-22,0.01051889787282929,-0.6964703669702786
2014-10-23,0.011442173600749912,1.0687047888172196
2014-10-24,0.010033511699183073,0.7005214511574123
2014-10-27,0.009061503289945549,-0.16583306662878558
2014-10-28,0.00898120579975464,1.3214667196730794
2014-10-29,0.00786897650140095,-0.17617487997273695
2014-10-30,0.00784460116454758,0.7917288741130657
2014-10-31,0.007238481486751962,1.6112653260901066
2014-11-03,0.00627973973439194,-0.018938510420753254
2014-11-04,0.006376785402797485,-0.4444015399079438
2014-11-05,0.00667198006914341,0.8519676320818037
2014-11-06,0.006087465850228079,0.6190430857507824
2014-11-07,0.005644817302212026,0.061919652677533445
2014-11-10,0.005408229664688894,0.576034527508977
2014-11-11,0.005059857006736231,0.13764255182709867
2014-11-12,0.0049125849244074735,-0.14276854033272396
2014-11-13,0.00500586641551727,0.10581673269550564
2014-11-14,0.004886798471273813,0.0491612964928504
2014-11-17,0.004821126450387727,0.1524724118361762
2014-11-18,0.004693830609354391,1.090974468376234
2014-11-19,0.004285823056310693,-0.3505247080620013
2014-11-20,0.0045976947854593905,0.4274237644956777
2014-11-21,0.004397311297818697,1.1878196129369087
2014-11-24,0.004013866951895804,0.7125123597801408
2014-11-25,0.003790418645754218,-0.3035789911242734
2014-11-26,0.004060337272480948,0.690103378996122
2014-11-28,0.0038325260599238967,-0.6642263084997914
2014-12-01,0.004421206320395901,-1.5499818032062707
2014-12-02,0.006069312370148318,1.048581185267381
2014-12-03,0.005455920697043043,0.6887332207859169
2014-12-04,0.005080666536545396,-0.2288226797454398
2014-12-05,0.005277466886055776,0.315270874236503
2014-12-08,0.0050710585795285005,-1.4361936537503504
2014-12-09,0.00674159807012589,-0.03528122314026627
2014-12-10,0.006620387125003323,-2.490205009429962
2014-12-11,0.010806611885989975,0.4187652910425526
2014-12-12,0.009858755304238355,-1.65806588024663
2014-12-15,0.013226395703302196,-0.4810672850301251
2014-12-16,0.013654582572921112,-0.624351555227184
2014-12-17,0.014489072822933118,1.3905702241626934
2014-12-18,0.01209689917050485,1.961773389297284
2014-12-19,0.00968406067222808,0.47083946721801484
2014-12-22,0.008880059665232719,0.42828794212022103
2014-12-23,0.008183707568294838,0.21320881949209916
2014-12-24,0.007740697104268809,-0.017996601494479864
2014-12-26,0.007524851085060863,0.4390930723773088
2014-12-29,0.007008226858671859,0.12291317696482874
2014-12-30,0.006736917439425133,-0.7274236442063883
2014-12-31,0.007637040126210392,-1.3571204799199155
2015-01-02,0.009762325969477785,-0.03482996513318523
2015-01-05,0.009390941162706909,-1.9643625929469513
2015-01-06,0.01345212118000107,-0.6640777741416978
2015-01-07,0.014430259961966957,0.8012839599114269
2015-01-08,0.012559425946798623,1.41170211140697
2015-01-09,0.01047668178405972,-0.8055338819128052
2015-01-12,0.011731016287199332,-0.6927461904846142
2015-01-13,0.012748983698453186,-0.20251696110722583
2015-01-14,0.01248907540865797,-0.4668102943740311
2015-01-15,0.01292831125988831,-0.7186478433106867
2015-01-16,0.014040988334027902,0.9497118628003414
2015-01-20,0.01211333655266627,0.12785514764382597
2015-01-21,0.011291849753128665,0.4180417845961409
2015-01-22,0.010312554975974365,1.469501312326131
2015-01-23,0.00869415796199763,-0.6333743075949648
2015-01-26,0.009522311106827198,0.2693850232202091
2015-01-27,0.008891431637235834,-1.5158737496684536
2015-01-28,0.011602519633159235,-1.1710820787744511
2015-01-29,0.013893875232425685,0.6830000197580843
2015-01-30,0.012266399303108548,-1.066091090235804
2015-02-02,0.014320000491647604,0.8993833490248485
2015-02-03,0.012403360475651638,1.1558350340293415
2015-02-04,0.01062874166138669,-0.3918343963126249
2015-02-05,0.010931078525704014,0.9366697610700562
2015-02-06,0.00958188658474452,-0.35734378419070945
2015-02-09,0.009807960492359585,-0.4339576320476634
2015-02-10,0.01017647749122683,1.0434828321702134
2015-02-11,0.008939838842865713,-0.0032477106878753175
2015-02-12,0.008509385519270106,1.1279657084733183
2015-02-13,0.007511874601934693,0.541337474767201
2015-02-17,0.006911056789719492,0.23097765600374867
2015-02-18,0.006560075069628278,-0.04791997345954349
2015-02-19,0.006446031934719848,-0.16484896855607692
2015-02-20,0.006526564539368347,0.9358434570305696
2015-02-23,0.0058915012164409905,-0.05149540004148087
2015-02-24,0.005857470248324157,0.47033486335151375
2015-02-25,0.005507405558667582,-0.13908853369204646
2015-02-26,0.005589491657438776,-0.26426707843611796
2015-02-27,0.0058277919320478015,-0.5080282692232904
2015-03-02,0.006350277741924744,0.9615702539778556
2015-03-03,0.005727263392426793,-0.7942488920332198
2015-03-04,0.006681264475622124,-0.6582827616242607
2015-03-05,0.007489276043365207,0.15961025393041575
2015-03-06,0.0071288788293228985,-2.002468649593105
2015-03-09,0.010613504887373641,0.3709106840530268
2015-03-10,0.009764953732226104,-1.7518588829239214
2015-03-11,0.01354862917646459,-0.1416763756306366
2015-03-12,0.013097913587532137,0.9560837397764879
2015-03-13,0.011210054439593841,-0.5435510704278942
2015-03-16,0.011942799688817798,1.125607845239368
2015-03-17,0.010089464574950642,-0.3296208320151289
2015-03-18,0.010344851944789768,1.1682237277176226
2015-03-19,0.008768791902679828,-0.5570310233337107
2015-03-20,0.009502236336319381,0.9442390060290359
2015-03-23,0.008274901945868435,-0.21115133667364913
2015-03-24,0.008373858763411048,-0.7354250741007757
2015-03-25,0.009442337232552491,-1.5532093554843567
2015-03-26,0.012545790510192101,-0.18973142709019716
2015-03-27,0.01234497794953864,0.1916375014336833
2015-03-30,0.011441843290902587,1.0629740626512352
2015-03-31,0.009747900639416695,-0.9063168105968362
2015-04-01,0.011279457078359343,-0.3522558022292001
2015-04-02,0.011537433172700017,0.30539308449050223
2015-04-06,0.010615958155274472,0.6204878119166712
2015-04-07,0.009497208368938383,-0.21733046474344353
2015-04-08,0.009525478456321705,0.28123957968422963
2015-04-09,0.008868818243389831,0.5014846117678415
2015-04-10,0.008119242701021568,0.6391454339458493
2015-04-13,0.007355925623502842,-0.6242323612259435
2015-04-14,0.008135318733642323,0.2001682185824479
2015-04-15,0.007697390771569754,0.6671077508448756
2015-04-16,0.006978497175574059,-0.11159232975136076
2015-04-17,0.006955857365156523,-1.635413665328504
2015-04-20,0.009510393211320259,0.966600263761359
2015-04-21,0.008304732321952299,-0.17841664816234287
2015-04-22,0.00831901907081166,0.6099977425452985
2015-04-23,0.0075510902656371025,0.31186765880277934
2015-04-24,0.007099486903312684,0.3169618953312535
2015-04-27,0.006690440090545482,-0.6202750767619759
2015-04-28,0.007419188135889954,0.3727367990533079
2015-04-29,0.006937805340617469,-0.5401345156852129
2015-04-30,0.007558816002127628,-1.3468449331724723
2015-05-01,0.009668008901588355,1.1236829293434962
2015-05-04,0.008297097243469248,0.3539108993900613
2015-05-05,0.007733057100355373,-1.539883024784993
2015-05-06,0.010280537850232328,-0.4343820533505337
2015-05-07,0.010729896754374461,0.3510481559796233
2015-05-08,0.009848825004284448,1.3573342994262028
2015-05-11,0.008262865973475874,-0.6175286483480921
2015-05-12,0.009045539965955772,-0.32656938673478897
2015-05-13,0.00931200614371712,-0.0327535534174649
2015-05-14,0.008992166537457451,1.1923271457549593
2015-05-15,0.007697444980865108,0.09978880391817646
2015-05-18,0.007386872143162891,0.41198932560205687
2015-05-19,0.0068977153471811315,-0.09330358900719361
2015-05-20,0.0068520856336186774,-0.13586366262357308
2015-05-21,0.006877488143719841,0.3395347051055743
2015-05-22,0.006466103707734614,-0.3458628643411
2015-05-26,0.006778794608734131,-1.5246375652369841
2015-05-27,0.009081854329212132,1.004301390275785
2015-05-28,0.007908746590337157,-0.1602736796543588
2015-05-29,0.00789223179363732,-0.8031334291534089
2015-06-01,0.008987761878063764,0.22890498514078503
2015-06-02,0.008464518357293878,-0.11921589897406908
2015-06-03,0.0083485565919911,0.253532385680408
2015-06-04,0.007828873125733169,-1.1062335633763312
2015-06-05,0.009542316836513359,-0.1506149143185797
2015-06-08,0.009389047150423128,-0.691823167382099
2015-06-09,0.010404019984598062,0.04020229869052475
2015-06-10,0.009825143098827888,1.2183529168081069
2015-06-11,0.008382093024549715,0.20724140753873554
2015-06-12,0.00788761983412096,-0.8898596535724801
2015-06-15,0.009175215463988556,-0.5049788356422819
2015-06-16,0.00973114919126469,0.5830483537183263
2015-06-17,0.008775135495201924,0.22537365903393286
2015-06-18,0.008222549642518671,1.1984117436098076
2015-06-19,0.007101595194159022,-0.748791657728235
2015-06-22,0.00803617445638748,0.7561269375769405
2015-06-23,0.007222928482160188,0.08800674501528347
2015-06-24,0.0069337428023713045,-1.0644273848434382
2015-06-25,0.00840222000771485,-0.35443063307817707
2015-06-26,0.00867913233699967,-0.04495331212531952
2015-06-29,0.008421877976523377,-2.5038322292715502
2015-06-30,0.013572817860510835,0.19560878070809654
2015-07-01,0.01243669130952572,0.5557825841783715
2015-07-02,0.011098783676753005,-0.02775711271788002
2015-07-06,0.010505798332648442,-0.36829497163228836
2015-07-07,0.010704842998333255,0.5663381139558087
2015-07-08,0.009641906263323728,-1.7416644026108776
2015-07-09,0.0131291455544176,0.17210926906509083
2015-07-10,0.012212428604090435,1.0041398629672016
2015-07-13,0.010503709046633567,1.0477507001093183
2015-07-14,0.00905089164188888,0.4909210509090692
2015-07-15,0.008264748155165058,-0.08896294078570334
2015-07-16,0.008093279684120271,0.9863409836358218
2015-07-17,0.007113573420420527,0.15541719458141795
2015-07-20,0.0067760303644783,0.11377408047683031
2015-07-21,0.006495812238857043,-0.6574691640832832
2015-07-22,0.00724867970372653,-0.3297931648105262
2015-07-23,0.0075275244152617285,-0.7561862170568177
2015-07-24,0.008474341118986085,-1.2698356775551072
2015-07-27,0.010639286761464098,-0.544374373481694
2015-07-28,0.011277388016179033,1.0915713624669765
2015-07-29,0.00963853915931505,0.756561010631564
2015-07-30,0.008559413652460275,0.003314117669034337
2015-07-31,0.008208166091383778,-0.2770538236839843
2015-08-03,0.008353596050108549,-0.33047970339307065
2015-08-04,0.00857495916540381,-0.26265304866052247
2015-08-05,0.008673647901504357,0.3585386703271215
2015-08-06,0.00803230554840363,-0.968986535143507
2015-08-07,0.0094371681795014,-0.30507275080587887
2015-08-10,0.009558672427865351,1.3314438514415818
2015-08-11,0.00810109260477922,-1.185403642283634
2015-08-12,0.009947364793162168,0.09546283442495834
2015-08-13,0.009342572380731037,-0.1365818552300211
2015-08-14,0.009158432433310682,0.4263101030432588
2015-08-17,0.008388720047491359,0.6196287013960642
2015-08-18,0.007598015088417164,-0.34600917542802295
2015-08-19,0.007855979319430658,-1.0551372492917452
2015-08-20,0.009438953102395214,-2.259356543336862
2015-08-21,0.014453987842976293,-2.239467949850779
2015-08-24,0.021776298466165543,-1.8465693060276782
2015-08-25,0.029387685208319275,-0.46326376664747587
2015-08-26,0.028625174038667885,1.3376791834630273
2015-08-27,0.02272737216220545,1.056314576025324
2015-08-28,0.018638656127403015,0.03264994818921483
2015-08-31,0.016792214954679856,-0.5018443776909455
2015-09-01,0.0170139461367408,-1.7645906247226226
2015-09-02,0.022699957072137643,0.7985773438076121
2015-09-03,0.01911039066737402,0.0609153271474676
2015-09-04,0.01705734869562052,-0.9056688134799494
2015-09-08,0.019012641847614208,1.3030086715775118
2015-09-09,0.015335318525154263,-0.9126015704290185
2015-09-10,0.01715022487817794,0.3069391499136577
2015-09-11,0.015186895518086663,0.29479405054538366
2015-09-14,0.013568116404983838,-0.3020346450992349
2015-09-15,0.013440211775710318,0.9486225250166623
2015-09-16,0.011438568857379726,0.7577644391924088
2015-09-17,0.009972871894624997,-0.25713199464060954
2015-09-18,0.009966923026532177,-1.6350312840786632
2015-09-21,0.01352630264492695,0.33678028307176777
2015-09-22,0.012141973606559893,-1.020833220447938
2015-09-23,0.014200087908248296,-0.14441771366794848
2015-09-24,0.01355933924469021,-0.24843776016786753
2015-09-25,0.013269102354077564,-0.03511177989197811
2015-09-28,0.01237876716754339,-2.10046855319995
2015-09-29,0.01828176660322844,0.0673946856298078
2015-09-30,0.016524645997243084,1.1434979367616729
2015-10-01,0.01361132279305367,0.1448748742733622
2015-10-02,0.012446237349393603,1.142015262716946
2015-10-05,0.0104372836559894,1.7365239956951215
2015-10-06,0.008433475515292051,-0.4262405621057424
2015-10-07,0.00884567899748689,0.9047942910687522
2015-10-08,0.00775661297089866,1.131909014604489
2015-10-09,0.006754428995479277,0.10731455775169736
2015-10-12,0.006454199803062805,0.19749380499937647
2015-10-13,0.006125193387844233,-1.1181399927256581
2015-10-14,0.007624575872843569,-0.6200254270898631
2015-10-15,0.008390513841161108,1.7571690638334776
2015-10-16,0.006799749597723745,0.6706219557295766
2015-10-19,0.006188164952553318,0.043713919384386235
2015-10-20,0.005993271220654097,-0.23728294674755165
2015-10-21,0.006159553873567624,-0.9485181932095909
2015-10-22,0.007411873434150535,2.2249229103955273
2015-10-23,0.005796667277731791,1.8924587945877571
2015-10-26,0.004793943282851929,-0.39944840564746975
2015-10-27,0.005147969294187874,-0.4967756641390854
2015-10-28,0.005639376810739874,2.087196667852957
2015-10-29,0.00459635954536666,-0.09787645553411828
2015-10-30,0.004656310716683878,-1.035472497818735
2015-11-02,0.005773709530900835,2.0444181120716545
2015-11-03,0.004734741543024444,0.5753963337410063
2015-11-04,0.004418872915096593,-0.8037495098610826
2015-11-05,0.0052187429208227784,-0.21706180466921837
2015-11-06,0.005380157243523361,-0.06462297741236833
2015-11-09,0.005366505348635728,-1.8394262215749544
2015-11-10,0.007889023717662636,0.19133611552846516
2015-11-11,0.007414731465616177,-0.436065329750982
2015-11-12,0.007855221945797176,-1.7936047426604673
2015-11-13,0.01115280021408336,-1.0105659758813519
2015-11-16,0.013046577237661519,1.133883816786085
2015-11-17,0.010944348245365259,-0.12246293595545847
2015-11-18,0.010551733453770348,1.5194877644907436
2015-11-19,0.008657423874555164,-0.12980077506450383
2015-11-20,0.00848741985775694,0.448069654133329
2015-11-23,0.007763118554549875,-0.1591659116116699
2015-11-24,0.007718566666816641,0.15822237439642128
2015-11-25,0.00729414537201076,-0.017704694433777115
2015-11-27,0.007044220620770303,0.08424516939901092
2015-11-30,0.006756933387935846,-0.6884484236479299
2015-12-01,0.007593737937688628,1.3990394498619478
2015-12-02,0.006426889953158425,-1.7203643939812223
2015-12-03,0.009078734564825955,-1.5946965230420687
2015-12-04,0.01227872073294721,1.6547209441235076
2015-12-07,0.009880877109228556,-0.709860459032206
2015-12-08,0.010896400316029137,-0.5975416134460593
2015-12-09,0.011650365005956752,-0.6668534729787967
2015-12-10,0.01258649444002365,0.17867219417690972
2015-12-11,0.011496966414140684,-1.7060037447522887
2015-12-14,0.01564901259711053,0.30316852482719553
2015-12-15,0.013953797695067473,0.756968127010202
2015-12-16,0.01204844684709083,1.1960575361836314
2015-12-17,0.010102057121094994,-1.5001673871186372
2015-12-18,0.013193862572035664,-1.3610491172742116
2015-12-21,0.016496063978174526,0.4697063940469353
2015-12-22,0.014463982669535557,0.6068933980443346
2015-12-23,0.01266300261875713,0.9746184928740877
2015-12-24,0.01084115844927039,-0.14757790058591705
2015-12-28,0.010544246663543462,-0.20683663099867036
2015-12-29,0.010385858145364905,1.0180828608507435
2015-12-30,0.00895868590310264,-0.8085336244760754
2015-12-31,0.010143286721882439,-0.9322900259802004
2016-01-04,0.01170286422113126,-1.3178006261030795
2016-01-05,0.014524434871660871,0.13840153900115448
2016-01-06,0.013279719302653877,-0.9941597937229685
2016-01-07,0.015293504564787348,-1.5683662575660673
2016-01-08,0.019727377392668353,-0.5524068014178991
2016-01-11,0.020176451998550414,0.0422724617729558
2016-01-12,0.01826356466717366,0.4255748677444259
2016-01-13,0.01607441363086022,-1.5728334269917574
2016-01-14,0.020660377623936153,0.8014403819609328
2016-01-15,0.01750689940316973,-1.2472667029896283
2016-01-19,0.02091116299998856,0.025425663193811402
2016-01-20,0.018928999924666,-0.6214150812357961
2016-01-21,0.019673756263496583,0.2633959965013572
2016-01-22,0.01747702446409566,1.1489785874858973
2016-01-25,0.014542768270505449,-1.0838063895157692
2016-01-26,0.016939714336254214,0.8291307368925708
2016-01-27,0.014471899145845138,-0.7547677184900888
2016-01-28,0.01570018978228571,0.351164590622416
2016-01-29,0.014011662635720047,1.74559234192553
2016-02-01,0.01124741514189631,-0.03941659838718765
2016-02-02,0.010592648631518375,-1.7862358486934182
2016-02-03,0.014547615868743402,0.342298014087186
2016-02-04,0.013108027674567138,0.11638427461388301
2016-02-05,0.012111285272902339,-1.5402294517897546
2016-02-08,0.015665008696005466,-0.9099936169644068
2016-02-09,0.017492726892259395,-0.037949523298980464
2016-02-10,0.016164314200433804,-0.011690451473396167
2016-02-11,0.014904842575971829,-0.8304312686408272
2016-02-12,0.01637323914935057,1.180585895724427
2016-02-16,0.013654703811199593,1.199713883815502
2016-02-17,0.011478280416151407,1.4240905460577906
2016-02-18,0.009590550765681133,-0.48762915062910467
2016-02-19,0.01002201058781288,-0.002597610686416754
2016-02-22,0.009454517761419048,1.5178702352897868
2016-02-23,0.00792610815731304,-1.581176703881525
2016-02-24,0.010551765760979335,0.41983115764513
2016-02-25,0.009588850039732689,1.1768216922458907
2016-02-26,0.008289945926902055,-0.225799461910883
2016-02-29,0.008290770265628638,-0.9835191219055233
2016-03-01,0.009700422586706338,2.4316863714726424
2016-03-02,0.007532218113809767,0.5424630300615315
2016-03-03,0.006885025243407497,0.5072798133399646
2016-03-04,0.00637163020963682,0.5179898640304526
2016-03-07,0.005880150526170535,0.1504422032950087
2016-03-08,0.00562382113981022,-2.0099778735828453
2016-03-09,0.008376019222493682,0.6016787508414891
2016-03-10,0.007600108528360904,0.02049875952970101
2016-03-11,0.007288078863845181,2.2313899029724005
2016-03-14,0.005817696249061855,-0.21688458155839074
2016-03-15,0.005907351510725422,-0.31124454520425454
2016-03-16,0.006132658105663751,0.9106537141899014
2016-03-17,0.005505685263591076,1.19396274103558
2016-03-18,0.004858818623771532,0.9047399360656407
2016-03-21,0.004632280650776619,0.21265807893739033
2016-03-22,0.004357991980064244,-0.20141682242365216
2016-03-23,0.004445667300088621,-1.4410681452792904
2016-03-24,0.005904222684553543,-0.06404598870660547
2016-03-28,0.005838847916453567,0.09335863784640072
2016-03-29,0.005639049452678948,1.556647468318782
2016-03-30,0.004813604258965157,0.9017941151853676
2016-03-31,0.004382250277662715,-0.46593467516634457
2016-04-01,0.004765408676005981,1.324326935143134
2016-04-04,0.004197684825766804,-0.7655362846988598
2016-04-05,0.004866620713777377,-2.0951495938298077
2016-04-06,0.0073407266282640125,1.4239459472263105
2016-04-07,0.006290870594801104,-1.9151679864408528
2016-04-08,0.00906177868196389,0.3070812808698862
2016-04-11,0.008384308762871941,-0.3272238615249341
2016-04-12,0.008558706601182062,1.1235054932321489
2016-04-13,0.007454618437545144,1.340118190119882
2016-04-14,0.0064239876093588055,0.026916681763269907
2016-04-15,0.006208044484030256,-0.15862798320452573
2016-04-18,0.0062430808122923296,1.0443122249773331
2016-04-19,0.005546663689697026,0.5552415064549593
2016-04-20,0.005160800993100579,0.14750715058621983
2016-04-21,0.004990870127016359,-1.0434178259024112
2016-04-22,0.006078065186902486,0.007873982602930719
2016-04-25,0.005901171102724683,-0.3073440151438898
2016-04-26,0.006126131801888956,0.3054129807751097
2016-04-27,0.005797545695499166,0.2842572009438743
2016-04-28,0.005513789576720862,-1.6818987980089326
2016-04-29,0.007592635685208634,-0.6685358604056768
2016-05-02,0.008351756543049841,0.9314934717198656
2016-05-03,0.0073905159177777065,-1.1791462849614172
2016-05-04,0.009043608947472883,-0.6584299188585689
2016-05-05,0.009845225365802106,-0.024279453634815325
2016-05-06,0.009383209102236067,0.33779600550487204
2016-05-09,0.00867698324108635,0.08680589632151905
2016-05-10,0.008232504889887497,1.5069976151823266
2016-05-11,0.006964679078589043,-1.3794638302005389
2016-05-12,0.00888830471777382,-0.019067670759036277
2016-05-13,0.008511158188573375,-1.0003849033359082
2016-05-16,0.00998021153100185,0.9768306372394255
2016-05-17,0.008718117906989765,-1.0846221229219493
2016-05-18,0.010379034859030476,0.019766547582543155
2016-05-19,0.0098136938984447,-0.3784094512372798
2016-05-20,0.01005431543803247,0.5969038130734663
2016-05-23,0.009063049384691803,-0.23034593319417204
2016-05-24,0.00904171241058545,1.5028831837297554
2016-05-25,0.0076154112025066225,0.9126926264068215
2016-05-26,0.006800686984529351,-0.030947763131457456
2016-05-27,0.006612403979645163,0.646919781762782
2016-05-31,0.0060494210377271705,-0.16625865753384186
2016-06-01,0.006071174328637131,0.1868499556297294
2016-06-02,0.005789756015494026,0.4871873977828437
2016-06-03,0.0053947436472895635,-0.540537683965742
2016-06-06,0.00589377364126778,0.8288965299170603
2016-06-07,0.005342002828995136,0.24122331463450322
2016-06-08,0.005104578860419148,0.6472819917770638
2016-06-09,0.004723854022348427,-0.36394765582508315
2016-06-10,0.005010463754030709,-1.8396565393275381
2016-06-13,0.0072437414456744224,-1.124874327834455
2016-06-14,0.008827415104681175,-0.20396741861807233
2016-06-15,0.008744045870433988,-0.21070441430778503
2016-06-16,0.008701677064464097,0.3594816364561154
2016-06-17,0.008060577655485332,-0.4048449483504313
2016-06-20,0.008325733808180562,0.6956002812308385
2016-06-21,0.00752039973633265,0.3601391813156804
2016-06-22,0.0070125053759084455,-0.2357116191674176
2016-06-23,0.00711396528881941,1.8661276142040228
2016-06-24,0.005838299634705253,-6.265658683931093
2016-06-27,0.02138282380557377,-0.8540614971041504
2016-06-28,0.023412973636835158,0.7523231297871432
2016-06-29,0.01952275778726593,0.8651053890691054
2016-06-30,0.016669065324535264,0.8083154566341322
2016-07-01,0.014279298033868766,0.1363306717468848
2016-07-05,0.013058616739916977,-0.5261682092709832
2016-07-06,0.013655213701813707,0.39096327416443194
2016-07-07,0.012205649068095703,-0.07143887898700178
2016-07-08,0.011596703088547466,1.3053870958326328
2016-07-11,0.009600799325045574,0.3544308340162966
2016-07-12,0.00878788925710413,0.7948259363530614
2016-07-13,0.0077608347266029274,0.017363940829775482
2016-07-14,0.0074532247374797436,0.7037789663471095
2016-07-15,0.006696840115824291,-0.13877874397428494
2016-07-18,0.006689846548331403,0.3556825712934463
2016-07-19,0.006261040515688349,-0.22938751104021585
2016-07-20,0.006412248919262358,0.6645419367553801
2016-07-21,0.005836552339109204,-0.6200698025570616
2016-07-22,0.006540212811971903,0.6947215511386512
2016-07-25,0.005930726740320405,-0.5085411741236726
2016-07-26,0.006474091480346243,0.049849799265122514
2016-07-27,0.00626806948164397,-0.19132859811473588
2016-07-28,0.006370050170874711,0.25194785049423224
2016-07-29,0.006045754040691922,0.2696074148380262
2016-08-01,0.005745112290463534,-0.22116089003170455
2016-08-02,0.005896509753629509,-1.08232515154218
2016-08-03,0.007268133082553848,0.43051533048862795
2016-08-04,0.006716832230094389,0.03164427697575724
2016-08-05,0.006487971548887178,1.3203968643865842
2016-08-08,0.00554840639360461,-0.1635744080656244
2016-08-09,0.005638584320289013,0.06911628246001375
2016-08-10,0.005469344783406241,-0.5245229871395579
2016-08-11,0.00594580082304934,0.794411929194387
2016-08-12,0.005422250920301503,-0.14686951943386245
2016-08-15,0.00545201726414902,0.5115567613591232
2016-08-16,0.00512308834747617,-1.0724277708747354
2016-08-17,0.006361089194839619,0.2934789859054112
2016-08-18,0.00600713530907456,0.36576530797695544
2016-08-19,0.0056398952312040965,-0.2555560891972254
2016-08-22,0.0058173986203507964,-0.09686148742702479
2016-08-23,0.005710013477386524,0.34148206236006207
2016-08-24,0.005345823557266344,-0.9828336463760935
2016-08-25,0.006484115445301581,-0.21069341040743284
2016-08-26,0.006646709180785146,-0.23772128368132608
2016-08-29,0.00677497988583298,0.7696596176732692
2016-08-30,0.006075499216913871,-0.3218815997339998
2016-08-31,0.00634731264715076,-0.37475562301631204
2016-09-01,0.006676599695679777,-0.0061985728211669845
2016-09-02,0.006437698891576006,0.6512018765774243
2016-09-06,0.00586627490911409,0.5075183853690408
2016-09-07,0.005437372282635927,-0.02692402334859629
2016-09-08,0.005312787751300138,-0.4188927351607227
2016-09-09,0.005666887729601487,-4.381195392516091
2016-09-12,0.014402157235720867,1.0116808888391027
2016-09-13,0.01212706113150212,-1.2320996914411066
2016-09-14,0.014850546288949525,-0.039584361973971686
2016-09-15,0.01374871718688804,0.731596723731656
2016-09-16,0.011858939245216684,-0.31869863884296706
2016-09-19,0.011829744775499031,-0.0015725811653975127
2016-09-20,0.01102268346299176,0.02713436208513063
2016-09-21,0.010298144121513786,1.0543647676237724
2016-09-22,0.008799816018399404,0.7362372013341045
2016-09-23,0.007815320841283436,-0.7361556968111999
2016-09-26,0.008767756277131576,-0.9837009430123291
2016-09-27,0.01030671355382492,0.6232340824989824
2016-09-28,0.009145118848023793,0.5776389231709912
2016-09-29,0.008220014277537125,-1.1393079639379136
2016-09-30,0.010020307865042327,0.7920308133161612
2016-10-03,0.008785484783816378,-0.3717521869190414
2016-10-04,0.009034895486694904,-0.5498549256798457
2016-10-05,0.009617981536540886,0.4457781723647598
2016-10-06,0.008592177555001274,0.056032810020768785
2016-10-07,0.008153398241558682,-0.3996845664919734
2016-10-10,0.008553026897593666,0.5372753263078787
2016-10-11,0.007794036739572113,-1.6069436309128549
2016-10-12,0.010531345219181445,0.1088115698943414
2016-10-13,0.009887747829840967,-0.3139315914656903
2016-10-14,0.010011889605289924,0.020134476813866403
2016-10-17,0.009509131588364956,-0.3199680311041801
2016-10-18,0.009668017143671638,0.6352394202898289
2016-10-19,0.008640592594781163,0.25340532276370503
2016-10-20,0.00801076380391217,-0.17185266787018275
2016-10-21,0.008076522828053781,-0.010418486017636546
2016-10-24,0.007774930131833997,0.6094710263730733
2016-10-25,0.007035871227097551,-0.5407940739523636
2016-10-26,0.0077020750945938675,-0.22616345592507525
2016-10-27,0.007836692052830344,-0.381691137771336
2016-10-28,0.008167576707295197,-0.3811583595957507
2016-10-31,0.00852623575195368,-0.014342071666277842
2016-11-01,0.00826340848438398,-0.8241174476131773
2016-11-02,0.009401734469781696,-0.6963485806258592
2016-11-03,0.010321887462910231,-0.4294963531174817
2016-11-04,0.010584671662551913,-0.15754104849497702
2016-11-07,0.010400248954713538,2.1134301520256655
2016-11-08,0.00777158794041198,0.4844413298832748
2016-11-09,0.007108604954616428,1.5496880119216747
2016-11-10,0.0057726388324780675,0.3376004930587877
2016-11-11,0.005480738818187686,-0.25524448330859945
2016-11-14,0.005743003024030973,-0.020113076155412628
2016-11-15,0.005724154121205769,1.302018580261369
2016-11-16,0.0048747706086092035,-0.32483918721824434
2016-11-17,0.005241792325513046,0.8900523087284581
2016-11-18,0.004709308699410521,-0.5074314550346041
2016-11-21,0.005271436283533364,1.4101853216162565
2016-11-22,0.004452236807098277,0.4858436775296289
2016-11-23,0.004247093298949752,0.19017669263539205
2016-11-25,0.004214358989866085,0.92700826455891
2016-11-28,0.0038369321336284064,-1.3730733490334197
2016-11-29,0.005267154318874829,0.25334407774609413
2016-11-30,0.005086297621533157,-0.522370249021237
2016-12-01,0.005696729927893991,-0.6182007943749822
2016-12-02,0.006427134034880796,0.06175812079393826
2016-12-05,0.006278883598779226,0.9244361414617923
2016-12-06,0.005525406144105811,0.616259579851293
2016-12-07,0.005098158765611999,2.5651140629304927
2016-12-08,0.0037653317219811457,0.5728618820696831
2016-12-09,0.0036082966915641657,1.641056442729219
2016-12-12,0.0030781375768521245,-0.3697308070821079
2016-12-13,0.003504483386112488,1.8600411196321673
2016-12-14,0.002934559239380931,-2.7773490998186054
2016-12-15,0.005510802519118349,0.7032927915866887
2016-12-16,0.005085861213874168,-0.344515250671811
2016-12-19,0.005534275665296415,0.3565367601011464
2016-12-20,0.00525028837412263,0.6915643755965991
2016-12-21,0.004828850098153465,-0.5095179338074799
2016-12-22,0.005416977204774631,-0.34423464450860275
2016-12-23,0.005822076080442028,0.2148602178664978
2016-12-27,0.005610758300768217,0.40027546797751057
2016-12-28,0.005315463603357248,-1.578722259422647
2016-12-29,0.007289826428851211,-0.040240701850898265
2016-12-30,0.007154115471883061,-0.649672865237053
2017-01-03,0.007994322145887536,1.0570960988237095
2017-01-04,0.006832253820677394,0.8351510234120186
2017-01-05,0.006083328649297777,-0.12673449799079917
2017-01-06,0.006168570782231174,0.5691414274912392
2017-01-09,0.005693124604556307,-0.624420809043095
2017-01-10,0.006405717478367497,0.0
2017-01-11,0.006314856518521879,0.4474594760489981
2017-01-12,0.005892971854165932,-0.36435137429204534
2017-01-13,0.006275285089957978,0.29450955114430916
2017-01-17,0.005962088464808528,-0.498468694948045
2017-01-18,0.006501258060540389,0.27105530243519127
2017-01-19,0.006181387784085783,-0.5849556362776999
2017-01-20,0.006835743222831699,0.4916194116355766
2017-01-23,0.006308125271852268,-0.42702855919653115
2017-01-24,0.006735257638933872,0.9714759077869689
2017-01-25,0.005907632699687375,1.353173631866371
2017-01-26,0.005023499217920509,-0.14644272913165224
2017-01-27,0.005177564483404851,-0.16742224892020124
2017-01-30,0.005334251502139299,-1.1299942444931974
2017-01-31,0.0066658123180850515,-0.1335623575265265
2017-02-01,0.006698840128685545,0.044532931430808234
2017-02-02,0.006507349848404168,0.08761582702212024
2017-02-03,0.006286251141522039,1.1514806983676125
2017-02-06,0.005452529355882675,-0.388369759334564
2017-02-07,0.005836207644594161,0.03886144524951553
2017-02-08,0.0056930592733700144,0.12174160066305248
2017-02-09,0.0055415378526214865,1.035103231000523
2017-02-10,0.004922492153562575,0.7231513450829412
2017-02-13,0.004546904097516159,1.1507024278057374
2017-02-14,0.004055934035428347,0.9860434515795156
2017-02-15,0.0037089304190403042,1.3426751389482685
2017-02-16,0.0033033195622698642,-0.2617038967179027
2017-02-17,0.003580917402280882,0.4683574455443546
2017-02-21,0.0034763199587711014,1.7345497801073482
2017-02-22,0.0030140509978442637,-0.3592461267504564
2017-02-23,0.0033522646734210487,0.12495999333832605
2017-02-24,0.0033833888183274242,0.44105194884724863
2017-02-27,0.0033005087834843006,0.30827527950390005
2017-02-28,0.003257753632447483,-0.7924804655210583
2017-03-01,0.003917694637014882,3.466633401033346
2017-03-02,0.002879682306720189,-2.040890746312407
2017-03-03,0.004530926447165623,0.11118043393744059
2017-03-06,0.004498962542000625,-0.7296399409686714
2017-03-07,0.005223852491431286,-0.5585199633556075
2017-03-08,0.00579811694897637,-0.3944087337644903
2017-03-09,0.006178223341282044,0.12941837298490733
2017-03-10,0.005987695332051428,0.5450076406510242
2017-03-13,0.005572432102616376,0.06578198036682935
2017-03-14,0.005472112960953107,-0.6185451588889642
2017-03-15,0.006105626785586448,1.3659333296254124
2017-03-16,0.005219781299222213,-0.3118971286068613
2017-03-17,0.005504001920493075,-0.23894963759641638
2017-03-20,0.005711902030647582,-0.35223224585870583
2017-03-21,0.006027315178138566,-2.0715018579729
2017-03-22,0.008819651413125103,0.214079078528352
2017-03-23,0.008235628891819648,-0.1288100955937818
2017-03-24,0.008120994268771291,-0.10397153180930034
2017-03-27,0.007977389062781087,-0.12787486956162933
2017-03-28,0.007886468426115727,0.9161653149713727
2017-03-29,0.006934210960875575,0.1564325357203917
2017-03-30,0.006633091388208942,0.44184690669493
2017-03-31,0.0061951525041612525,-0.3644129723602907
2017-04-03,0.006517635316222632,-0.2521582181688395
2017-04-04,0.00668040781128903,0.0837323245020975
2017-04-05,0.0064444645357631955,-0.4747542320302907
2017-04-06,0.0068803434399737,0.2801677431588892
2017-04-07,0.006494333816397714,-0.12741452569869338
2017-04-10,0.006495286989623512,0.10583830042953143
2017-04-11,0.006239912126648156,-0.22995649022534848
2017-04-12,0.006367586794334721,-0.5915957709973196
2017-04-13,0.006930632268274995,-0.9866372973077323
2017-04-17,0.008127967039357928,1.0551796838714789
2017-04-18,0.0070821857946370735,-0.4105516192522029
2017-04-19,0.007431703721959315,-0.23114826170914787
2017-04-20,0.007485935868159366,1.0057326826691992
2017-04-21,0.006575052904826229,-0.462306258385283
2017-04-24,0.006993382056113235,1.5417056442221815
2017-04-25,0.005893269168861522,1.0303643084614185
2017-04-26,0.005250314860939803,-0.09253187447882665
2017-04-27,0.005299591307948384,0.10430370347042688
2017-04-28,0.00517703818764771,-0.3698986567375329
2017-05-01,0.005500944301073537,0.3146354029718547
2017-05-02,0.005249472707083057,0.22637389545961079
2017-05-03,0.005065251072796896,-0.2511562363926103
2017-05-04,0.005265866627111073,0.11051044948108696
2017-05-05,0.00512190900936336,0.7966481638035147
2017-05-08,0.00470963803817817,0.007950774901283372
2017-05-09,0.004672477648874543,-0.2195354657373862
2017-05-10,0.0048433556895297195,0.23330161769703048
2017-05-11,0.00467968410630831,-0.4626704121306034
2017-05-12,0.005090096357022319,-0.29066941704404603
2017-05-15,0.005314090724850319,0.8966994636977748
2017-05-16,0.004830638135654281,-0.14224477547060807
2017-05-17,0.004908949149177245,-3.7371477303222735
2017-05-18,0.010224498285797195,0.35992363873033506
2017-05-19,0.009270476157925457,0.7275465783312824
2017-05-22,0.008210932725346266,0.6268305280496194
2017-05-23,0.0074356784935383545,0.2469425182888226
2017-05-24,0.0069878917787436845,0.3557630660707156
2017-05-25,0.006528256623338834,0.6789120430917014
2017-05-26,0.005955130583096519,0.05214021438659147
2017-05-30,0.005786064736511767,-0.2083196065760867
2017-05-31,0.005906004400285,-0.07789947124475537
2017-06-01,0.005867828480544646,1.2854151429025757
2017-06-02,0.005121823051318309,0.7225697922332616
2017-06-05,0.004741214695982403,-0.25698206441928273
2017-06-06,0.004955622089950889,-0.5615659579546103
2017-06-07,0.005459773068801661,0.28701354005012514
2017-06-08,0.00520796885561009,0.05130004481050268
2017-06-09,0.005100639580111063,-0.16279014683266838
2017-06-12,0.005238528456353008,-0.18693083141135314
2017-06-13,0.005349600059016068,0.8414383867152152
2017-06-14,0.004893986398005759,-0.20358188280288056
2017-06-15,0.005024137689909848,-0.44626758564814173
2017-06-16,0.005442654173137749,0.05210677383446577
2017-06-19,0.005284651000697456,1.5729672982751983
2017-06-20,0.004575724211195551,-1.4684365002793753
2017-06-21,0.006099248461791916,-0.09555508304383345
2017-06-22,0.006061400738160584,-0.0752113236084181
2017-06-23,0.006007067309725131,0.2596439285578387
2017-06-26,0.00570665300971967,0.0553304956855456
2017-06-27,0.0055285544898209405,-1.4661312628096073
2017-06-28,0.0072627289725452045,1.2074664605689742
2017-06-29,0.006268442366814488,-1.377888850006478
2017-06-30,0.008009646905298118,0.19127654801622956
2017-07-03,0.0075229446165956835,0.3068170904854677
2017-07-05,0.007005212404579264,0.2073062103497804
2017-07-06,0.0066249902572101714,-1.4208303622214795
2017-07-07,0.008484245287199689,0.752301749130815
2017-07-10,0.0075411904178921884,0.12296945868290333
2017-07-11,0.007148372380319179,-0.10953361470618284
2017-07-12,0.007045354347689937,1.0331703117541828
2017-07-13,0.006196632741890738,0.3022334147402055
2017-07-14,0.005859833157529398,0.7956909428417304
2017-07-17,0.005328208743091576,-0.009930961653023472
2017-07-18,0.005247205851347106,0.11390418349178334
2017-07-19,0.005110637001038779,1.0484521234757997
2017-07-20,0.004597828942671599,-0.033422532791663274
2017-07-21,0.004599771930306198,-0.07999077666972652
2017-07-24,0.0046378225436824,-0.22948290612332314
2017-07-25,0.004808828180618423,0.6069893558813373
2017-07-26,0.004514697344855353,0.06260087543676862
2017-07-27,0.004449521330964979,-0.21871153434456014
2017-07-28,0.004627510390431659,-0.29000813934220376
2017-07-31,0.00483125086385679,-0.15077065031108924
2017-08-01,0.004918192006359425,0.49736178900202854
2017-08-02,0.004601980139577644,0.10702510493509056
2017-08-03,0.004480190316764097,-0.4879350385554626
2017-08-04,0.004902805547897281,0.38494723054008045
2017-08-07,0.004654073489449941,0.35363529347172395
2017-08-08,0.00446128256992203,-0.5418514053970467
2017-08-09,0.004875770749535647,-0.07458816490644792
2017-08-10,0.004835295057570082,-3.0153730490375925
2017-08-11,0.008794476035229145,0.1449497528767995
2017-08-14,0.008157123276277878,1.225144074396009
2017-08-15,0.007059247250788075,-0.07067783704952402
2017-08-16,0.006848179749561105,0.20722229486215643
2017-08-17,0.006458866868801638,-2.408679851002746
2017-08-18,0.010097838645006716,-0.1819254323557849
2017-08-21,0.009764503032935063,0.11899998501167217
2017-08-22,0.009039202209728238,1.0943106516612588
2017-08-23,0.00783816550075256,-0.4413749789165639
2017-08-24,0.008136563193237705,-0.2552203796394374
2017-08-25,0.00812969630981733,0.2056007512751921
2017-08-28,0.007584434091101786,0.06420432525975851
2017-08-29,0.007189743027936136,0.11717619930732569
2017-08-30,0.006804857807290346,0.6766536375127871
2017-08-31,0.006203083561191651,0.9196512554504418
2017-09-01,0.005593328287987675,0.35409651290966104
2017-09-05,0.005279641317663979,-1.4356010372876795
2017-09-06,0.006857416236224659,0.45554220212596097
2017-09-07,0.006353501873202895,-0.028087194812321616
2017-09-08,0.006154337267386834,-0.24209920235504825
2017-09-11,0.00622344420001657,1.7323165197044261
2017-09-12,0.005313152074692895,0.6320734937889037
2017-09-13,0.004938645376798323,0.1532473361295782
2017-09-14,0.0047866175971619015,-0.23008394309190291
2017-09-15,0.004918152555009556,0.3752379629378361
2017-09-18,0.004671741115654938,0.31141749791176965
2017-09-19,0.004467386803838677,0.24837330310831268
2017-09-20,0.0043047251308405855,0.14731409858584163
2017-09-21,0.004189880934273945,-0.7280793881183945
2017-09-22,0.004808539165564753,0.13467374869362067
2017-09-25,0.004643181119886483,-0.4790945350648706
2017-09-26,0.005018719768106979,0.014378990904011091
2017-09-27,0.004872171335885414,0.8367567806904564
2017-09-28,0.004497587271766271,0.26767476786839844
2017-09-29,0.004323556096152011,0.8553752943763063
2017-10-02,0.004018907217806513,0.9620821333176024
2017-10-03,0.0037259581550064384,0.5787803015883505
2017-10-04,0.0035523002683887084,0.35074277706787127
2017-10-05,0.003436303041609256,1.638651761241753
2017-10-06,0.00311577768937569,-0.34476502251838775
2017-10-09,0.0033697998413970962,-0.5359558291347412
2017-10-10,0.003769011780179856,0.6154715786980118
2017-10-11,0.0035791701899544615,0.5034359457732368
2017-10-12,0.003430119225175428,-0.49216281112344157
2017-10-13,0.0037946278649849344,0.2313064774929082
2017-10-16,0.003680060016125255,0.4753244579275533
2017-10-17,0.0035167570270855965,0.1911854871562428
2017-10-18,0.0034238728289878815,0.2167310377439332
2017-10-19,0.00333546493797546,0.098320360462117
2017-10-20,0.0032698932181749324,1.5608449097547432
2017-10-23,0.0030087826539741307,-1.3229255053499198
2017-10-24,0.004011423415805356,0.40299931146354484
2017-10-25,0.0038281665599882754,-1.2209384346313854
2017-10-26,0.004893503757033166,0.2595562021948994
2017-10-27,0.004665692864541261,1.7233474669614728
2017-10-30,0.004121938270567672,-0.775746060918285
2017-10-31,0.004777803411729572,0.19758304294440734
2017-11-01,0.004573927814104133,0.34780699927055775
2017-11-02,0.00435201228451631,0.043645963579353984
2017-11-03,0.004237657128743772,0.7297167355375894
2017-11-06,0.003956202505435021,0.3211271119288175
2017-11-07,0.0038026537186374846,-0.04973390139501401
2017-11-08,0.003805418263994233,0.37909470969596065
2017-11-09,0.0036455092772655993,-1.0338696332153388
2017-11-10,0.004523493774634195,-0.19852950413889384
2017-11-13,0.0045952368762077625,0.21394999600200135
2017-11-14,0.0043848374930122785,-0.5273355201800006
2017-11-15,0.004784007025569143,-1.158233822088566
2017-11-16,0.005946793251753369,1.3726141867409634
2017-11-17,0.005275530382666743,-0.49841755959487977
2017-11-20,0.005656136191406763,0.2253958967125969
2017-11-21,0.005347494604103203,1.219232437326714
2017-11-22,0.0047869898894757614,-0.15678802768718494
2017-11-24,0.0048072721374074825,0.4272660709697194
2017-11-27,0.004528120294192398,-0.08487662911619855
2017-11-28,0.004499731633953314,2.17798148735007
2017-11-29,0.003885114480227146,-0.09505353952128817
2017-11-30,0.003908244780811495,2.087276289055156
2017-12-01,0.0034086320486902905,-0.5945443529417851
2017-12-04,0.00384392691266453,-0.27386331041262774
2017-12-05,0.004036800249679637,-0.9280594268325304
2017-12-06,0.004828374277967535,-0.023633663001480197
2017-12-07,0.004707530563124265,0.6219963887320826
2017-12-08,0.0043844106703868,1.2524378869449648
2017-12-11,0.003962483583930041,0.806777379384177
2017-12-12,0.0036947929867664512,0.4188932174639131
2017-12-13,0.0035339720864211756,-0.13386324469525537
2017-12-14,0.003607685131135494,-1.130688400591825
2017-12-15,0.004517153199060422,1.9778637155811887
2017-12-18,0.003934283542580048,1.359454274637624
2017-12-19,0.003563898671923146,-0.9078535449415472
2017-12-20,0.004277755987579453,-0.19361461382493517
2017-12-21,0.004379761620925519,0.4529212282195196
2017-12-22,0.004140259227038538,-0.11068670172171671
2017-12-26,0.004187900649363443,-0.25286552588583094
2017-12-27,0.004336534560385912,0.18231800052158267
2017-12-28,0.004179583838408933,0.4383974753852335
2017-12-29,0.00396515436341475,-1.3105750284769024
2018-01-02,0.005125790331345984,1.6132298989736316
2018-01-03,0.004518062671091086,1.4117628966833355
2018-01-04,0.004074430041603723,0.9867743007667613
2018-01-05,0.0037751776401478802,1.8566400198087207
2018-01-08,0.0033550382840127064,0.49506551839123797
2018-01-09,0.0032356027480403204,0.4024237889173576
2018-01-10,0.003152588950513571,-0.35299426248988547
2018-01-11,0.0033774572030859412,2.0752374782061307
2018-01-12,0.002995174536157062,2.24592133710032
2018-01-16,0.0027304267465372255,-1.2930994270697105
2018-01-17,0.0036680227151942198,2.5547841259773687
2018-01-18,0.003278004865561821,-0.4935006395105643
2018-01-19,0.0036173356224124403,1.2096328468608153
2018-01-22,0.0033646786875497856,2.3878548676706948
2018-01-23,0.0031146772358456943,0.6973451191748795
2018-01-24,0.002963269595745412,-0.18902517274706432
2018-01-25,0.003077378911885163,0.19576380292524764
2018-01-26,0.002988627447327575,3.9388108131744812
2018-01-29,0.0027076902128018603,-2.494648853449392
2018-01-30,0.004837079139289903,-2.2655496198778673
2018-01-31,0.007726230141093593,0.06327353052746426
2018-02-01,0.00708333346134641,-0.09152447157270648
2018-02-02,0.0067448564619590826,-3.1782263473807113
2018-02-05,0.012818706334620695,-3.2641781351502672
2018-02-06,0.02421358948004804,0.7140855081888873
2018-02-07,0.019976404809766278,-0.25100303440492633
2018-02-08,0.018113420711890628,-2.1121936521181883
2018-02-09,0.025507198327531105,0.5812337760169486
2018-02-12,0.021063204337736723,0.656057143851971
2018-02-13,0.01761696292433143,0.1481255305744666
2018-02-14,0.015137343555160382,0.8795096550714339
2018-02-15,0.01290240761599755,0.9298157470936841
2018-02-16,0.011119428134864176,0.0335808321607864
2018-02-20,0.009875186402449507,-0.5932563566986456
2018-02-21,0.01021862099939228,-0.5393745872009724
2018-02-22,0.010479350320142326,0.092856661515328
2018-02-23,0.009383030293405177,1.6946847391398432
2018-02-26,0.008134228294140214,1.4369449931774585
2018-02-27,0.007236351100653195,-1.7672320294564552
2018-02-28,0.010067398469996082,-1.1083107633923663
2018-03-01,0.01173654287990852,-1.1429230900556684
2018-03-02,0.013618343620966882,0.37146848588914033
2018-03-05,0.011917694420659233,0.9206157855085279
2018-03-06,0.010384845413007649,0.25377199440021736
2018-03-07,0.009316934295130723,-0.05194754093839075
2018-03-08,0.00860588311425101,0.5174539497882162
2018-03-09,0.007751949753695544,2.2226081551926407
2018-03-12,0.006797826476982174,-0.1875301380984549
2018-03-13,0.006628222203890727,-0.9631406760273793
2018-03-14,0.007714878488861817,-0.7441426113809565
2018-03-15,0.008446580183984427,-0.09260983523012066
2018-03-16,0.007949389913757949,0.21410422255001796
2018-03-19,0.007272620951386049,-1.9671093319730337
2018-03-20,0.010498831605383063,0.1410355663729473
2018-03-21,0.009439128435528646,-0.1955362868760171
2018-03-22,0.009014569906553622,-2.8270774132359997
2018-03-23,0.015518490871535577,-1.3654554097536187
2018-03-26,0.01857856748706733,1.4422554766231042
2018-03-27,0.015513370701685649,-1.1233719596107885
2018-03-28,0.017601586194458677,-0.16594634524371799
2018-03-29,0.015916259310359917,0.8592331418565174
2018-04-02,0.013604646090219193,-1.6605123127559744
2018-04-03,0.017579673134384056,0.7130941070356042
2018-04-04,0.014986896753353369,0.7673438027704776
2018-04-05,0.012929852163701802,0.5289636196191033
2018-04-06,0.011303306589421516,-1.9608480829679078
2018-04-09,0.01585059981071986,0.21014945852969724
2018-04-10,0.013805985091100996,1.2015512755410702
2018-04-11,0.011815776060376825,-0.4689227135102118
2018-04-12,0.011782723840582892,0.697368351225841
2018-04-13,0.010317003950373915,-0.2801976078144401
2018-04-16,0.009949802627125666,0.8117082422866734
2018-04-17,0.00881993354810579,1.2023981310090932
2018-04-18,0.007807485905722758,0.1064389251018149
2018-04-19,0.007107851253355994,-0.8079209301293583
2018-04-20,0.007945839406163368,-1.0789517318588298
2018-04-23,0.009380322237135516,0.005994475430871181
2018-04-24,0.00854516705730092,-1.5764335461371564
2018-04-25,0.01123753169313857,0.16332538879019542
2018-04-26,0.010028509785533405,1.0350634749691467
2018-04-27,0.008815107755342052,0.12626110789053105
2018-04-30,0.008019924648312818,-1.0250959839940796
2018-05-01,0.009343774790965834,0.2724597101257562
2018-05-02,0.008436585102440526,-0.8572130919784059
2018-05-03,0.009374200881392052,-0.24068372479005976
2018-05-04,0.00906702150137579,1.4039682189352627
2018-05-07,0.007948946130196926,0.43426895823038886
2018-05-08,0.007225408510904077,-0.03676977036418904
2018-05-09,0.006800644677888659,1.41687272181675
2018-05-10,0.006061145912268827,1.5388198434505405
2018-05-11,0.005439011952142008,0.31368551604110434
2018-05-14,0.005082742032711096,0.1737447040284398
2018-05-15,0.004796483804369705,-1.4313933548021434
2018-05-16,0.006379431028003471,0.6352196347489055
2018-05-17,0.005852996447215649,-0.1462906728770055
2018-05-18,0.005742760534086583,-0.4589544068408413
2018-05-21,0.006050661632772041,1.216330542774358
2018-05-22,0.005465957225586663,-0.5745907739953471
2018-05-23,0.005925823731306448,0.5472901918707923
2018-05-24,0.005485109283750234,-0.36922928112347536
2018-05-25,0.005682416997028587,-0.4153167666892059
2018-05-29,0.005927641751414152,-1.962259697799241
2018-05-30,0.008699229583443463,1.4502290382052188
2018-05-31,0.007606988438789339,-0.9074988478006248
2018-06-01,0.008662510388630302,1.2456896702141238
2018-06-04,0.0076291977057296465,0.5858538565589098
2018-06-05,0.0069047925852733305,0.10171866292900342
2018-06-06,0.006406214140722038,1.3316602364388321
2018-06-07,0.0057440154271826485,-0.1243805193495491
2018-06-08,0.005604972857941891,0.5568321179877794
2018-06-11,0.005196658670245428,0.20554303730892415
2018-06-12,0.00490099308634665,0.35541108669515414
2018-06-13,0.004620849996565033,-0.8730546424165929
2018-06-14,0.005443712156677735,0.4534590462274389
2018-06-15,0.005080211984579232,-0.2003106009322137
2018-06-18,0.005103249162442263,-0.41706589530269295
2018-06-19,0.005380743416460047,-0.7492492466856386
2018-06-20,0.006090517324425233,0.2808776550478065
2018-06-21,0.005666938119138972,-1.1233101031615467
2018-06-22,0.006924274129854474,0.26864956820727365
2018-06-25,0.006379016987601471,-2.1664345767743374
2018-06-26,0.009671581482564744,0.2276929072733538
2018-06-27,0.008734039939352269,-0.9894145633803771
2018-06-28,0.01003660146651636,0.6137216905125841
2018-06-29,0.008937042119039201,0.08482850113256521
2018-07-02,0.008110133954733652,0.3777077976012668
2018-07-03,0.007398245944844533,-0.670379076001105
2018-07-05,0.00799196775200218,1.074060483212903
2018-07-06,0.007115242335016581,1.186961343398927
2018-07-09,0.0063599597060574305,1.3811865469800788
2018-07-10,0.005677074372628289,0.6107457981419546
2018-07-11,0.0052460818733307745,-1.3571054634334343
2018-07-12,0.006818875658431097,1.2774820977122416
2018-07-13,0.00610905533710182,0.17656666654460557
2018-07-16,0.005701183900337546,-0.18043000171202977
2018-07-17,0.005637522803171414,0.7034693218823359
2018-07-18,0.005200575406342773,0.41498909411160895
2018-07-19,0.0048711725445867845,-0.813115694998419
2018-07-20,0.005632516158245346,-0.16846782940608604
2018-07-23,0.0055613101477538975,0.33020318853689007
2018-07-24,0.005196342622849797,0.9178607401830604
2018-07-25,0.004790564397830519,1.8913084801606168
2018-07-26,0.004309364706227397,-0.7047216831007175
2018-07-27,0.004907653591088066,-1.3415442884559852
2018-07-30,0.0063763686564815335,-0.9050275519626886
2018-07-31,0.007358212775385371,0.6622310835591861
2018-08-01,0.006665761472481721,-0.15615516274739524
2018-08-02,0.006475267096622099,0.7589416017715207
2018-08-03,0.005909300910838934,0.7840914069630953
2018-08-06,0.005423686109792419,0.6512144285828664
2018-08-07,0.005029216284224504,0.5607636631839289
2018-08-08,0.004701473454918767,-0.0558153514661148
2018-08-09,0.00459302326405687,-0.314110030386782
2018-08-10,0.004761181845307204,-1.4994832155553497
2018-08-13,0.006428682608276114,-0.6243950604767196
2018-08-14,0.006953107298616749,0.9159832781071616
2018-08-15,0.0062757241695269705,-1.21598852582361
2018-08-16,0.0077680591911676155,1.0154678740871597
2018-08-17,0.006954194235900523,0.47706553235686133
2018-08-20,0.006361149659154393,0.38123217218111677
2018-08-21,0.005878460292333877,0.35152061115758493
2018-08-22,0.005462772371781677,-0.07289907525726125
2018-08-23,0.005292218845541124,-0.319845791139373
2018-08-24,0.005435567873976096,1.136901621240279
2018-08-27,0.004955764436497351,1.5418693735392772
2018-08-28,0.0044986402386674755,0.05984965752183623
2018-08-29,0.0043343712272007374,1.311664869228078
2018-08-30,0.004015774879365928,-1.1056825090652198
2018-08-31,0.005027874806168454,0.026744593389641923
2018-09-04,0.004788607521108854,-0.34575647337571036
2018-09-05,0.004972624892529321,-0.5645032275576068
2018-09-06,0.005424597826829703,-0.6745183981237414
2018-09-07,0.0060179161945829555,-0.36820019145633115
2018-09-10,0.006174383022746116,0.3070797855766686
2018-09-11,0.005729935119315809,0.651467357305876
2018-09-12,0.005280581826803113,0.06753201855218523
2018-09-13,0.004983564420622609,1.057145391276634
2018-09-14,0.0045761365089639515,0.06019136453349841
2018-09-17,0.004361269437885851,-1.2806571735812085
2018-09-18,0.005675384210425964,0.943487289862867
2018-09-19,0.005176861049691287,0.2419396659770866
2018-09-20,0.004867406856228804,1.6045533928058737
2018-09-21,0.004396197261776331,-0.0838454043478847
2018-09-24,0.004345680190063895,-0.8104329264878825
2018-09-25,0.005084298805738248,-0.2568591152912136
2018-09-26,0.005164938442173889,-0.6378971827150727
2018-09-27,0.0057187100641577,0.4825347320554253
2018-09-28,0.005287266634493246,-0.001299375388637926
2018-10-01,0.00504441914335702,0.7204976903999446
2018-10-02,0.004672725508394666,-0.0849116665564872
2018-10-03,0.004590359205309215,0.15494794740597817
2018-10-04,0.004354532666040595,-1.8837923722521293
2018-10-05,0.006505817124804026,-0.8520550882821779
2018-10-08,0.007420621328087906,-0.053256282846995906
2018-10-09,0.006954000085152183,-0.20404225147830843
2018-10-10,0.00672383101843317,-4.969843672601457
2018-10-11,0.01962733702509822,-1.0591136202511593
2018-10-12,0.02168933811127587,0.6503764815691974
2018-10-15,0.01805746961420818,-0.32797963490079507
2018-10-16,0.016852201895817633,1.262020723842576
2018-10-17,0.01403995953407115,-0.017998218730729244
2018-10-18,0.012423864295357433,-1.1668262169249282
2018-10-19,0.014525783241051303,-0.02486854782873351
2018-10-22,0.012902030293589767,-0.3339627173731237
2018-10-23,0.01239366433659672,-0.4459598090270796
2018-10-24,0.012262577013796678,-2.556621974799205
2018-10-25,0.01976931531936005,0.9334525592114011
2018-10-26,0.016461572867924906,-1.061814575693493
2018-10-29,0.018400278589969107,-0.3576689484898255
2018-10-30,0.017309954401985638,0.8980568412181827
2018-10-31,0.014568345867261133,0.7408444893407706
2018-11-01,0.012480742198193165,0.8414963390598473
2018-11-02,0.010774914623605776,-0.5880994214095634
2018-11-05,0.01112162511289535,0.5021472707904202
2018-11-06,0.009773828972976689,0.6384179385234147
2018-11-07,0.008635883680852614,2.4302178371515146
2018-11-08,0.007366458563272759,-0.34101447349683345
2018-11-09,0.007400685769107161,-1.2487472382559122
2018-11-12,0.009191518226034357,-2.1648383320513824
2018-11-13,0.013809589431481379,-0.10739050784468646
2018-11-14,0.012558744644693743,-0.6048525575890663
2018-11-15,0.012909655750617708,0.8162907629925353
2018-11-16,0.01118757247961206,0.1985093318081645
2018-11-19,0.009994183933360922,-1.6792928114618886
2018-11-20,0.013338676460098066,-1.3732993383101688
2018-11-21,0.016260288575774263,0.18687671480161344
2018-11-23,0.014153033737619785,-0.46466502050191555
2018-11-26,0.013962480931972568,1.1038851849081244
2018-11-27,0.01193401876600114,0.2728656983420893
2018-11-28,0.010582460902344232,2.146386508083642
2018-11-29,0.008961009097743665,-0.24388933451078587
2018-11-30,0.008674836840828171,0.9380634893693888
2018-12-03,0.007709350175652272,1.4115329497847977
2018-12-04,0.006846740665441543,-4.805239521429147
2018-12-06,0.01854936113334845,-0.08212616613545896
2018-12-07,0.016436270569383026,-1.4356258834213353
2018-12-10,0.020026524695810424,0.08791356711457882
2018-12-11,0.017365973015373806,-0.020523449794064317
2018-12-12,0.01533341620209022,0.35248968260670566
2018-12-13,0.01344011057466644,-0.014877132989641528
2018-12-14,0.012074511164194496,-1.5960242204957042
2018-12-17,0.0154491441258491,-1.3587992096890766
2018-12-18,0.018498211920808815,0.004670551627281328
2018-12-19,0.01623092344386884,-0.9559196819326381
2018-12-20,0.01769975661150723,-0.8981936776333229
2018-12-21,0.018960366979215507,-1.097189760163679
2018-12-24,0.02113883808802774,-1.3002877813743974
2018-12-26,0.024503632600446856,1.9753470214013453
2018-12-27,0.020122741518933583,0.42371110123308653
2018-12-28,0.017292769402355822,-0.07184239154094381
2018-12-31,0.015440329983204914,0.5476972235312147
2019-01-02,0.013427991878392186,0.0944067492821636
2019-01-03,0.011895080798468531,-2.1074536813691083
2019-01-04,0.017198904302793097,1.9628808013580716
2019-01-07,0.014440583977967986,0.48377378684187633
2019-01-08,0.012639490923371695,0.7633683504337812
2019-01-09,0.011088457495251674,0.36882238440946263
2019-01-10,0.009890200275809611,0.45582912870720965
2019-01-11,0.008852559888733617,-0.01652725836608035
2019-01-14,0.0081320690759134,-0.6482230460711396
2019-01-15,0.008682798786612152,1.228246691171121
2019-01-16,0.00771094318811548,0.2878403426067571
2019-01-17,0.007058906801927081,1.0713742111131677
2019-01-18,0.006383681192075612,2.0516238900077064
2019-01-22,0.00576270852804753,-2.474266529111187
2019-01-23,0.009464700281536297,0.23249441123272627
2019-01-24,0.008591666850503435,0.16001320056971757
2019-01-25,0.007860006665315007,1.0754275486583107
2019-01-28,0.007093682799630209,-1.1105339879475813
2019-01-29,0.008454002142454776,-0.1723808334275917
2019-01-30,0.008109677977314178,1.9026168406097044
2019-01-31,0.007171163719974936,1.1937600568124558
2019-02-01,0.006511678154674335,0.1379378039686486
2019-02-04,0.006043704318907138,1.1174241427318354
2019-02-05,0.0055487397926984984,0.8465652765933444
2019-02-06,0.005286444997161799,-0.4212501442280952
2019-02-07,0.0054499076739196305,-1.7250188011844179
2019-02-08,0.007508203889336501,0.09003119467398156
2019-02-11,0.006924215861348603,0.10237286329775683
2019-02-12,0.00643660670789261,1.9898455015331953
2019-02-13,0.005773626508450936,0.5229696776006235
2019-02-14,0.005375959113793817,-0.49389575469160335
2019-02-15,0.0056933872823539,1.90045119510727
2019-02-19,0.005164152562785589,0.29000330807106717
2019-02-20,0.0048542972237051105,0.36576531656738953
2019-02-21,0.004569869226658518,-0.773035102456265
2019-02-22,0.005201971930921265,1.2285031098926409
2019-02-25,0.004799451255468688,0.2565094183108809
2019-02-26,0.004531956806596569,-0.17448746900883552
2019-02-27,0.004535250005942274,-0.11999281970893992
2019-02-28,0.00448110154277206,-0.6314312612519453
2019-03-01,0.004949382108787143,1.3883867597358157
2019-03-04,0.0045564999054384684,-0.8533101011621881
2019-03-05,0.0052751074189105315,-0.21462567485325784
2019-03-06,0.005273167949713491,-1.2412791829398184
2019-03-07,0.006573826824212954,-1.2411204852977884
2019-03-08,0.008076444231840037,-0.2642207474226717
2019-03-11,0.007913200054726961,1.839904901025792
2019-03-12,0.007043977169508586,0.41865066521942335
2019-03-13,0.006486972873426109,1.0676084041278344
2019-03-14,0.005924151977150751,-0.14658626837143715
2019-03-15,0.005782740903837624,0.8598897116643193
2019-03-18,0.005341069100934992,0.6925760983434847
2019-03-19,0.004969663834639312,-0.02627342296607805
2019-03-20,0.0047842372719178235,-0.6163358071887344
2019-03-21,0.005248599277711161,2.056551648080079
2019-03-22,0.004754558963094897,-4.029149135170888
2019-03-25,0.010961084128630146,-0.07657753771979307
2019-03-26,0.010083589345773308,0.7097723541205384
2019-03-27,0.009050051887465983,-0.5143775234091549
2019-03-28,0.009301263445932646,0.38522236641177343
2019-03-29,0.008440536611668287,0.7951752776056876
2019-04-01,0.007648337297554279,1.5038818334702073
2019-04-02,0.006882306287587078,0.00253629439449961
2019-04-03,0.006448228571787181,0.3328158107606285
2019-04-04,0.005987845357685997,0.34778206827284674
2019-04-05,0.0055772873509280126,0.8293848482326664
2019-04-08,0.005164092669310272,0.20272907896198308
2019-04-09,0.004878320105861962,-1.2475557781369402
2019-04-10,0.006107780831633618,0.5684286732291121
2019-04-11,0.005663888130432784,0.006730772124090436
2019-04-12,0.005382035642413958,1.2239938244985367
2019-04-15,0.004955668578352566,-0.12703982003687375
2019-04-16,0.004891774464217937,0.10409889680404794
2019-04-17,0.004641974670716461,-0.49039492505183174
2019-04-18,0.0049667261142812115,0.31768347759563287
2019-04-22,0.004688023821361667,0.21576379631932022
2019-04-23,0.004439444507559069,1.9827595907567224
2019-04-24,0.00407780717152545,-0.5380756153349185
2019-04-25,0.004441724500411721,-0.0830852386811456
2019-04-26,0.004369935612053052,1.0696611433842456
2019-04-29,0.004081640341657962,0.26238188928708517
2019-04-30,0.0038994211187377763,0.24387330063476773
2019-05-01,0.0037266041095075724,-2.020726009258564
2019-05-02,0.005613023336885329,-0.378805595677793
2019-05-03,0.005784435489692989,1.658265097088308
2019-05-06,0.005256936086684752,-0.852400165263968
2019-05-07,0.006024150273848197,-2.7637902993860393
2019-05-08,0.010351787942661148,-0.1552113894063463
2019-05-09,0.009773688043209229,-0.3096066345222434
2019-05-10,0.00959254967712873,0.38711231058546924
2019-05-13,0.008693356848216658,-2.8097856288400958
2019-05-14,0.014741756614604933,0.5415899700383342
2019-05-15,0.013000253875512855,0.4478369717601168
2019-05-16,0.011566769614122547,0.7656378930282006
2019-05-17,0.010292715952869746,-0.5687942036728901
2019-05-20,0.010626691664376504,-0.6372875198880201
2019-05-21,0.011139877707346604,0.7594292608447285
2019-05-22,0.00994841757609547,-0.2843057543840737
2019-05-23,0.009661677403362512,-1.2405394778665317
2019-05-24,0.011582877020338183,0.11677960230969517
2019-05-28,0.010475531944064276,-0.8029138801897383
2019-05-29,0.011391554711739131,-0.608864228171003
2019-05-30,0.011827596809608616,0.17723572326155979
2019-05-31,0.010654646498464294,-1.2467053930290388
2019-06-03,0.012720547564076323,-0.21768486304221218
2019-06-04,0.012050585282607329,1.7597425007799767
2019-06-05,0.010496173159851671,0.7744467297763286
2019-06-06,0.009399201024701638,0.6507830463386615
2019-06-07,0.008492584593363162,1.2296585488733953
2019-06-10,0.007655627037587301,0.607294484428178
2019-06-11,0.007016193632472334,-0.049876254317141655
2019-06-12,0.006633236724899473,-0.30749058292773523
2019-06-13,0.006653669234209383,0.6145497106808877
2019-06-14,0.006129991040733497,-0.2631018178388097
2019-06-17,0.006122595832311009,0.15211120542004966
2019-06-18,0.005724024663679133,1.6894563111044782
2019-06-19,0.005209031157864364,0.572220956775013
2019-06-20,0.004863774873148252,1.938330942889868
2019-06-21,0.004491006561936677,-0.28056433727067126
2019-06-24,0.004591685702486697,-0.37750590369202697
2019-06-25,0.004793480943765211,-1.990573395894836
2019-06-26,0.007049223152167953,-0.17515343920186094
2019-06-27,0.0068730062070900275,0.5551989446269268
2019-06-28,0.00634283775894715,0.9051062093621076
2019-07-01,0.005829013972635033,1.3112026574021811
2019-07-02,0.005335269583562047,0.5480224065897938
2019-07-03,0.00498894558119993,1.5320062198083346
2019-07-05,0.004601644517650553,-0.3928017902328681
2019-07-08,0.004818983836203547,-1.0058496095604175
2019-07-09,0.005742056065071911,0.2152178669886121
2019-07-10,0.005389007475921335,0.8351346618447325
2019-07-11,0.005010339247283699,0.4555818411271448
2019-07-12,0.004713175564164505,0.9780103115855653
2019-07-15,0.0043984013646496374,0.03998128269915357
2019-07-16,0.004216791735256247,-0.8085731449582502
2019-07-17,0.004861064535449942,-1.3479898113484483
2019-07-18,0.006226158110783768,0.5742863649135297
2019-07-19,0.005769359475142503,-1.0739302155705701
2019-07-22,0.006899369427740634,0.4094144712547908
2019-07-23,0.0063820350603206585,1.0692741538987454
2019-07-24,0.005843083924964076,0.8004664785822081
2019-07-25,0.005408019452159667,-0.9756430298144612
2019-07-26,0.0063517094343851855,1.1588275324648984
2019-07-29,0.005806641432125284,-0.27854689289200846
2019-07-30,0.005851590946355689,-0.4412450213480035
2019-07-31,0.006100635352203093,-1.7941093542309179
2019-08-01,0.008470384752762792,-1.0671920854430457
2019-08-02,0.00988070925444168,-0.739763548480015
2019-08-05,0.010597168444159573,-2.852666004979433
2019-08-06,0.01792213737879639,0.7216228532243932
2019-08-07,0.015587753499203983,0.049178499897246056
2019-08-08,0.013835624730290793,1.3435217295369875
2019-08-09,0.012037538714775526,-0.5514909061525037
2019-08-12,0.012278831344808455,-1.009363901814252
2019-08-13,0.01383451386595028,1.085570943281555
2019-08-14,0.012116120148497677,-2.4537848824668416
2019-08-15,0.01868434055391422,0.13172724459171725
2019-08-16,0.016448466265665825,0.87078381296513
2019-08-19,0.014352453177703601,0.8384054917587763
2019-08-20,0.01261000430462938,-0.6301516732391589
2019-08-21,0.01310846281501472,0.6265402490935453
2019-08-22,0.011649798232015372,-0.04345165033735771
2019-08-23,0.010676449944532327,-2.4623242050885072
2019-08-26,0.016638299705979787,0.6565041454850249
2019-08-27,0.014579184626504654,-0.2200618129716279
2019-08-28,0.013718923699760268,0.4755585549817517
2019-08-29,0.012195625926977737,1.033770838543465
2019-08-30,0.010801119384111,0.059492052353561545
2019-09-03,0.009811854184577815,-0.7055760514222505
2019-09-04,0.010486112512376572,1.0283816109824744
2019-09-05,0.00936452066767339,1.3803069458087849
2019-09-06,0.008373637065058281,0.10869718824750198
2019-09-09,0.0077005624203333985,-0.012208806807596716
2019-09-10,0.007198094676310168,0.04476912855718238
2019-09-11,0.006684238853588577,1.0777101902215172
2019-09-12,0.006113655568013996,0.4702614084566823
2019-09-13,0.005677297883666387,-0.12764468094054018
2019-09-16,0.005537620336284377,-0.567123191125778
2019-09-17,0.005953983573094216,0.43305886568348767
2019-09-18,0.005543339187357268,0.06180990783478415
2019-09-19,0.0052266338102588215,0.0038216800057055715
2019-09-20,0.004983961612790329,-0.9846783515118053
2019-09-23,0.005914804763346299,-0.016389487346886354
2019-09-24,0.005622376774184089,-1.5032768707996165
2019-09-25,0.007400775250844597,0.8296002829248222
2019-09-26,0.006748144909283411,-0.3603762281789443
2019-09-27,0.0068573530688921325,-0.7773457959034908
2019-09-30,0.007626768914741674,0.6601629433818551
2019-10-01,0.006967161873657717,-1.7703230051317809
2019-10-02,0.009575685723155408,-1.8865911758108886
2019-10-03,0.013269105109854056,0.598405446948301
2019-10-04,0.011751431066181635,1.2012822233953446
2019-10-07,0.010346266599334668,-0.43381370763925897
2019-10-08,0.010391994600458296,-1.5091577849182736
2019-10-09,0.013193799958565712,0.68693602626298
2019-10-10,0.011643645662977112,0.5492439908333349
2019-10-11,0.01041028832781745,1.0450795723608877
2019-10-14,0.009287742265930588,-0.14945307842041206
2019-10-15,0.008852777439281092,1.1190211709753515
2019-10-16,0.008019678417448503,-0.24957915380231674
2019-10-17,0.007829916565898662,0.3523692681210504
2019-10-18,0.007211786702548671,-0.5445315941487383
2019-10-21,0.007539620400092509,0.9082836723783434
2019-10-22,0.006856732524075629,-0.5213925504347219
2019-10-23,0.0071855272028073,0.3956708068294883
2019-10-24,0.006616738659602579,0.28996228472558977
2019-10-25,0.006148001891263463,0.6610976350595473
2019-10-28,0.005685199284092453,0.9790017267629326
2019-10-29,0.005239513768559066,-0.15893687721124505
2019-10-30,0.005177356763097195,0.6273644157592165
2019-10-31,0.004839320353934491,-0.6255916974122647
2019-11-01,0.0053321869077102855,1.8033746239732644
2019-11-04,0.00484773943644341,0.7626742018183468
2019-11-05,0.004556394364785012,-0.2603819197454343
2019-11-06,0.0046455715432893434,0.15116559625543177
2019-11-07,0.00441162427718225,0.6179980598942265
2019-11-08,0.004166193927625635,0.6138464002260682
2019-11-11,0.003944452666740475,-0.4980147004683901
2019-11-12,0.004285475864975478,0.36481906572871253
2019-11-13,0.004068833971622536,0.17481213907424714
2019-11-14,0.0038888261547288805,0.2151530002025334
2019-11-15,0.0037214869078920744,2.059937054115446
2019-11-18,0.0034613531856301054,0.14532649395589747
2019-11-19,0.0033415463817684666,-0.17739394638588996
2019-11-20,0.003418049386461207,-1.1009953325562667
2019-11-21,0.00429181680909615,-0.3690758847934587
2019-11-22,0.004502670061584578,0.4825079147841289
2019-11-25,0.004250640771732782,1.7595586851763925
2019-11-26,0.003927280171844144,0.5584433880380758
2019-11-27,0.0037319545200690733,1.116234295701599
2019-11-29,0.0035173301211505453,-1.1427094107031845
2019-12-02,0.00443490877781148,-1.9546024796123735
2019-12-03,0.006567769782408184,-1.0140771492756733
2019-12-04,0.007723776217378936,0.816136748574669
2019-12-05,0.007010989723258004,0.21382529226320937
2019-12-06,0.006485580398697045,1.402225471177959
2019-12-09,0.0058826226291402595,-0.5385070374535442
2019-12-10,0.006262794036374689,-0.1752470482995358
2019-12-11,0.00614184677354709,0.47281178388514145
2019-12-12,0.005702091047918035,1.4974624753971728
2019-12-13,0.0052069456561269056,0.013938910641363865
2019-12-16,0.004962649166091867,1.4351933219875839
2019-12-17,0.004575133405045656,0.07327349801227373
2019-12-18,0.004361733044260993,-0.09913344905225863
2019-12-19,0.004317836369340682,1.030464899841701
2019-12-20,0.004045090953309799,1.2194029408159592
2019-12-23,0.0038045930552140983,0.2275588221221152
2019-12-24,0.0036483203107622927,-0.05357734130190953
2019-12-26,0.003613667399288094,1.415476812022486
2019-12-27,0.0034049919161404183,0.009980681450654326
2019-12-30,0.00334309758314073,-1.734198878485069
2019-12-31,0.004777675926893785,0.6157158185701903
2020-01-02,0.0044887127604701675,1.858861506086173
2020-01-03,0.004146754670432199,-1.7085431688234811
2020-01-06,0.005807043068735002,0.6073909135034103
2020-01-07,0.005398089553570541,-0.5200312178477675
2020-01-08,0.0057496663930760635,0.8505664766099591
2020-01-09,0.005326906133491171,1.2452282714730314
2020-01-10,0.004930294673133153,-0.5799374433109222
2020-01-13,0.005355611853923101,1.2980765289855378
2020-01-14,0.004951980900013436,-0.306075662951666
2020-01-15,0.005075905853315246,0.3681018320044789
2020-01-16,0.004775440900983205,1.744707472040371
2020-01-17,0.004414932891929284,0.8731102695876364
2020-01-21,0.004168613282922886,-0.6370224795049244
2020-01-22,0.004626876002995301,0.06246856334474662
2020-01-23,0.0044008077630597235,0.25911747450771905
2020-01-24,0.004181366772261061,-2.1723254430708168
2020-01-27,0.0064705151745554105,-2.45046212381892
2020-01-28,0.010379063623402135,0.9638040446921847
2020-01-29,0.009261176470386219,-0.09364362577027247
2020-01-30,0.00866148598356683,0.3613071632451778
2020-01-31,0.007880341209012725,-2.2669632059752165
2020-02-03,0.01196566564715598,0.6040972541256043
2020-02-04,0.010586658723147253,1.4045334138329413
2020-02-05,0.009396668234440379,1.1906112230256463
2020-02-06,0.008413913845189214,0.3946029301097075
2020-02-07,0.007670079012548384,-0.7060541358961311
2020-02-10,0.00833486085450434,0.8758022776863501
2020-02-11,0.007543843247899933,0.22363252132430553
2020-02-12,0.006951685488048563,0.9266606086074989
2020-02-13,0.006374411652152593,-0.2559885443605232
2020-02-14,0.006354321990039254,0.28985564492521443
2020-02-18,0.005931214820484377,-0.49302108836941294
2020-02-19,0.006257252709930808,0.7502890648533218
2020-02-20,0.005781236136051947,-0.6612456813790403
2020-02-21,0.006327324760190573,-1.671134268205593
2020-02-24,0.008539700981317377,-3.991718152077721
2020-02-25,0.01879304490003872,-1.6361321190314269
2020-02-26,0.023748018886260894,-0.1594110793687875
2020-02-27,0.021177405249995843,-2.1328456351974974
2020-02-28,0.029592111476612053,-0.27954960619118685
2020-03-02,0.026779623082557515,1.6807879868455027
2020-03-03,0.022339727845539593,-1.2762234670019659
2020-03-04,0.025753325744518003,1.6050878154808057
2020-03-05,0.02159292406530925,-1.5982449776418386
2020-03-06,0.02690904575280635,-0.6392253300394908
2020-03-09,0.02658988627773148,-2.971446064684436
2020-03-10,0.044704650884073244,1.0785243027820288
2020-03-11,0.0366362494379561,-1.3675770194068395
2020-03-12,0.04219452881136664,-2.368668526890837
2020-03-13,0.060748915409280624,1.4618928807355815
2020-03-16,0.048908044717694395,-2.6100449979067317
2020-03-17,0.07465650662208669,0.7799228127621215
2020-03-18,0.059726783639332585,-0.8910955703469559
2020-03-19,0.06012400279905077,0.0781179021978798
2020-03-20,0.04893576561884846,-0.9058328503251954
2020-03-23,0.05001222809381158,-0.594484631914564
2020-03-24,0.04741532749057973,1.8914396939635367
2020-03-25,0.03909852704526095,0.2933356135781241
2020-03-26,0.032503675676376555,1.8626764454904259
2020-03-27,0.02820783029947075,-1.2148345043847506
2020-03-30,0.03235065379957643,1.0190393917295957
2020-03-31,0.02745594676903965,-0.5879349535532452
2020-04-01,0.02701709301184477,-1.671029622357736
2020-04-02,0.034445543722123786,0.6553142908428577
2020-04-03,0.029129146039369322,-0.5236288357142392
2020-04-06,0.028208634173841517,2.409483696586042
2020-04-07,0.024433773236733125,-0.06566071612513687
2020-04-08,0.02140346537902569,1.5646705147150137
2020-04-09,0.018913956561694617,0.7604686125180989
2020-04-13,0.016555722489745586,-0.6134470694931944
2020-04-14,0.016870399037322285,1.785053187282923
2020-04-15,0.015234179666357655,-1.4622863298352347
2020-04-16,0.019151193651572414,0.30284471793564693
2020-04-17,0.016803247394542583,1.5735608362171754
2020-04-20,0.015045267078145725,-1.1992373097554552
2020-04-21,0.017691346506908904,-1.7610369693546992
2020-04-22,0.023502914712905453,0.9646165532689435
2020-04-23,0.020573475769716847,-0.026226373522660537
2020-04-24,0.018239012312270837,0.7578310892163979
2020-04-27,0.01612698072895224,0.9057410328216408
2020-04-28,0.0143566143406171,-0.36611488375873374
2020-04-29,0.013951032439084556,1.8806281298271652
2020-04-30,0.012663077283448041,-0.7308763195461371
2020-05-01,0.013462846155448254,-2.1139817454765084
2020-05-04,0.019512505256490207,0.21733870269883088
2020-05-05,0.017261731849514742,0.5213807789531155
2020-05-06,0.015338628017700487,-0.4566171362236736
2020-05-07,0.015237655704166192,0.7507031250064816
2020-05-08,0.013633483658649059,1.2271841507369992
2020-05-11,0.012275735340629201,0.010840032234230251
2020-05-12,0.01110493332490728,-1.8652399943356563
2020-05-13,0.015330608540405733,-1.149138768878509
2020-05-14,0.017747813549292238,0.6456523656982506
2020-05-15,0.015775095360107086,0.24840897086634783
2020-05-18,0.014111875830786247,2.197809075276223
2020-05-19,0.012813076103061033,-0.8225774690498375
2020-05-20,0.013907857685047056,1.187385648270611
2020-05-21,0.012555691577615371,-0.6215482645230174
2020-05-22,0.013030304694192498,0.1804213901352589
2020-05-26,0.011712552633037982,1.0428371512292431
2020-05-27,0.010632419427302323,1.3842989914901798
2020-05-28,0.009737594270289984,-0.2167002717866125
2020-05-29,0.00936487977937282,0.5126380333127156
2020-06-01,0.008532978566458882,0.43879361107046827
2020-06-02,0.007793232280567151,1.0492831456840779
2020-06-03,0.007195488170401787,1.8840515739191621
2020-06-04,0.006785482387643779,-0.49729538606621276
2020-06-05,0.007038890352038088,3.6758653037044766
2020-06-08,0.006873707999104499,1.7413681825536227
2020-06-09,0.006659633694685098,-1.1757018146463731
2020-06-10,0.008073391318709554,-0.6598535268365023
2020-06-11,0.00859813884483198,-7.065795760300483
2020-06-12,0.03679507627771437,0.35266366910808744
2020-06-15,0.03160302996684485,0.26193250542304997
2020-06-16,0.02736717009225408,0.6864009981078573
2020-06-17,0.02428666768132373,-0.1485093088914458
2020-06-18,0.022079967382778162,0.026904179408618122
2020-06-19,0.01946902096528104,-0.29100146205488553
2020-06-22,0.018452102550225388,0.3508593819612779
2020-06-23,0.016526441595997986,0.26007832155017796
2020-06-24,0.014816445468745143,-1.767985827027167
2020-06-25,0.019458225839359772,0.5601655473732252
2020-06-26,0.017503747090051282,-1.4011402329259002
2020-06-29,0.021116760917505303,0.6903941456972003
2020-06-30,0.018972516240452673,0.806026424852892
2020-07-01,0.01723001535430713,0.2907463442636642
2020-07-02,0.01544897550201668,0.2932861454938961
2020-07-06,0.013905300666218628,1.133160023676633
2020-07-07,0.012802580091697968,-0.8496316985899482
2020-07-08,0.013898715073946138,0.5609861215190068
2020-07-09,0.012618711807744112,-0.4485078637521704
2020-07-10,0.012608096279824137,0.825803479237829
2020-07-13,0.011552006793133174,-0.8142866762898863
2020-07-14,0.012526452166408499,1.0631342702617328
2020-07-15,0.011583949448049212,0.7804813873628095
2020-07-16,0.010654378955107579,-0.3202359544831536
2020-07-17,0.010401207842716649,0.2734838713539485
2020-07-20,0.009483315627792862,0.8827922199072525
2020-07-21,0.008802433951597995,0.19058698353036127
2020-07-22,0.00803625198325759,0.7130974248208455
2020-07-23,0.0074629496955831475,-1.6610561397168253
2020-07-24,0.00987940736994266,-0.6285437771467703
2020-07-27,0.01034183905232643,0.7124389370403865
2020-07-28,0.009544578594670389,-0.6804318655067011
2020-07-29,0.010122379120955078,1.2202450831122171
2020-07-30,0.009457452260804538,-0.3972847718224347
2020-07-31,0.00944509165696305,0.8090166320982579
2020-08-03,0.008753091054809032,0.8174669519093573
2020-08-04,0.008136114274792848,0.44313819894390516
2020-08-05,0.007514903127565186,0.8528600205114628
2020-08-06,0.007026546482033413,0.9118456751190581
2020-08-07,0.006595673625247166,0.0959461164868335
2020-08-10,0.0060822422819095615,0.4502394259329538
2020-08-11,0.005667092413793544,-1.4118448786724311
2020-08-12,0.007173991531443521,1.9374851827872734
2020-08-13,0.006889577957198253,-0.29744531361541726
2020-08-14,0.006824850627623492,-0.025186982932966707
2020-08-17,0.006399502865679669,0.422873083147887
2020-08-18,0.005958645307216277,0.38611803542487505
2020-08-19,0.00555531589699105,-0.7945764790032086
2020-08-20,0.006160552849165494,0.5119109998013722
2020-08-21,0.005756042221412733,0.596798955051911
2020-08-24,0.00540153896185652,1.8501422345506835
2020-08-25,0.005231126895653844,0.6862574388173764
2020-08-26,0.004941729339268598,2.052722973764517
2020-08-27,0.004865660215973892,0.34355996054169796
2020-08-28,0.004531078889017912,1.4808841368515122
2020-08-31,0.0043968955969602855,-0.499756049934007
2020-09-01,0.004635144621602069,1.6173888913341026
2020-09-02,0.004522286094677893,3.371978204080505
2020-09-03,0.004771026934462775,-7.49473742935653
2020-09-04,0.020193659607806117,-0.4043982573182188
2020-09-08,0.01930402694854622,-1.458184303280134
2020-09-09,0.023489857112726043,0.849079692842213
2020-09-10,0.02150325551387436,-0.825049300741898
2020-09-11,0.02269588313808565,0.02348135804386467
2020-09-14,0.019959094567849472,0.6343641983348957
2020-09-15,0.018119944031926925,0.2872959166610518
2020-09-16,0.016247302722279592,-0.2849486447866365
2020-09-17,0.015470172984452746,-0.5460798361493527
2020-09-18,0.015548685201344383,-0.723249381038107
2020-09-21,0.016176665614154817,-0.7194661931513987
2020-09-22,0.01685646476567796,0.6207123820933982
2020-09-23,0.015373411203298387,-1.5616143090756651
2020-09-24,0.019105737149002256,0.15613140342951276
2020-09-25,0.01701348106714777,0.9316399837064767
2020-09-28,0.0157255546729379,1.0163197538181878
2020-09-29,0.01461436670611284,-0.3301054914973577
2020-09-30,0.014042955701419366,0.5853356475053962
2020-10-01,0.012854435551272678,0.4106714404719036
2020-10-02,0.011726879744905867,-0.8206627061688396
2020-10-05,0.012564195525492053,1.4177675734796864
2020-10-06,0.01203067329759575,-1.1696821981140082
2020-10-07,0.013885771722988991,1.2420745576342047
2020-10-08,0.013113120980451854,0.6084144961952747
2020-10-09,0.012066075281836244,0.7255959354018325
2020-10-12,0.011194481722132332,1.4545139795201876
2020-10-13,0.010763910653689607,-0.5877874531589776
2020-10-14,0.01104222249074231,-0.6017966120163623
2020-10-15,0.01136294559843158,-0.1345534483966936
2020-10-16,0.010610771217075718,0.012714481715805076
2020-10-19,0.009656354608579588,-1.7050599509169733
2020-10-20,0.0125190166519668,0.3767225055379539
2020-10-21,0.011422065900064293,-0.192444521928159
2020-10-22,0.010788779624525931,0.4824784808522983
2020-10-23,0.009933730264879365,0.3462786112232909
2020-10-26,0.009137062031757553,-2.053665928949776
2020-10-27,0.012751264739419508,-0.23763959202251242
2020-10-28,0.012110446093137743,-2.9664920542385413
2020-10-29,0.020126044210452908,0.5901072667737539
2020-10-30,0.018297931576891916,-0.6669449710192008
2020-11-02,0.01870806776313264,0.6544209185899129
2020-11-03,0.01708515882199066,1.0326352753226602
2020-11-04,0.0159410509439102,1.3680105365589281
2020-11-05,0.015098796449934797,1.276476958982067
2020-11-06,0.014299515774566889,-0.020123519559019174
2020-11-09,0.012919197622736517,0.9003635586371377
2020-11-10,0.012074646594060885,-0.11600962479152763
2020-11-11,0.01120536591125423,0.680274827557093
2020-11-12,0.010402365867327814,-0.9640741034276643
2020-11-13,0.01154660547659295,1.1707810346251484
2020-11-16,0.010970128550962601,1.055660821934126
2020-11-17,0.010393865207972768,-0.4621422049001124
2020-11-18,0.010423399577467754,-1.115874965843607
2020-11-19,0.011930424080011617,0.3301371069727695
2020-11-20,0.010927893549450339,-0.6237009302915862
2020-11-23,0.011287781194707245,0.4978930832292201
2020-11-24,0.01040572804937969,1.5407339820867922
2020-11-25,0.010081130289055251,-0.15729136615087838
2020-11-27,0.009505148095491984,0.2518751945629819
2020-11-30,0.008713648924622668,-0.5286121436402101
2020-12-01,0.008899414340458517,1.2594245230992056
2020-12-02,0.0085501266226559,0.20930269311590766
2020-12-03,0.007847041805107126,-0.07956528024198241
2020-12-04,0.007362788374946326,1.194854892899286
2020-12-07,0.007103764004639619,-0.27274462351206613
2020-12-08,0.0069653230607683156,0.39958967385851435
2020-12-09,0.006483772815069524,-1.2309137250959374
2020-12-10,0.007734568157238907,-0.16625808986740562
2020-12-11,0.007393148127599486,-0.1712123255729488
2020-12-14,0.007074181133624301,-0.61756804959114
2020-12-15,0.00742154278575212,1.7298939577449208
2020-12-16,0.007314954867457567,0.2421376006301347
2020-12-17,0.006757391093436557,0.8496093728479268
2020-12-18,0.006425344811616328,-0.5474098364012633
2020-12-21,0.006686631001303751,-0.5853363952857974
2020-12-22,0.006996659713446786,-0.29660506252462376
2020-12-23,0.006895259965933247,0.10812257630624297
2020-12-24,0.006343827104623834,0.556501607194422
2020-12-28,0.0059644193562380255,1.4560860026264415
2020-12-29,0.005836911253084642,-0.38202822187871704
2020-12-30,0.00589606151111687,0.22738027623233625
2020-12-31,0.00547400300355828,1.1724883430885145
2021-01-04,0.005304399161159806,-2.8023461772767346
2021-01-05,0.00874153797041365,0.8073672398665144
2021-01-06,0.00824314426826368,0.6907077199165277
2021-01-07,0.007730405888275953,1.9065312120420432
2021-01-08,0.007693189695592265,0.7119072335697114
2021-01-11,0.0072554020142748445,-0.9064043045005665
2021-01-12,0.008086137043515466,0.05140922400052134
2021-01-13,0.007369408373904995,0.3084448942704914
2021-01-14,0.006814942645347307,-0.5518040670980812
2021-01-15,0.00708148495971914,-1.0189954281233968
2021-01-19,0.008072875429031507,1.003788266894447
2021-01-20,0.007703645715653207,1.796476355135385
2021-01-21,0.00761955181758849,0.04156060210550858
2021-01-22,0.00698656513494529,-0.4315643817384107
2021-01-25,0.007061001459591777,0.5111622669493497
2021-01-26,0.006602763277972596,-0.22565448713336167
2021-01-27,0.0064392503676520664,-4.039804890454243
2021-01-28,0.01366208127454323,0.710967720332512
2021-01-29,0.012624768211132634,-1.5446127270357402
2021-02-01,0.01575622326295006,1.0106673387983252
2021-02-02,0.014761541997799846,0.9350329942744948
2021-02-03,0.013754728998843961,0.07330283391476786
2021-02-04,0.012379929636348472,0.8719635701504602
2021-02-05,0.01154501413034631,0.33693502353873833
2021-02-08,0.010523373023603092,0.7005460568350325
2021-02-09,0.009817518778830699,-0.11348543830895515
2021-02-10,0.009192232105238484,-0.03755829035194308
2021-02-11,0.008463740636659077,0.1962577642554371
2021-02-12,0.0077280645477545195,0.6081692119829449
2021-02-16,0.007230783730014176,-0.07875142400548378
2021-02-17,0.006800524333924615,-0.0471218590189008
2021-02-18,0.006380688799984652,-0.6935950594006943
2021-02-19,0.0068810031755695625,-0.2698180844120482
2021-02-22,0.006741551420310452,-1.1514994709263842
2021-02-23,0.007947753911983397,0.15797288459492284
2021-02-24,0.0072978646919552295,1.5467082698079089
2021-02-25,0.00714987641641141,-3.4662689228146997
2021-02-26,0.013683944444176343,-0.34796489515309514
2021-03-01,0.0132693228215619,1.7719196029723194
2021-03-02,0.012916591138344386,-0.6281594464519676
2021-03-03,0.013313926104310694,-0.9878630684710744
2021-03-04,0.01482415626703414,-0.9112180026346379
2021-03-05,0.01612078603065594,1.1977304519762588
2021-03-08,0.015141233772087103,-0.3549012785161486
2021-03-09,0.01459972317870985,0.962716934553094
2021-03-10,0.013586732455392301,0.44250549502809833
2021-03-11,0.012384457176566792,0.8350649005613948
2021-03-12,0.011525566540918495,0.08805496232471727
2021-03-15,0.010363123640554448,0.624419795021117
2021-03-16,0.009597900502791648,-0.1636729801627119
2021-03-17,0.009049843325496102,0.31771209144127166
2021-03-18,0.008287324844841615,-1.7943739800671108
2021-03-19,0.01118274689202669,-0.053912127277373864
2021-03-22,0.010265791846156547,0.6819305323206185
2021-03-23,0.00955004036555045,-0.8021032190572089
2021-03-24,0.010322098542335558,-0.5311261637217158
2021-03-25,0.010494575813347567,0.49802712617320366
2021-03-26,0.009664990244391424,1.7066151378981456
2021-03-29,0.009461001903197102,-0.09178622256627494
2021-03-30,0.008799741561051745,-0.3594229884714795
2021-03-31,0.00870728110652783,0.4152792988054592
2021-04-01,0.008038171905249162,1.462500499646841
2021-04-05,0.007820391048477348,1.833026976961013
2021-04-06,0.0077756645861346,-0.12526324020381807
2021-04-07,0.00734362875546906,0.2007380475231474
2021-04-08,0.006752607753856328,0.6237221373010927
2021-04-09,0.006358798451525043,1.2093932830727672
2021-04-12,0.006156726200097594,-0.03185103062354657
2021-04-13,0.005762776165918537,0.5707443395970855
2021-04-14,0.005422672866678853,-0.7553662965545961
2021-04-15,0.005978100864727356,1.8455863577375236
2021-04-16,0.006002438357119974,0.600143337789366
2021-04-19,0.005652736234803909,-0.9412591836494865
2021-04-20,0.00645172126455101,-1.0579441865508126
2021-04-21,0.007508874294776115,1.233609800379457
2021-04-22,0.0072467622513746445,-1.2768927059528585
2021-04-23,0.00876318627532486,1.2403490641455366
2021-04-26,0.008443743556761028,0.21088804422027715
2021-04-27,0.007717124729937228,-0.027849618733199893
2021-04-28,0.0071514859956147425,-0.1182827719882274
2021-04-29,0.006777971479099438,0.9944039389199558
2021-04-30,0.006481644962591857,-1.1140248283876546
2021-05-03,0.007612067033622331,0.3605225279008438
2021-05-04,0.007044243022491739,-0.95123599064546
2021-05-05,0.007966107399110006,0.08827604398010819
2021-05-06,0.007278256812975458,1.1173416530361886
2021-05-07,0.0069939273710352915,1.050381427981579
2021-05-10,0.006697519701963432,-1.5663232017164699
2021-05-11,0.008627464819311677,-1.0097694194337437
2021-05-12,0.009783332765544743,-2.2162981550280922
2021-05-13,0.014314825110284346,0.845252700251317
2021-05-14,0.013286287056561938,1.1145159291368851
2021-05-17,0.012540430318819707,-0.2020072772270966
2021-05-18,0.011780485386376119,-0.7260967696564911
2021-05-19,0.012448650704035787,-0.2367928767109318
2021-05-20,0.01182272380544986,0.8880719457954971
2021-05-21,0.011053354876960918,-0.07094570689005235
2021-05-24,0.010177755002839718,0.9690248466841207
2021-05-25,0.009605133790606651,-0.2215008606031948
2021-05-26,0.00918127875019038,0.20422618696469919
2021-05-27,0.008390389047131585,0.13880596994019642
2021-05-28,0.007649199722253349,0.10047932866114065
2021-06-01,0.006969884715988255,-0.07065464906479091
2021-06-02,0.006523866585426419,0.22163068756360726
2021-06-03,0.005997486766809019,-0.6061377369212394
2021-06-04,0.006356214444233099,1.3837329530308013
2021-06-07,0.006241511174719403,-0.1277024501133466
2021-06-08,0.005956356047190727,0.029381982550109983
2021-06-09,0.005499896027030341,-0.33192129117411573
2021-06-10,0.005507551236512618,0.8427438215539816
2021-06-11,0.005260974816683124,0.3699958659059179
2021-06-14,0.004901199601834491,0.37002296018682773
2021-06-15,0.004582682007660639,-0.4394195257081041
2021-06-16,0.0047525483894653,-1.1372222445974027
2021-06-17,0.005724525660244161,-0.0761304201497652
2021-06-18,0.005411082017962758,-2.441536765369175
2021-06-21,0.008604514372298177,1.6160311797591398
2021-06-22,0.008465968172285579,0.6037592245767162
2021-06-23,0.007869071361347853,-0.13773804669919137
2021-06-24,0.007429733321755189,0.7798973792168401
2021-06-25,0.007000255204797578,0.4749917063605467
2021-06-28,0.006501795125404536,0.35563852995586837
2021-06-29,0.0059934121203754345,0.04626709078512854
2021-06-30,0.005535501879386416,0.23977562501608662
2021-07-01,0.0051473279460413765,1.0117951463069137
2021-07-02,0.0049667459314601085,1.5044248282083106
2021-07-06,0.004902113184925915,-0.4128633292771038
2021-07-07,0.005035645227014873,0.6659219231078878
2021-07-08,0.0047829900620858755,-1.7975954158276968
2021-07-09,0.0065630372068276235,1.708785970426444
2021-07-12,0.00647907227080946,0.5317478416031269
2021-07-13,0.006064830356073819,-0.5808919581134644
2021-07-14,0.006388584442336609,0.18224014662044224
2021-07-15,0.005911666043918202,-0.5527331108472393
2021-07-16,0.006195786520333523,-1.2213808500305368
2021-07-19,0.007453191583935769,-2.1462995040222435
2021-07-20,0.010794337869375874,1.3941388704807252
2021-07-21,0.010401532099031878,0.7891185244631089
2021-07-22,0.009712584892220433,0.20742564740478941
2021-07-23,0.008860173840642136,1.1392928138669927
2021-07-26,0.00845181949234344,0.2815212659100901
2021-07-27,0.007778748237953893,-0.6072420957306855
2021-07-28,0.008153200104235307,-0.022847376388558688
2021-07-29,0.007535495233546129,0.55700809504691
2021-07-30,0.00703292756707975,-0.7707620413488941
2021-08-02,0.007661242703966734,-0.24075802599303853
2021-08-03,0.0074338204346102174,1.0990259195501648
2021-08-04,0.007108101732325419,-0.653219500247289
2021-08-05,0.007562779054260981,0.7917044709969495
2021-08-06,0.007127114108394481,0.23485867113555586
2021-08-09,0.006563756470690281,-0.14326403929754689
2021-08-10,0.006298947517237855,0.15751630747021733
2021-08-11,0.005799746314458215,0.21982525594899197
2021-08-12,0.005359731004672585,0.7720177993767189
2021-08-13,0.005102772515340863,0.31473406194291587
2021-08-16,0.004752050011178457,0.5507985513275581
2021-08-17,0.004480553675559146,-1.5814437277670694
2021-08-18,0.005968903440929246,-1.810492153576086
2021-08-19,0.00823517233845678,0.1525047934083245
2021-08-20,0.007503345614326643,1.0806651202710824
2021-08-23,0.007165915066978743,1.1844499837185383
2021-08-24,0.006885604373645069,0.2170642867142374
2021-08-25,0.006333242428905817,0.350161458075566
2021-08-26,0.005877678709730095,-0.9939212597538637
2021-08-27,0.006796631031562694,1.290208560642801
2021-08-30,0.006564797214542564,0.6546011958076055
2021-08-31,0.0061673733760308005,-0.21889819759233556
2021-09-01,0.006023920443152399,0.05173376107680043
2021-09-02,0.005561362744785705,0.5104155015003934
2021-09-03,0.005219360225366887,-0.06420083050649096
2021-09-07,0.004970010571874706,-0.6843752952096231
2021-09-08,0.00541271369213046,-0.24376623055716543
2021-09-09,0.005338192281105134,-0.8647585000528354
2021-09-10,0.006015397922233937,-1.2887846135036793
2021-09-13,0.007386055910735737,0.3078639498335443
2021-09-14,0.006777569543792677,-0.8503363822413763
2021-09-15,0.007531452833611024,1.1204072319780674
2021-09-16,0.007195041305816623,-0.21575202236994134
2021-09-17,0.0069641961445619524,-1.3142407373096323
2021-09-20,0.008518302999341372,-2.010151285732081
2021-09-21,0.01196138184790148,-0.06794270669399113
2021-09-22,0.010960377052810692,0.8644397157658664
2021-09-23,0.01022871288764286,1.1791982532336809
2021-09-24,0.009706301941950298,0.1504118478999585
2021-09-27,0.008817716321492853,-0.31530203726464406
2021-09-28,0.00864267793194032,-2.3805489342437953
2021-09-29,0.01310332158043494,0.11966083001622055
2021-09-30,0.01178027867804122,-1.017055985895241
2021-10-01,0.01323532064645474,0.8632924292918731
2021-10-04,0.012261230709293063,-1.0660391569613425
2021-10-05,0.013906407366913152,0.7528556601549384
2021-10-06,0.012809559060333653,0.319636244334327
2021-10-07,0.011635810340828308,0.7102246412584631
2021-10-08,0.010768316688467656,-0.17788821204272048
2021-10-11,0.01016910984890371,-0.6774871888204278
2021-10-12,0.010696901479123224,-0.2262062234822539
2021-10-13,0.010208752219533124,0.2956243628341016
2021-10-14,0.009345590764622928,1.8103898096798645
2021-10-15,0.009091785473752691,0.8174984615119917
2021-10-18,0.008500846855949434,0.39632378501752424
2021-10-19,0.007836674784668738,0.9399576971914207
2021-10-20,0.007395137020505523,0.4945592743473858
2021-10-21,0.006884559472333748,0.43450756441003896
2021-10-22,0.0063929586876088325,-0.1678611230106641
2021-10-25,0.006170700520354317,0.7676534333870423
2021-10-26,0.0058243313564297775,0.31216311727123164
2021-10-27,0.005407061525801857,-0.9366215544133581
2021-10-28,0.006216273919920951,1.5734970096537644
2021-10-29,0.006052826087884413,0.32174015962807373
2021-11-01,0.005620927072909856,0.31995770850153893
2021-11-02,0.0052290985006928446,0.7025316352143404
2021-11-03,0.0049412428918062965,1.303415912536622
2021-11-04,0.0048051077003930685,0.8684971499132519
2021-11-05,0.004595592751928262,0.8107441730387603
2021-11-08,0.0043885313729909985,0.20220752349235174
2021-11-09,0.004079593605158067,-0.85913237092225
2021-11-10,0.004703815014028716,-1.755987882012121
2021-11-11,0.006471880122393917,0.085104841649163
2021-11-12,0.005954460033538299,1.2086230361097967
2021-11-15,0.005730843383904363,-0.0018740484247775204
2021-11-16,0.005378480027819471,0.7172619470877372
2021-11-17,0.005091102695432566,-0.5116800109400396
2021-11-18,0.005364423257950096,0.6299027085835208
2021-11-19,0.005063198951029384,-0.2764348425816336
2021-11-22,0.005070543282170472,-0.6315414618825336
2021-11-23,0.005468093053255697,0.3028041708632521
2021-11-24,0.005101031125783545,0.4491687504290529
2021-11-26,0.004784399034538364,-4.804576498193166
2021-11-29,0.012439210635973492,1.0542337827207966
2021-11-30,0.011700509825040837,-1.6361151329388406
2021-12-01,0.015227997176994648,-0.7805058879254858
2021-12-02,0.01610935029957985,0.8749352477874546
2021-12-03,0.01480038650623108,-0.5732590252400893
2021-12-06,0.014959934161298023,0.7795889463108289
2021-12-07,0.013748246560472653,1.4907794311152271
2021-12-08,0.013078563745158369,0.235540816760235
2021-12-09,0.01175935876306931,-0.6128725534896687
2021-12-10,0.012134010565574565,0.78323395771327
2021-12-13,0.01121175543630266,-0.8186192068616968
2021-12-14,0.01215219780618194,-0.6170672148547012
2021-12-15,0.012539709423381737,1.2931932315476622
2021-12-16,0.011841591763694238,-0.7416117263928215
2021-12-17,0.012572916135215257,-0.8224794051628783
2021-12-20,0.013576861257713227,-0.8435969187465657
2021-12-21,0.014662094260451553,1.201858006923869
2021-12-22,0.013669107417087007,0.7409941059110582
2021-12-23,0.012550687369115602,0.49434843708395243
2021-12-27,0.011435528917374866,1.201872836220476
2021-12-28,0.010757988841806322,-0.09394557047312424
2021-12-29,0.009954363002416056,0.14073360610995192
2021-12-30,0.009000116805176435,-0.3326883313539843
2021-12-31,0.008830502240946086,-0.2977898993423238
2022-01-03,0.008624347683982151,0.7367309857171627
2022-01-04,0.008023779403202879,-0.07849421333199821
2022-01-05,0.0075131947687572375,-2.6065162566975593
2022-01-06,0.012333270627413163,-0.0781815115641343
2022-01-07,0.011310902601136557,-0.3588078887645796
2022-01-10,0.011088980178072078,-0.13004537066365443
2022-01-11,0.010351223905031964,0.880889693436734
2022-01-12,0.009636777384364456,0.2919847478506913
2022-01-13,0.008795650890146925,-1.6310366809203656
2022-01-14,0.011521760306502433,0.07113880585832225
2022-01-18,0.010355526525048848,-1.7921933136973693
2022-01-19,0.013942281347325298,-0.6983642560998754
2022-01-20,0.014563003416256664,-0.7621190483236917
2022-01-21,0.015381667088448512,-1.2414776119407833
2022-01-24,0.018039416020379756,0.1534364945707445
2022-01-25,0.015953867479528275,-0.7676251901039866
2022-01-26,0.016860103099498713,-0.0888343871355408
2022-01-27,0.015319358252998079,-0.3524060937026432
2022-01-28,0.01476286768437574,1.6294915343714147
2022-01-31,0.013999861750683686,1.3364293559592333
2022-02-01,0.013084341263665781,0.5227286731897721
2022-02-02,0.0119074699976051,0.7876064730970928
2022-02-03,0.011004494933715046,-2.243944121821095
2022-02-04,0.016292905252863414,0.31570050644950626
2022-02-07,0.014627913595197177,-0.253527675269134
2022-02-08,0.013832659925137126,0.6048087289004154
2022-02-09,0.012641643750699594,1.140108229870612
2022-02-10,0.011834867723039504,-1.5447426124979915
2022-02-11,0.014999502598519135,-1.2768211820554838
2022-02-14,0.01775032558545991,-0.216784235145583
2022-02-15,0.016581362848028768,0.943451861553344
2022-02-16,0.015251222068779562,0.05775404202435728
2022-02-17,0.01362757774152091,-1.570382098920838
2022-02-18,0.0172531984354965,-0.41684802332469867
2022-02-22,0.016815215567931304,-0.6062803889626501
2022-02-23,0.017131910971038684,-1.0847438899375095
2022-02-24,0.019314093405174985,0.7686669491173922
2022-02-25,0.017515506228084156,1.2632281512816685
2022-02-28,0.01625477505615897,-0.15045372542393076
2022-03-01,0.014964821513797619,-1.0420750940619736
2022-03-02,0.016802658579322064,1.0992931084954265
2022-03-03,0.015557513929462618,-0.3386479850271992
2022-03-04,0.014981387058440347,-0.5317054096479286
2022-03-07,0.015043691947102145,-1.99170435819691
2022-03-08,0.020765874156760535,-0.3496141756851888
2022-03-09,0.019810054829115235,1.2808444166872377
2022-03-10,0.018319999687837672,-0.23477347126281295
2022-03-11,0.017130524042872425,-0.7615808425117342
2022-03-14,0.017998251835427432,-0.41385547683422585
2022-03-15,0.01748286736689916,1.2116221715581856
2022-03-16,0.016210740417055083,1.3655712866207437
2022-03-17,0.015204698413213355,0.80713242283293
2022-03-18,0.013948117866889884,0.8312816483585669
2022-03-21,0.012845882943388924,-0.03384390595942995
2022-03-22,0.01165624221023992,0.9643502040648427
2022-03-23,0.010795859153045788,-1.1438302480086484
2022-03-24,0.01259915546951884,1.1303942011092987
2022-03-25,0.011748781718559248,0.43011954986393225
2022-03-28,0.010707335173455401,0.6649227753412733
2022-03-29,0.009869266380050831,1.2343414021143542
2022-03-30,0.009383580942774979,-0.6728336482194612
2022-03-31,0.009931728916462981,-1.588478235720924
2022-04-01,0.012793361570820389,0.2661083986891795
2022-04-04,0.011580457147524198,0.6958604854262435
2022-04-05,0.010672568193966097,-1.1835163612397832
2022-04-06,0.01253778386301475,-0.7788006253068483
2022-04-07,0.013415699043198724,0.3163730446225417
2022-04-08,0.012140071364116852,-0.21865989053398033
2022-04-11,0.011526590397829719,-1.4767016088209794
2022-04-12,0.014356746836571541,-0.23844542008174044
2022-04-13,0.01358732877646186,0.8178651927635052
2022-04-14,0.012511066181057162,-0.9766138398346688
2022-04-18,0.01393719551207529,-0.01470089676430114
2022-04-19,0.012636833658650619,1.2606041338909526
2022-04-20,0.011841226474432419,-0.0522468181415772
2022-04-21,0.010879444977118813,-1.366140973420016
2022-04-22,0.013268713373516736,-2.1201811800017563
2022-04-25,0.018799782065530003,0.30222505368986147
2022-04-26,0.01682648848619622,-1.6967300665268745
2022-04-27,0.021616261746974903,0.09695705249581392
2022-04-28,0.019124214129125457,1.2782567260425353
2022-04-29,0.017703798581012155,-2.087640096873616
2022-05-02,0.02465895714396043,0.22949872781641434
2022-05-03,0.02181038495134526,0.2212462130367931
2022-05-04,0.01938175947462613,1.5181914519086512
2022-05-05,0.01808120978911842,-2.007646500841225
2022-05-06,0.024765262397152658,-0.22977282948582212
2022-05-09,0.02293247169901899,-1.4198870478055152
2022-05-10,0.027446445386632785,0.08944261181465775
2022-05-11,0.02406066242924564,-0.6899324631860586
2022-05-12,0.024556654905998836,-0.05280869886701911
2022-05-13,0.021849244045837025,1.0796377168647628
2022-05-16,0.020004779737846742,-0.19766318697533533
2022-05-17,0.018478722860660317,1.0806439239355763
2022-05-18,0.017000642085716725,-2.4254265858517443
2022-05-19,0.025457574186237585,-0.22982805567200862
2022-05-20,0.02353250991971072,0.006209753761497463
2022-05-23,0.0207607274635191,0.8855660498586018
2022-05-24,0.018905943795811203,-0.43129033872212125
2022-05-25,0.018448706465216548,0.5098669474017938
2022-05-26,0.016621900904253924,1.1844713863431378
2022-05-27,0.01543641425447883,1.5833424649594434
2022-05-31,0.014611791450932396,-0.4307572562065868
2022-06-01,0.014398723945561777,-0.5216368526510949
2022-06-02,0.01448061436514729,1.261218961779819
2022-06-03,0.013584810837354879,-1.2132966595673935
2022-06-06,0.015894736253419403,0.19707715542386642
2022-06-07,0.014257984767277455,0.6647735768011257
2022-06-08,0.013046088245662658,-0.8318679772660971
2022-06-09,0.014079031028739763,-1.7108036494832568
2022-06-10,0.018267588063279366,-1.61720390831421
2022-06-13,0.022998971982895654,-1.7192043200646563
2022-06-14,0.029379464257236965,-0.12868914172109117
2022-06-15,0.026401009275949905,0.5487312505788042
2022-06-16,0.023544491896574524,-1.4038190868178833
2022-06-17,0.02803769239876601,0.07841042371621346
2022-06-21,0.02452752906887663,0.9859319661905375
2022-06-22,0.022363311058945564,-0.058239144101938256
2022-06-23,0.020041774773875407,0.4733648887185164
2022-06-24,0.01797930517095769,1.674455127361131
2022-06-27,0.01702302380436065,-0.17491016429040523
2022-06-28,0.01576077252540578,-1.2910961767067062
2022-06-29,0.01862237865417829,-0.03823350568658152
2022-06-30,0.016768628745872264,-0.5246622356365286
2022-07-01,0.01680770845968415,0.6246247858131868
2022-07-05,0.01537187076125095,0.1029721841132619
2022-07-06,0.013762793186486641,0.25916219598269136
2022-07-07,0.012401410381845224,1.1977446696446306
2022-07-08,0.01163395325913881,-0.07139588561394869
2022-07-11,0.010752686800070039,-1.0782809800104824
2022-07-12,0.012363341494976093,-0.7511616904918114
2022-07-13,0.013148555365000335,-0.3397228051156011
2022-07-14,0.012788009108473008,-0.23484021533699856
2022-07-15,0.01217610988567873,1.5620121563623288
2022-07-18,0.011563913427491064,-0.7262889452172432
2022-07-19,0.01227523212913338,2.220203850894881
2022-07-20,0.011907140096781024,0.4936948665487686
2022-07-21,0.010908614375996164,0.8995704084194176
2022-07-22,0.010200278506708066,-0.9192187534533512
2022-07-25,0.011330675039273956,0.1159951166854766
2022-07-26,0.010276068233442959,-1.1298428869398134
2022-07-27,0.011935619279910149,2.1632768416204855
2022-07-28,0.011548994476612395,1.0442744445271903
2022-07-29,0.01078730489527248,1.3078128335778392
2022-08-01,0.01021841352145809,-0.2766649185785347
2022-08-02,0.009894745420202262,-0.6755796228191747
2022-08-03,0.010457323214432485,1.4838841596360783
2022-08-04,0.00997135752545991,-0.07798762080276855
2022-08-05,0.00928418779389623,-0.17525162728692278
2022-08-08,0.008859557332115664,-0.13977189555875807
2022-08-09,0.008409809358829344,-0.5062830861268993
2022-08-10,0.008639768355856219,2.4383939004716524
2022-08-11,0.00855857146281834,-0.08245802763556116
2022-08-12,0.008038108628889002,2.136578111145275
2022-08-15,0.007907937609156,0.5009756338551871
2022-08-16,0.007343187127832638,0.2551920294723707
2022-08-17,0.006779346857037354,-1.0715065950795142
2022-08-18,0.007933324807654263,0.2857552994927995
2022-08-19,0.007325915262621249,-1.7723285415662022
2022-08-22,0.009815377774435162,-2.20392601931612
2022-08-23,0.014214397913865171,-0.15761275630619376
2022-08-24,0.013339408968197521,0.21829428167810874
2022-08-25,0.01211765473173849,1.1547813620614793
2022-08-26,0.011309610080052665,-3.030040476592604
2022-08-29,0.019209305980998147,-0.3481997321476601
2022-08-30,0.018514339313313765,-0.5989636629453495
2022-08-31,0.018821314788456594,-0.4169601484465442
2022-09-01,0.01841569675758662,0.16245664264444967
2022-09-02,0.01654708471619364,-0.6523537381880943
2022-09-06,0.01708312716519893,-0.24020571006785665
2022-09-07,0.016153972473358865,1.1251008812937042
2022-09-08,0.015012932816088587,0.43888605651923274
2022-09-09,0.013672775208808989,1.108481251958805
2022-09-12,0.012673100006354895,0.8307873747320491
2022-09-13,0.011711688389212813,-3.7739360511576243
2022-09-14,0.02287022918883067,0.147846750941029
2022-09-15,0.02041478252663028,-0.5575504981893721
2022-09-16,0.020465964246202333,-0.3521969299345633
2022-09-19,0.019696588266613888,0.34694829542069244
2022-09-20,0.017764452100426466,-0.6381347802067454
2022-09-21,0.018199842060134183,-0.9486166990605363
2022-09-22,0.019807876699164218,-0.4272691091019919
2022-09-23,0.019372654137600184,-0.8972868995576423
2022-09-26,0.020788007241145,-0.5000171863375048
2022-09-27,0.02058591580920162,-0.10310986280608524
2022-09-28,0.01879779058719132,1.0363528676836846
2022-09-29,0.01728236909845668,-1.2355247536638372
2022-09-30,0.019952955500070382,-0.7608572848345975
2022-10-03,0.02084157054292942,1.2261349248269
2022-10-04,0.019182999707655392,1.5704186975918228
2022-10-05,0.017867594503158467,-0.1130531341855349
2022-10-06,0.01648624371049846,-0.6246373092760402
2022-10-07,0.01689117235383431,-1.6815408626761512
2022-10-10,0.021375756958359048,-0.3518318976167167
2022-10-11,0.020512970020097346,-0.3188479486839742
2022-10-12,0.019594132797753013,-0.16822380884054214
2022-10-13,0.01818261914492358,1.4098221550655068
2022-10-14,0.016891257632460535,-1.4177227809555555
2022-10-17,0.02024625621785474,1.2908818438498986
2022-10-18,0.018667491479320782,0.608692829439595
2022-10-19,0.016971850022005165,-0.39444463809222813
2022-10-20,0.0165930783861766,-0.4810853388974366
2022-10-21,0.016509273109613504,1.420278149423402
2022-10-24,0.015411960588926205,0.7664138599990199
2022-10-25,0.014179821046421166,1.1379389036750922
2022-10-26,0.013196979561815448,-0.5618816308879873
2022-10-27,0.013469378321493832,-0.45296708634639815
2022-10-28,0.013424817863498808,1.8121688516163503
2022-10-31,0.01277038090887463,-0.5859125960085295
2022-11-01,0.013164025080334056,-0.31218899198982775
2022-11-02,0.01276316537529518,-1.9838216455686577
2022-11-03,0.017390014638747796,-0.6119846793138196
2022-11-04,0.017725415596867567,0.7631315165300472
2022-11-07,0.0162010731542221,0.5905819687547367
2022-11-08,0.014803332290800974,0.3770963671624678
2022-11-09,0.013500780290478367,-1.5552274950441716
2022-11-10,0.016774352256315527,3.216369540855667
2022-11-11,0.01642934755458812,0.5598708210540744
2022-11-14,0.01494042011726697,-0.6007823390818984
2022-11-15,0.015308233478510198,0.566713097683482
2022-11-16,0.013996540068785937,-0.5920236766479856
2022-11-17,0.014364403786107077,-0.21540084018124356
2022-11-18,0.013651124920670853,0.34775856757196133
2022-11-21,0.012484660565828863,-0.3116824666364053
2022-11-22,0.012178914170303621,1.1075376738198432
2022-11-23,0.011378156195320755,0.518297159970641
2022-11-25,0.010509646986738494,-0.026935658501118773
2022-11-28,0.009761107817649948,-1.5945625317160677
2022-11-29,0.012452329265631881,-0.1279386103305756
2022-11-30,0.01172658912057774,2.599105605892815
2022-12-01,0.011333891366807172,-0.0765853316847719
2022-12-02,0.010599263915397035,-0.11277902628933859
2022-12-05,0.010035026914498311,-1.7993224915903676
2022-12-06,0.01330610292838115,-1.0900163256704172
2022-12-07,0.015128953692929348,-0.12321455212422305
2022-12-08,0.014142346558582713,0.5298720677570555
2022-12-09,0.012986884415349365,-0.5680130220834846
2022-12-12,0.013340694588478204,1.0627862893956892
2022-12-13,0.012395161482141941,0.5859724591665167
2022-12-14,0.011463641513281933,-0.529597564334354
2022-12-15,0.011759696370222292,-2.14609944910919
2022-12-16,0.016407075303282195,-0.6826469519385591
2022-12-19,0.017093834292342368,-0.5293329036866256
2022-12-20,0.017271253020537957,0.06003042724557377
2022-12-21,0.015746969932459144,0.9372310185614683
2022-12-22,0.014524570509629636,-1.002242544004676
2022-12-23,0.016154907607923548,0.3621780089318162
2022-12-27,0.01484921577348205,-0.2732699218974956
2022-12-28,0.014441915619155454,-0.8373868648635626
2022-12-29,0.015590472923538136,1.1103341380272245
2022-12-30,0.014404534586186886,-0.1766093608154633
2023-01-03,0.013809715010222656,-0.2902719193195768
2023-01-04,0.013501437890443793,0.5562884948317399
2023-01-05,0.012515702713582093,-0.9359337948915454
2023-01-06,0.013825984448099363,1.6334341814001
2023-01-09,0.012763741704560105,-0.060164749786290515
2023-01-10,0.012033815798939019,0.5778713989628635
2023-01-11,0.011171015280483684,1.1429194994119447
2023-01-12,0.01037533063054743,0.32867240895459293
2023-01-13,0.009676855785664885,0.4122095268346843
2023-01-17,0.009027289184902771,-0.22515678731066283
2023-01-18,0.008846241884781314,-1.7730655776808488
2023-01-19,0.011498688317994029,-0.6668301366002798
2023-01-20,0.012117964681032677,1.5466024242244996
2023-01-23,0.01119071811242588,1.0554564803320194
2023-01-24,0.010385086809633634,-0.06853639043561442
2023-01-25,0.009863647199332746,-0.01842539273682603
2023-01-26,0.00929778699864418,1.1774530897202329
2023-01-27,0.008672275966849042,0.28732180931853335
2023-01-30,0.008120202767002602,-1.6075422855618227
2023-01-31,0.010257938365720207,1.417078549135756
2023-02-01,0.009547219884069973,1.089118761602568
2023-02-02,0.008915865988168495,1.6366760835366685
2023-02-03,0.008394367953473295,-1.239949534613644
2023-02-06,0.009950670249750241,-0.6189927953943
2023-02-07,0.010405208137871862,1.229227120488362
2023-02-08,0.00967089557170744,-1.1521759210191562
2023-02-09,0.011177247437123939,-0.793487831501395
2023-02-10,0.012052825219725147,0.1819370702919814
2023-02-13,0.011229638758971417,1.0137075818276529
2023-02-14,0.0104604804107584,-0.026810800697562483
2023-02-15,0.009828937447389201,0.28175350060972276
2023-02-16,0.00917557649073645,-1.513222544534233
2023-02-17,0.01131636178414068,-0.24488808551232943
2023-02-21,0.011060863788724888,-1.830307683031756
2023-02-22,0.014351547935913344,-0.10973000910253927
2023-02-23,0.01357401012291766,0.3915775968270171
2023-02-24,0.012562188658037153,-0.8432817646786426
2023-02-27,0.0136008487543458,0.22559566648897605
2023-02-28,0.012599795661231221,-0.24132294782395525
2023-03-01,0.012241859052539415,-0.38690726491498706
2023-03-02,0.01224910736133083,0.6166648318426139
2023-03-03,0.011390862797214489,1.4062805831003873
2023-03-06,0.010626381051274858,0.06464390609870782
2023-03-07,0.009900171076853474,-1.5601336945959525
2023-03-08,0.012285647314762333,0.11507689414981793
2023-03-09,0.011395856512126008,-1.6349677556623559
2023-03-10,0.014258712415432105,-1.0228111074239263
2023-03-13,0.015872658028090444,-0.09518896192841172
2023-03-14,0.014918746717036586,1.0954263481597535
2023-03-15,0.013784807907550056,-0.508194526636581
2023-03-16,0.014016681403726569,1.2420612088966132
2023-03-17,0.012980219538929874,-0.853654380861606
2023-03-20,0.014054299386100042,0.6317546959845302
2023-03-21,0.012989350959061119,0.9930170921711722
2023-03-22,0.012066079219819394,-1.3757781908620665
2023-03-23,0.014381605171021883,0.2072149689651681
2023-03-24,0.013270849540598999,0.4237831999448737
2023-03-27,0.012326877394584497,0.13349687119386394
2023-03-28,0.011498658980236522,-0.13697973747162132
2023-03-29,0.011061515516734536,1.278022957492595
2023-03-30,0.010356995041885985,0.5502560517249341
2023-03-31,0.009667560709580565,1.4826209229627443
2023-04-03,0.009029292895221377,0.40889387559422835
2023-04-04,0.008519404410738854,-0.6824232616347752
2023-04-05,0.009070203477625494,-0.27512962231517624
2023-04-06,0.009002841086871834,0.39684951653897416
2023-04-10,0.008435950607504895,0.11804324886910764
2023-04-11,0.007985973335199577,-0.005178245812526005
2023-04-12,0.007583242821825421,-0.5463963664115132
2023-04-13,0.007948105949502023,1.6576918553352316
2023-04-14,0.007448261843437372,-0.27812093990812153
2023-04-17,0.007450015485202538,0.4430465398590734
2023-04-18,0.0070239544493496744,0.12170563030128255
2023-04-19,0.006646506545508619,-0.012678171211193497
2023-04-20,0.006361246797437792,-0.938547957409097
2023-04-21,0.007136363045666576,0.12650439047501894
2023-04-24,0.006764746977701342,0.1258312810632044
2023-04-25,0.006438824129793867,-2.475169921916708
2023-04-26,0.009405657288472029,-0.40917751788190143
2023-04-27,0.009575098797736974,2.0237068892987926
2023-04-28,0.008802330271436837,0.9337676569482126
2023-05-01,0.008227617969287225,-0.046937163338364826
2023-05-02,0.007907641806330183,-1.4737524746308157
2023-05-03,0.009670079704016623,-0.7262513102115924
2023-05-04,0.010354275412784506,-0.6997026026676234
2023-05-05,0.011015680995976813,1.6618279331586985
2023-05-08,0.01015863390542594,0.044496778709720325
2023-05-09,0.009560227483497977,-0.480107712602315
2023-05-10,0.009833429466202963,0.45497272922843757
2023-05-11,0.009220649325834378,-0.1841589273922032
2023-05-12,0.009048116908807276,-0.175126117998853
2023-05-15,0.008861293171785342,0.33333709008987444
2023-05-16,0.008335912412052065,-0.7675353777310704
2023-05-17,0.009019002581542129,1.310642558885965
2023-05-18,0.008405202833790102,1.1184409525413435
2023-05-19,0.007839745115643863,-0.18456134215235487
2023-05-22,0.007717240102076049,0.02008783940266374
2023-05-23,0.007345765262039613,-1.5363230876166327
2023-05-24,0.009100897984396585,-0.8071195491807205
2023-05-25,0.00990571593809924,0.8802449145018725
2023-05-26,0.009231481952127966,1.4043986652274814
2023-05-30,0.008570725103962307,0.0019371908986084724
2023-05-31,0.008149954296551335,-0.7518273064190066
2023-06-01,0.008821727928669582,1.1115979958966034
2023-06-02,0.008223154943434606,1.7547781221886996
2023-06-05,0.007598600345829127,-0.2639422261178231
2023-06-06,0.007612572124237152,0.3088483360788919
2023-06-07,0.007211941078835593,-0.5295791916033715
2023-06-08,0.007548563699510915,0.8173172875157081
2023-06-09,0.00711405810645525,0.16128642834805576
2023-06-12,0.006758669197027892,1.372751752051242
2023-06-13,0.006329845904420711,1.0914279478878803
2023-06-14,0.005964613214117795,0.13732491122602467
2023-06-15,0.005684242011740856,2.129497735773349
2023-06-16,0.0053395666715367555,-0.6888904463652373
2023-06-20,0.005799211030585176,-0.8184482010058296
2023-06-21,0.006413377435015458,-0.8200182228807378
2023-06-22,0.0070689179020115836,0.5239741695515918
2023-06-23,0.006675422264809919,-1.1517305949366667
2023-06-26,0.007775346005402753,-0.5783581026500266
2023-06-27,0.008169844468612181,1.3942411716580883
2023-06-28,0.007636817536309084,-0.046372639742478065
2023-06-29,0.00738159781915023,0.6046886085977313
2023-06-30,0.0069515547481891656,1.7541903507359629
2023-07-03,0.006585284550227141,0.17766781127652934
2023-07-05,0.00621499581377988,-0.31701680204581095
2023-07-06,0.006293948116032784,-1.2637633849622392
2023-07-07,0.007477918831593842,-0.3836913532159665
2023-07-10,0.007634373081140872,0.3146477890320664
2023-07-11,0.007212195168556563,0.9316974709101428
2023-07-12,0.006778386929312253,1.0893307378867474
2023-07-13,0.006375873451678198,1.3228749054619728
2023-07-14,0.005998896434630696,-0.1708534574776997
2023-07-17,0.005956476684661369,0.6460143769772617
2023-07-18,0.00565759254366267,1.2535485520908625
2023-07-19,0.005341343475796911,0.4409255532629872
2023-07-20,0.005080325606457039,-1.3345261547096336
2023-07-21,0.006173923271015003,0.05248559147704259
2023-07-24,0.005896806704293498,0.6827489349351097
2023-07-25,0.005589851398371141,0.5028254555493429
2023-07-26,0.005314611182687867,-0.029249736873014406
2023-07-27,0.005174053209686006,-1.2457144899728905
2023-07-28,0.006181652069657497,1.590088814393255
2023-07-31,0.005825935113634096,0.2519141404672322
2023-08-01,0.005543366414381583,-0.48141239604137076
2023-08-02,0.005812266097537547,-2.397722403700629
2023-08-03,0.00840400698077934,-0.30357250489279264
2023-08-04,0.008440532393140182,-0.6296012059924144
2023-08-07,0.0089466283559107,1.0041345865139981
2023-08-08,0.008361422080276432,-0.5055605445429501
2023-08-09,0.008688533470973057,-0.8129817449221868
2023-08-10,0.009488937348612869,0.02641839774792546
2023-08-11,0.00896401829017347,-0.11939566214422444
2023-08-14,0.008693324794214096,0.6595870987397604
2023-08-15,0.008166030705931367,-1.4227401064825664
2023-08-16,0.009912144496390276,-0.7651302697802388
2023-08-17,0.010691810880456582,-0.7241814753459567
2023-08-18,0.0114174473300693,-0.01302549332249885
2023-08-21,0.010839561556768391,0.632464221352139
2023-08-22,0.01010741385546732,-0.27517731897768466
2023-08-23,0.01001610696980005,1.0966666733801944
2023-08-24,0.009319214216696084,-1.4539159277756377
2023-08-25,0.011297259895216596,0.5926659315973567
2023-08-28,0.010541903232201034,0.592405228604237
2023-08-29,0.00986052247443418,1.4607814899670153
2023-08-30,0.009156477025206392,0.417830369765621
2023-08-31,0.008615758987578225,-0.18549880244376896
2023-09-01,0.00845072484109576,0.21270515835250248
2023-09-05,0.007963849564266169,-0.5277595699749367
2023-09-06,0.008314394272099923,-0.8414340555038596
2023-09-07,0.009135787041724835,-0.35206962476725356
2023-09-08,0.009205131060912235,0.1548708055131397
2023-09-11,0.008673819614289825,0.7725490955675522
2023-09-12,0.008148448631667088,-0.7010130739249381
2023-09-13,0.008756854576230287,0.1417018070509143
2023-09-14,0.00825050176942256,1.0174636365485348
2023-09-15,0.0077306277421956004,-1.582555291818817
2023-09-18,0.009672611516419299,0.07454322888399399
2023-09-19,0.009095107478061155,-0.23675667019079963
2023-09-20,0.008983009082716403,-1.0507842215647685
2023-09-21,0.01021108611643994,-1.619506302259425
2023-09-22,0.012694486410203992,-0.18104217283755938
2023-09-25,0.012270514932582719,0.32720665969328777
2023-09-26,0.011423419367062409,-1.2994502788775453
2023-09-27,0.013377490667248606,0.017139819267850655
2023-09-28,0.0125134204271196,0.4695660293061806
2023-09-29,0.011655368052383128,-0.23279055934535933
2023-10-02,0.011416632278519584,0.006951647755360663
2023-10-03,0.010733779708397761,-1.2893310874099835
2023-10-04,0.012542647887781437,0.6439667030513746
2023-10-05,0.01165224355927065,-0.11198539923740458
2023-10-06,0.011162113046015519,1.0522776507942804
2023-10-09,0.010385962964845114,0.6050539695412841
2023-10-10,0.00972578213634357,0.5340934052568007
2023-10-11,0.009117582658069173,0.4698415863884784
2023-10-12,0.008546216935853793,-0.7331928252801607
2023-10-13,0.009152147303619742,-0.5497612192309564
2023-10-16,0.009544057736424425,1.1042098228691442
2023-10-17,0.008944212031628443,-0.01098474399949292
2023-10-18,0.008506221259111407,-1.5859460787833257
2023-10-19,0.010522599931687464,-0.8095938630531914
2023-10-20,0.011361395289051578,-1.114752974783017
2023-10-23,0.012858342928227781,-0.1311982480831153
2023-10-24,0.012340967868572826,0.5866252628422747
2023-10-25,0.011484907964995811,-1.2576012538593615
2023-10-26,0.013302583578147415,-0.8947946942530907
2023-10-27,0.014439135358602993,-0.3332497728650181
2023-10-30,0.014234965527608721,0.8386725122117175
2023-10-31,0.01321679595802273,0.48832446548964126
2023-11-01,0.012288298932522083,0.8504997353647198
2023-11-02,0.011439685478765118,1.6331689336010373
2023-11-03,0.010649838528367888,0.8779366484896735
2023-11-06,0.009945909247643213,0.1760983013710814
2023-11-07,0.009339286366542477,0.3036734596630062
2023-11-08,0.008782006278840406,0.11437147737420253
2023-11-09,0.008265828699394375,-0.9819572839276839
2023-11-10,0.009251009268558964,1.675034455260662
2023-11-13,0.00864830601590459,-0.09668811901807305
2023-11-14,0.00834622042027766,2.2639433807271887
2023-11-15,0.007810077452189646,0.2043178467326744
2023-11-16,0.007379325890958296,0.1612233169117295
2023-11-17,0.006983010867644465,0.1834778667058109
2023-11-20,0.00661977663984412,1.1122888572216212
2023-11-21,0.006247207377855324,-0.3238208385602514
2023-11-22,0.00633070216852381,0.6401983518455195
2023-11-24,0.006005463532519698,0.09935879327435458
2023-11-27,0.00573134688648772,-0.34129312980694787
2023-11-28,0.0058364156117697375,0.16784934336673304
2023-11-29,0.005544853538900269,-0.17073428693124
2023-11-30,0.005494934276151054,0.6873478507990026
2023-12-01,0.00519578916731183,1.1271740952638452
2023-12-04,0.004939326281472316,-1.097961089181105
2023-12-05,0.005789298564095057,-0.09829024840143948
2023-12-06,0.005660949419772505,-0.6913773034737669
2023-12-07,0.0061433564135506295,1.2919013891683906
2023-12-08,0.005814952910947923,0.7028662500101891
2023-12-11,0.005511791064748052,0.7106244597752256
2023-12-12,0.005229282076001155,0.8775225220210681
2023-12-13,0.004964263183860301,2.73118984084109
2023-12-14,0.0047345314271242285,0.5583583562270936
2023-12-15,0.004509639980121703,-0.01690875564015485
2023-12-18,0.004401841438046727,1.0264164048137936
2023-12-19,0.004191255954625174,1.3955882232306194
2023-12-20,0.004010312821599133,-3.688776567661337
2023-12-21,0.007532111822167664,1.3606767330657221
2023-12-22,0.007159870931603026,0.23166369458402192
2023-12-26,0.006683853192397961,0.6317854275706649
2023-12-27,0.006253543423770133,0.22858010563889597
2023-12-28,0.005859952174143356,0.0631585547678816
2023-12-29,0.005629012489171354,-0.5028372280537389
2024-01-02,0.0059001186099618816,-0.9621265562589215
2024-01-03,0.006676297330161868,-1.2055512103746822
2024-01-04,0.007830887270123977,-0.438554603693539
2024-01-05,0.008042991412702025,0.22678398444558628
2024-01-08,0.00757776623878052,1.8496143843319806
2024-01-09,0.007318802109182063,-0.20208141035303792
2024-01-10,0.007184663209380938,0.786394641730566
2024-01-11,0.0067828334877875285,-0.09896761260171566
2024-01-12,0.006585230193655778,0.1139965849268139
2024-01-16,0.006232689398540408,-0.5997922908258114
2024-01-17,0.006613130576583697,-0.8517495920998033
2024-01-18,0.007297669270049969,1.2013041975225978
2024-01-19,0.0069026888279647945,1.7729769568878384
2024-01-22,0.006539855547135745,0.3351635477929163
2024-01-23,0.00618116269893475,0.47193634642026655
2024-01-24,0.005862055245788593,0.13844956115003648
2024-01-25,0.005624037168639362,0.9328846836637847
2024-01-26,0.005334497914059092,-0.12222289068814839
2024-01-29,0.005265371227383156,1.4297881725972306
2024-01-30,0.0050053896261608565,-0.12003668882033426
2024-01-31,0.004981831917747765,-3.2592130784036595
2024-02-01,0.00832888345970453,1.4907503717779447
2024-02-02,0.00789484791104746,1.3461653526928736
2024-02-05,0.007486285610753967,-0.42630282562282334
2024-02-06,0.007658418741596527,0.3013345195156189
2024-02-07,0.00719844671007381,1.1402018969623435
2024-02-08,0.006819383437578861,0.08364693748527811
2024-02-09,0.006443173217866852,0.8886796823832536
2024-02-12,0.006115755600457252,-0.15523905869963422
2024-02-13,0.006040858964252954,-2.2792469583086357
2024-02-14,0.008580042613977051,1.1112029080934587
2024-02-15,0.008100328324609236,0.7165601740371933
2024-02-16,0.007617290330009951,-0.6321202642088226
2024-02-20,0.008082526732135577,-0.7452405250785458
2024-02-21,0.00874371903403629,0.14449246255347553
2024-02-22,0.00820525846353179,2.5474991140506584
2024-02-23,0.007797669007941634,0.04461423358022636
2024-02-26,0.007351520228418948,-0.5160754683094496
2024-02-27,0.007666097930809984,0.22239417681694867
2024-02-28,0.007225837128278457,-0.22966630601414906
2024-02-29,0.007178902248283835,0.7264997175641015
2024-03-01,0.006786062413216733,1.175340860091934
2024-03-04,0.006429648271515557,-0.1856982722136313
2024-03-05,0.006372988147273243,-1.6076298965505713
2024-03-06,0.008044382472623323,0.6374551272833188
2024-03-07,0.007579144052879925,1.3525804778824424
2024-03-08,0.007166210715147142,-0.9140008928576295
2024-03-11,0.008004400285710278,-0.14028137373804028
2024-03-12,0.007804520059461993,1.4273155173921235
2024-03-13,0.007381778348919457,-0.2609647582284401
2024-03-14,0.007364766342064011,-0.3904022093780379
2024-03-15,0.007513800236179612,-0.8656102977586702
2024-03-18,0.008300899384935058,0.7587351618683271
2024-03-19,0.007819384463119104,0.7204215460835942
2024-03-20,0.007379157134585601,1.2013249419519683
2024-03-21,0.0069917795516358135,0.4621583204483321
2024-03-22,0.006608809219107736,-0.21231840529897217
2024-03-25,0.006567401716826092,-0.46588293421935967
2024-03-26,0.006851287277076772,-0.40922557607338567
2024-03-27,0.007039105573871479,1.2208362969586286
2024-03-28,0.006653751095163914,0.16770430465486338
2024-04-01,0.006315897153053647,-0.31913352578625803
2024-04-02,0.006408269308086181,-1.1337520092210196
2024-04-03,0.007472114436450938,0.14594630912214354
2024-04-04,0.00705775821763979,-1.7584954367298684
2024-04-05,0.00912243582177574,1.209989344002924
2024-04-08,0.008566191311446418,-0.0437418657158885
2024-04-09,0.00818288579510376,0.17652079105134136
2024-04-10,0.007703664583495266,-1.2334365975083654
2024-04-11,0.009055669357990133,0.8190694348615574
2024-04-12,0.008525175554207566,-1.7193297321617274
2024-04-15,0.010864209176900078,-1.1132145552918264
2024-04-16,0.012360085520970739,-0.16655423006665568
2024-04-17,0.011879648070628978,-0.4880089916416315
2024-04-18,0.01208519272030492,-0.18291820011861792
2024-04-19,0.011659530614328683,-0.7545011840566542
2024-04-22,0.012426440303446537,0.6995849933328577
2024-04-23,0.01155717629156318,1.0291066145980217
2024-04-24,0.010788048197233517,0.01974290196314829
2024-04-25,0.010099729001272149,-0.45416409386242296
2024-04-26,0.010274905001440036,0.9885620675715866
2024-04-29,0.009629587222149806,0.32954767462305995
2024-04-30,0.009012348790529453,-1.7593139688057864
2024-05-01,0.011499725263284005,-0.29925527843851674
2024-05-02,0.011326359850250893,0.802289954162282
2024-05-03,0.010591234064859996,1.178196759989588
2024-05-06,0.009931150238602257,1.0344394601257871
2024-05-07,0.009326952696056146,0.14394071381888549
2024-05-08,0.008736392127581304,-0.0006679685514807954
2024-05-09,0.008310280355755918,0.6110543112533167
2024-05-10,0.007820472567276183,0.21073407853409312
2024-05-13,0.007364184042150751,-0.032771203501279864
2024-05-14,0.007028542221981983,0.6866500015267422
2024-05-15,0.0066981332486130765,1.7389662694022718
2024-05-16,0.0063802939891000185,-0.3266052438412699
2024-05-17,0.006466339859788986,0.18002389499091181
2024-05-20,0.006121645446118348,0.14962812148344923
2024-05-21,0.005809442055454092,0.4301187176051086
2024-05-22,0.005518670752681242,-0.49102244558348584
2024-05-23,0.005782405918488041,-1.2811556967638231
2024-05-24,0.006951293811422418,1.0036475605748414
2024-05-28,0.0065975275490446315,0.03770668709400445
2024-05-29,0.006279527470344167,-1.1775276484836896
2024-05-30,0.007391551645051321,-0.8107847747725896
2024-05-31,0.008106610688216057,0.9863338131620284
2024-06-03,0.007628433091652493,0.14622402925115854
2024-06-04,0.0071995692650930684,0.20857928418927266
2024-06-05,0.0067909756239690235,1.7343628518389342
2024-06-06,0.006473752450537515,-0.030868743153687872
2024-06-07,0.006251930046670867,-0.17847961220759057
2024-06-10,0.006194096126942197,0.41612689332184033
2024-06-11,0.005880875712677942,0.4602571092217418
2024-06-12,0.0055798008545274195,1.5175667488233633
2024-06-13,0.005329282533151248,0.43944216178240575
2024-06-14,0.005073544057817083,-0.07764558196583275
2024-06-17,0.004972642129560827,1.5354341159867504
2024-06-18,0.004770113842622984,0.5279023236336056
2024-06-20,0.004544871308977006,-0.5564794299932939
2024-06-21,0.004869247674654586,-0.32106637889080075
2024-06-24,0.004986567172472342,-0.6156297608532871
2024-06-25,0.005368062180689271,0.7313390842053937
2024-06-26,0.005115594743995772,0.30713852510782447
2024-06-27,0.004868760389951362,0.18627120337862016
2024-06-28,0.004647483326751081,-0.8804794282563907
2024-07-01,0.0052658208624598146,0.5074215495020536
2024-07-02,0.005004703070654332,1.2340803608109765
2024-07-03,0.004790019179176516,1.0587770277790591
2024-07-05,0.004587030548298632,1.1846387992738152
2024-07-08,0.004407114680232584,0.2305777249145174
2024-07-09,0.004204875206116403,0.17617585344431566
2024-07-10,0.00400896329038227,2.533401815494688
2024-07-11,0.003942769461241647,-2.232352171687514
2024-07-12,0.005739521830931666,0.9585927516319094
2024-07-15,0.005475156629695467,0.5154585730109011
2024-07-16,0.005195957551238751,1.2257702085987359
2024-07-17,0.004994329980891163,-2.8082728969265607
2024-07-18,0.007949209188851437,-0.987156326991127
2024-07-19,0.008959517481825989,-0.799806378071318
2024-07-22,0.009721504038946815,1.1041724822842536
2024-07-23,0.009160671570065686,-0.17021870962402805
2024-07-24,0.008880253610668834,-2.6374519523580564
2024-07-25,0.013384846203603093,-0.3852034563033512
2024-07-26,0.01324756477564209,0.8325621045348858
2024-07-29,0.012301067185241462,0.06609016596570534
2024-07-30,0.011369455954620647,-0.43735728263632756
2024-07-31,0.011454885755570791,1.367973547383151
2024-08-01,0.010768006097101636,-1.280471395321848
2024-08-02,0.012616055273633207,-1.4705790523387807
2024-08-05,0.015196114614024037,-2.0022908595538493
2024-08-06,0.020031052764005904,0.5142440397396161
2024-08-07,0.018263588359811643,-0.4251473059837612
2024-08-08,0.017944665642077487,1.269521541682043
2024-08-09,0.016636798414638262,0.28014996144211207
2024-08-12,0.015295414112470929,0.0028134610416377377
2024-08-13,0.014139564945308132,1.1815945882120995
2024-08-14,0.013165824339193695,0.28987448585631265
2024-08-15,0.01221016233389327,1.310751609491648
2024-08-16,0.011427581781807828,0.17394777008377116
2024-08-19,0.010704318347496,0.9038714210550917
2024-08-20,0.010015602853929363,-0.19834325168248235
2024-08-21,0.00977209034138764,0.4329385600425013
2024-08-22,0.00915285344655043,-0.9803437047315955
2024-08-23,0.010248132389441111,1.1141481167268845
2024-08-26,0.009599129793357,-0.3290621376733191
2024-08-27,0.009578243385486497,0.1664110055022309
2024-08-28,0.009035164413939253,-0.6633969809655751
2024-08-29,0.009595576065792822,-0.00410395823739019
2024-08-30,0.009104928832978917,1.1029693107286975
2024-09-03,0.008552301611230974,-2.4996736953622207
2024-09-04,0.01230316090440131,-0.13035910363550957
2024-09-05,0.011827549441822561,-0.2555542912368868
2024-09-06,0.011628408470929719,-1.4972766523423693
2024-09-09,0.01400100669800009,0.8223361851160174
2024-09-10,0.013005293930197469,0.34314487636706875
2024-09-11,0.012125466606235568,0.8748987560104705
2024-09-12,0.011315061230012151,0.6599480113281969
2024-09-13,0.010586803052387067,0.5094212301549879
2024-09-16,0.009931446519233254,0.12645095202177617
2024-09-17,0.009331532192506415,0.02834637318278942
2024-09-18,0.008810942781255361,-0.3292109346668373
2024-09-19,0.008845534697516215,1.9031474600911586
2024-09-20,0.008336689874155962,-0.23305576425948168
2024-09-23,0.008253844267852674,0.33988216092696377
2024-09-24,0.007785782685948156,0.32212960527047785
2024-09-25,0.00736718280925221,-0.25287593025012745
2024-09-26,0.0073391505878693105,0.5491837386279248
2024-09-27,0.006969244335200029,-0.1799338407090599
2024-09-30,0.006864153308896919,0.6158958677337706
2024-10-01,0.006496217633408422,-1.4420466220647838
2024-10-02,0.007971736721645944,0.017358993632058645
2024-10-03,0.007568297292318438,-0.22235234550939392
2024-10-04,0.007572305270581885,1.179331178561884
2024-10-07,0.007243583640214357,-1.3297649765390651
2024-10-08,0.008605242647529298,1.120561871368354
2024-10-09,0.008085269936657879,0.8766845229072445
2024-10-10,0.007627447344848388,-0.2716857176839797
2024-10-11,0.007677662343163747,0.7858653373406783
2024-10-14,0.007270090519247842,1.05612365544356
2024-10-15,0.006859903879575369,-1.1135091936574673
2024-10-16,0.007898469754516548,0.5910300257984509
2024-10-17,0.007479313308864043,-0.022886476534474537
2024-10-18,0.007262015073134078,0.5458108944770871
2024-10-21,0.006900220118519651,-0.2644021096546855
2024-10-22,0.006954088140228041,-0.06830035191082935
2024-10-23,0.006806015110489553,-1.3567152170215675
2024-10-24,0.008137334550846176,0.2634121919362658
2024-10-25,0.007734568934625958,-0.038721228773970884
2024-10-28,0.007488235499749939,0.3536126270095705
2024-10-29,0.007106937796284685,0.22693683146412816
2024-10-30,0.006763293873932659,-0.48876948630459793
2024-10-31,0.007050013450637872,-2.665262280747082
2024-11-01,0.010340563854975577,0.3949647293711573
2024-11-04,0.009723180216846797,-0.2896217852993613
2024-11-05,0.009716268843300145,1.2547029344467786
2024-11-06,0.009095519324807807,2.746548060103711
2024-11-07,0.008414690709322875,0.8798605236664575
2024-11-08,0.007922821566331376,0.473290229285616
2024-11-11,0.007485671694944021,0.12939308994948426
2024-11-12,0.00712803291615623,-0.4064026514763653
2024-11-13,0.00733335825129021,0.031663632974817134
2024-11-14,0.007046365541805611,-0.8611685763735534
2024-11-15,0.007781088766968755,-1.708171088243655
2024-11-18,0.009759487206844,0.40065217191581914
2024-11-19,0.009200437032445417,0.42995245841542234
2024-11-20,0.008699844999390577,0.0025231048755865624
2024-11-21,0.008337344658626514,0.6388427086046892
2024-11-22,0.00788079758481135,0.439290510164711
2024-11-25,0.0074878517019068115,0.40277611525853024
2024-11-26,0.007117751310293155,0.8016151318761376
2024-11-27,0.006733595834459752,-0.5655939526526633
2024-11-29,0.007097491531806421,0.7879009607467076
2024-12-02,0.006720187726377245,0.36389814989588304
2024-12-03,0.006392608036344948,0.07060455442529577
2024-12-04,0.006113859428792962,0.9868041125911214
2024-12-05,0.0058214634445182935,-0.32148717538448146
2024-12-06,0.005960261538302659,0.41816040311664926
2024-12-09,0.0056671121648318576,-1.0875322573413826
2024-12-10,0.0065564676735292635,-0.4527261418924849
2024-12-11,0.006789572203872839,1.1978113152298269
2024-12-12,0.00642837516299918,-0.8444951210550082
2024-12-13,0.0071174992841513875,-0.0037185798431526055
2024-12-16,0.006845409532951893,0.5539705098037924
2024-12-17,0.006483016143021481,-0.5971725806704307
2024-12-18,0.006886165420416918,-4.347340424869581
2024-12-19,0.013498382313637472,-0.06411781281845122
2024-12-20,0.012744169725811464,0.8482686306745306
2024-12-23,0.011850349956786911,0.6127118280973702
2024-12-24,0.011064816234735137,0.9925364264659553
2024-12-26,0.010354400252963504,-0.03918537803692435
2024-12-27,0.009866504452377665,-1.1267724064355247
2024-12-30,0.011240503840009136,-0.9572234567841627
2024-12-31,0.012410163081784728,-0.3460072547543728
2025-01-02,0.012353214821132923,-0.18022540542562332
2025-01-03,0.012001610042826148,1.0429731230358574
2025-01-06,0.011174612485455286,0.49422443095966445
2025-01-07,0.01047538582174006,-1.0659293802299223
2025-01-08,0.011782831394912098,0.1323233815009649
2025-01-10,0.011069869994306664,-1.4030551088874903
2025-01-13,0.013087219631926536,0.12028562386264204
2025-01-14,0.012263163865411113,0.09341988305279764
2025-01-15,0.011514300046127182,1.5760517297462957
2025-01-16,0.010697417956786654,-0.19770418893691538
2025-01-17,0.010481088117967075,0.9485158598515402
2025-01-21,0.009816450762019147,0.8893244261330174
2025-01-22,0.009214557490972325,0.6640775851677387
2025-01-23,0.008688023103411,0.6099683894082415
2025-01-24,0.008214915828515686,-0.3480517687767128
2025-01-27,0.0083279569227842,-1.7637049720955558
2025-01-28,0.010400587638688383,0.882223629709594
2025-01-29,0.009732480017688817,-0.48187882722557185
2025-01-30,0.010001124350829605,0.526095663608457
2025-01-31,0.00945946230361905,-0.5348722610090714
2025-02-03,0.009802891012826602,-0.779126353593257
2025-02-04,0.010482766428661828,0.6867373657536289
2025-02-05,0.009862408658951006,0.39554778660216533
2025-02-06,0.00941775047001389,0.3862572454906777
2025-02-07,0.00900612227712548,-1.055931221122138
2025-02-10,0.009946312071085532,0.6726223999045956
2025-02-11,0.009403815159395968,0.036105042253553675
2025-02-12,0.009171381413898888,-0.29740156542985435
2025-02-13,0.009294424978567218,1.1159714816305015
2025-02-14,0.008663848129233287,-0.008304207841647123
2025-02-18,0.008539715831384605,0.28595842107252656
2025-02-19,0.008280605710776726,0.28671198095259914
2025-02-20,0.008034215877700965,-0.5406383087545
2025-02-21,0.008378298197230157,-2.0542831333253027
2025-02-24,0.010171359194969826,-0.4897569214461783
2025-02-25,0.010482721025108912,-0.44747114104830094
2025-02-26,0.01074966122258466,0.012652959639168647
2025-02-27,0.010528477562567327,-1.5189036195870447
2025-02-28,0.012008921437532167,1.3098412294964574
2025-03-03,0.011056636222389993,-1.605678462348157
2025-03-04,0.012703033876581964,-0.9690825318666204
2025-03-05,0.013658724207682717,0.8124823636524945
2025-03-06,0.01282168520768626,-1.4022865806030365
2025-03-07,0.01441039886635554,0.3820459861321903
2025-03-10,0.013766607191368942,-1.9862222701881478
2025-03-11,0.016404236215296755,-0.463090558977212
2025-03-12,0.01667090170988779,0.292423770790987
2025-03-13,0.015934836371933516,-0.8778481610958749
2025-03-14,0.016849864415731983,1.2488471974618003
2025-03-17,0.015488146634372051,0.41293739823021786
2025-03-18,0.0147405887310623,-0.7266105356938972
2025-03-19,0.0153433695769159,0.7000162590825646
2025-03-20,0.014509926031360398,-0.15074394652701262
2025-03-21,0.014249318197469068,0.05784933681803195
2025-03-24,0.013920474888934513,1.256574741034353
2025-03-25,0.012867752203675758,0.12225099347224255
2025-03-26,0.012490148180964842,-0.8982792033402285
2025-03-27,0.013207779468637411,-0.2507962080225384
2025-03-28,0.01312197657913046,-1.5191767038021482
2025-03-31,0.014825737389683805,0.3725440571669802
2025-04-01,0.014243360872130012,0.2649728943256076
2025-04-02,0.0137974186145699,0.4860084061233531
2025-04-03,0.013088332844700283,-3.7900863629917763
2025-04-04,0.018439970641652263,-3.3410607367816767
2025-04-07,0.02503161881830328,-0.09324984624070426
2025-04-08,0.02417653123501262,-0.6545638463692344
2025-04-09,0.0247749171082143,3.668826799137917
2025-04-10,0.021954808137596298,-1.6042320572047457
2025-04-11,0.02569729053704223,0.6977537499500401
2025-04-14,0.023797106773205394,0.3325328327413939
2025-04-15,0.022149872665444707,-0.07807156507942756
2025-04-16,0.02117371228441004,-1.070348631382353
2025-04-17,0.022871684775672255,0.057973806336473824
2025-04-21,0.021777299158765452,-1.095160982091754
2025-04-22,0.023652988005825586,1.0487872449493696
2025-04-23,0.02170086492166835,0.7614380544980257
2025-04-24,0.020121217255919675,0.9967899967226302
2025-04-25,0.018684134851403734,0.3931723279737135
2025-04-28,0.017772922659575953,0.03603805357561725
2025-04-29,0.016864836688874504,0.34305944684149275
2025-04-30,0.01590650641160553,0.09297435990425171
2025-05-01,0.015199595591131732,0.41312584132933844
2025-05-02,0.014391506471274762,1.0158207647193638
2025-05-05,0.013368229246947985,-0.4789001528216768
2025-05-06,0.013643542390712303,-0.5660542590206514
2025-05-07,0.014032049177401347,0.30907375336837123
2025-05-08,0.012591282822572636,0.4592876856915299
2025-05-09,0.011947249578487956,-0.05957305321199937
2025-05-12,0.011645936350767362,2.7511722296943733
2025-05-13,0.01086341825789689,0.664805390789129
2025-05-14,0.010218921197386176,0.10019562950913975
2025-05-15,0.009779951540797832,0.42166031411849775
2025-05-16,0.009196344942879969,0.7590895525840993
2025-05-19,0.008647476008451737,0.10126996191641272
2025-05-20,0.008176792020200954,-0.47546483510489895
2025-05-21,0.008400520929948467,-1.9363941121517672
2025-05-22,0.010519669216574894,-0.04229886066381259
2025-05-23,0.010265637410681133,-0.6556728357139491
2025-05-27,0.010787915748674094,1.877339541205944
2025-05-28,0.009712049807312335,-0.5752444321526151
2025-05-29,0.010141450209655668,0.39473357240572793
2025-05-30,0.009616432917439233,-0.008442679077844807
2025-06-02,0.009345379435186528,0.43804015867059265
2025-06-03,0.00885414601954159,0.6532006048471667
2025-06-04,0.008314687644475804,0.008861997932923582
2025-06-05,0.008065800632952782,-0.656023898864942
2025-06-06,0.008548353500709378,1.196510674778157
2025-06-09,0.007833005543644902,0.11739110629607967
2025-06-10,0.007549415080153749,0.7242961850145138
2025-06-11,0.007091085708183532,-0.3874809065014596
2025-06-12,0.007314015465513842,0.5216194974791142
2025-06-13,0.006931315490990465,-1.639034986196941
2025-06-16,0.008582001302295209,1.0893523339000788
2025-06-17,0.007921739638433555,-1.058764880753225
2025-06-18,0.009030543678139057,-0.03424910456587655
2025-06-20,0.00879510501983307,-0.2479828507642079
2025-06-23,0.008846423889917908,1.0807367123969707
2025-06-24,0.008187816488908685,1.3508276146565514
2025-06-25,0.0075068107486920025,-0.0004377502589312323
2025-06-26,0.007345116938352017,1.0875430710718614
2025-06-27,0.00683816237713434,0.761227793238133
2025-06-30,0.006459884528180577,0.7974039603428663
2025-07-01,0.006102449009917536,-0.18339474988827864
2025-07-02,0.006201462670480798,0.7633480290099179
2025-07-03,0.005877681484839944,1.4128663201781915
2025-07-07,0.0055898593529079225,-1.4120870680116056
2025-07-08,0.006779798806580908,-0.10562898264394886
2025-07-09,0.006713728659361408,0.9002155260404836
2025-07-10,0.00631387338680411,0.43435161032163816
2025-07-11,0.006041968435264295,-0.5466714711627945
2025-07-14,0.006437195718381169,0.21848400956955658
2025-07-15,0.006252392343032167,-0.6340205233743926
2025-07-16,0.006736696890914245,0.47331334287628546
2025-07-17,0.006444375107030709,0.8316369160704505
2025-07-18,0.0060883101879417945,-0.014862958688848951
2025-07-21,0.006016755599775765,0.23237723096555676
2025-07-22,0.005823973279518073,0.10943190603376841
2025-07-23,0.005672605575940989,1.3717738773706605
2025-07-24,0.005295293341863616,0.131811393981538
2025-07-25,0.005164944836319725,0.7679561210002757
2025-07-28,0.004926223757026704,0.03589818083582868
2025-07-29,0.004869480282474962,-0.608654317409209
2025-07-30,0.00528150353074483,-0.23671553587580146
2025-07-31,0.005409397893063352,-0.684302046096713
2025-08-01,0.0059044621302692234,-2.730373542904546
2025-08-04,0.00865612488771663,1.6900824192329533
2025-08-05,0.007941264092800316,-0.613215191379601
2025-08-06,0.008359277274646281,0.8679604685275634
2025-08-07,0.007805700901010411,-0.10220711527959377
2025-08-08,0.007633691697870732,1.017784726432656
2025-08-11,0.007015118291662787,-0.35740928230165375
2025-08-12,0.0071972601911788735,1.5674796763631438
2025-08-13,0.006441108187028468,0.5006705818945666
2025-08-14,0.006111251884678557,0.049588019651842535
2025-08-15,0.006010097657295722,-0.48274422177530385
2025-08-18,0.006345272915392252,-0.015880839024568688
2025-08-19,0.00632391652037692,-0.9290649383615072
2025-08-20,0.007070889677230153,-0.3443174400109445
2025-08-21,0.007306621829476263,-0.5491210333022661
2025-08-22,0.007743004666041688,1.9465680067171423
2025-08-25,0.006748625960648703,-0.6335382290523361
2025-08-26,0.0072608868892994425,0.5681776583238637
2025-08-27,0.006890680845135183,0.34657394631607685
2025-08-28,0.0066417213072072845,0.4745377434078379
2025-08-29,0.006356884534599957,-1.0097305319696883
2025-09-02,0.0072201141573876556,-0.9620831346446594
2025-09-03,0.008118370924208387,0.6266173780964115
2025-09-04,0.007648744293290115,1.0866943362409949
2025-09-05,0.00701160860127641,-0.4521320071058864
2025-09-08,0.007377550827964803,0.28515756786302643
2025-09-09,0.007120890683087051,0.3769959615373978
2025-09-10,0.006842784612075142,0.43535320754365825
2025-09-11,0.006556782033906702,1.2887553039580937
2025-09-12,0.00593472185857764,-0.08136487150276157
2025-09-15,0.005967219570300061,0.7868954160712548
2025-09-16,0.0055998868122186275,-0.2301404432888
2025-09-17,0.005758863331051506,-0.16854698964836723
2025-09-18,0.005853538142694562,0.8162051258981092
2025-09-19,0.0054937501731696535,0.8871033053674318
2025-09-22,0.005148931569475688,0.8546143321944721
2025-09-23,0.00484251082365884,-1.1393576658174347
2025-09-24,0.005682094326185708,-0.501694798017989
2025-09-25,0.00605680542648559,-0.8290919699299586
2025-09-26,0.006739685398117728,0.8731103579490122
2025-09-29,0.006279571399240561,0.41914918910400767
2025-09-30,0.006022406718922576,0.6778857363919238
2025-10-01,0.0057047097496831355,0.5949740337642816
2025-10-02,0.005423290739680781,0.11398312409464988
2025-10-03,0.005320807131650277,0.01231216528739309
2025-10-06,0.005296013095091752,0.6873017904987334
2025-10-07,0.005015766757604681,-0.7613367788808116
2025-10-08,0.00557892474485774,1.0415534820654715
2025-10-09,0.005175713446400817,-0.5331388626620673
2025-10-10,0.005552318330254177,-4.950360156789071
2025-10-13,0.011085919168119114,1.3962092634994752
2025-10-14,0.009951111423780938,-0.157324285727731
2025-10-15,0.009820706304631922,0.40912724388610977
2025-10-16,0.009227053897172346,-0.6843224658174184
2025-10-17,0.009906127399183055,0.530668921637342
2025-10-20,0.009278872453619753,1.144074798873125
2025-10-21,0.008403222482801478,0.003890878348620032
2025-10-22,0.008228085050278467,-0.6504350334299931
2025-10-23,0.008834723718251886,0.6576866518201897
2025-10-24,0.008250210752394333,0.9540801091608131
2025-10-27,0.007597898680673804,1.6076999497835005
2025-10-28,0.006708299873530762,0.34067208462874937
2025-10-29,0.006450647507267693,-0.006755787645294024
2025-10-30,0.006401121774690103,-1.5550698416477495
2025-10-31,0.007904928114123381,0.33074316175160257
2025-11-03,0.007544999552464433,0.227864029011883
2025-11-04,0.00729914289112431,-1.6174844866626177
2025-11-05,0.0090699615813907,0.40208523960793
2025-11-06,0.008566560416032855,-1.3122109655217526
2025-11-07,0.00997014533150601,0.12648224329381128
2025-11-10,0.009561319977838767,1.5984850145090845
2025-11-11,0.00857093696307937,0.24188720105191863
2025-11-12,0.008223538211237115,0.07652656433033439
2025-11-13,0.008011506577559679,-2.0839340852184596
2025-11-14,0.010514274210304916,-0.047730491067100124
2025-11-17,0.010290037829961674,-0.8945057390851384
2025-11-18,0.011332864637613446,-0.7315634757211408
2025-11-19,0.012160517027716769,0.3081125357355461
2025-11-20,0.011498817247330248,-1.3644643426225669
2025-11-21,0.013475776868999501,0.7253832663317277
2025-11-24,0.01236699551760247,1.2411113820842479
2025-11-25,0.011014147715174926,0.8190271489099809
2025-11-26,0.010155579509110698,0.6777525034366775
2025-11-28,0.009420519454568932,0.5668994546310794
2025-12-01,0.008848708226243363,-0.6032008977565313
2025-12-02,0.009420755353398837,0.2605121461997165
2025-12-03,0.00903912515984098,0.32916465570196224
2025-12-04,0.008634983928924854,0.12504235339190015
2025-12-05,0.008381402675795936,0.23084070286542646
2025-12-08,0.008069240167727774,-0.4316782323048479
2025-12-09,0.008437697264897003,-0.10390787124597108
2025-12-10,0.008405618038169879,0.8002838849676444
2025-12-11,0.007799268211596884,0.26633165155533217
2025-12-12,0.007520877290519993,-1.425487086735151
2025-12-15,0.00901941785583371,-0.1771554347936909
2025-12-16,0.009049104854565261,-0.2637569181481946
2025-12-17,0.009178345075089715,-1.2703659010397503
2025-12-18,0.010695045349104733,0.7389357653485353
2025-12-19,0.009879678619801041,0.8886328958347129
2025-12-22,0.009059781741501313,0.7081705452318452
2025-12-23,0.008453002153009793,0.5370952194982294
2025-12-24,0.007985469062785171,0.40276962059619037
2025-12-26,0.00762901627625116,-0.03990158967905423
2025-12-29,0.007553160358912458,-0.4631389719944703
2025-12-30,0.007917515099109812,-0.17386948220775436
2025-12-31,0.007962918671182644,-0.9274071153048845
2026-01-02,0.008887069430705951,0.2129964259732733
2026-01-05,0.008556679979536025,0.7402432399248212
2026-01-06,0.00797775765437779,0.774351925882613
2026-01-07,0.007429164071231411,-0.4638279001472419
2026-01-08,0.007787548350144666,0.009829194758200219
2026-01-09,0.007637934073054481,0.8450729053934922
2026-01-12,0.007073334250687901,0.22286378719174652
2026-01-13,0.006843787201638751,-0.2836157132037689
2026-01-14,0.007010115446281112,-0.7628452947906638
2026-01-15,0.007670290876915926,0.33591997510786736
2026-01-16,0.007325755852396201,-0.08770544383353156
2026-01-20,0.007279596866709287,-2.8631339530046054
2026-01-21,0.010688326548445554,1.077915947023097
2026-01-22,0.00967359918224832,0.5657150564957448
2026-01-23,0.009074925850938548,0.03601312372680158
2026-01-26,0.008832984049824789,0.5653349119609191
2026-01-27,0.008307829403633228,0.49033118550312493
2026-01-28,0.00786348957491764,-0.01039314555220212
2026-01-29,0.007724628940416756,-0.1674471942198191
2026-01-30,0.007756988759029415,-0.5557800260364606
2026-02-02,0.008200256102980698,0.6556850432279426
2026-02-03,0.007682286065308788,-1.0985656507603088
2026-02-04,0.008800281448480118,-0.5778565361557922
2026-02-05,0.00931004757286319,-1.3240187826495267
2026-02-06,0.010921496035819284,1.7858674505976018
2026-02-09,0.009532791020536537,0.4909493819847409
2026-02-10,0.008966036767221259,-0.36907971386052846
2026-02-11,0.009201713588384949,-0.005320451400684785
2026-02-12,0.008964569562062888,-1.760814200485175
2026-02-13,0.011161788367695831,0.04470293003319172
2026-02-17,0.010727313833732169,0.09609028379637466
2026-02-18,0.010317741934333017,0.5379701155991857
2026-02-19,0.009677854733568622,-0.29201878611925547
2026-02-20,0.009796093420695791,0.7059707788783718
2026-02-23,0.00911046723096764,-1.1459301929069288
2026-02-24,0.010368489429574041,0.7351590619016668
2026-02-25,0.009615823333264611,0.8427186824550521
2026-02-26,0.008889611072826625,-0.6052038667937488
2026-02-27,0.009410749146354423,-0.46210934543092724
2026-03-02,0.009756860812490891,0.04082003636094935
2026-03-03,0.009428938152723991,-1.0063602685282524
2026-03-04,0.010521623369605286,0.7343092856248704
2026-03-05,0.009762925046579085,-0.5800216375406677
2026-03-06,0.010248753473156291,-1.3041313236291439
2026-03-09,0.011882864890454894,0.6959493137073292
2026-03-10,0.011008515013262504,-0.19415902174929725
2026-03-11,0.010895638370220865,-0.07690712165392967
2026-03-12,0.010504171513806131,-1.4608299349762608
2026-03-13,0.01251145421022438,-0.48575859339645105
2026-03-16,0.012786250877949662,0.788339744232804
2026-03-17,0.011833376559305149,0.21051889732980653
2026-03-18,0.011263719593465116,-1.2163832089428277
2026-03-19,0.0128780122588216,-0.21374281749211307
2026-03-20,0.012744592399412327,-1.1968946381112653
2026-03-23,0.014426785373215503,0.7893726010657681
2026-03-24,0.013233333342225097,-0.28334474484639033
2026-03-25,0.0132242177018819,0.4086815478831464
2026-03-26,0.012235022757011273,-1.4351784471464732
2026-03-27,0.014330533797605748,-1.1767343899546852
2026-03-30,0.01613831592409806,-0.24497933067808356
2026-03-31,0.015767432401665532,1.8211521431204623
2026-04-01,0.013761136713249434,0.519066495203217
2026-04-02,0.012842575559904503,0.08722924237522883
2026-04-06,0.012282234496475643,0.35962618470374846
2026-04-07,0.011570370303627847,0.06559513768456751
2026-04-08,0.011043068147957517,2.2432206362654967
2026-04-09,0.00960746676155186,0.6402381628973691
2026-04-10,0.009007611416861246,-0.1264674558460416
2026-04-13,0.008932331811226699,1.133172805002554
2026-04-14,0.00817341441937934,1.4331818154686713
2026-04-15,0.007410684953434099,1.0719852431298131
2026-04-16,0.006846936994903,0.3806893238868378
2026-04-17,0.006540311797307237,1.8299668730877123
2026-04-20,0.005916754609970687,-0.4017736186396409
2026-04-21,0.0061406800470712305,-1.0370925584846917
2026-04-22,0.006969482985882951,1.493045615092798
2026-04-23,0.006343204608762725,-0.652892729523257
2026-04-24,0.006811970001187528,1.165898839285517
2026-04-27,0.006287972252715307,0.1958688669497636
2026-04-28,0.006101210881545681,-0.8041334685932322
2026-04-29,0.00670298897045864,-0.05956324040998413
2026-04-30,0.006658317191942956,1.529843633828622
2026-05-01,0.006039079956990811,0.48418794043897917
2026-05-04,0.005779114713205841,-0.7043401437491449
2026-05-05,0.006272951618132042,1.2892220238396344
2026-05-06,0.005763663025270252,2.512802060815606
2026-05-07,0.0050785798300612426,-0.750277756809929
2026-05-08,0.005544990001091564,1.5131506869049716
2026-05-11,0.005121091466567491,0.36675614035327786
2026-05-12,0.004918745301171722,-0.32607795549530233
2026-05-13,0.005098108449111631,1.1439941149176784
2026-05-14,0.004786422222659903,1.593350688460794
2026-05-15,0.004468014183763897,-2.784320119872629
2026-05-18,0.00648326409432624,-0.11351359158884934
2026-05-19,0.006393035636764558,-1.0481281409001904
2026-05-20,0.006963229658662694,1.5415559435084942
2026-05-21,0.006352189087475752,0.26980634676715176
2026-05-22,0.006197678573117589,0.6002320450235649
2026-05-26,0.0059017888625977465,1.0318364084048324
2026-05-27,0.005500607311904894,0.029972245657835572
2026-05-28,0.005458300634275975,1.0511013585784146
2026-05-29,0.005127429532395029,0.42319542721688747
2026-06-01,0.004955146012116922,0.5291178209643108
2026-06-02,0.004807472872196634,0.2685932811096444
2026-06-03,0.004696589917335511,-1.5754726348913022
2026-06-04,0.0056834062650026095,0.7120311623869532
2026-06-05,0.005397664224369927,-4.965357088044566
2026-06-08,0.00977797791420465,0.30412271675722885
2026-06-09,0.00928889953204171,-0.2777205829088965
2026-06-10,0.009354810108551973,-1.7458500684343703
2026-06-11,0.011365436020517827,1.5280715039978137
2026-06-12,0.010337778501291863,0.4849134779329097
2026-06-15,0.009732967914998612,1.6843047549062158
2026-06-16,0.008806592640674273,-0.6472873529934219
2026-06-17,0.009314900443457149,-1.3121638473275035
2026-06-18,0.010772052713814276,1.0014631611569735
2026-06-22,0.00995494137402248,-0.37287338473569775
2026-06-23,0.010147266176269732,-1.4256971419483975
2026-06-24,0.011851299394425759,-0.08297953962713557
2026-06-25,0.011544530201730716,-0.00859377023688025
2026-06-26,0.011206663098718907,-0.042097159409845236
2026-06-29,0.010915545338172138,1.0701766148590828
2026-06-30,0.010037343806846401,0.7859647920764226
2026-07-01,0.009371719240935071,-0.22974983887120456
2026-07-02,0.009426478827843794,0.00014536185496654723
2026-07-06,0.009228503848695764,0.7818617133116148
2026-07-07,0.008645060741793607,-0.5164872042598425
2026-07-08,0.009023072605499961,-0.31266672517897565
2026-07-09,0.009175133733783241,0.8838913843072155
2026-07-10,0.00855003459021064,0.49122736852784216
2026-07-13,0.008142297152135478,-0.9774402578706182
2026-07-14,0.009002154197186233,0.416781471934265
2026-07-15,0.008593542117252561,0.44357377784909163
2026-07-16,0.008188670508023334,-0.6245778393153448
2026-07-17,0.00870021780833193,-1.1666232289486567
2026-07-20,0.009822845791181516,-0.19690056505993045
2026-07-21,0.00979115149104509,0.9005456038829146
2026-07-22,0.009118414474715541,-0.14965566987363457
2026-07-23,0.009055991133765895,-1.3431298630499005
2026-07-24,0.010464675113570998,0.047458763105185875
2026-07-27,0.010152402557138262,0.015948274397566815
2026-07-28,0.009948662457242952,0.21129437092611428
2026-07-29,0.00960754915886109,-1.5901450936612989
2026-07-30,0.011324902161146629,1.454141832108176
2026-07-31,0.010195781119025589,0.6845192439798279
2026-08-03,0.009581262482355966,1.5324277245336622
2026-08-04,0.008635896169303003,2.0539781474257484
2026-08-05,0.007590976387268014,-0.22103862787591605
2026-08-06,0.007677401381185452,-0.22938532153897556
2026-08-07,0.0077795122911370985,0.7924902222643524
2026-08-10,0.007320436238246736,-0.07979665079779515
2026-08-11,0.007298897159128373,-0.44089315453740335
2026-08-12,0.007597497959267201,0.34528136685157096
2026-08-13,0.00733535118934803,0.885437080097535
2026-08-14,0.006876942978801308,-0.2468937340076142
2026-08-17,0.006998849392285313,-0.7488610515587502
2026-08-18,0.007565822277896063,-0.9127405539272789
2026-08-19,0.008316029188715504,0.2533129381171135
2026-08-20,0.008033931799014314,-1.0837419290610644
2026-08-21,0.008990091443440037,0.4823951067232129
2026-08-24,0.008557865414812026,-0.3279794939256884
