date,cond_vol_expanding,std_resid_expanding
1991-12-24,0.00807589655782997,0.7807570630232621
1991-12-26,0.007933286598215064,1.7273810801927874
1991-12-27,0.007940757250535167,0.5029222955057532
1991-12-30,0.007762352447924189,2.7221574937101423
1991-12-31,0.008024732988334038,0.5839657284449741
1992-01-02,0.007843534104230915,0.05195808816093115
1992-01-03,0.007578094772082963,0.6561657022921517
1992-01-06,0.0074272156751019084,-0.4438169573498041
1992-01-07,0.0074339527161917185,-0.18035273458725118
1992-01-08,0.007307459582529665,0.22930991563012146
1992-01-09,0.0071061880578728006,-0.16502594445187582
1992-01-10,0.006987424463441053,-0.8627610693841109
1992-01-13,0.007266372851725945,-0.2522009014380146
1992-01-14,0.007202662803520206,2.029097318768395
1992-01-15,0.0072563363607005705,0.10811960683557048
1992-01-16,0.00705317474155281,-0.8652361439503131
1992-01-17,0.00733820829679013,0.21163503338383308
1992-01-20,0.007147306875941809,-0.8375832851441765
1992-01-21,0.007417259398333629,-1.2099695252386153
1992-01-22,0.007916288612450223,1.6695731611002085
1992-01-23,0.007883406785974266,-0.9653556375872322
1992-01-24,0.00825410769956922,0.15172995031130526
1992-01-27,0.00801055809726028,-0.14731867182515182
1992-01-28,0.007872904907007434,-0.009182197995165862
1992-01-29,0.007665977671796661,-1.4604835178023556
1992-01-30,0.008332307281010646,0.37378678718410563
1992-01-31,0.008106191752955924,-0.8540965925139454
1992-02-03,0.008390910242720878,0.21845623678582068
1992-02-04,0.008147528131517263,1.2879300577918313
1992-02-05,0.008053504872353956,-0.003003317655931674
1992-02-06,0.007837854054456637,-0.006162716928599441
1992-02-07,0.007632960146399272,-0.8671543576044068
1992-02-10,0.007911355482989787,0.8213608446566107
1992-02-11,0.007762970522684788,-0.0031068202698656118
1992-02-12,0.007556690088209119,1.0734615604985651
1992-02-13,0.00745755054800154,-1.1104220474633637
1992-02-14,0.00787267305253581,-0.3720668400906995
1992-02-18,0.00785944280689277,-1.5829778165495012
1992-02-19,0.008595752546009909,0.25103415694136627
1992-02-20,0.008340168042316604,1.64506682277498
1992-02-21,0.008298518130783942,-0.7212740184438402
1992-02-24,0.00849651059252209,0.24004788252620513
1992-02-25,0.008257258457844798,-0.5358072964915855
1992-02-26,0.008336511309646872,1.4235456540844293
1992-02-27,0.008244613245016293,-0.4359011010143264
1992-02-28,0.008270550932139513,-0.339366829978474
1992-03-02,0.00823730870421084,-0.07356170026226448
1992-03-03,0.008053226111673101,0.12036539527418243
1992-03-04,0.007832997686751943,-1.0931577041840081
1992-03-05,0.008240118606804278,-0.8389552692948393
1992-03-06,0.008499394372654545,-0.6006489957789605
1992-03-09,0.008604267704408202,0.2210565685283174
1992-03-10,0.008351595813879072,0.49541244365407816
1992-03-11,0.008144724234356034,-0.8660557229583122
1992-03-12,0.0084064013814029,-0.0412221193433033
1992-03-13,0.008179068062197453,0.5888671265042136
1992-03-16,0.007993883689086146,0.16942221395263096
1992-03-17,0.00777280754506034,1.0059281502974355
1992-03-18,0.007666389653800928,-0.13701228552205483
1992-03-19,0.007523744894275524,0.2109832249081928
1992-03-20,0.007323902450518516,0.4988651289253218
1992-03-23,0.007160697647574657,-0.4727490787917402
1992-03-24,0.007182365011352858,-0.3502893454895031
1992-03-25,0.007137271690364,-0.46680892564142834
1992-03-26,0.0071469838972934826,0.11668671549743027
1992-03-27,0.006925919244176223,-1.5517730224586261
1992-03-30,0.007547256744293207,-0.16428827126606751
1992-03-31,0.007386720893422635,0.23159136623134916
1992-04-01,0.007167625510954776,0.18650351418852668
1992-04-02,0.0069470435262507365,-1.3344214028739931
1992-04-03,0.007432453959009476,0.3522741937880817
1992-04-06,0.007225908129969486,1.3853981668252504
1992-04-07,0.007239811373103021,-2.5884716587242687
1992-04-08,0.008470886140192401,-1.060526741028602
1992-04-09,0.00885781605495988,1.7435634983292114
1992-04-10,0.0089220203538256,1.016491553951747
1992-04-13,0.008769948330513646,0.503730230178102
1992-04-14,0.008536428620824214,1.8063042863276724
1992-04-15,0.008518074687575402,1.102193760277603
1992-04-16,0.008380600354182546,-0.06881103849889401
1992-04-20,0.008168472789055976,-1.736598811121949
1992-04-21,0.00902627121656168,0.02161013815506671
1992-04-22,0.008722948856642479,-0.12581721829154846
1992-04-23,0.008529688866522033,0.510966714003453
1992-04-24,0.008321609318670938,-0.7556219963267116
1992-04-27,0.008521450361631142,-0.16364468597901596
1992-04-28,0.008365619797578995,0.19299168467933886
1992-04-29,0.008138762783026565,0.8708734549481912
1992-04-30,0.007992216334305252,0.8866370691229405
1992-05-01,0.007852885193778742,-0.7448387279708908
1992-05-04,0.008038930774785541,1.3137882141940145
1992-05-05,0.00794435249985876,-0.02113874122748023
1992-05-06,0.007745473445318805,-0.01548362524795458
1992-05-07,0.007551623100281132,-0.298993383109711
1992-05-08,0.00750272038552435,0.06408115850437614
1992-05-11,0.007300485932701892,0.8009816735240848
1992-05-12,0.0071753048764965684,-0.7345775875162452
1992-05-13,0.0073499516088509735,0.05228366304067073
1992-05-14,0.007146728813923433,-1.1165782100841575
1992-05-15,0.007528446116340673,-0.984255587111197
1992-05-18,0.007845076544477613,0.842667863641348
1992-05-19,0.007702815085877619,1.1147669322191782
1992-05-20,0.007599250860575435,-0.31008360138633023
1992-05-21,0.007549981081037343,-0.8926191644416211
1992-05-22,0.007814231177236597,0.43966447799827835
1992-05-26,0.007626509471690762,-0.8292079432376299
1992-05-27,0.007853504169104313,0.23500657464614202
1992-05-28,0.0076420993442773075,1.4428737484056813
1992-05-29,0.0075861839053363855,-0.44039925348691583
1992-06-01,0.007603542987397023,0.6160030097686133
1992-06-02,0.007444568442208116,-1.2287943824230434
1992-06-03,0.007889573184602717,0.33367543705906616
1992-06-04,0.007688290865336907,-0.41792289527581483
1992-06-05,0.007687050661771847,0.06923511082924565
1992-06-08,0.007471049041821214,-0.03885983449031515
1992-06-09,0.007280721962146883,-1.1009023668252937
1992-06-10,0.007639052834998697,-0.9001426181351019
1992-06-11,0.007894825397327037,0.5586090145390474
1992-06-12,0.007713413363635863,0.2248392617755695
1992-06-15,0.007504400032855251,0.1722457861809767
1992-06-16,0.007298617377429625,-0.6594466683928737
1992-06-17,0.007410207821207839,-2.0178285160980396
1992-06-18,0.008303477253422464,-0.38983904051675333
1992-06-19,0.008250324329649469,0.8164643094802548
1992-06-22,0.008095950496893278,-0.08265062436695636
1992-06-23,0.007891004709164812,0.20089884345349582
1992-06-24,0.0076730403609491194,-0.0645315600880603
1992-06-25,0.0074776968113395015,-0.23864013610176596
1992-06-26,0.0073660629910084156,0.11109357771441912
1992-06-29,0.007153765192044145,1.889334786790846
1992-06-30,0.007229543889183814,-0.27085571695137306
1992-07-01,0.007150094408908708,1.6149041277909966
1992-07-02,0.007153131532004685,-0.376351433488213
1992-07-06,0.007129291687953823,0.7033661554258712
1992-07-07,0.007004812724285059,-1.6236166125636842
1992-07-08,0.0075797770367624,0.36063909420308027
1992-07-09,0.007403239086347625,1.294237706446131
1992-07-10,0.007346778723329126,0.12808670636530117
1992-07-13,0.007162340464426221,0.08415964722708683
1992-07-14,0.0069804141023447055,0.9670436585379895
1992-07-15,0.006890898571677546,-0.20165087560721723
1992-07-16,0.006797613540785562,0.15510630418847765
1992-07-17,0.0066273224808192435,-0.6954541670129433
1992-07-20,0.006743247381741627,-0.6687345974055031
1992-07-21,0.006847465945330969,0.0035330580044997586
1992-07-22,0.006660291298499305,-1.0304734451545425
1992-07-23,0.006929299554291867,0.4033029290520105
1992-07-24,0.006769702647060945,-0.17215732273338177
1992-07-27,0.0066494696160552666,-0.021923144927020657
1992-07-28,0.006467106904670871,2.2307006412513433
1992-07-29,0.00659151067291663,1.701854827487114
1992-07-30,0.00661158657576696,0.6041779129556085
1992-07-31,0.0064894505269803525,0.10537188518858868
1992-08-03,0.006323610772781801,0.32770946463075523
1992-08-04,0.0061764426690480104,-0.27828081896578516
1992-08-05,0.006116400258792948,-0.8381828192982632
1992-08-06,0.006288558999409875,-0.6037912245885763
1992-08-07,0.006360236202106442,-0.640539786940765
1992-08-10,0.0064471907362479795,0.19983000229424985
1992-08-11,0.00627793737133262,-0.19761636058941004
1992-08-12,0.00617655645679147,-0.43345157463500994
1992-08-13,0.006167088452883229,-0.019402697996014243
1992-08-14,0.005993524671055922,0.8684529557562298
1992-08-17,0.005912067510202361,0.3340001057230166
1992-08-18,0.005758546689373249,0.24746825689300803
1992-08-19,0.00559586588144163,-1.3410291852762262
1992-08-20,0.005972826693458849,0.028025512931811516
1992-08-21,0.005790039203673409,-1.4138502285971828
1992-08-24,0.006204178967808152,-1.6126716814356392
1992-08-25,0.006748623035742034,0.32073852735232844
1992-08-26,0.006559117795316266,0.7021459621917242
1992-08-27,0.006435554555511144,0.00751119202957135
1992-08-28,0.006239367681273114,0.5069158903045986
1992-08-31,0.006099019382487278,-0.32045526526261653
1992-09-01,0.006035042269761085,0.8144269253258734
1992-09-02,0.005943273263279858,0.7706322142471262
1992-09-03,0.005846867520554354,0.0
1992-09-04,0.005677200118460951,-0.37969298293137604
1992-09-08,0.005636729327211107,-1.1265044112916807
1992-09-09,0.005889988757728412,0.7847244503908648
1992-09-10,0.005796323096041331,1.4811890282991536
1992-09-11,0.005815573865452023,-0.1515769069088393
1992-09-14,0.005695927966397938,2.3648572511526975
1992-09-15,0.005847649724532893,-2.226077150335337
1992-09-16,0.006632711414129789,0.05387432667523678
1992-09-17,0.006419627381770407,0.0037018282289396002
1992-09-18,0.006221792082490439,1.1441478640941773
1992-09-21,0.00618875415670053,-0.30209894925148656
1992-09-22,0.006116785145256456,-1.9479375202986209
1992-09-23,0.0067983876429881475,0.1057449633419283
1992-09-24,0.006579268242503371,0.37456725604486363
1992-09-25,0.006403603458617252,-1.545093122624816
1992-09-28,0.006917368209163145,0.7898208458931761
1992-09-29,0.006802184334464057,0.06349982516053533
1992-09-30,0.00658350479997117,0.36399438083768
1992-10-01,0.0064064833922747024,-0.5651566363605348
1992-10-02,0.006427839396700166,-2.190363642159376
1992-10-05,0.00726506053000922,-0.9759220200017799
1992-10-06,0.007526223473995955,-0.1272065484868586
1992-10-07,0.007303235552731688,-0.9888537237369074
1992-10-08,0.007563710538434823,1.139750523251887
1992-10-09,0.007535400906466181,-1.66702464328705
1992-10-12,0.008254204487993052,1.429713316720272
1992-10-13,0.008287914768966436,0.5495550126592458
1992-10-14,0.008068471569827405,0.02119694804315441
1992-10-15,0.007793767021952609,0.07207143580677276
1992-10-16,0.007547199077357403,0.6872394272918129
1992-10-19,0.007397043305373551,1.0629289366075898
1992-10-20,0.007315874231763525,0.16459441364058736
1992-10-21,0.007114884710061606,0.06426017375152115
1992-10-22,0.006918448944321432,-0.26800745610878557
1992-10-23,0.0068361621625040525,-0.2823232233786929
1992-10-26,0.006758902545363903,1.4435239753946472
1992-10-27,0.006744618680491874,0.1169566911164757
1992-10-28,0.006572069884859105,0.5951286944511623
1992-10-29,0.006444874254216562,0.26936184005534614
1992-10-30,0.006287785745937084,-0.8259369388950016
1992-11-02,0.006429041415496734,1.504750033540706
1992-11-03,0.0064279324310826825,-1.0449299101651528
1992-11-04,0.00667149750353065,-1.0064169333538375
1992-11-05,0.006907554801080851,0.42627955826809444
1992-11-06,0.0067465161933301186,-0.26952869816168595
1992-11-09,0.006659805243450036,0.3627435322932089
1992-11-10,0.006707565547793762,0.010684009134874741
1992-11-11,0.006568718144253405,1.296385173635407
1992-11-12,0.006508932006462228,0.24360791146947763
1992-11-13,0.0063881948498125665,-0.16296566159462797
1992-11-16,0.006316653432269939,-0.6571997438422542
1992-11-17,0.006411015209953258,-0.5236853346405457
1992-11-18,0.006460255818633049,1.316115538668245
1992-11-19,0.0064036799210931096,0.2804114829036114
1992-11-20,0.006288041995216799,1.1372068820757382
1992-11-23,0.006224413944879882,-0.5771660083918034
1992-11-24,0.006291900445581997,0.9207573283851159
1992-11-25,0.006215823183424044,0.6008750460813266
1992-11-27,0.006123389083307769,0.3686723106741924
1992-11-30,0.006020373635726114,0.4588749510834312
1992-12-01,0.005924999077852345,-0.223177006360144
1992-12-02,0.005882052927634891,-0.35159833785051786
1992-12-03,0.005879421375965532,0.007908412679120977
1992-12-04,0.02621290320621092,0.19030966640408994
1992-12-07,0.005659338067661667,1.3241749159843108
1992-12-08,0.005875362540447074,0.6555976445859117
1992-12-09,0.0057842714936024876,-0.5309457772386259
1992-12-10,0.006100410514193478,-0.3804692677700161
1992-12-11,0.006204954205808069,-0.33777685675450575
1992-12-14,0.006245426311381381,-0.32889824850657257
1992-12-15,0.006270330366414833,-0.09950932212469014
1992-12-16,0.006010221587721489,-0.4043687826225486
1992-12-17,0.011899743038764012,0.7580161860537872
1992-12-18,0.011693943786470342,1.141236892982173
1992-12-21,0.011501090412513374,-0.1143537042453774
1992-12-22,0.011355075314541078,-0.07797225259444113
1992-12-23,0.011146407443329086,-0.26118493080331834
1992-12-24,0.011286118501971275,0.14921807688686328
1992-12-28,0.01108370525181672,-0.12728699395724685
1992-12-29,0.010964963349549075,-0.24329804506188418
1992-12-30,0.011066855106435812,0.17313415315904346
1992-12-31,0.010870540950651701,-0.654287409991662
1993-01-04,0.011780292455845935,-0.06431424650082632
1993-01-05,0.011560688063158164,-0.20687307477841083
1993-01-06,0.011598645354935953,0.035721342223614165
1993-01-07,0.011385854180822325,-0.7694178188495374
1993-01-08,0.012591047211799067,-0.3103820774087068
1993-01-11,0.01286684531505356,0.3434150725566492
1993-01-12,0.012627175006145195,0.016536606690734812
1993-01-13,0.012386676355631262,0.37185873513898393
1993-01-14,0.012160255729987997,0.5507793669200418
1993-01-15,0.011943508811848202,0.2320714044598243
1993-01-18,0.014190066781012374,-0.04999164059195425
1993-01-19,0.01322881939079483,-0.2964844097208546
1993-01-20,0.014048305612234423,-0.2885040395941358
1993-01-21,0.014067478978464075,0.34689628326788563
1993-01-22,0.015394246354368734,0.09241504863423622
1993-01-25,0.013570356981239587,0.656062667746759
1993-01-26,0.01803867170471977,-0.007559552340038466
1993-01-27,0.1476854416452078,-0.028378727304557552
1993-01-28,0.01928309215977975,0.06506461249116545
1993-01-29,0.01842594753232293,0.014843841637772142
1993-02-01,0.018640422143323388,0.455327167262483
1993-02-02,0.01742796398104384,0.003889639179505075
1993-02-03,0.018768164276552292,0.5569284322088758
1993-02-04,0.004937623116723981,1.0659728289329113
1993-02-05,0.005390373097107318,-0.26016083212821806
1993-02-08,0.0054216367599159,-0.44425490418422314
1993-02-09,0.005574194150341511,-1.0123110496854122
1993-02-10,0.006131915260744619,0.3292590452728512
1993-02-11,0.005968445971356857,0.536066695542246
1993-02-12,0.054222193503237925,-0.1273286340224012
1993-02-16,0.0012681845782102025,-19.155601411240585
1993-02-18,0.03167246313963724,-0.10217818312648186
1993-02-19,0.0027269531665173492,1.9645570551959886
1993-02-23,0.009663357207553654,-0.10466895218179112
1993-02-24,0.009393626448451564,1.475884658337698
1993-02-25,0.00935015163150465,0.3560126786588621
1993-02-26,0.00901485093790349,0.2605026231779986
1993-03-01,0.008673391848788247,-0.3568007629114963
1993-03-02,0.007649539082106829,1.730490045789132
1993-03-03,0.0078279550746568,0.38730765045911086
1993-03-04,0.003087114537138072,-1.3873417156773757
1993-03-05,0.0031031153322123688,-0.8873012619115135
1993-03-08,0.003125979050164637,6.108265112352609
1993-03-09,0.006259685858499925,-0.10894801435036074
1993-03-10,0.0060530686659339104,0.700198333320423
1993-03-11,0.0059096811942364194,-0.9705992584827634
1993-03-12,0.0061616146661669655,-1.3974529547676477
1993-03-15,0.006664345116869383,0.5327758438302063
1993-03-16,0.006479847190533888,-0.02051196496069669
1993-03-17,0.00624927305940805,-1.0885169253972953
1993-03-18,0.006564850917974401,1.2115839247765254
1993-03-19,0.006546380314177397,-0.5791495606205564
1993-03-22,0.006588762933838782,-0.4389115566477081
1993-03-23,0.006555376938499855,-0.04078436448055456
1993-03-24,0.006341604560589012,-0.24264503849815564
1993-03-25,0.006196263902305701,1.0089552483605728
1993-03-26,0.0061471579478510055,-1.1223401046681911
1993-03-29,0.006460181195317719,1.0301831131212087
1993-03-30,0.006397716459792081,0.415554744466669
1993-03-31,0.006216036116739526,-0.10681312256827126
1993-04-01,0.006038904157842319,-0.5030472653774846
1993-04-02,0.006005864234604271,-3.327602465384739
1993-04-05,0.00737537308702459,0.2761790163701191
1993-04-06,0.007123326938984361,-0.35912504542313506
1993-04-07,0.007029133153433187,0.5053963869998649
1993-04-08,0.006828626192871617,-0.2946875223609905
1993-04-12,0.0066872874348969606,2.193857578032273
1993-04-13,0.006914290931073431,0.2739217494269747
1993-04-14,0.006705060538031969,-0.1860352242118045
1993-04-15,0.006558787578831008,-0.08838419513961761
1993-04-16,0.006355495622283516,0.18937569103148208
1993-04-19,0.006251177168468145,-0.5282404776155445
1993-04-20,0.006712351061116621,-0.7878222348300866
1993-04-21,0.006999048290518495,-0.47264955277258613
1993-04-22,0.007050337604777916,-1.3395403446729257
1993-04-23,0.006744260278381015,-0.82215705865561
1993-04-26,0.0068981648630665636,-1.1623027449225423
1993-04-27,0.007276611865005746,1.4096779896136866
1993-04-28,0.007315744300465048,0.00311422737053318
1993-04-29,0.0070790531005072346,0.28030574098219707
1993-04-30,0.006856229204484215,0.431375872672331
1993-05-03,0.006635026539765345,0.7752174169867615
1993-05-04,0.006508214809985055,0.551164297658844
1993-05-05,0.006409836127452775,0.16504047327872876
1993-05-06,0.0063172236313254245,-0.4493265404498196
1993-05-07,0.006350013482778622,-0.33787946763183263
1993-05-10,0.00635365191515959,0.17425963738073144
1993-05-11,0.006261923394857924,0.5616227251360512
1993-05-12,0.006167881294126653,0.16046089362576457
1993-05-13,0.006079517343448127,-2.0727791195277834
1993-05-14,0.006534054747777354,0.11493661551788549
1993-05-17,0.006439801716835906,0.28588621291591115
1993-05-18,0.006345412425677348,-0.017890028713710003
1993-05-19,0.006273933198252756,2.603026518204772
1993-05-20,0.006367504234770438,1.056121883433572
1993-05-21,0.006291924875816574,-1.6843322439972421
1993-05-24,0.006863327026705679,0.7041916185623218
1993-05-25,0.006734053243224388,0.28148535768384897
1993-05-26,0.006561195267315027,1.5506613766505666
1993-05-27,0.006070437980424154,-0.3746196681443575
1993-05-28,0.01327738179520626,-0.37048984519204925
1993-06-01,0.01340075241112025,0.6009310108055645
1993-06-02,0.006148975956427435,0.007173784767474375
1993-06-03,0.006072564776861863,-0.4942093933817857
1993-06-04,0.006117495786194423,-0.8802196633264938
1993-06-07,0.0076155751079473024,-0.6932986209589012
1993-06-08,0.007951921804097824,-0.8398811143017296
1993-06-09,0.006458608161002804,0.3720908376269518
1993-06-10,0.006372377565060845,-0.14087249378537547
1993-06-11,0.03520777060014658,0.11963954094064858
1993-06-14,0.035400343976232734,0.028405923551661848
1993-06-15,0.0356787466722433,-0.0902934435613751
1993-06-16,0.005766648359541816,0.4501677522735164
1993-06-17,0.005723617641778819,0.4329077123891413
1993-06-18,0.005683643958382879,-1.916783927504138
1993-06-21,0.0058867741473126135,0.969723175457737
1993-06-22,0.00576094069035522,-0.11285206862575992
1993-06-23,0.005798192958899314,-1.0629855091284532
1993-06-24,0.0012751328129136704,6.0460625634545195
1993-06-25,0.0011182612504270753,1.9600784692287234
1993-06-28,0.001081085278623032,8.741484107500884
1993-06-29,0.0008898577809060389,-2.888700589548506
1993-06-30,0.029686824244154263,-0.011960941326710637
1993-07-01,0.029887627593238077,-0.11232939360364497
1993-07-02,0.030099895070923085,-0.23612277214418337
1993-07-06,0.030326302800172514,-0.3277911794147769
1993-07-07,0.030563704304417006,0.10360257309646811
1993-07-08,0.030675119800760722,0.4249338958455264
1993-07-09,0.0062997218637683115,-0.18764507093524202
1993-07-12,0.006138121564744981,0.3160026187910286
1993-07-13,0.006429720347659252,-0.3086092021747845
1993-07-14,0.0064267475140207895,0.6894961992239805
1993-07-15,0.009289512339850115,-0.20588451249520157
1993-07-16,0.005925829820472969,-1.3085916537783864
1993-07-19,0.006893001572794969,0.09110034941889293
1993-07-20,0.010115354988524203,0.2832969776628955
1993-07-21,0.09477675926787205,-0.003066989740761648
1993-07-22,0.10963164324635587,-0.05462481184698252
1993-07-23,0.14245539072637517,0.04078275313757115
1993-07-26,0.09556692723932395,0.04647013535487736
1993-07-27,0.08762617580788419,-0.021620519755000418
1993-07-28,0.12033810920820005,-0.019488554333477036
1993-07-29,0.02747493556412788,0.247395904882107
1993-07-30,0.027474190548106386,-0.17097400701395948
1993-08-02,0.027677494715251966,0.1624954589705305
1993-08-03,0.027746148401264593,-0.07052611793700754
1993-08-04,0.02794415514590056,-0.05819235199759317
1993-08-05,0.028142379549860784,-0.032495580493403016
1993-08-06,0.0035231959701269968,0.34813353408924574
1993-08-11,0.0035749699292390805,0.6278720573870281
1993-08-13,0.05216703264219593,0.0503172217791015
1993-08-16,0.053998320263079415,0.09192632913117807
1993-08-17,0.05695017109611282,0.029087277197505514
1993-08-18,0.028543030386757623,0.22427446593573774
1993-08-19,0.02878432619607691,0.029696296747210336
1993-08-20,0.02840778707104978,-0.02082873970998947
1993-08-23,0.02866102328764672,-0.07120552889167156
1993-08-24,0.029700041405029444,0.33412514616209044
1993-08-25,0.02952579658533612,0.026509981393285732
1993-08-26,0.028693823304691807,0.06885651929883246
1993-08-27,0.028466408835665407,-0.03811836909529638
1993-08-30,0.029002003042193053,0.10167130989978096
1993-08-31,0.028669736350406937,0.12512905361501103
1993-09-01,0.028593463049592146,-0.030946187813736033
1993-09-02,0.02892158626885111,-0.13838792876112851
1993-09-03,0.006619367898967475,0.013101890384433627
1993-09-09,0.07621459787375857,0.02440037729803729
1993-09-10,0.0056470838000004285,1.6259303031684784
1993-09-13,0.005646249984226241,0.1303693791452761
1993-09-14,0.004918331500848473,-0.9526983327948028
1993-09-15,0.005058327871283259,0.7294242753375653
1993-09-16,0.004985523592921062,-0.9451672585853532
1993-09-17,0.005125142307279615,-0.2549847106985516
1993-09-20,0.005903344435105104,-1.401318475354575
1993-09-21,0.006849110744269746,-0.6753438957286085
1993-09-22,0.0071079292406984115,1.005857726053277
1993-09-23,0.00696846008383192,0.48360460515785375
1993-09-24,0.006670970222362863,-0.03602294130273943
1993-09-27,0.006323528342887547,1.4344622128568847
1993-09-28,0.0063575523845688445,-0.09198758406860709
1993-09-29,0.006089246565750745,-0.506055236079635
1993-09-30,0.006202731289887479,-0.41399221561011434
1993-10-01,0.01892851824671886,0.26983381122249034
1993-10-04,0.018473079515252594,0.007040466117206642
1993-10-05,0.06576742995149198,-0.004614373277222998
1993-10-06,0.06689794373767052,-0.014917401524475462
1993-10-07,0.0678389151034903,-0.049994863133859334
1993-10-08,0.010924130740427545,0.22499695440577486
1993-10-11,0.010684696558615859,0.1158241384318187
1993-10-12,0.01043922096972164,0.04986830003596344
1993-10-13,0.010808654697975461,0.07420552094364084
1993-10-14,0.010475223820320291,1.098284204569323
1993-10-15,0.010258361636776419,0.5559524916720188
1993-10-18,0.010026060494008206,-0.22330806742234557
1993-10-19,0.010521046770698683,-0.4555858837463176
1993-10-20,0.008148477778472467,-0.036854112026172316
1993-10-21,0.0069882666700949395,-0.21816354452386516
1993-10-22,0.007337213604863449,-0.6134828036748389
1993-10-25,0.008093772951350817,0.2477838701340874
1993-10-26,0.0070272934021794785,0.030644600279819082
1993-10-27,0.00689220082594051,0.09684043601907387
1993-10-28,0.006798134425436642,0.9845226585112747
1993-10-29,0.008127652338118584,0.02629584874871425
1993-11-01,0.0068787274181834725,0.39411722822713974
1993-11-02,0.00430988623968413,-0.3266786828037689
1993-11-03,0.00427287855311497,-2.723645025485484
1993-11-04,0.008827355240318137,-1.361134840030758
1993-11-05,0.00985100825517698,0.4604889474483141
1993-11-08,0.008260118989415817,0.16847249445696164
1993-11-09,0.007275028287560898,0.03583572802157543
1993-11-10,0.006670164712270555,1.1000223136272655
1993-11-11,0.006747905121920775,-0.3455411538559382
1993-11-12,0.006850394298400987,0.865139939269506
1993-11-15,0.006762039357295033,-0.5220586736918744
1993-11-16,0.007100232685680073,0.9051425335683821
1993-11-17,0.006930799746287151,-0.5978562347259203
1993-11-18,0.007315844923519125,-0.3504002707700094
1993-11-19,0.00720455789447379,-0.3057061491631841
1993-11-22,0.015054936620880937,-0.5001255192899259
1993-11-23,0.01671508833157536,0.24706475225472432
1993-11-24,0.0161421146827839,0.17845633285043017
1993-11-26,0.015567958304238098,0.0971773739996434
1993-11-29,0.014989393596285984,-0.16733337556198263
1993-11-30,0.015045897735190614,-0.015827797902966605
1993-12-01,0.014450116868321128,0.014985236214083182
1993-12-02,0.013897322992975218,0.18980461373855495
1993-12-03,0.01343562723341446,0.2855300072402998
1993-12-06,0.013028765654856276,0.2538298600219993
1993-12-07,0.012629089361431502,0.05600468132525186
1993-12-08,0.012182657578121375,-0.08269553382311792
1993-12-09,0.011934816157376772,-0.3800129111612525
1993-12-10,0.012796135763235295,-0.042100933981618766
1993-12-13,0.012378930498563858,0.30762053408949885
1993-12-14,0.012025224732044353,-0.47276007530094716
1993-12-15,0.013260121428462425,-0.19895196598799952
1993-12-16,0.003338756467851232,0.971204442893133
1993-12-17,0.0032812176439483715,1.9930543203196913
1993-12-20,0.0031326679362400516,-0.3629672740942144
1993-12-21,0.004787843919543326,-0.24674454771881577
1993-12-22,0.006138933548721082,0.705648769697852
1993-12-23,0.005983868857548205,0.021454048568938882
1993-12-27,0.021326388979634046,0.31596290322131354
1993-12-28,0.018511491057377812,0.045901923090022737
1993-12-29,0.005299417589637684,-0.14430918487921715
1993-12-30,0.005247621815014935,-0.7872201402961511
1993-12-31,0.004044002447246721,-1.1582719894005866
1994-01-03,0.004322380599871027,-0.5014966948642329
1994-01-04,0.004351654772894961,0.7147890698113247
1994-01-05,0.003836628432941879,0.3681757402675483
1994-01-06,0.003171950542161384,-0.29007238242038985
1994-01-07,0.005467293709423549,1.0853120232608702
1994-01-10,0.005399807366697441,2.104361616957806
1994-01-11,0.0055441803569591915,-0.43315410620641115
1994-01-12,0.005704862684172935,0.014790804552344354
1994-01-13,0.0053927800735280714,-0.6660164174707474
1994-01-14,0.005851118048880499,0.8803556222751922
1994-01-17,0.005695069176520891,-0.5962893308315624
1994-01-18,0.006055764630911077,0.3311221317958195
1994-01-19,0.005755657348104745,0.018312127546144866
1994-01-20,0.005436480538404312,0.2635370178191281
1994-01-21,0.005212453838601919,-0.10504877705251134
1994-01-24,0.005024166209446064,-1.1563575012833718
1994-01-25,0.006101652816696806,-0.36501095244524284
1994-01-26,0.006131495544981887,0.7877199195104639
1994-01-27,0.005918752720339191,1.3690593425924589
1994-01-28,0.005858459320183748,0.5893768482218978
1994-01-31,0.011608433986454239,0.5220777920011382
1994-02-01,0.013792102186235325,-0.3002090548655796
1994-02-02,0.01475162200267754,0.33555635634913467
1994-02-03,0.014371280840733865,-0.18647983967194176
1994-02-04,0.014760319304171803,-1.5538828785291592
1994-02-07,0.024703770326960167,0.16766873568985632
1994-02-08,0.023917515390052574,-0.06297405010222884
1994-02-09,0.023509826503396402,0.15503174739250628
1994-02-10,0.022758291411077113,-0.3583529606894296
1994-02-11,0.024859272963339615,0.10708666258404412
1994-02-14,0.024030081946841583,0.00442676556049288
1994-02-15,0.023170217176932798,0.20966962549993237
1994-02-16,0.02246224468042873,0.02543301115738697
1994-02-17,0.021675517954157075,-0.2396945585237732
1994-02-18,0.022694628676788498,-0.24896380667646806
1994-02-22,0.023840132155734873,0.33676643111107873
1994-02-23,0.023184880708786146,-0.07050009555735069
1994-02-24,0.022851331841754738,-0.6019319729412483
1994-02-25,0.027229074036472883,0.14290210502029366
1994-02-28,0.026336364842282568,0.08707264002002073
1994-03-01,0.025439479822922956,-0.22786023896359586
1994-03-02,0.026521347745806098,0.030026025671531953
1994-03-03,0.007467706890309248,-0.5195760256775989
1994-03-04,0.0075140465358038465,0.49632580499251994
1994-03-07,0.01558409136228352,0.2989227239913077
1994-03-08,0.1042847028938708,-0.021176900127681118
1994-03-09,0.023375315604969457,0.10821771024454606
1994-03-10,0.02424106758523887,-0.28005058860120763
1994-03-11,0.021948224262296548,0.24878556097611387
1994-03-14,0.006322337743701813,0.3218205768567625
1994-03-15,0.00618588329081687,-0.13148755011357346
1994-03-16,0.006098749584227809,0.843980721036854
1994-03-17,0.005991704961218077,0.5253639173085329
1994-03-18,0.005872882067633427,0.057846379918624465
1994-03-21,0.005736669113805928,-0.9350328577504154
1994-03-22,0.005935403618319904,0.09345903321975266
1994-03-23,0.006649638170984806,-0.08342064179637113
1994-03-24,0.006362029377983821,-1.411955720423277
1994-03-25,0.008694055260082335,-0.9376586019366407
1994-03-28,0.04090438136823399,-0.030804675211136227
1994-03-29,0.0354529902130043,-0.4649227564644324
1994-03-30,0.05673633684558,-0.2720327350239705
1994-03-31,0.06581382269003044,0.007500743907523837
1994-04-04,0.05299162043310282,-0.2922330823024212
1994-04-05,0.1233377175746189,0.17126284791602014
1994-04-06,0.07706542459310362,-0.006949386186535403
1994-04-07,0.07724282816250044,0.08151479696152514
1994-04-08,0.09711201508634047,-0.08669311043611315
1994-04-11,0.010052096056284295,0.6144334832607691
1994-04-12,0.00992434963182958,-0.5164746354257743
1994-04-13,0.007930526058630007,-0.3696101262369048
1994-04-14,0.008015686232455216,0.033541039071616645
1994-04-15,0.007943565767595941,-0.056420066092250296
1994-04-18,0.008959373243673293,-0.9344845707247335
1994-04-19,0.002878680594631228,0.06281682740292523
1994-04-20,0.0028970942388919846,-0.4526998891403333
1994-04-21,0.00850425753790816,1.7875792294321473
1994-04-22,0.008434565779055868,-0.2909913661280301
1994-04-25,0.023220784108791803,0.4859747941997706
1994-04-26,0.02300306193696646,-0.08073742413055121
1994-04-28,0.023147455791755207,-0.265641434211282
1994-04-29,0.023333215643748784,0.17237990452618066
1994-05-02,0.023336984980551444,0.2000463728370787
1994-05-03,0.023321005271940223,0.0009474460259173743
1994-05-04,0.023447416859348966,-0.12350290954581955
1994-05-05,0.023603242595373813,-0.031900444909890364
1994-05-06,0.023739225338355315,-0.3335485967373054
1994-05-09,0.007806832033517634,-1.582942181551995
1994-05-10,0.009906920407159113,0.8385831579482952
1994-05-11,0.004597901170572711,-2.2153689694146763
1994-05-12,0.00814754155363934,0.6266912718191977
1994-05-13,0.008001984180182572,0.10978779991092856
1994-05-16,0.007877096643106372,0.09999553777685741
1994-05-17,0.007754805931360741,1.4080372270871677
1994-05-18,0.029725941785267874,0.32185893043400454
1994-05-19,0.13802261393932944,0.044418523499310754
1994-05-20,0.01834109397659479,-0.18664659284291887
1994-05-23,0.01624703893877766,-0.23315342310457296
1994-05-24,0.005449786833933623,0.6507021233294885
1994-05-25,0.005375243546109375,0.6247891300321304
1994-05-26,0.005305961390863534,0.29712433894493967
1994-05-27,0.005289065634389591,0.11165178840622446
1994-05-31,0.006967502538839146,-0.2607105709860921
1994-06-01,0.006914404041742313,0.3575590863731649
1994-06-02,0.006762619616002647,0.006458808807728013
1994-06-03,0.15428353369533077,0.035028899330352574
1994-06-06,0.0041946955087722865,-0.6485143550182716
1994-06-07,0.06047051303300887,-0.024163395928005336
1994-06-08,0.06079996949457819,-0.04133073949259609
1994-06-09,0.0003222093831387992,5.427404242854966
1994-06-10,0.013755485886678827,0.12850131171197582
1994-06-13,0.01245612578621825,0.07522708503259985
1994-06-14,0.012900508803549562,0.550161343144409
1994-06-15,0.00799253236180242,-0.4771653672492791
1994-06-16,0.024309566083493772,0.11771836751381533
1994-06-17,0.015486186351156289,-0.48831179612753217
1994-06-20,0.08933460471628676,-0.07275376748530882
1994-06-21,0.00816004779362649,-1.1189768324594387
1994-06-22,0.006121070018296405,0.6322171650328944
1994-06-23,0.0060354466847404205,-1.2701197396951402
1994-06-24,0.0062104623257721436,-2.4646892811010823
1994-06-27,0.006560393460642336,1.5446768376695346
1994-06-28,0.008355554351290966,-0.33222862037924555
1994-06-29,0.008436738503845034,0.4137976340398762
1994-06-30,0.008393092641106116,-0.8977082181966516
1994-07-01,0.008524214561746091,0.5085334650144886
1994-07-05,0.008456910287129861,0.04503822314060115
1994-07-06,0.008502670057098162,-0.06324992639344412
1994-07-07,0.008561247740892897,0.5876126820393965
1994-07-08,0.0004837561382188129,5.386923308788635
1994-07-11,0.00041797577141837515,-7.942825718535056
1994-07-12,0.00045974998326328364,-0.5339864805143671
1994-07-13,0.0004689816391964429,3.7096308415035186
1994-07-14,0.005830642548349396,1.7794619295767302
1994-07-15,0.005477691226865294,0.3017266527832976
1994-07-18,0.005467855481692575,0.42635624541698014
1994-07-19,0.005436837243800817,-0.5503333940657719
1994-07-20,0.005514639797364923,-0.9052091449030444
1994-07-21,0.005619328303851264,0.39754740141640055
1994-07-22,0.004727331749063534,0.23355545727703939
1994-07-25,0.09453533653210072,0.02658072721147652
1994-07-26,0.09414414046840017,-0.020832180483973867
1994-07-27,0.09540998925337202,-0.01827917676337399
1994-07-28,0.09541399422856896,0.03860238493983276
1994-07-29,0.0938704163342487,0.09386406345756325
1994-08-01,0.09230715200294728,0.06481649414169086
1994-08-02,0.007510137216002978,-0.13004034730225264
1994-08-03,0.00757253040212441,0.2549474212846061
1994-08-04,0.0075668738976264974,-0.8763962726534043
1994-08-05,0.0076988898139479815,-0.3717226923928849
1994-08-08,0.007785278995826865,0.22461783985132203
1994-08-09,0.016214911890676476,0.0040402997891957945
1994-08-10,0.016331761120486614,0.3174121011088694
1994-08-11,0.016285230261304403,-0.18972256713431485
1994-08-12,0.0047422270345883035,1.401508013584064
1994-08-15,0.002007074141619673,-0.7663692987521289
1994-08-16,0.00204588766553649,3.9895024884185277
1994-08-17,0.028735364942758787,0.01197226158703419
1994-08-18,0.005610747303336685,-0.76794988143565
1994-08-19,0.08748957987787899,0.012578149593580817
1994-08-22,0.007851962269022397,-0.3740893529532855
1994-08-23,0.02743268760263518,0.17226892922662598
1994-08-24,0.00133288476840324,7.265160756130417
1994-08-25,0.001072218295780864,-1.8909739720286218
1994-08-26,0.001110373129988506,10.938731170092732
1994-08-29,0.0007962344622522755,2.0923481796640098
1994-08-30,0.000753960128793387,4.129730234319534
1994-08-31,0.005313589884777022,-0.22942811206496744
1994-09-01,0.005324697268786898,-0.9185630943419646
1994-09-02,0.0010048602703911303,-4.595582922529247
1994-09-06,0.0010653406474007432,1.7322710297073687
1994-09-07,0.0010290203827526987,-1.7934132026863003
1994-09-08,0.016917240693025373,0.26922340307634995
1994-09-09,0.016615027086185254,-0.6342774511857632
1994-09-12,0.019779723960952872,-0.21318111700898407
1994-09-13,0.01866126941356001,0.14921823572696505
1994-09-14,0.01685837865571745,0.16344706197981262
1994-09-15,0.01619067644462519,0.7867803850627685
1994-09-16,0.018367689660735088,-0.4166721090201939
1994-09-19,0.019265329510978136,-0.037467823399105274
1994-09-20,0.008024251823290357,-1.9983578691419843
1994-09-21,0.006771370738443433,-0.6068048143610333
1994-09-22,0.006891941795050929,-0.059754821119881035
1994-09-23,0.0068214113729387306,-0.5093756846750589
1994-09-26,0.006908369284969621,0.36168552464408216
1994-09-27,0.006792029356101423,0.3924536634842389
1994-09-28,0.00667540151537675,0.901843664059484
1994-09-29,0.006520158607972283,-0.8602608038425259
1994-09-30,0.007899482838303261,0.12865068735279214
1994-10-03,0.0010998374287928298,-1.9080533891327423
1994-10-05,0.005773548280906569,-0.4081649367421711
1994-10-06,0.011173514406118816,-0.22920766712425952
1994-10-07,0.01127589998835785,0.5355579438744354
1994-10-10,0.006557917620987832,1.314469456930007
1994-10-11,0.00642236886397737,2.2729208777566616
1994-10-12,0.007778463732754881,-0.08835378238329791
1994-10-13,0.007143544445633976,0.6959913440492016
1994-10-14,0.007157007897800015,0.390733509587101
1994-10-17,0.021393748108575212,-0.013953590667548572
1994-10-18,0.020496275302858954,-0.13543508294093304
1994-10-19,0.0035751528035770645,1.5626508053867227
1994-10-20,0.003445853790615831,-2.12436157913051
1994-10-21,0.02192381727914484,-0.19189952085798923
1994-10-24,0.04272841444538285,-0.2052888644561008
1994-10-25,0.009026699320009034,0.16815363595668997
1994-10-26,0.007548512942258554,0.31250096795821347
1994-10-27,0.006925807731388281,1.0046098685834035
1994-10-28,0.006838915896249762,2.465045912635014
1994-10-31,0.03594494912783905,-0.08350824278022444
1994-11-01,0.0019793845021710706,-4.220954090176219
1994-11-02,0.0021183016680810713,-1.9288474675719915
1994-11-03,0.0021947943561393107,1.365276127920844
1994-11-04,0.0021240104345691506,-5.699224398678064
1994-11-07,0.0023203678658151785,0.735866471281241
1994-11-08,0.0022893185501772243,2.426931577346931
1994-11-09,0.006638647802003895,-0.08089420052597104
1994-11-10,0.006571538465396998,-0.33715088579650454
1994-11-11,0.006572141474627437,-0.663321769789706
1994-11-14,0.006658786718539199,1.1938049374755333
1994-11-15,0.006549763637708004,-0.33124381223523197
1994-11-16,0.006548894359481243,0.19360876119425385
1994-11-17,0.006558429034760691,-0.6727870496780948
1994-11-18,0.006636819256375852,-0.6841176443323008
1994-11-21,0.0003981475706846776,-17.312887697952426
1994-11-22,0.0005042305578239798,-35.84949378512386
1994-11-23,0.0008086604854503388,-0.4396848947360063
1994-11-25,0.000822505658390696,6.360548439793297
1994-11-28,0.0006857513707301556,6.01673024603983
1994-11-29,0.0004933098726448944,4.503129252707023
1994-11-30,0.00043347186587641196,-7.513415491315804
1994-12-01,0.0004828776732963946,-21.88840639612964
1994-12-02,0.0006396844289167081,15.178426298011452
1994-12-05,0.00039193505844352155,0.11267939187177413
1994-12-06,0.0003983692697673345,-1.1632542283757208
1994-12-07,0.0004111664118853643,-10.11190963353978
1994-12-08,0.0004727950782818049,-27.268001940976305
1994-12-09,0.05756015389251673,0.05879156384595166
1994-12-12,0.09665168208916733,0.05794030091426776
1994-12-13,0.021693641630224202,0.06968555322626929
1994-12-14,0.021771843540902953,0.4891932269614216
1994-12-15,0.016212845406662842,0.05013920669651426
1994-12-16,0.011626844061166519,0.6510772835400535
1994-12-19,0.013754187927743125,-0.1411709951554156
1994-12-20,0.00681268854332519,-0.25987795417596715
1994-12-21,0.006855312443227893,0.7988072421036779
1994-12-22,0.006719696761718423,0.022665811591838933
1994-12-23,0.006711483127503851,0.048610337580679966
1994-12-27,0.016985221010456703,0.3370498306514982
1994-12-28,0.0030803086335983248,-1.1321642031742467
1994-12-29,0.003151966053460135,0.21335580053397468
1994-12-30,0.003152600536677577,-1.3095598872690708
1995-01-03,0.003234406801195934,-0.10773154199226277
1995-01-04,0.02322709388128495,0.14978018418963054
1995-01-05,0.02324444465101654,-0.03456397131283859
1995-01-06,0.0233744586365189,0.03158592774936899
1995-01-09,0.014472230877151972,0.022494071009601234
1995-01-10,0.014531711359919075,0.12681316066500528
1995-01-11,0.014543578481826396,-0.002977065799573217
1995-01-12,0.005817666063687512,-0.00744268652679212
1995-01-13,0.005763125084559929,1.6199299113117869
1995-01-16,0.0060130504451856,1.2126005599958576
1995-01-17,0.003972163130254405,0.35908916134943475
1995-01-18,0.003962846612795771,-0.18259128499904684
1995-01-19,0.00400105638026242,-1.472924283427912
1995-01-20,0.03439102719421214,-0.13544343836736078
1995-01-23,0.03457618529201981,0.06464381163093402
1995-01-24,0.034641555465488534,0.0024773490581097507
1995-01-25,0.034772522381740466,0.09737214552898726
1995-01-26,0.03480322583700556,0.054041976528823546
1995-01-27,0.011998038068199135,0.36758763292021096
1995-01-30,0.08531321442787658,-0.04694116862298815
1995-02-01,0.014789594938846828,-0.002877538056749938
1995-02-02,0.01324253365055233,0.3827024249188464
1995-02-03,0.014852382626514638,0.8293817632638848
1995-02-06,0.01830764687601703,0.28341653553624474
1995-02-07,0.008309695749140651,-0.08257124172504841
1995-02-08,0.008366669987422271,0.09442597636543144
1995-02-09,0.008392051475630276,-0.24789452093512784
1995-02-10,0.012730652582073121,0.2074734422523674
1995-02-13,0.005272798170668684,0.07482938039123975
1995-02-14,0.005214756167652998,0.3579880755046882
1995-02-15,0.00514202003714885,0.8003640226371148
1995-02-16,0.005046745383363598,0.2778808613067815
1995-02-17,0.004980792057449038,-1.3492883845856
1995-02-21,0.005216898436928647,0.29805141425416
1995-02-22,0.005147389183301547,0.9434778305353363
1995-02-23,0.005044372117323313,0.750555865002026
1995-02-24,0.004953644379154242,0.49689713113444267
1995-02-27,0.004877729278572291,-1.8140608381554033
1995-02-28,0.005209125632474046,1.41528385225868
1995-03-01,0.0050793977700392245,-0.7041123549790789
1995-03-02,0.005178766613122825,-0.20686025027295288
1995-03-03,0.005171543324743726,0.11555871753601034
1995-03-06,0.017560692988893546,0.02462909048428453
1995-03-07,0.017552558371134275,-0.4132726060822913
1995-03-08,0.0004570119216915834,4.624521487840266
1995-03-09,0.00040482642186371454,0.1021975590754499
1995-03-10,0.0004101910793829397,32.1303926811848
1995-03-15,0.018143262830152485,-0.11305909649440714
1995-03-16,0.018252156623468158,0.39178470076514327
1995-03-17,0.018111703416204786,0.012256390045327699
1995-03-20,0.018182688956190806,0.06877313011116758
1995-03-21,0.018222249269592254,-0.11848114624149854
1995-03-22,0.01833285355479813,0.0660687273297066
1995-03-23,0.018373962516662398,0.030735340613527184
1995-03-24,0.01843501625748001,0.5463017522216155
1995-03-27,0.006093781592177029,0.728859098200901
1995-03-28,0.0058157097655970515,0.23902395150205547
1995-03-29,0.052529497839322946,-0.02949053593763931
1995-03-30,0.001122826298246663,-1.594572019604833
1995-03-31,0.001154712979710594,-2.60774675182165
1995-04-03,0.0012023398952177575,1.8914853619108385
1995-04-04,0.0011559392816659854,5.824062095671061
1995-04-05,0.0010033442438555707,0.6507991082358714
1995-04-06,0.0009971434114337888,1.011101208416144
1995-04-07,0.0009817584847089487,0.6841377200427448
1995-04-10,0.0009749524733729312,1.194268971755426
1995-04-11,0.0009554529147987812,-3.059664178753028
1995-04-12,0.001000967532050608,3.2357674099718396
1995-04-13,0.008625129176608426,0.4699666290487404
1995-04-17,0.00855941884807672,-0.7133941735753774
1995-04-18,0.008685589750024224,-0.1730151169683681
1995-04-19,0.008757481239284475,-0.10171841697580185
1995-04-20,0.008822446232975978,0.0830281411232143
1995-04-21,0.008858108290627558,0.7126794356378152
1995-04-24,0.001476041934490958,5.837161654913728
1995-04-26,0.023102956662472005,0.0473071152348323
1995-04-27,0.15523208590798146,0.011174022461740398
1995-04-28,0.0010054553397555012,2.2440639794776676
1995-05-02,0.0035118835586788956,0.3320148426872747
1995-05-03,0.003457871942120238,3.139628877391405
1995-05-04,0.003319711734638373,0.034721953021669937
1995-05-05,0.014984971391743677,-0.05386378512960102
1995-05-08,0.014700136200247418,0.5003928242388661
1995-05-09,0.015143821514380812,-0.05043345261582923
1995-05-10,0.01479474699217454,0.10319954333414315
1995-05-11,0.014761121908736454,0.0012932153589514327
1995-05-12,0.014630959688966954,0.15363157213589512
1995-05-15,0.014720219927583983,0.2824964339418342
1995-05-16,0.014913890316694808,0.057151580620126013
1995-05-17,0.0147800758583924,-0.1436184199963897
1995-05-18,0.10765643009077826,-0.13294658878110244
1995-05-19,0.04086669873493509,-0.01837477255035469
1995-05-22,0.07821049599115341,0.10936715369850136
1995-05-25,0.14867554126624338,-0.0002539575457183171
1995-05-26,0.020598685943742197,-0.45583325482010734
1995-05-30,0.02363768172461736,-0.005656222721450672
1995-05-31,0.12879531401893043,0.1442737945129202
1995-06-01,0.03352088807453405,0.005031209184413719
1995-06-02,0.049069863694468425,-0.03746929156204614
1995-06-05,0.020615990785448887,0.28064977355482557
1995-06-06,0.0037964720911551303,-0.02458461828355241
1995-06-07,0.02030556693964317,-0.2230387068916721
1995-06-09,0.020304891384751108,-0.40967844802228504
1995-06-13,0.004653676042442677,2.082525994936309
1995-06-14,0.0049882407036202754,0.15700332568915623
1995-06-15,0.004787816670048528,0.25292034231465804
1995-06-16,0.004587583439783329,1.0970443942453716
1995-06-19,0.004602095591127845,2.158803998699276
1995-06-20,0.004801664769720432,-0.09169076115780855
1995-06-21,0.004671609381539846,-0.3931440289283388
1995-06-22,0.004641029203572811,2.7902023407113954
1995-06-23,0.004889193586254757,-0.5053900321061757
1995-06-26,0.004906341983369058,-2.0794939649887723
1995-06-27,0.005557750351194864,-0.5630275457820912
1995-06-28,0.005596540231174853,0.7560370699497085
1995-06-29,0.0055028193688819345,-0.2871227218453333
1995-06-30,0.005432305411357531,0.2976149112615299
1995-07-03,0.005272960322059253,0.8129016169151696
1995-07-05,0.005198504662573398,0.059758620681397506
1995-07-06,0.005033405708039308,2.4282944509778526
1995-07-07,0.005197309471342527,0.8248331917643225
1995-07-10,0.005126445383524976,0.2872882404725467
1995-07-11,0.004984977706643391,-0.8695340143471144
1995-07-12,0.005141899629273037,2.130174293403965
1995-07-13,0.005262791941030123,0.03725618322751356
1995-07-14,0.005105229841102995,-0.3879440413317023
1995-07-17,0.0050924141862531015,0.9900519580867644
1995-07-18,0.0050466667309142284,-1.5057625538243318
1995-07-19,0.005442488178978747,-2.4776460745394773
1995-07-20,0.006274651864985401,0.7387663772485464
1995-07-21,0.006163663464610075,0.023451112716265758
1995-07-24,0.005968081528762282,0.9085387083010434
1995-07-25,0.005897101959445301,1.3563177674309785
1995-07-26,0.0059017499199701205,0.15394306848115308
1995-07-27,0.005724207215318855,1.1193430071337123
1995-07-28,0.005688188966204611,-0.7137088107679205
1995-07-31,0.00579824262691472,-0.26674841940548344
1995-08-01,0.005736010447966851,-0.7522398043984587
1995-08-02,0.005860483149268469,-0.25631683665830585
1995-08-03,0.0057943870147639095,-0.015439011877979757
1995-08-04,0.00564820189324885,0.06019460971230205
1995-08-07,0.0054869953669099926,0.3550702468864795
1995-08-08,0.005362408461897875,0.11983235054755101
1995-08-09,0.005221546088855406,-0.23252966010545204
1995-08-10,0.005171115603708475,-0.7824223838209121
1995-08-11,0.005291795879895735,-0.7949227992585163
1995-08-14,0.005418280942396745,1.532978249909766
1995-08-15,0.005428218722423949,-0.38546959374504375
1995-08-16,0.005421219000433488,0.46174099556847653
1995-08-17,0.005311089173164449,-0.31296234187590316
1995-08-18,0.005283479285591309,0.057561520300190475
1995-08-21,0.0051466869357834144,-0.38258853568066786
1995-08-22,0.005142845968895688,0.4906347408162633
1995-08-23,0.00504631308917851,-0.8447210885528764
1995-08-24,0.0051809372489039305,0.1108313289671437
1995-08-25,0.005050665658809378,0.9354221105189596
1995-08-28,0.004997656537812527,-0.3754565474372117
1995-08-29,0.004993319746545588,0.34003249487566106
1995-08-30,0.0048887700817902245,0.33576515857129546
1995-08-31,0.004787145679782677,0.35721709266949475
1995-09-01,0.004689761254628618,0.7425235732566646
1995-09-05,0.004625407556640335,2.034103632294471
1995-09-06,0.004675279807238553,0.3754647478281361
1995-09-07,0.0045812718667665306,0.04593328055163507
1995-09-08,0.004475645538003527,0.9344169055158104
1995-09-11,0.004430646227931613,0.4842316434115704
1995-09-12,0.004347975117076421,1.0396011069210431
1995-09-13,0.004313789550191093,0.9069735989046066
1995-09-14,0.004268259081136409,1.9510836814024353
1995-09-15,0.00432360859759396,-0.10306645425288542
1995-09-18,0.004255182094906877,-0.2337565162717127
1995-09-19,0.004219608324712373,0.5808074552339774
1995-09-20,0.004146056049867031,1.0587272824690293
1995-09-21,0.00411704098303012,-1.5656310392954722
1995-09-22,0.004425692602177798,-0.4927584354159554
1995-09-25,0.004454609771384862,0.030876052704149864
1995-09-26,0.0043570024959936685,-0.15785809301331175
1995-09-27,0.004305544979337254,-0.1478507762064972
1995-09-28,0.004252796982554249,1.9465660318695919
1995-09-29,0.004298935715893131,-0.5804153513744073
1995-10-02,0.004349683804066633,-1.0606663852467066
1995-10-03,0.004523815935124962,0.2354944989081816
1995-10-04,0.004422290159628951,-0.33810223431427944
1995-10-05,0.004412901210898788,0.4516338029827495
1995-10-06,0.004330685030845357,-0.05549785754141638
1995-10-09,0.004257326952576598,-1.6672920325737628
1995-10-10,0.0045800936538012,-0.32110395511618406
1995-10-11,0.004563300378787372,0.7348991665333806
1995-10-12,0.004500773977556525,1.3913124930991396
1995-10-13,0.0044979625864396515,0.5331579592659369
1995-10-16,0.004419795284322373,-0.5697294780031795
1995-10-17,0.004466789397886194,1.4353305316794898
1995-10-18,0.004467939598006309,0.2515935637519361
1995-10-19,0.00436875329632571,1.247392347371842
1995-10-20,0.004352925895636015,-1.2440989949633026
1995-10-23,0.00457506639875308,-0.8948053946923372
1995-10-24,0.00471120723721516,0.5362590670712452
1995-10-25,0.004626241222001745,-1.5051523463287695
1995-10-26,0.0049396698306569155,-2.0083938224442535
1995-10-27,0.005465243387708382,0.9430357882295666
1995-10-30,0.005409278677448415,1.1286461397908116
1995-10-31,0.005381920323565537,-0.5583395446533329
1995-11-01,0.005425596252186688,0.8601086214492666
1995-11-02,0.005356030243831588,1.7494718670388882
1995-11-03,0.0054143350836775425,0.2660319865982798
1995-11-06,0.005270521237301372,-0.6790964581672055
1995-11-07,0.005360445894237136,-0.6796569312024342
1995-11-08,0.005450138891143144,1.6790322602134502
1995-11-09,0.0054934966934617295,0.4762141401855428
1995-11-10,0.00537115707774421,-0.16955476093320282
1995-11-13,0.005290497336966322,-0.13397984386457548
1995-11-14,0.005203473299541655,-0.9791262974661709
1995-11-15,0.0053940872332239485,1.463385472356056
1995-11-16,0.005399620933863243,1.050906447943225
1995-11-17,0.0053515841468789824,0.852049912893935
1995-11-20,0.005279757067931941,-1.0190890561767905
1995-11-21,0.005492037583245174,1.0312701335158467
1995-11-22,0.005439591397768644,-0.5643974490493296
1995-11-24,0.0054932191116668135,0.4769767276902358
1995-11-27,0.00537492192761612,0.4181727352695286
1995-11-28,0.005256068870000483,1.616237182921372
1995-11-29,0.005272220110493008,0.3718206982862461
1995-11-30,0.0051518274677616735,-0.7264979640546347
1995-12-01,0.005259588480569122,0.5049779349661982
1995-12-04,0.005153725153795661,2.1300705758977996
1995-12-05,0.00522575086597089,1.243248021851735
1995-12-06,0.005203308164571601,0.776282012101153
1995-12-07,0.005125605072048963,-1.265582274337958
1995-12-08,0.005421713309683104,0.3917167529311382
1995-12-11,0.005295511139402738,0.6228612129577942
1995-12-12,0.005199401277705026,-0.229867095945216
1995-12-13,0.005146669219731748,0.9116061363231617
1995-12-14,0.005085827728384464,-1.5144539694164503
1995-12-15,0.005458479182934219,-0.17230536773252259
1995-12-18,0.005380862969932013,-2.8960186810120145
1995-12-19,0.00629681411298472,1.3343512379427593
1995-12-20,0.006292448951531906,-1.5632879498351255
1995-12-21,0.006808246868103468,1.0988030036422893
1995-12-22,0.006752524352512355,0.3537495383285446
1995-12-26,0.006558764035473362,0.5843766449891924
1995-12-27,0.0064139583121011826,0.05837383880706046
1995-12-28,0.006209113168144648,-0.10749599970144252
1995-12-29,0.006081342669394235,0.4839339175028185
1996-01-02,0.005948031408520359,1.3051149127868173
1996-01-03,0.005924426108122957,0.16036753198961187
1996-01-04,0.005761006771334494,-1.0142908480885424
1996-01-05,0.00598137865374691,-0.2681638669369
1996-01-08,0.005925465683177084,0.478210488625408
1996-01-09,0.005799943287144949,-2.5303043178548124
1996-01-10,0.006622549970111624,-2.742728448107753
1996-01-11,0.0077621108272924256,0.9030916494397038
1996-01-12,0.007641042959421889,-0.1912298608935124
1996-01-15,0.007474078887512883,-0.4431521862883991
1996-01-16,0.007446585012116156,1.9161382049696434
1996-01-17,0.00755347192245124,-0.4511773836951201
1996-01-18,0.007535329260449828,0.40863139511027635
1996-01-19,0.007326520484309214,0.8032420338498881
1996-01-22,0.007196756624703834,0.3561044975549755
1996-01-23,0.007002494878896351,-0.1420961528632384
1996-01-24,0.006864996423688011,1.694499261811628
1996-01-25,0.006882719295398649,-0.6882893951455584
1996-01-26,0.006991886927612382,1.0599818360393785
1996-01-29,0.006911014903809139,0.603942799626998
1996-01-30,0.006766348908442746,1.3973712784245502
1996-01-31,0.006738163312636916,1.3760597121432259
1996-02-01,0.0067109763445602835,0.5705609444991845
1996-02-02,0.006565444169830032,-0.6263185537424277
1996-02-05,0.006646664591448564,1.3169080087214202
1996-02-06,0.006612244081051956,1.1509236773962794
1996-02-07,0.006556601701340531,0.8471488831407085
1996-02-08,0.00645568122678735,1.4565230048203446
1996-02-09,0.006459571436872587,0.0707701997872366
1996-02-12,0.006244919376139444,1.2345662138663207
1996-02-13,0.006216576896516901,-0.22876491497677942
1996-02-14,0.006125987874060058,-1.222972158271995
1996-02-15,0.006464598194221357,-1.0084589527770687
1996-02-16,0.006710731710761321,-0.7661284679703476
1996-02-20,0.006850509279317553,-1.6606761642056376
1996-02-21,0.007415990746020923,1.5590153892533158
1996-02-22,0.0074279374130775165,2.216776734308674
1996-02-23,0.007579677422377516,0.04405233835148685
1996-02-26,0.007312182356707626,-1.8004351909475227
1996-02-27,0.008016695569398076,-0.6190437437685459
1996-02-28,0.008081010631263562,-0.47698349351698627
1996-02-29,0.008066212424009378,-0.8334556663911241
1996-03-01,0.00825188141539555,0.74325757818529
1996-03-04,0.008088563964406893,1.229470338168502
1996-03-05,0.00803260161629231,0.9489883131467255
1996-03-06,0.007918224610994033,-0.7319848318737807
1996-03-07,0.00804624742836957,0.3141235034188548
1996-03-08,0.00780712757140144,-4.0107039766755905
1996-03-11,0.00993814486112077,1.0303187127946283
1996-03-12,0.009813181791999196,-0.46758344538950086
1996-03-13,0.009749054160467997,0.23479065335598864
1996-03-14,0.009401169268029886,0.385766779864395
1996-03-15,0.0091153695746565,0.09581913309217788
1996-03-18,0.00878624589374993,1.9736515481887047
1996-03-19,0.00890561254245092,-0.16529382478200408
1996-03-20,0.008696308361821723,-0.30213157553418446
1996-03-21,0.00857575599657568,-0.14180993817315962
1996-03-22,0.0083732312266158,0.2627792244211077
1996-03-25,0.008121455119909787,-0.10981791409624968
1996-03-26,0.007924474253885929,0.5675172569227502
1996-03-27,0.00774709545050439,-0.8050953765672292
1996-03-28,0.007909907624961392,0.005850315050136474
1996-03-29,0.00766582883274775,-0.693343942160037
1996-04-01,0.007771861062367502,1.6301349074492784
1996-04-02,0.0077916203283927895,0.300030794917007
1996-04-03,0.0075718096741264505,0.12490204137662876
1996-04-04,0.007330594998124319,-0.00416386763315088
1996-04-08,0.0071142889919980305,-2.5126919767075226
1996-04-09,0.00812863751299917,-0.3920827396995191
1996-04-10,0.00807727932175199,-1.686733064302927
1996-04-11,0.008728986989210447,-0.4203154407435382
1996-04-12,0.008676089122862994,1.0054363806304518
1996-04-15,0.00856418988584957,1.055197277666262
1996-04-16,0.00846343951178559,0.4606968058410788
1996-04-17,0.008249003076336737,-0.6388283665311465
1996-04-18,0.008325368781670804,0.3738345153619124
1996-04-19,0.008101336292851823,0.2796970120035782
1996-04-22,0.007870369548548407,0.5542436153289444
1996-04-23,0.007695418165938296,0.7380050336389526
1996-04-24,0.007557258218061715,-0.28666056851874117
1996-04-25,0.007467302632402743,0.5549768299868453
1996-04-26,0.007303741336562609,0.12368114981498517
1996-04-29,0.007074389504414529,0.1513307768735162
1996-04-30,0.00685511985071188,0.002232140703720479
1996-05-01,0.006650738168895792,0.09421575329603357
1996-05-02,0.006430759547752872,-2.6837106132461974
1996-05-03,0.00746559925360595,-0.36483553201399355
1996-05-06,0.007415423698916277,-0.17245459062216403
1996-05-07,0.00727726829010438,-0.5479058921146647
1996-05-08,0.007313331886918623,1.3875967019112145
1996-05-09,0.0072961771243887485,0.1423436113762257
1996-05-10,0.007075519792015589,1.4487093735676198
1996-05-13,0.0070700146280595465,2.028635826363937
1996-05-14,0.007162373774876259,0.8605718801621866
1996-05-15,0.007060307859362759,-0.038306866247247565
1996-05-16,0.006876467243259211,-0.1246250358668357
1996-05-17,0.006734537696398048,0.904006700264502
1996-05-20,0.006647485999073511,0.9505461030265984
1996-05-21,0.006570173126801284,-0.08821005283208706
1996-05-22,0.0064191895707712944,1.3051291782541112
1996-05-23,0.006406381284839693,-0.5577975744350063
1996-05-24,0.006451510487576644,0.5744632852651735
1996-05-28,0.006317921611711472,-1.4718000172862633
1996-05-29,0.006756459315285089,-0.9497797373983489
1996-05-30,0.00696981732967446,0.8075482496732794
1996-05-31,0.006863886828368894,-0.5606767126968676
1996-06-03,0.00690990135218849,-0.31178492419913667
1996-06-04,0.0068503078102836725,1.0630642483686785
1996-06-05,0.006784975557100018,1.2829413064085091
1996-06-06,0.006755971060390391,-1.1850405850702341
1996-06-07,0.00707080024316404,0.05881870750052405
1996-06-10,0.0068508422906632905,-0.24952794061734132
1996-06-11,0.006766548058525514,-0.26187422774687713
1996-06-12,0.006689497977198411,-0.4306102936820519
1996-06-13,0.006683018256492027,-0.2507004870880826
1996-06-14,0.006603565097681451,-0.4700486738638241
1996-06-17,0.006614330372588045,-0.15675213944213953
1996-06-18,0.006497817528285206,-0.7189168119104283
1996-06-19,0.006610954984486164,-0.022843634502986692
1996-06-20,0.006439721435858767,0.032827617647130214
1996-06-21,0.006251697783436793,1.1410680014538523
1996-06-24,0.006211412980889286,0.484528382952749
1996-06-25,0.00607661818333441,-0.09105954538390465
1996-06-26,0.005946875740969002,-1.031987369214663
1996-06-27,0.00618172946869747,1.0097208772217576
1996-06-28,0.006122381951219043,0.5073852942756333
1996-07-01,0.005993329250755471,1.3011092868204013
1996-07-02,0.005979888904798706,-0.5625967460155094
1996-07-03,0.006031400873486229,-0.2980814692749016
1996-07-05,0.005982219205320113,-3.7611341581538404
1996-07-08,0.007376456331393298,-1.0141865124806393
1996-07-09,0.007635809693396477,0.4427922114589221
1996-07-10,0.007444511932113575,0.2684878586117775
1996-07-11,0.007235722181724345,-2.2062391526612184
1996-07-12,0.008092145971987494,0.09948795865796378
1996-07-15,0.007815776722268419,-3.2871067831262795
1996-07-16,0.00946647240410569,-0.24012451619158826
1996-07-17,0.009247098284400958,0.9765455640302185
1996-07-18,0.009122542822446799,1.6284811472133964
1996-07-19,0.009181061640365125,-0.8205434174697034
1996-07-22,0.00937740634359838,-0.8313232464070212
1996-07-23,0.009583315757662157,-1.1422944692447978
1996-07-24,0.010025023924342928,-0.035008874680267
1996-07-25,0.00966300804087014,0.7437645462998727
1996-07-26,0.009449769070253805,0.7900874404649523
1996-07-29,0.009256879615818838,-0.851061905940614
1996-07-30,0.009469958636871287,0.7255786945888
1996-07-31,0.009261525902319498,0.7942198911300468
1996-08-01,0.009077007819790161,1.7200706033791913
1996-08-02,0.009100131237538557,2.0881332890473585
1996-08-05,0.009206282958265479,-0.37118336486244885
1996-08-06,0.009116001834593044,0.3566461733333821
1996-08-07,0.008842555500909734,0.3034899943895297
1996-08-08,0.00857252080927377,-0.2760688134514881
1996-08-09,0.008448752318800913,-0.08757188474037386
1996-08-12,0.008226468654784318,0.671944434578597
1996-08-13,0.008047524675763099,-1.0439802691442184
1996-08-14,0.00835969892693207,0.33472801628392157
1996-08-15,0.008118575978752294,0.04279175672832607
1996-08-16,0.007842662812419713,0.56286263217975
1996-08-19,0.007657138159985855,0.2686871659696291
1996-08-20,0.007429106751675292,-0.17984499701911097
1996-08-21,0.0072876325984304775,-0.12785923006811264
1996-08-22,0.007124012530836643,1.1790831116575433
1996-08-23,0.007060467420174167,-0.7729014932699436
1996-08-26,0.007218582403303089,-0.6557587715751323
1996-08-27,0.007318458563333926,0.5176923320822837
1996-08-28,0.007139896369751198,-0.3345770710063602
1996-08-29,0.007082221673659485,-1.582636639003699
1996-08-30,0.0076577596409941155,-1.0791000693786532
1996-09-03,0.007982550805682269,0.5234428530678384
1996-09-04,0.007784319426899433,0.17451224221106854
1996-09-05,0.00753939718047205,-1.2541613788374089
1996-09-06,0.007954196166258962,1.2021827008549264
1996-09-09,0.007869218519194233,1.556418742041657
1996-09-10,0.007844372787941895,0.009600156252376844
1996-09-11,0.007598398270155191,0.6861750831979371
1996-09-12,0.007438737865930193,0.7774038521128025
1996-09-13,0.007297919788460962,1.9038127957221136
1996-09-16,0.007346557535460489,0.6863187913270127
1996-09-17,0.007194913729025226,-0.21148791699140398
1996-09-18,0.0070763389640784565,-0.3045112639612255
1996-09-19,0.007005998295537592,0.3201075481546649
1996-09-20,0.006806866403264603,0.8642952740150033
1996-09-23,0.0066950556967157095,-0.11963141498776544
1996-09-24,0.00654729720731437,-0.19368778160972985
1996-09-25,0.006436773500868789,0.04985058841840409
1996-09-26,0.006222494361265279,0.007022165544215309
1996-09-27,0.006032295174427073,0.07974691944072335
1996-09-30,0.005824040217200278,0.2850238276888801
1996-10-01,0.005644974711579233,0.4504622976070012
1996-10-02,0.005491444200920245,1.2981984440226744
1996-10-03,0.005480797126972129,-0.3236487129512612
1996-10-04,0.005445645532461819,2.2864833446517934
1996-10-07,0.005594842234334373,0.47839526652803516
1996-10-08,0.005451424348335584,-0.7055460016970652
1996-10-09,0.0055804442054914576,-1.0002651871554393
1996-10-10,0.00583824562265838,-0.5244356263586338
1996-10-11,0.005891690132567703,1.4719365002184364
1996-10-14,0.005881185936191314,0.6974771191510519
1996-10-15,0.005767769803277536,-0.23920016247234985
1996-10-16,0.005703583878009208,0.4585685307629096
1996-10-17,0.005563685580562091,0.6571134876848382
1996-10-18,0.005451412456014846,0.9910708151704724
1996-10-21,0.005385902607917844,-0.25355040403126256
1996-10-22,0.005334948414411355,-0.8681167656178757
1996-10-23,0.0055337711449464115,0.17894277889193214
1996-10-24,0.0053683992040801185,-1.3162439723003403
1996-10-25,0.00575368780777866,-0.33937527621365116
1996-10-28,0.0057366719311136615,-0.9126111885975429
1996-10-29,0.005958220189070449,1.0175047046908523
1996-10-30,0.005878915894683196,-0.14554404572499993
1996-10-31,0.005780219330070342,1.0753013367976403
1996-11-01,0.0057123465393126025,-0.37272072191896594
1996-11-04,0.005709765395734325,0.7350641771181956
1996-11-05,0.005604301266343406,1.8611369337380435
1996-11-06,0.005635043560016286,2.5779698939827034
1996-11-07,0.005765986568694353,0.7308692363336111
1996-11-08,0.005659769000836644,0.7680533442499354
1996-11-11,0.00556071837175334,0.2581850712821865
1996-11-12,0.005400111885805946,-0.5854113038200486
1996-11-13,0.005482314453114712,0.39211173731590404
1996-11-14,0.005341943579058571,1.2122515528235416
1996-11-15,0.005305500778626837,0.44514396061345135
1996-11-18,0.0051743600762893405,-0.1572609650399788
1996-11-19,0.0050958140370368195,1.3638177817044395
1996-11-20,0.005083722734217398,0.4738707534992173
1996-11-21,0.004960664504229223,-0.3254262282837108
1996-11-22,0.004948351158029694,1.6205190785687125
1996-11-25,0.004972311326463065,2.2171800889467677
1996-11-26,0.0050894298495230165,-0.27791476057742714
1996-11-27,0.005050693011352517,-0.25159805611881947
1996-11-29,0.00500621887779696,0.533726108282449
1996-12-02,0.004892918130684813,-0.1242325073447783
1996-12-03,0.0048098090908714804,-2.287941296499006
1996-12-04,0.005547887828096469,-0.7676568040720209
1996-12-05,0.005701597559024797,-0.1695561800780362
1996-12-06,0.005619518353402928,-1.1463966807803367
1996-12-09,0.005927704743102034,2.3016837768714677
1996-12-10,0.006025897711788537,-0.492106295314238
1996-12-11,0.006065354686927645,-1.508836095960215
1996-12-12,0.006567885109582939,-2.3677342930735725
1996-12-13,0.007601266505805992,-0.11910518757675133
1996-12-16,0.007393254689099234,-1.4294695454573225
1996-12-17,0.007978268348418036,0.8765948445641393
1996-12-18,0.007820380871109279,0.9650158670336255
1996-12-19,0.007686922559392409,2.5045100274656624
1996-12-20,0.007886244968154411,0.5276974627824188
1996-12-23,0.007651340603642088,-0.3407684802543611
1996-12-24,0.00757619707085925,0.7243179118906988
1996-12-26,0.007397770627980165,0.8593974981803323
1996-12-27,0.007250630124895359,0.17688294409009167
1996-12-30,0.006998524500677156,-0.5561741258783452
1996-12-31,0.0070635875932383504,-2.4836817353539984
1997-01-02,0.008261102891408065,-0.611080571856388
1997-01-03,0.00834095649772702,1.7793701984728938
1997-01-06,0.008367062796799236,-0.0607305831865137
1997-01-07,0.00809334614001981,0.9187316723307599
1997-01-08,0.00793116538122575,-0.8094245352052473
1997-01-09,0.008143781528760812,1.0521035436256174
1997-01-10,0.008005455389076715,0.7671394151287861
1997-01-13,0.007816950775184241,0.0016859934829562707
1997-01-14,0.007545832728701014,1.6214748377239436
1997-01-15,0.007526393304177242,-0.2871680625008169
1997-01-16,0.007430838167718818,0.44655088017541417
1997-01-17,0.007211499358651635,1.151738233550431
1997-01-20,0.0071174202771205185,0.09591183018032713
1997-01-21,0.006856012162453399,1.126136346333732
1997-01-22,0.006768040549114876,0.6610997652736368
1997-01-23,0.006606495891061527,-1.6784294543318339
1997-01-24,0.0072872574345265685,-1.248092508560374
1997-01-27,0.007746228624443488,-0.9247899182155569
1997-01-28,0.008023342285518077,0.0
1997-01-29,0.007743994131392343,1.2564583341349949
1997-01-30,0.0076569581023956225,1.9581931641076118
1997-01-31,0.0077065582368577475,0.3288741913179269
1997-02-03,0.007454155742944839,0.09723299200604904
1997-02-04,0.00717673711866451,0.4473788261757552
1997-02-05,0.0069689900989959004,-2.010250487123965
1997-02-06,0.007861411576326709,0.30526908706838657
1997-02-07,0.007603396056625971,1.5768723491623968
1997-02-10,0.007581945563311578,-0.6917084741048911
1997-02-11,0.00771662129031479,0.6845649184525816
1997-02-12,0.007530850355287748,2.1982131040081816
1997-02-13,0.007638146804053232,1.4676830224530166
1997-02-14,0.007617100790524577,-0.5412469207202356
1997-02-18,0.007657135592654375,1.2555268957284145
1997-02-19,0.007592750546306386,-0.6145418082029418
1997-02-20,0.007676258645516286,-1.5630000569170692
1997-02-21,0.008351887907592056,-0.1537129900033144
1997-02-24,0.008140982209377227,1.2969067830367582
1997-02-25,0.008072574505948714,0.2672528159250793
1997-02-26,0.0077920313457354,-1.007527918339921
1997-02-27,0.008113883394168653,-1.633799908197874
1997-02-28,0.008854876732684843,-0.6052912291750434
1997-03-03,0.00891968801730968,0.634728657759638
1997-03-04,0.008680459646183558,-0.6332847374308335
1997-03-05,0.008766264746444062,1.5812158435850805
1997-03-06,0.008749996727295947,-0.48983151121619106
1997-03-07,0.008740207150141682,0.9147232379069186
1997-03-10,0.008570314426586581,1.2514540692422922
1997-03-11,0.008482337571609806,-0.3351780350185743
1997-03-12,0.008378633597964062,-1.0460682689200458
1997-03-13,0.008736902627254453,-2.1113646029035067
1997-03-14,0.009881988808124239,0.4616204093557853
1997-03-17,0.009554475805310544,0.3346361048600908
1997-03-18,0.009216526518572105,-0.8281196162389244
1997-03-19,0.009434468651967723,-0.5234301632807519
1997-03-20,0.009432933082138616,-0.4217696696715882
1997-03-21,0.009359689304326737,0.19775267233224036
1997-03-24,0.00900560307883885,0.9574461551835727
1997-03-25,0.008840595426290874,-0.2606007786942809
1997-03-26,0.008680881069374462,0.20857451494435358
1997-03-27,0.008366672158959382,-2.5396988343764813
1997-03-31,0.009744970401873478,-2.2468076675556716
1997-04-01,0.011132665070276191,0.2984820981936324
1997-04-02,0.010688472141596137,-1.1811616335859396
1997-04-03,0.011229642332131202,0.024929471458737924
1997-04-04,0.010722016192615237,0.9374814296155958
1997-04-07,0.010497254968583994,0.5302022483716968
1997-04-08,0.010165560587539915,0.5136615732336165
1997-04-09,0.0098482513199233,-0.7342669708954197
1997-04-10,0.009995381702382906,-0.297706899421459
1997-04-11,0.0098161884118136,-2.818036663460314
1997-04-14,0.011686655714033569,0.702386484291525
1997-04-15,0.011348913824801918,1.2925238012580669
1997-04-16,0.011218672626295872,1.0344962061681717
1997-04-17,0.011003371888194337,-0.20973175475420608
1997-04-18,0.010715352776779492,0.5581964650726017
1997-04-21,0.010383328350804178,-0.7532093541203082
1997-04-22,0.010548475709716043,1.758975229343764
1997-04-23,0.010560503157118862,-0.11864869618059402
1997-04-24,0.010223148738489687,-0.31153495598640923
1997-04-25,0.010047320100478117,-0.7526812249765318
1997-04-28,0.010214236277306958,0.9660985229940797
1997-04-29,0.010009156109200548,2.689446208761538
1997-04-30,0.010299537420598819,0.8873159421052969
1997-05-01,0.010077700860910841,-0.3485701648829858
1997-05-02,0.009927914725334957,1.8051724732267826
1997-05-05,0.009995732944882358,2.108983758086037
1997-05-06,0.010199025023390776,-0.2992189734509756
1997-05-07,0.009993634924793804,-1.4784125063694022
1997-05-08,0.010764201104063493,0.5270080691725284
1997-05-09,0.010428927713232306,0.5269328449289437
1997-05-12,0.010105838157030447,1.5333254204900995
1997-05-13,0.010122247926970333,-0.5357070812218403
1997-05-14,0.0101075154944004,0.3449645240703577
1997-05-15,0.009742586756855978,0.7144980790405194
1997-05-16,0.009498612063942336,-1.5279118015432729
1997-05-19,0.010273878331410824,0.41204421569703154
1997-05-20,0.009930211694037539,1.0088765355182696
1997-05-21,0.009775462365118948,-0.28114748192504124
1997-05-22,0.00958282425694777,-0.4597761478699331
1997-05-23,0.009526843362011518,1.4185546635324497
1997-05-27,0.009503476396878575,0.33240393178430727
1997-05-28,0.0091652780604097,-0.3214869094301528
1997-05-29,0.009018966734891385,-0.4103936481183922
1997-05-30,0.008939952710419016,0.555205109902663
1997-06-02,0.00868082672726668,-0.2610374424393561
1997-06-03,0.008511243883922538,-0.12222577555638846
1997-06-04,0.008259629305904908,-0.7714234950996791
1997-06-05,0.008440062787571437,0.4673050660230787
1997-06-06,0.008177174161925307,2.0959396445982716
1997-06-09,0.008338312583253172,0.6829440948908831
1997-06-10,0.00813216528855574,0.335857951365308
1997-06-11,0.007847882524311489,0.63166407904596
1997-06-12,0.007640859424938054,2.074007023748598
1997-06-13,0.00783254373663497,1.409869884923982
1997-06-16,0.007854597989904587,0.08976025768284601
1997-06-17,0.007521438845517464,0.07731299948061911
1997-06-18,0.007199094738023547,-0.8349275246392013
1997-06-19,0.007411740288369748,1.348428178127404
1997-06-20,0.007409333172080308,0.10667177750106356
1997-06-23,0.007106877446832206,-3.1795678487170784
1997-06-24,0.008763429472268552,2.278485391378147
1997-06-25,0.008978833643016496,-0.917029950577365
1997-06-26,0.009240830732777365,-0.6483159556015036
1997-06-27,0.009322720191237234,0.43851280906943724
1997-06-30,0.00904845152858405,-0.26935978377364417
1997-07-01,0.008890961456994008,0.7459585459860318
1997-07-02,0.008707306467410815,1.6634820797898897
1997-07-03,0.008764899848270473,1.6152644029054757
1997-07-07,0.00882583110273984,-0.5847529926094859
1997-07-08,0.008864296407239824,0.807145038791202
1997-07-09,0.008700247814100752,-1.4110439952931249
1997-07-10,0.009283688975244843,0.7380962729847681
1997-07-11,0.00909280655395249,0.3484694201897079
1997-07-14,0.008805231613942503,0.21042198222253358
1997-07-15,0.008495340720857905,0.9421374560554335
1997-07-16,0.008376135833624294,1.3885419654224036
1997-07-17,0.008382589393999001,-0.6360077715288287
1997-07-18,0.008455511747872322,-2.088861079264543
1997-07-21,0.009462859438297076,-0.2728248661335817
1997-07-22,0.009294953192048866,2.4513130562496985
1997-07-23,0.009599473123647203,0.28736803755905616
1997-07-24,0.009278678720116205,0.4295196392233406
1997-07-25,0.009008389083449477,-0.17840833330776656
1997-07-28,0.008792367008186152,-0.28384226968515125
1997-07-29,0.008648558333801026,0.7188384532156675
1997-07-30,0.008473118504673097,1.245884577970137
1997-07-31,0.00844091477205709,0.25103635962239385
1997-08-01,0.008153875036876564,-0.924913696394372
1997-08-04,0.008403119565035082,0.39637403124871456
1997-08-05,0.008156301942996554,0.26677509770426594
1997-08-06,0.0078872241950705,1.0539779336413417
1997-08-07,0.007811423975563289,-1.2229185174057262
1997-08-08,0.008232177404934956,-2.275223906447445
1997-08-11,0.009312017780341733,0.3972816963715071
1997-08-12,0.00904301097086033,-1.242597795025638
1997-08-13,0.009497743409624981,-0.5137557477377849
1997-08-14,0.00948631361196732,0.31394097951077304
1997-08-15,0.00919082202803798,-2.8561888293232354
1997-08-18,0.010782399379791276,1.1947952843917826
1997-08-19,0.01070745669989253,1.3736154991584062
1997-08-20,0.010690489451190612,1.3379253137451204
1997-08-21,0.010659851877881064,-1.4390766390690233
1997-08-22,0.011359591153328847,-0.14381578497361316
1997-08-25,0.01102068071340178,-0.3326971996010705
1997-08-26,0.010843370279362396,-0.7183865373131431
1997-08-27,0.010965211812169036,0.06789616336918994
1997-08-28,0.010525232150911147,-1.0487248754602108
1997-08-29,0.010895913303122928,-0.4275513265687318
1997-09-02,0.010795218635526191,2.850650384523779
1997-09-03,0.011275345795383172,0.026764677481001774
1997-09-04,0.01081933082332309,0.2993515943192897
1997-09-05,0.010454419477519884,-0.1872013979550858
1997-09-08,0.010196316521921956,0.22670388288035268
1997-09-09,0.009839187360622566,0.2637827477426732
1997-09-10,0.009506391836713299,-1.6568536574979098
1997-09-11,0.010294210972535887,-0.683107985680938
1997-09-12,0.01039506821986779,1.1859369091814573
1997-09-15,0.010310807215844939,-0.4355600018825566
1997-09-16,0.010234021669267467,2.7104009846481847
1997-09-17,0.010630496406820953,-0.2629867591927767
1997-09-18,0.010419967496927158,0.4356031513932591
1997-09-19,0.010111725051053377,0.33559452972667536
1997-09-22,0.009786276705302438,0.5275551149054135
1997-09-23,0.009523575976711777,-0.3853592688709507
1997-09-24,0.009425980491720509,-0.8335476798407181
1997-09-25,0.009635574329644604,-0.7244533259730942
1997-09-26,0.00977027919726905,0.7946248554504134
1997-09-29,0.009582137369263279,0.8926988135825973
1997-09-30,0.009425741334530105,-0.6765393958751259
1997-10-01,0.009527740181095036,0.8969376263337001
1997-10-02,0.009373418127674914,0.5624223263971028
1997-10-03,0.009131933964630126,0.5198088459113233
1997-10-06,0.008885330416461348,0.8898051060210669
1997-10-07,0.008743690212951209,1.2198226469034348
1997-10-08,0.00870085169934958,-1.0900239033129218
1997-10-09,0.009075075513920528,-0.364956647919294
1997-10-10,0.008974761783874989,-0.41864565451199676
1997-10-13,0.008911510177484365,0.12989605201495388
1997-10-14,0.008580229831610142,0.26215583590651814
1997-10-15,0.008289137657415171,-0.568311595105683
1997-10-16,0.008328629264469435,-1.308837278497451
1997-10-17,0.008833100420288988,-1.3220127595399571
1997-10-20,0.009358066256251556,1.2881133240987352
1997-10-21,0.009306734144800087,1.8582237320376773
1997-10-22,0.009411781552107508,-0.41498110282375006
1997-10-23,0.009341818071467228,-1.9857064236130342
1997-10-24,0.010363037032683249,-0.9229907987958127
1997-10-27,0.01064685487932545,-6.680608839571138
1997-10-28,0.016621665942675147,3.0013186127941713
1997-10-29,0.018010779999185572,-0.16225359276115991
1997-10-30,0.01722669897754039,-0.9859621377020242
1997-10-31,0.01779285761127737,0.6763031589585462
1997-11-03,0.017206449384178438,1.5282726498496233
1997-11-04,0.017248275473306235,0.10918485694500037
1997-11-05,0.01636996592052924,0.12973051396621
1997-11-06,0.015579167800142037,-0.3228536403038898
1997-11-07,0.015223438434511054,-0.7408560224145866
1997-11-10,0.01539614153881006,-0.4483203851973989
1997-11-11,0.015204320648352074,0.18894611056479982
1997-11-12,0.014538045932341861,-1.339849980374574
1997-11-13,0.015436098313752438,0.7606469259028721
1997-11-14,0.015017942536963633,0.843803376011838
1997-11-17,0.01465485679460585,1.2995818253254334
1997-11-18,0.014518396820079563,-0.5826315062526473
1997-11-19,0.014507577055810515,0.46568070110336274
1997-11-20,0.013994315578893824,1.0803815171615267
1997-11-21,0.013772188555294778,0.31053118396728646
1997-11-24,0.013223755593278177,-1.3004133041787422
1997-11-25,0.014022844117415825,0.31193617315332445
1997-11-26,0.013469289441525513,0.0640011133767399
1997-11-28,0.012845818824821642,0.30697140890101654
1997-12-01,0.012334557919662743,1.6272524229614467
1997-12-02,0.012400443596020067,-0.2560425467351855
1997-12-03,0.012086000191663162,0.4322939844000636
1997-12-04,0.011647551468024195,-0.32319265222739263
1997-12-05,0.011412169149191832,0.9573649343470528
1997-12-08,0.011206295928956526,-0.12889386640715791
1997-12-09,0.010805525770248747,-0.6229065986718714
1997-12-10,0.010865970637364228,-0.5666912640778835
1997-12-11,0.01087588391555261,-1.4188287442078624
1997-12-12,0.011710705876394188,-0.13871448504895575
1997-12-15,0.011322748266224153,0.9215307003403298
1997-12-16,0.01109539335874486,0.433968985169886
1997-12-17,0.010699010737685399,-0.24169323103009835
1997-12-18,0.010429473672867885,-1.0223040396344518
1997-12-19,0.010863822551634848,-0.8246296255420756
1997-12-22,0.011117320739771645,0.6550485481124011
1997-12-23,0.01079832546127565,-1.42570711175552
1997-12-24,0.011613054549237818,-0.5916015575007015
1997-12-26,0.011649286626891343,0.3453613527849654
1997-12-29,0.011212017072376594,1.594292942764126
1997-12-30,0.011222444238453269,1.6199351504119752
1997-12-31,0.01124799689322439,-0.037556829897630074
1998-01-02,0.01080252799592565,0.43871291727756406
1998-01-05,0.010428674539046126,0.1994339361192333
1998-01-06,0.009993642116106751,-1.0801086283779724
1998-01-07,0.010465713010961252,-0.25538548421552887
1998-01-08,0.010231520878038669,-0.8093708196936451
1998-01-09,0.0104678070076907,-2.8766839379622766
1998-01-12,0.012630952918505129,0.9770831991059716
1998-01-13,0.012384159716698017,1.1023721173144487
1998-01-14,0.012189096600674729,0.4999612471770682
1998-01-15,0.011791621181267347,-0.6407141089668972
1998-01-16,0.0118777107063643,0.9492473597444417
1998-01-20,0.011642301926784327,1.5132727591633066
1998-01-21,0.011612959668077415,-0.6882123134900844
1998-01-22,0.01174323824170182,-0.6842956702842344
1998-01-23,0.011869846301082197,-0.47811786092985736
1998-01-26,0.011803517217918476,-0.056642711479731565
1998-01-27,0.011360149218510156,1.103340738485379
1998-01-28,0.011192889741491458,0.7747883984780535
1998-01-29,0.010921808485529243,0.7491045758414377
1998-01-30,0.01065043025552535,-0.4976976838740995
1998-02-02,0.010617299446381337,1.9954431726957873
1998-02-03,0.01078357014384995,0.4370405975069788
1998-02-04,0.010417450413983393,0.08584216608737923
1998-02-05,0.009959970611736303,-0.33560351365516644
1998-02-06,0.009802686117712676,0.9027431449215949
1998-02-09,0.009613681984243673,-0.17686340839553646
1998-02-10,0.009342060407206499,0.8722755772025674
1998-02-11,0.009154203128835586,0.10714896877051992
1998-02-12,0.008747521559612649,0.4619376533161848
1998-02-13,0.00844579466675983,-0.4691524548367968
1998-02-17,0.008418518932282166,0.31050353215828413
1998-02-18,0.008089107621212857,1.12141862758918
1998-02-19,0.008007586142273648,-0.46063930025913763
1998-02-20,0.007983460388977478,0.7202741936786757
1998-02-23,0.007781120228102984,0.48744293041095793
1998-02-24,0.0075204960406721625,-0.9744388941952848
1998-02-25,0.007871715928682736,1.5121120972843527
1998-02-26,0.007894344197786417,0.6989078275760627
1998-02-27,0.0076936462675337505,0.08300693897622041
1998-03-02,0.007355281960878573,-0.21265313431365296
1998-03-03,0.007191953144234268,0.5721540801058037
1998-03-04,0.006978344744327994,-0.6402832987094527
1998-03-05,0.007097712621660199,-1.661696554862016
1998-03-06,0.007899506728930816,2.4994907722110034
1998-03-09,0.008126220124842182,-0.3946143021729894
1998-03-10,0.008075450449399328,1.3971384510165152
1998-03-11,0.008042770436596574,0.49204009059013026
1998-03-12,0.007796875267584993,0.17394521909074726
1998-03-13,0.007490853316713309,-0.16355887865085944
1998-03-16,0.007309514211436999,1.3579807974253442
1998-03-17,0.007284295105986141,0.1500036787421005
1998-03-18,0.006993239646682946,0.6694432417115977
1998-03-19,0.006817081180711919,0.5691547108335165
1998-03-20,0.0066237712479843645,1.2994343825660022
1998-03-23,0.006602774506420673,-0.49823267080376754
1998-03-24,0.00663776186841111,1.3825224139281418
1998-03-25,0.006633152755930919,-0.5080815928437362
1998-03-26,0.006674320475228771,-0.15372411836800995
1998-03-27,0.006519683442786624,-0.7486831291215423
1998-03-30,0.006704844277036953,-0.2507249058271805
1998-03-31,0.006609365532902158,1.1233817527393388
1998-04-01,0.006536041134540614,0.8861871269974958
1998-04-02,0.00641961939184755,1.6582980474522666
1998-04-03,0.00646450570378837,0.371077471815505
1998-04-06,0.006252853076161575,-0.18813506781425005
1998-04-07,0.006133831773687292,-1.7290174751596108
1998-04-08,0.006866201677344597,-1.0406763409160034
1998-04-09,0.007219055118133528,1.129565874770548
1998-04-13,0.007132810115789808,-0.12377059634101097
1998-04-14,0.006959550464678712,0.7825477116014594
1998-04-15,0.0068157677352223426,0.46869049467745544
1998-04-16,0.006619924865599639,-1.5122927325176174
1998-04-17,0.007237717741073789,1.8022588168439342
1998-04-20,0.007281586720548298,0.1137183984501181
1998-04-21,0.00700414046317558,0.3832135597090631
1998-04-22,0.006787337001429255,0.5052070979308866
1998-04-23,0.006599590920532829,-1.4761299038202775
1998-04-24,0.007193539375850323,-1.4578667880361804
1998-04-27,0.007810073707665119,-2.492675851609293
1998-04-28,0.009227252652135982,-0.1427316079386997
1998-04-29,0.00895867156173761,0.9740189393089365
1998-04-30,0.008796863010824748,1.7651842224700927
1998-05-01,0.008838835410560193,0.9374304754509574
1998-05-04,0.008667628978394081,0.11006490827503733
1998-05-05,0.00831189142830042,-0.7065071817525732
1998-05-06,0.008476743369278512,-1.124224309278979
1998-05-07,0.008944464206427787,-0.9939948747079465
1998-05-08,0.009330815873066277,1.264704518899875
1998-05-11,0.009229248479321188,-0.14676563692406147
1998-05-12,0.008970254961923349,0.9179558922267747
1998-05-13,0.008787794070638755,0.31265952104190436
1998-05-14,0.008473298347278039,-0.1572695043172629
1998-05-15,0.008261767404074258,-0.9395697507811283
1998-05-18,0.008588748166014078,-0.30599405647791494
1998-05-19,0.008473956619925256,0.39419771410883897
1998-05-20,0.008194885728171298,1.0447482576062757
1998-05-21,0.008064378170882142,-0.4907512403498418
1998-05-22,0.008086255008206743,-0.46352399403624756
1998-05-26,0.008090064815580576,-1.8447713171646412
1998-05-27,0.00905697106363592,-0.18080473439416161
1998-05-28,0.008834514381117008,0.5551517108106163
1998-05-29,0.008574767283092382,-0.7226199607256377
1998-06-01,0.008749483278551027,0.016766615931197524
1998-06-02,0.008407917006891252,0.2439469898809776
1998-06-03,0.008101689407652756,-1.1901013623369894
1998-06-04,0.008591883716234344,1.2934821843327284
1998-06-05,0.008510027733597065,2.024950777027224
1998-06-08,0.008593514975106088,0.19415372658525012
1998-06-09,0.008267767689323675,0.2912701819699403
1998-06-10,0.00797823957018287,-0.6888832156199747
1998-06-11,0.008130751048745966,-1.9729175126590803
1998-06-12,0.009192992457355095,0.42253476659931516
1998-06-15,0.008887546918899465,-2.2578057538042224
1998-06-16,0.010285537320475045,0.9504136921526927
1998-06-17,0.010068953883534858,1.7666974816485082
1998-06-18,0.010089757539297297,-0.06626736037921345
1998-06-19,0.00972669716409306,-0.5329090619173622
1998-06-22,0.009754375814741811,0.2381638838589275
1998-06-23,0.009374456993457436,1.5626653530103811
1998-06-24,0.009334424931383652,1.273763686122746
1998-06-25,0.00922456449293081,-0.3450330687651113
1998-06-26,0.009117673333405294,0.3800485399144721
1998-06-29,0.008801902138684703,0.5291320511682678
1998-06-30,0.00853313761407757,-0.47962928432628177
1998-07-01,0.00854064146934993,1.5103037830491444
1998-07-02,0.008502778486862738,-0.21933456518955016
1998-07-06,0.00832905842423084,1.1371643537428495
1998-07-07,0.008212800395352817,-0.281223445617794
1998-07-08,0.008089383447527106,1.2484241420592097
1998-07-09,0.008005374562226242,-0.840314747278965
1998-07-10,0.008264508417929507,0.6011091109909587
1998-07-13,0.008032104052779472,0.09192323904997246
1998-07-14,0.007703687492025977,1.3730222420646616
1998-07-15,0.007656621229206152,-0.3075724259338562
1998-07-16,0.007565187065598203,1.0288707861809263
1998-07-17,0.007446700680988874,0.3126748766870544
1998-07-20,0.007183352815362475,-0.3112065869825434
1998-07-21,0.007105959850853621,-2.2800363537279504
1998-07-22,0.008303522225823182,-0.10237670310964035
1998-07-23,0.008066782370273595,-2.6184042952735465
1998-07-24,0.009622876790271321,0.09569626507773624
1998-07-27,0.009217975639406632,0.6135198115708455
1998-07-28,0.00895755094856936,-1.6695671986381109
1998-07-29,0.009871080365602226,-0.4518594278015665
1998-07-30,0.009828737428760847,1.5915519698137948
1998-07-31,0.009801032894176675,-2.008547146818681
1998-08-03,0.011126817645405008,-0.6624546059813134
1998-08-04,0.011251252892980852,-3.281212907702654
1998-08-05,0.014355707805231354,0.6022898385164895
1998-08-06,0.01380657014115191,0.5471238992703559
1998-08-07,0.013274566489674136,-0.01244911733554899
1998-08-10,0.012647372529106065,-0.45928062708306
1998-08-11,0.012539646923069376,-1.0494186391875011
1998-08-12,0.013093125188612888,1.081170668335663
1998-08-13,0.012825203959804753,-0.6724133603294123
1998-08-14,0.012953521620982466,-0.8783002042571416
1998-08-17,0.013317411845285565,1.463766469607879
1998-08-18,0.013186876551451081,1.2168901942033419
1998-08-19,0.012953189737260347,-0.22044069755307472
1998-08-20,0.012587043025568519,-0.46877986081583206
1998-08-21,0.012501639951578745,-0.7627771947674729
1998-08-24,0.01273541324718041,0.49949760799085796
1998-08-25,0.012265311043252118,0.35214030617566777
1998-08-26,0.011773682835338965,-0.6757299494364502
1998-08-27,0.011914622472654155,-3.2837919405933644
1998-08-28,0.015096992685891883,-0.9889197228195054
1998-08-31,0.015651365877321907,-4.50041067228355
1998-09-01,0.022389255879966524,1.6929009007245965
1998-09-02,0.022365389961189183,-0.1703121342801826
1998-09-03,0.021325349084196695,-0.3907840065950423
1998-09-04,0.020807132682295983,-0.41128555318165516
1998-09-08,0.020360750740045418,2.438317176843871
1998-09-09,0.020681529835224678,-0.8223856827954588
1998-09-10,0.021071546958601136,-1.2428948537059967
1998-09-11,0.022363979903641012,1.2979822103811824
1998-09-14,0.021840635536514955,0.9279807878772816
1998-09-15,0.02107514095924575,0.36538838113483696
1998-09-16,0.01999827204667308,0.37446173302132885
1998-09-17,0.018993901270574994,-1.3573791817120315
1998-09-18,0.02042601107891235,0.05858803096713209
1998-09-21,0.019233409971690957,0.1933213226327022
1998-09-22,0.018184653525022104,0.30742438178485476
1998-09-23,0.01725030131628869,2.0172516468920123
1998-09-24,0.01733919123219987,-1.2783215828364076
1998-09-25,0.01854095634094315,0.10490110675944575
1998-09-28,0.01750802353774027,0.2149921703012529
1998-09-29,0.016581226698004218,0.018979494683260007
1998-09-30,0.015628433975302974,-1.9828892782743597
1998-10-01,0.017955931409764397,-1.7025243064459956
1998-10-02,0.019957347715537907,0.8167443859167569
1998-10-05,0.01924630533709137,-0.7327403314753329
1998-10-06,0.01947681838629087,-0.20660449293351568
1998-10-07,0.01875584498600977,-0.7586162541768348
1998-10-08,0.01903105260548245,-0.61200323732875
1998-10-09,0.019038131340594445,1.3484722290491409
1998-10-12,0.018678890191643555,0.7195556017290753
1998-10-13,0.017970774932011893,-0.16254030769309102
1998-10-14,0.01724166224773831,0.6222354894414257
1998-10-15,0.01654220444307759,2.4713769088772195
1998-10-16,0.016942207638072013,0.5010597413055868
1998-10-19,0.016207349733320064,0.3476956963008614
1998-10-20,0.015423026243287306,0.09392118699002824
1998-10-21,0.014559256249367287,0.38561520834282886
1998-10-22,0.013854685151264434,0.5751631167871502
1998-10-23,0.013270060952682398,-0.5476962415872973
1998-10-26,0.013236224598551732,0.11633330074849152
1998-10-27,0.012484193223299038,-0.523102326775071
1998-10-28,0.012432185522958166,0.20736576764107664
1998-10-29,0.011754318667822838,1.4092554397766364
1998-10-30,0.011689738973388786,0.9977626709300845
1998-11-02,0.011414426114249691,1.0250186432826176
1998-11-03,0.011167494388121837,-0.061243980403524176
1998-11-04,0.010616348754731005,0.6616270810471953
1998-11-05,0.010216081525363742,1.3193298139764702
1998-11-06,0.010160919519173703,0.6195250083565282
1998-11-09,0.009767179928591923,-0.974618948484083
1998-11-10,0.010273398794008314,-0.1672215222977462
1998-11-11,0.009906099967889164,-0.6543721413272767
1998-11-12,0.010055772543081185,-0.29141000986841253
1998-11-13,0.009835194626085522,0.7278759790795166
1998-11-16,0.009510487686779458,0.943807321878482
1998-11-17,0.00927452392669627,0.32698963909375406
1998-11-18,0.008850314144124476,0.5105832601026647
1998-11-19,0.008496602486068375,0.8331041742780123
1998-11-20,0.00825857699887766,1.1438768783375053
1998-11-23,0.008135603553951966,2.5778322891298946
1998-11-24,0.008514067865989215,-0.5171225517301834
1998-11-25,0.008539823802170774,0.3834343862017212
1998-11-27,0.00817900718806283,0.5611626553064649
1998-11-30,0.007881643906989779,-3.091348180465862
1998-12-01,0.010248051138245642,0.9720880892162186
1998-12-02,0.010011076175598923,-0.3431087104783122
1998-12-03,0.00987699007417422,-1.8414382926073076
1998-12-04,0.011199771930570956,2.0414887277997633
1998-12-07,0.011266397152846186,0.8228653382612624
1998-12-08,0.010951261868708912,-0.487192429227693
1998-12-09,0.010932994805525063,0.16321615336049738
1998-12-10,0.01043939122757569,-1.506737395944993
1998-12-11,0.011460437761970279,0.10778094162120745
1998-12-14,0.01092690900250689,-2.003603234438137
1998-12-15,0.012534679336337942,1.497952464303996
1998-12-16,0.01240449603525131,-0.06172599131172907
1998-12-17,0.011893669623428456,1.2953530373561812
1998-12-18,0.011709095435219868,0.5806618637043615
1998-12-21,0.011301177449906353,1.0962487004625932
1998-12-22,0.011072834788540603,0.0547914534942919
1998-12-23,0.010540009432561209,1.948234372693153
1998-12-24,0.01061091259618478,-0.17429666685417616
1998-12-28,0.010295110540527109,-0.061806187305524694
1998-12-29,0.009892528709908043,1.3373005290756823
1998-12-30,0.009789455823966191,-0.8159749792276489
1998-12-31,0.010093892519377012,-0.21737379360274
1999-01-04,0.009843888412202698,-0.09342867492834622
1999-01-05,0.009496608755235298,1.4205693425621222
1999-01-06,0.009421346026237433,2.324388347803479
1999-01-07,0.009636228117421297,-0.2130951912717908
1999-01-08,0.009393081631175151,0.4484655465909631
1999-01-11,0.009049090619568436,-0.9758305610586132
1999-01-12,0.009483646261471938,-2.053029997864647
1999-01-13,0.010948892670560357,-0.37730813405962194
1999-01-14,0.010828861276496047,-1.6766720600779255
1999-01-15,0.012029159858044411,2.103918932684556
1999-01-19,0.0121477814471384,0.5766734311633839
1999-01-20,0.011731658595761306,0.3139624487125794
1999-01-21,0.011251405402597186,-1.5309224319220875
1999-01-22,0.012342670405292175,-0.6566373049157141
1999-01-25,0.012491656081599418,0.5722872800583119
1999-01-26,0.012061502109192754,1.2225003527316265
1999-01-27,0.011870450143247635,-0.6171028181566983
1999-01-28,0.011978013680499576,1.4777042111605583
1999-01-29,0.011879331231274744,0.9440122452981157
1999-02-01,0.01160115301027571,-0.4484451020308419
1999-02-02,0.011532076760655843,-0.7532456934229069
1999-02-03,0.011785331488362605,0.6750442459604769
1999-02-04,0.011419073144638761,-1.6385427361670521
1999-02-05,0.012644933753515995,-0.577891681396752
1999-02-08,0.01270225343718852,0.27709211124587974
1999-02-09,0.012163629708516534,-1.846914569432066
1999-02-10,0.01370438258854963,0.4432588450756606
1999-02-11,0.013171420828701461,1.8687324441743711
1999-02-12,0.013206341612950765,-1.4576718152894617
1999-02-16,0.014363201714974334,0.6613041838945288
1999-02-17,0.013882434318509752,-1.0422946259615495
1999-02-18,0.01452714788186364,0.741145344986615
1999-02-19,0.014072478132800095,0.11132937794448484
1999-02-22,0.013394274656160181,1.957433914764205
1999-02-23,0.013471273262557466,-0.05603687570712136
1999-02-24,0.012899137699809294,-1.0913737946309878
1999-02-25,0.013574336367592704,-0.4947759088143675
1999-02-26,0.013521265873988466,-0.39847951826371997
1999-03-01,0.013353332931114905,-0.13134054874284243
1999-03-02,0.012878379989859447,-0.6725150342245977
1999-03-03,0.013044503176767242,0.1374936570821154
1999-03-04,0.012435670709402243,1.231094311733259
1999-03-05,0.012244291269861629,1.8672188333355997
1999-03-08,0.012300273965023891,0.4614440979195683
1999-03-09,0.011840002060358703,-0.19050339398498095
1999-03-10,0.011492737134362328,0.4746067646385304
1999-03-11,0.011068571454394445,0.7578685274715634
1999-03-12,0.010754444188048358,-0.22168322268827975
1999-03-15,0.010473867182674934,0.9298699992677737
1999-03-16,0.010237498380412187,-0.06577721436575089
1999-03-17,0.009831130243577575,-0.6686987649668935
1999-03-18,0.009994516547844098,1.433668486888938
1999-03-19,0.009940045348424348,-1.327632204880452
1999-03-22,0.010747458682552774,-0.16342175459534972
1999-03-23,0.010424249844597158,-2.6143769330592903
1999-03-24,0.012627194969674847,0.40367761442219635
1999-03-25,0.012143056416717752,1.3776134873272596
1999-03-26,0.012011204372972557,-0.4653348457915854
1999-03-29,0.011958056042145917,1.765479803122517
1999-03-30,0.011968377803604536,-0.602914802467037
1999-03-31,0.012061597403765889,-0.9216628889889756
1999-04-01,0.012505143606020161,0.4556103001804356
1999-04-05,0.012044556237718091,1.740046778473121
1999-04-06,0.01204834593137171,-0.2031709647195039
1999-04-07,0.011717719644040359,0.5808199453873331
1999-04-08,0.011331390651803915,1.1293827642275567
1999-04-09,0.011141980642743353,0.2913537724925372
1999-04-12,0.010686187870611279,0.7107528122225621
1999-04-13,0.01037814622891852,-0.6268587954049126
1999-04-14,0.010501048032000153,-1.5204132973521352
1999-04-15,0.011521909087706127,-0.36598065264587265
1999-04-16,0.011378309401282776,-0.2561547349909391
1999-04-19,0.011129997534488541,-2.033679924925297
1999-04-20,0.012754609257229033,1.008278892483454
1999-04-21,0.012478539088640973,1.8167722314173351
1999-04-22,0.012502282351772434,1.3474938637810043
1999-04-23,0.012361487963934744,-0.1173659468628318
1999-04-26,0.011926886649145771,0.19689304278675201
1999-04-27,0.011407810745945865,0.17771182195771154
1999-04-28,0.010908511287671925,-0.8033156553714745
1999-04-29,0.01121087851671979,-0.5351204373768209
1999-04-30,0.011243613949781732,-0.5081231086907787
1999-05-03,0.011249526319979218,1.2855833262989882
1999-05-04,0.011104756213664135,-1.5170784008954412
1999-05-05,0.012162960333740922,0.9396136353058613
1999-05-06,0.011880267010753367,-0.9588092486103781
1999-05-07,0.01236313803574583,0.7825575851564084
1999-05-10,0.012020455077281958,-0.29121252883028353
1999-05-11,0.011787576832255226,0.9635585798212574
1999-05-12,0.01152462714538869,0.5353780750001266
1999-05-13,0.011133239351509531,0.23412893399180132
1999-05-14,0.010666417146069706,-2.062704128314486
1999-05-17,0.01227468518809025,0.10284801537282555
1999-05-18,0.011716961981768184,-0.394036022385657
1999-05-19,0.01160017023025778,0.7025165667813312
1999-05-20,0.011262327164515983,-0.3574108988867394
1999-05-21,0.011119484837018271,-0.575482817668191
1999-05-24,0.011192713241197446,-1.6019676302097536
1999-05-25,0.012338422623575727,-1.3919872027367899
1999-05-26,0.013334902463226925,1.1794177799303909
1999-05-27,0.013103916254507852,-1.37806607728262
1999-05-28,0.01414234375091563,1.1184540245703696
1999-06-01,0.013863466584875006,-0.42121581075596104
1999-06-02,0.013723655227126938,0.03096118989360194
1999-06-03,0.013055892400036415,0.2792895459697132
1999-06-04,0.012510794329098553,1.7165492455092637
1999-06-07,0.012490006241678755,0.40719843154939955
1999-06-08,0.012016326599078647,-1.078929044959753
1999-06-09,0.012638459430173552,0.07864772321693092
1999-06-10,0.012051042835499766,-1.0015572169585818
1999-06-11,0.012586406718176537,-0.5618079249024567
1999-06-14,0.012634381025642683,0.022022012200130465
1999-06-15,0.012045494398485517,0.4580969694831771
1999-06-16,0.011607160778931374,1.9152823813361548
1999-06-17,0.011670878847919855,0.6090210968727905
1999-06-18,0.011298322676756543,0.19398863511866823
1999-06-21,0.010813755792526436,0.4232413404742523
1999-06-22,0.010414877932031587,-0.9384001342300091
1999-06-23,0.01084300024623724,-0.1948869258961433
1999-06-24,0.010554106239568617,-1.2362418146019054
1999-06-25,0.011283809856210818,-0.031659883208654586
1999-06-28,0.010824422116850642,1.1197847531462863
1999-06-29,0.010638004930237406,1.4085918741479464
1999-06-30,0.010547559349344052,1.4798500012230984
1999-07-01,0.010485793147102941,0.5714418941194069
1999-07-02,0.01014848058444938,0.7293858139726062
1999-07-06,0.009868813762901982,-0.22603819127494015
1999-07-07,0.009639889922777997,0.5768107485804175
1999-07-08,0.009331423072690685,-0.11060612656745546
1999-07-09,0.009024251269787212,0.7018626275905266
1999-07-12,0.008768852792756633,-0.3402063182094742
1999-07-13,0.008662851459741312,-0.45798882920799566
1999-07-14,0.008655168818507473,0.3815759227659423
1999-07-15,0.00832955618302811,0.9791507182376101
1999-07-16,0.008169164764998037,0.7928848513511353
1999-07-19,0.007964290685302284,-0.9888769415609017
1999-07-20,0.008381241826616499,-2.617970470820302
1999-07-21,0.010209347159347919,0.15564965048888554
1999-07-22,0.009778715610101175,-1.3673823422578455
1999-07-23,0.010582677245173325,-0.280225665171822
1999-07-26,0.010391877138284432,-0.6532178048208565
1999-07-27,0.010547410755790871,1.0549290764965178
1999-07-28,0.010344099032503273,0.18142819853124856
1999-07-29,0.009913801262018013,-1.816603555596279
1999-07-30,0.011160544100099846,-0.8262990064044725
1999-08-02,0.011490120690204665,-0.0438910137317119
1999-08-03,0.011035205767720607,-0.40142501069784814
1999-08-04,0.010943252589720285,-1.1720538579788498
1999-08-05,0.011618320621539993,0.5507953620512479
1999-08-06,0.011228841308254169,-0.9144148520758741
1999-08-09,0.011647146086470224,-0.16457127875432181
1999-08-10,0.011301057374972945,-1.1232468476794624
1999-08-11,0.011939513031082564,1.3292951192345281
1999-08-12,0.01179059560703707,-0.24595166124270437
1999-08-13,0.011521950215054652,1.9515094770362142
1999-08-16,0.011573421049577618,0.2008600677630872
1999-08-17,0.011085575815125646,0.9031169400927891
1999-08-18,0.010820785030374694,-0.7815818998630958
1999-08-19,0.011101773577015719,-0.6273107834194067
1999-08-20,0.011231872508630163,0.8715225986710958
1999-08-23,0.010952723201505855,1.5986784960695457
1999-08-24,0.010895542579638791,0.22105310065045392
1999-08-25,0.010446948724346965,1.2754791304730493
1999-08-26,0.010308719174390267,-1.3986443049169879
1999-08-27,0.011178471257064252,-0.9070339875331596
1999-08-30,0.011588964262241543,-1.5661214714600795
1999-08-31,0.01272984347475959,-0.21447691649356768
1999-09-01,0.012393670169690403,0.6487803280110657
1999-09-02,0.012005717745814574,-0.751794623188437
1999-09-03,0.012264317680710473,2.3234854003258114
1999-09-07,0.012440660065133087,-0.40314457849538116
1999-09-08,0.012320409648637445,-0.37953063554559097
1999-09-09,0.012178461304206906,0.21414194078603552
1999-09-10,0.011664614125503889,0.25407711228577595
1999-09-13,0.01118897621676016,-0.49928828492696664
1999-09-14,0.011192058958899605,-0.522675998093844
1999-09-15,0.011218087536969117,-1.2305568825040452
1999-09-16,0.011968490365871791,0.03232582274525803
1999-09-17,0.011416915492244363,1.1181950940506056
1999-09-20,0.011206741833127365,0.007348855464991509
1999-09-21,0.010723092357672931,-1.972394818390746
1999-09-22,0.012223141531698683,0.18312108454139248
1999-09-23,0.011700233264512663,-1.9859446830873269
1999-09-24,0.013334635466099354,-0.17885222743861323
1999-09-27,0.012935067420799648,0.3592781215325203
1999-09-28,0.012429858007057877,-0.06962338720330567
1999-09-29,0.011958968848538459,-0.9068262422137895
1999-09-30,0.012382693595277829,0.9079114411609936
1999-10-01,0.012081624742231982,0.0064588195978343855
1999-10-04,0.01155299668073531,1.457927514519685
1999-10-05,0.011451050585605532,-0.21782221903362606
1999-10-06,0.011173957984783094,1.6388240138246386
1999-10-07,0.011133325879666332,-0.5274300232342418
1999-10-08,0.011164162173572068,1.2408267365828656
1999-10-11,0.011002635890649677,-0.05512370770684364
1999-10-12,0.010592623508945447,-1.5806720961125147
1999-10-13,0.011653412070440662,-1.815640667486644
1999-10-14,0.013061541793845643,-0.12695716077162802
1999-10-15,0.012626867652737512,-2.2538443966790114
1999-10-18,0.014703433735731384,0.36540307088131013
1999-10-19,0.014113943578012806,0.4050349240745571
1999-10-20,0.013573836470789944,1.6238263149535914
1999-10-21,0.013497066698652865,-0.33517597674208927
1999-10-22,0.01328003722910107,1.0509232436212461
1999-10-25,0.013000569149628995,-0.47540113424174785
1999-10-26,0.01295449087677509,-0.702539689009633
1999-10-27,0.0131651086522812,0.8719318401938482
1999-10-28,0.012827727645215968,2.701846630471736
1999-10-29,0.013137348353927025,1.1530503019581606
1999-11-01,0.012904102567064677,-0.5025564715285168
1999-11-02,0.012887795838059279,-0.36644628813415236
1999-11-03,0.012721379035007523,0.41825055322943244
1999-11-04,0.01225147356168897,0.4631421004119905
1999-11-05,0.011814599259922003,0.4701462372511542
1999-11-08,0.011396278361267274,0.4331145758992258
1999-11-09,0.010981943745940838,-0.7789997753988939
1999-11-10,0.011263832255488555,0.5303272996921424
1999-11-11,0.010883791835954377,0.5336198752325296
1999-11-12,0.01051751622009343,0.9995841660341274
1999-11-15,0.010301143370916152,-0.11619789445211315
1999-11-16,0.009963913548424224,1.831516712934363
1999-11-17,0.010023548151128778,-0.6597496403226525
1999-11-18,0.01018147363379511,0.9857679496336035
1999-11-19,0.009974934015013282,-0.2070525044770785
1999-11-22,0.009731505067394999,-0.07663235792861045
1999-11-23,0.009387819387703205,-1.228989406452017
1999-11-24,0.010056899813675182,0.876744617811809
1999-11-26,0.009819466324807496,-0.033060483612235854
1999-11-29,0.009443919136225172,-0.6590768533193521
1999-11-30,0.009605126602802005,-1.4086424561647295
1999-12-01,0.010441741150787083,0.6055527628331775
1999-12-02,0.010120763915003335,0.7970082658043843
1999-12-03,0.00985978415819772,1.7313627332385642
1999-12-06,0.009855925331244502,-0.7082385473764741
1999-12-07,0.010060919947474729,-0.9937715494553401
1999-12-08,0.010527416032154058,-0.35726472804090664
1999-12-09,0.010416090320755376,0.28883523906203235
1999-12-10,0.010019104791452633,0.6309792520104103
1999-12-13,0.009721874432996597,-0.13220096565858924
1999-12-14,0.009440874103226575,-0.9057404245228481
1999-12-15,0.00981381047956057,0.7351473702990386
1999-12-16,0.009548901411587978,0.4030596707368508
1999-12-17,0.009214235222767873,0.17197448466133217
1999-12-20,0.008840123817066486,-0.23428514982955054
1999-12-21,0.008668899118738974,1.2411425339966826
1999-12-22,0.008558699138868944,0.21986847041509439
1999-12-23,0.00822139892132503,1.8666871772871088
1999-12-27,0.008274203496833065,-0.10280588821544931
1999-12-28,0.008025649867961126,0.04788290108720221
1999-12-29,0.007683966074631232,0.5167949240840938
1999-12-30,0.0074395034791138424,0.09273655427989384
1999-12-31,0.007121256992819582,0.4575995853373297
2000-01-03,0.006880941105794566,-1.3944305804616872
2000-01-04,0.007540420894516457,-5.18527757109304
2000-01-05,0.011407948333260132,0.16833333264554773
2000-01-06,0.010925415211308543,0.08743116134094207
2000-01-07,0.010455470599578708,2.55655156554573
2000-01-10,0.010669435500512416,1.0429628514653067
2000-01-11,0.01045988186160449,-1.2570483073205647
2000-01-12,0.011201289920785052,-0.3924565572088595
2000-01-13,0.011106761603429736,1.089088394738041
2000-01-14,0.01089764267479489,0.974042168026957
2000-01-18,0.01066139134164107,-0.6430227309974867
2000-01-19,0.010814882275237551,0.048281327557052
2000-01-20,0.010341933152146252,-0.6885185259956227
2000-01-21,0.01053701936242898,-0.2767925191779069
2000-01-24,0.010359169817194633,-2.7050994165522906
2000-01-25,0.012584393675529477,0.4804747657249605
2000-01-26,0.012135545459750811,-0.3478722716394641
2000-01-27,0.011973804396187187,-0.32956977531211284
2000-01-28,0.011799562091612831,-2.359478471622514
2000-01-31,0.013909046120362971,1.7905505750436597
2000-02-01,0.013904413937574946,0.7603154626199733
2000-02-02,0.013486377415856754,-0.008420634188516487
2000-02-03,0.012894302081980785,0.8674643751018156
2000-02-04,0.012554383085766492,-0.03354470170658236
2000-02-07,0.012050452746876973,-0.007574488380964133
2000-02-08,0.011550716726156363,1.056081104038398
2000-02-09,0.011311353410140019,-1.8596463479688161
2000-02-10,0.012764347831189009,0.28362145098638164
2000-02-11,0.012253187074555869,-1.729533619314144
2000-02-14,0.013661442886645184,0.14865829842428316
2000-02-15,0.013058453924193403,0.6643165878165348
2000-02-16,0.012651317676866374,-0.8148853012782417
2000-02-17,0.013002263988958008,0.03269108655501648
2000-02-18,0.012406803830015972,-2.4863053776237862
2000-02-22,0.014785367996511698,0.30480631135989694
2000-02-23,0.014172157214635266,0.443202753907578
2000-02-24,0.013643334685157873,-0.3921131042885939
2000-02-25,0.013497615798401173,-1.1068687691647654
2000-02-28,0.014219560004058935,0.7705638390254081
2000-02-29,0.013804510814105957,0.9804819076106241
2000-03-01,0.013477586691974535,0.6901914223279163
2000-03-02,0.013065611052656745,0.14249070537082448
2000-03-03,0.012504014900336306,1.5709237356117585
2000-03-06,0.012402287762719106,-1.0301891262850045
2000-03-07,0.012989314762563663,-1.998973586745603
2000-03-08,0.01480187436678178,0.5499390418555365
2000-03-09,0.014287254512378753,1.7693791610921954
2000-03-10,0.014232275608113491,-0.3326281102219539
2000-03-13,0.014003716749971369,-0.5885084210337337
2000-03-14,0.01409312780329666,-1.2661296643632154
2000-03-15,0.015051298418294612,1.593392085288968
2000-03-16,0.0149183919852139,3.120026535378882
2000-03-17,0.015405512598395026,0.26649300297781164
2000-03-20,0.01474558972514209,-0.3640295514584904
2000-03-21,0.014536792818587748,1.7365944053503135
2000-03-22,0.014489824148686022,0.31205545098840515
2000-03-23,0.013890192383949706,1.2701406544151346
2000-03-24,0.013681976177846706,0.005262981200246698
2000-03-27,0.013054443137160997,-0.1807522257443879
2000-03-28,0.012670579962767358,-0.8398498283322648
2000-03-29,0.013063967889934896,0.04009923906316419
2000-03-30,0.012451503112979085,-1.1042722710401813
2000-03-31,0.013155060924061789,0.5426628372703666
2000-04-03,0.012699357114205261,0.3873602118220336
2000-04-04,0.012212215887775837,-0.6134524657008679
2000-04-05,0.012342109968537194,-0.39994126560560345
2000-04-06,0.01223539234984111,0.7640591527990029
2000-04-07,0.011881777742916426,0.8372564703786493
2000-04-10,0.011563179645097017,-0.6807912324289632
2000-04-11,0.01176653725142732,-0.2188972405689672
2000-04-12,0.011481672780089642,-1.9616424023568586
2000-04-13,0.013128218889863794,-1.3968521530227898
2000-04-14,0.014221166009005002,-4.222234483726705
2000-04-17,0.019880760915260094,1.6371662509334182
2000-04-18,0.019751169162376236,1.4308164022278285
2000-04-19,0.019471763713950117,-0.5062154885781217
2000-04-20,0.019375284808059685,0.25499710419492283
2000-04-24,0.018469832517838375,-0.17692312158553575
2000-04-25,0.017849458278647853,1.8339096363584384
2000-04-26,0.0177717291385599,-0.6300196878031302
2000-04-27,0.017919758661532913,0.1499117306607799
2000-04-28,0.017065598764746445,-0.5017468648092712
2000-05-01,0.017014476687802694,0.6367026637187119
2000-05-02,0.016411652190384173,-0.918221478137153
2000-05-03,0.017012393569837976,-1.2815069833890478
2000-05-04,0.01823288411794069,-0.21475085690676995
2000-05-05,0.01769134954568068,0.9172428624751052
2000-05-08,0.017181811734758287,-0.3447075711005059
2000-05-09,0.016883832723648483,-0.5024288152792121
2000-05-10,0.016835601660815925,-1.2363712605283044
2000-05-11,0.017965718470178117,0.9876647279430556
2000-05-12,0.017476525980561236,0.5319893083615825
2000-05-15,0.016807965066511017,1.3004035495130575
2000-05-16,0.016496741940802796,0.568300421377724
2000-05-17,0.01588691448157744,-0.788052222388069
2000-05-18,0.016276247609188423,-0.45105541224600887
2000-05-19,0.01615852727664829,-1.3169208102925725
2000-05-22,0.017384667810903684,-0.2552730383515573
2000-05-23,0.016941567078234895,-1.1428744147274064
2000-05-24,0.017921645116748704,1.0138122912355103
2000-05-25,0.017444914911103847,-0.7227959203141818
2000-05-26,0.017745133230867495,-0.1429493907499049
2000-05-30,0.01711164947697096,1.8544677580019633
2000-05-31,0.017040258146366824,-0.07637221701224482
2000-06-01,0.016341280578150003,1.2032881866260312
2000-06-02,0.01600459616931044,1.2150545187581796
2000-06-05,0.01568983888994363,-0.4168410560416912
2000-06-06,0.015530429056915887,-0.43095998053332785
2000-06-07,0.015394876469649156,0.5996325118217644
2000-06-08,0.01484105913051009,-0.44521657238351015
2000-06-09,0.014735288377746793,-0.21950515096753678
2000-06-12,0.014327173878456043,-0.5265555054894036
2000-06-13,0.014339125241983617,1.1214221192769098
2000-06-14,0.014026753230520534,0.05335310824316312
2000-06-15,0.013336850543810634,0.4164319918411585
2000-06-16,0.012792405738458695,-0.7580318440233087
2000-06-19,0.013107931776868172,1.1139361557009688
2000-06-20,0.012829983161556818,-0.5289273592082607
2000-06-21,0.012857873182189805,0.16738874160505224
2000-06-22,0.01226022712700394,-1.49982276482601
2000-06-23,0.013511392501652158,-0.5473575453251676
2000-06-26,0.013563907488417008,0.7039731437932775
2000-06-27,0.013118657399171901,-0.2497319651091889
2000-06-28,0.01281007250685074,0.22945351717319895
2000-06-29,0.012241643346031736,-0.7009413948390042
2000-06-30,0.012483906034006327,0.675226309964384
2000-07-03,0.012067774923387611,0.8467610094929997
2000-07-05,0.011723382545869696,-1.3638807836166484
2000-07-06,0.012751527056982015,0.5640800388108093
2000-07-07,0.012294225905061747,1.231923496540007
2000-07-10,0.01206887137743968,-0.18397308921803507
2000-07-11,0.011724998925941232,0.30347736838559725
2000-07-12,0.011233367203526062,0.7208394468760244
2000-07-13,0.010881066477928142,0.17957209864756268
2000-07-14,0.010391231622901351,0.9054262287306748
2000-07-17,0.010123955753226516,0.03335675007641889
2000-07-18,0.009640648082498446,-1.1566711450046645
2000-07-19,0.010326140059813553,-0.7667459412112949
2000-07-20,0.010626054990851237,0.8603248879503548
2000-07-21,0.01033600827591847,-1.0000911920507287
2000-07-24,0.01087766250716754,-0.9928519377537309
2000-07-25,0.011427848996279582,0.6062447349664739
2000-07-26,0.011039327956972824,-1.364885828602636
2000-07-27,0.012009143495848296,-0.16068683658999697
2000-07-28,0.011650688573643507,-1.778610378355313
2000-07-31,0.013164145920062846,0.5830420497387314
2000-08-01,0.012693954453558047,0.3992543215236789
2000-08-02,0.012192537381120782,0.03421053183311688
2000-08-03,0.011616094245253346,0.8253775317521793
2000-08-04,0.01128187132478553,0.6305472908382629
2000-08-07,0.010908083786623179,1.0213687321106357
2000-08-08,0.010653516517671728,0.22055992454241047
2000-08-09,0.01020247716767219,-0.6585998777022105
2000-08-10,0.010392130808359523,-0.8280516507764205
2000-08-11,0.010753673614440858,0.7351572931682712
2000-08-14,0.010427639471244508,1.2763479134393179
2000-08-15,0.010254025118010624,-0.4672989369030757
2000-08-16,0.010257492027702432,-0.3012609290773456
2000-08-17,0.010102887054141918,1.0789905054922306
2000-08-18,0.00988734986056789,-0.29450126387079784
2000-08-21,0.009736026423553718,0.5329249447177173
2000-08-22,0.009400335806322671,-0.09581586940057904
2000-08-23,0.009088709258140246,0.5742864352973958
2000-08-24,0.008786204017211747,0.1767166103094577
2000-08-25,0.008409843278790428,-0.14673287534978702
2000-08-28,0.008176009771911212,0.6187270907082688
2000-08-29,0.007915313133634732,-0.35512347965755353
2000-08-30,0.007857385639286188,-0.6125955220062711
2000-08-31,0.008003433717057714,1.2485422823612349
2000-09-01,0.007887045937901524,0.2578798126012633
2000-09-05,0.007567570330751833,-1.1949441245829824
2000-09-06,0.008172162390643164,-1.210074658006756
2000-09-07,0.008817131892308358,0.7771236152219699
2000-09-08,0.00856960920453164,-0.6237561841185199
2000-09-11,0.008729219315045963,-0.4023663244427267
2000-09-12,0.008702885171735944,-0.5622947023857363
2000-09-13,0.008810603322634787,0.22341429753511488
2000-09-14,0.008448865302741339,-0.32246197213608346
2000-09-15,0.00836153927953964,-1.2224685662283912
2000-09-18,0.009027387455040843,-1.6214946211889023
2000-09-19,0.010116563569446449,1.0475678230844432
2000-09-20,0.009881368159619623,-0.595131442466675
2000-09-21,0.010015193956372417,-0.1576645516106451
2000-09-22,0.009730483798489446,-0.023412532455710566
2000-09-25,0.0093377970061416,-0.7187018379473682
2000-09-26,0.009583666522697222,-0.8606135931843792
2000-09-27,0.009967069076701234,-0.04500201633978753
2000-09-28,0.009577916892370465,2.2960753865038326
2000-09-29,0.009662767314362242,-1.5573153254818586
2000-10-02,0.010746986036535762,-0.018140550504673697
2000-10-03,0.010293167738555941,-0.6631377502900103
2000-10-04,0.010493676254928997,0.5236495284855136
2000-10-05,0.010116603885811572,0.13498860351136968
2000-10-06,0.009669557350230616,-1.9838890929265531
2000-10-09,0.011202500219943307,-0.44203716570032436
2000-10-10,0.011163853426925488,-0.9641502758845779
2000-10-11,0.011700868133960674,-1.393365224205474
2000-10-12,0.012784788752703264,-2.0211874924912463
2000-10-13,0.014876954445665877,2.2071995678756062
2000-10-16,0.014936415835190796,0.021918328034606305
2000-10-17,0.014146769027396254,-1.2790890570289408
2000-10-18,0.015285750346540703,-0.3810372607521829
2000-10-19,0.015064191769030922,2.267188468034816
2000-10-20,0.015089851108553407,0.3887208929886665
2000-10-23,0.014407788634583595,-0.05716285331115997
2000-10-24,0.013770671424718222,0.12215912550949722
2000-10-25,0.013091986865591803,-1.8373413788350876
2000-10-26,0.014976335461793017,-0.022511425635709997
2000-10-27,0.01425669806208956,0.7740241122176243
2000-10-30,0.013753327829496408,0.9987100469342148
2000-10-31,0.013343939939339832,1.6292139454093835
2000-11-01,0.013147804887810319,-0.4365105708621311
2000-11-02,0.013071493844831543,0.3812306257630587
2000-11-03,0.012508628268630367,-0.0912854677422377
2000-11-06,0.012026294747838381,0.3199377370699137
2000-11-07,0.011501271924416695,-0.01942580840138959
2000-11-08,0.010989947690472322,-1.4469879995592914
2000-11-09,0.012128275610915165,-0.5364913022823962
2000-11-10,0.012194405125709842,-2.0255302636252206
2000-11-13,0.014227942394607123,-0.7615020800726946
2000-11-14,0.01459452646614587,1.5883602499666127
2000-11-15,0.014347681648598332,0.344879821069985
2000-11-16,0.013701856518233213,-0.9242827914304061
2000-11-17,0.01429629737845322,-0.23485805899410958
2000-11-20,0.013914832903655062,-1.3311099998115041
2000-11-21,0.015119586957263637,0.23259610174372564
2000-11-22,0.014392596436882983,-1.300785049927216
2000-11-24,0.01558392593798406,0.9350432316396065
2000-11-27,0.015069574439962622,0.3551304092799699
2000-11-28,0.014385926937272172,-0.6668950894702149
2000-11-29,0.014615824650211464,0.2984096916649309
2000-11-30,0.013940487120620118,-1.45692981346906
2000-12-01,0.01533734212857528,0.013883466031521595
2000-12-04,0.014546881606089962,0.5072052782396151
2000-12-05,0.013941342910295827,2.738856468015087
2000-12-06,0.014092632878840921,-1.304771952392095
2000-12-07,0.01526911412077132,-0.38444009599147416
2000-12-08,0.015073233136156567,1.2880484374941756
2000-12-11,0.014705818427044316,0.5098611495295463
2000-12-12,0.014096527290326557,-0.4651258093372024
2000-12-13,0.014043456361054238,-0.5835018354646314
2000-12-14,0.014157722660628593,-0.9969044313269485
2000-12-15,0.014872440664864428,-1.4588332721488775
2000-12-18,0.016351617350363987,0.4915907307275245
2000-12-19,0.015646514966720686,-0.8335817198029867
2000-12-20,0.01614626522345441,-1.9692558218199627
2000-12-21,0.018675837279296167,0.4267437820450188
2000-12-22,0.017808926395182667,1.352936734580651
2000-12-26,0.01736864505636505,0.4059262778953076
2000-12-27,0.01657373523929699,0.6266250708699642
2000-12-28,0.015903375417573442,0.25027480159361076
2000-12-29,0.015139185808825655,-0.6937606887226662
2001-01-02,0.015414830890588187,-1.8444791722480842
2001-01-03,0.01761790225682591,2.774681655953749
2001-01-04,0.017771582623644006,-0.5969387540083108
2001-01-05,0.017885493251365715,-1.4868383942301286
2001-01-08,0.01970567128952486,-0.09741625194874985
2001-01-09,0.018829875695467468,0.20206937689508409
2001-01-10,0.017869811254104386,0.5339019823349707
2001-01-11,0.017095539041126442,0.6004394674250376
2001-01-12,0.016387177430126257,-0.38154077357037125
2001-01-16,0.016155014293031386,0.3790959897751668
2001-01-17,0.01541481922644031,0.13774786240376427
2001-01-18,0.014634094429807008,0.9443283864249021
2001-01-19,0.014163079763032856,-0.2849919771532841
2001-01-22,0.013845795566039605,0.019363392486112425
2001-01-23,0.013126881336400671,0.9863210445988531
2001-01-24,0.01273325691628008,0.2248223135875767
2001-01-25,0.012116038733699956,-0.41179844428720835
2001-01-26,0.01201547253421451,-0.15709987474480963
2001-01-29,0.011605458038028156,0.584354364386979
2001-01-30,0.011142231661688009,0.6267538347925476
2001-01-31,0.010712010712096627,-0.5260977568779026
2001-02-01,0.010768878385387148,0.5057419969557213
2001-02-02,0.010321119154635622,-1.7079990694158649
2001-02-05,0.011800025111720642,0.30340967140760944
2001-02-06,0.011263573745590526,-0.13449272789592576
2001-02-07,0.010873640548604764,-0.7765283840222528
2001-02-08,0.011231531893837198,-0.5568403954046195
2001-02-09,0.011331690719569132,-1.1847540052970376
2001-02-12,0.012206937626171888,0.9632141402955946
2001-02-13,0.011828002291159228,-0.7346779593079907
2001-02-14,0.012147636846013525,-0.17996875366984166
2001-02-15,0.011777302469317677,0.6869765763703308
2001-02-16,0.011342567919607248,-1.6827130521481055
2001-02-20,0.012862415189761034,-1.361249324667461
2001-02-21,0.014072872204910764,-1.327437591564085
2001-02-22,0.015326556475831175,-0.1274739667873404
2001-02-23,0.014723518468183228,-0.3783691216798474
2001-02-26,0.014523344824469826,1.1938550933775238
2001-02-27,0.014117009708301409,-0.5446901494401115
2001-02-28,0.014176792140435823,-1.0166243231313492
2001-03-01,0.01494473987600502,0.06958057731137793
2001-03-02,0.014158690797785627,-0.40229582945440356
2001-03-05,0.014009118043779046,0.41694505228300194
2001-03-06,0.013383717359967932,0.7420300814420886
2001-03-07,0.012888548797341552,0.49901893492774885
2001-03-08,0.012348958663973874,0.18268350410790335
2001-03-09,0.011752466115233881,-2.133656466487364
2001-03-12,0.013945063524006696,-3.165333945481746
2001-03-13,0.018351319444070754,0.8021020060383648
2001-03-14,0.017623860405675474,-1.4855935357544
2001-03-15,0.01946600324753323,0.30073587489518405
2001-03-16,0.018456269115613978,-1.073845568164776
2001-03-19,0.019504502493288774,0.8958513954723459
2001-03-20,0.018755912925224508,-1.2994302271568723
2001-03-21,0.020293918912315217,-0.8912165927201313
2001-03-22,0.02101376621684582,-0.19377752297121584
2001-03-23,0.020216870899372994,0.9751012426712777
2001-03-26,0.019466710301346734,0.5763275033129938
2001-03-27,0.018581358663836426,1.3590760411386948
2001-03-28,0.01807007562438282,-1.3687274500127415
2001-03-29,0.01969808938773453,-0.2356096986682964
2001-03-30,0.019063947091717107,0.5626698966265613
2001-04-02,0.01819830279303631,-0.6890884351954347
2001-04-03,0.018478856081249714,-1.8939741111985802
2001-04-04,0.021269404478778706,-0.13659646015438534
2001-04-05,0.020350794995415956,2.1007981716203594
2001-04-06,0.020121518724933774,-1.0032020273280708
2001-04-09,0.021090289157366642,0.3833340443574248
2001-04-10,0.020027225744701567,1.3334956589832787
2001-04-11,0.019448614173334246,-0.10969530784849482
2001-04-12,0.018583837787656574,0.8066898626447286
2001-04-16,0.017842521707504156,-0.18119014989055168
2001-04-17,0.017191080538574346,0.5950730273488655
2001-04-18,0.016434216013720634,2.321572569507383
2001-04-19,0.01643325238005057,0.7585060744670096
2001-04-20,0.015787789858335514,-0.5434230805451461
2001-04-23,0.015819108796909467,-0.9541283422569586
2001-04-24,0.016559211989386233,-0.7389254776858575
2001-04-25,0.01693185352474455,0.9340483341984558
2001-04-26,0.016330576542412573,0.28687620993865354
2001-04-27,0.01551788827672378,0.9600772776250278
2001-04-30,0.014992236293067259,-0.19137849398438164
2001-05-01,0.014489027594170265,0.9316250946975438
2001-05-02,0.013998327931591123,0.055828245989345854
2001-05-03,0.013240895616793667,-1.1316757237797732
2001-05-04,0.01417686555038334,1.0113066407016695
2001-05-07,0.01372626000168351,-0.17852339888079155
2001-05-08,0.013265086411650043,-0.1379531227282651
2001-05-09,0.01276915014639598,-0.35224113466338897
2001-05-10,0.012577773367473344,-0.02279884070945896
2001-05-11,0.011967112224168446,-0.6355299582367773
2001-05-14,0.012164785607148587,0.21419530672351564
2001-05-15,0.01156181024112653,0.03599704456376272
2001-05-16,0.010947158721154053,2.5628133559017927
2001-05-17,0.011106475190474429,0.24490703630689953
2001-05-18,0.010572717913409115,0.25437473855809206
2001-05-21,0.010067088893303416,1.5917872837480989
2001-05-22,0.00996624443350398,-0.26402448084680014
2001-05-23,0.009754437749801857,-1.6042129770977178
2001-05-24,0.011062519445409855,0.28845612314280317
2001-05-25,0.01056248475742303,-1.1253328039144976
2001-05-29,0.011335397012572614,-0.690280182757108
2001-05-30,0.011605189395459325,-1.3596810892748006
2001-05-31,0.012731816388178314,0.48558410436525956
2001-06-01,0.01219972791287321,0.3159625895112994
2001-06-04,0.01165420578646396,0.43721080907303034
2001-06-05,0.01116514277416633,1.155964716405366
2001-06-06,0.010870490290124815,-0.9755467121477126
2001-06-07,0.011471725592231738,0.47435559759274737
2001-06-08,0.011002333140152799,-0.8581591003742025
2001-06-11,0.01146753108128562,-0.731723320834146
2001-06-12,0.01178881466359371,0.09867017458524605
2001-06-13,0.011217525279938769,-1.0173156426205703
2001-06-14,0.011881443993704744,-1.4860617198583723
2001-06-15,0.013196824554010729,-0.34304576010346643
2001-06-18,0.013004297700214678,-0.37642448711447063
2001-06-19,0.012861058042051282,0.2665600214579166
2001-06-20,0.01226554915742081,0.706943475050019
2001-06-21,0.011812149366146489,0.9566528219529171
2001-06-22,0.011441786006977312,-0.8298497460925489
2001-06-25,0.011879600676890137,-0.46498690504829715
2001-06-26,0.011872820516635177,-0.12726903913689733
2001-06-27,0.011461354502807995,-0.40897210874802875
2001-06-28,0.01139352349342635,1.0897150924651628
2001-06-29,0.011074208746156389,-0.13412417512717748
2001-07-02,0.010708419800242432,0.93646801221235
2001-07-03,0.010381751346219305,-0.1769646329237455
2001-07-05,0.010091667319907642,-1.2285166569859205
2001-07-06,0.010943298970647749,-2.1729052635768302
2001-07-09,0.01305882759456346,0.5249662340095675
2001-07-10,0.012518941206537914,-1.1584554559605262
2001-07-11,0.013423583927308056,-0.08453382828498919
2001-07-12,0.012876577343400262,1.8184167740892556
2001-07-13,0.012691052352277125,0.49023800897527364
2001-07-16,0.01216346551134996,-0.8996230312974302
2001-07-17,0.012707270121601853,0.7808062129928315
2001-07-18,0.012251113484207014,-0.4535950817970808
2001-07-19,0.012225535689712928,0.49360467039668837
2001-07-20,0.011723829972635502,-0.2932472991863124
2001-07-23,0.011516543564495205,-1.4330748195813479
2001-07-24,0.012718810191374523,-1.2898589368248334
2001-07-25,0.01382205922714411,1.1540933252209096
2001-07-26,0.013414225938178523,0.7749469301785927
2001-07-27,0.012920367433950024,0.1857142854030293
2001-07-30,0.012304430834374637,-0.08766153880436846
2001-07-31,0.011826500882278698,0.4697241051010721
2001-08-01,0.011339019152519534,0.3415554841808376
2001-08-02,0.01084789038023154,0.3646942908450517
2001-08-03,0.010386672061786652,-0.506080274500311
2001-08-06,0.01044628257025324,-1.0996709583964777
2001-08-07,0.011171659228268722,0.2918167555782684
2001-08-08,0.010677778533460676,-1.6370460292364029
2001-08-09,0.012065754558559067,-0.007001297521148071
2001-08-10,0.011503553609144526,0.4929549397231183
2001-08-13,0.01103722839859087,0.08598225633504696
2001-08-14,0.010507855183460804,-0.36498193206088414
2001-08-15,0.01041279041418639,-0.7074500891143395
2001-08-16,0.010691031256947058,0.28857635979445323
2001-08-17,0.01022091756717471,-1.6440249163970166
2001-08-20,0.01156853373234289,0.6994287667515938
2001-08-21,0.011145505981086117,-1.0903973425587
2001-08-22,0.011890630105583676,0.5829838920116779
2001-08-23,0.011424218790329337,-0.24221504226396473
2001-08-24,0.011164707580086676,1.7433208720518676
2001-08-27,0.011002659082521649,-0.4398079398600124
2001-08-28,0.010981996405541981,-1.3771447287514036
2001-08-29,0.01206837933903041,-0.929027501401433
2001-08-30,0.012645798903596865,-1.3561936285740757
2001-08-31,0.013840153083376305,0.2905924948298745
2001-09-04,0.013188746141863638,-0.04282100701034474
2001-09-05,0.01259920891414563,-0.08410919988232136
2001-09-06,0.012096511548219028,-1.8720057652566362
2001-09-07,0.01396811798425908,-1.3468438448458742
2001-09-10,0.015252691964240207,0.40692139162140195
2001-09-17,0.014546410395575143,-3.469444024723687
2001-09-18,0.01984561506316222,-0.29335874905112347
2001-09-19,0.01929398806401169,-0.841905228196313
2001-09-20,0.019898346451777186,-1.5856855163142083
2001-09-21,0.022232377725214674,-0.8644034450477804
2001-09-24,0.022941799081935336,1.6669395723075486
2001-09-25,0.022389944108259757,0.3908575378505662
2001-09-26,0.021204000905973065,-0.2442954017262425
2001-09-27,0.020506817201123063,0.5570647677257385
2001-09-28,0.019524342179546246,1.1106728288039753
2001-10-01,0.018819693292108638,-0.12213473426794418
2001-10-02,0.018013355222649928,0.6789646228651618
2001-10-03,0.017226658616673548,1.145391154686607
2001-10-04,0.016645306573472893,-0.14865758337193116
2001-10-05,0.016005344258481553,0.10213731185969444
2001-10-08,0.01515233381746922,-0.5530136347951881
2001-10-09,0.015219890242923848,-0.3528234391332311
2001-10-10,0.014966904173207275,1.515284534416523
2001-10-11,0.014610301379172462,1.033096599181791
2001-10-12,0.014117300212703843,-0.374065577939097
2001-10-15,0.013928362532992192,-0.10992002525604841
2001-10-16,0.013366874263174,0.5171005350388194
2001-10-17,0.012779187279308452,-1.4718008698872922
2001-10-18,0.014205709774740661,-0.556410324163257
2001-10-19,0.014291175092263986,0.3181658935446558
2001-10-22,0.013605994869492079,1.1157054032148397
2001-10-23,0.013179256802672252,-0.3572843993282038
2001-10-24,0.012996334270701333,0.029779808438276992
2001-10-25,0.012314141257728095,1.1066713038322296
2001-10-26,0.011943647396998096,0.3433084155999431
2001-10-29,0.011392800686607802,-2.115945561446367
2001-10-30,0.013590996211780075,-1.274002271095798
2001-10-31,0.014751251127523774,-0.0006402908120366238
2001-11-01,0.014003469447925609,1.62022420170889
2001-11-02,0.013698348617542759,0.20844934361910045
2001-11-05,0.013032153204420294,1.0959893318978406
2001-11-06,0.012626570293028367,1.1421673932132441
2001-11-07,0.012253329307850058,-0.22349978889485275
2001-11-08,0.01193412741884618,0.20551299117509547
2001-11-09,0.011366457334652271,0.13910988843424646
2001-11-12,0.010815034964891944,-0.1635707328381323
2001-11-13,0.010482446041552428,1.7546673854521082
2001-11-14,0.010348776253349129,0.17967349294660326
2001-11-15,0.009861733054086483,0.09148183405575566
2001-11-16,0.009383362036304127,-0.33547321528374774
2001-11-19,0.009278664799303577,1.168264671004443
2001-11-20,0.009050013115474147,-0.8093248173870035
2001-11-21,0.009426989328952444,-0.5239511867455321
2001-11-23,0.00951751556191309,1.2227871500141156
2001-11-26,0.009283972344204456,0.6609139622398763
2001-11-27,0.00894836844056994,-0.7673312639878368
2001-11-28,0.009281700283951682,-1.9845510619326512
2001-11-29,0.010942304638960888,0.9409887646943901
2001-11-30,0.01058891995043586,-0.062140029386256304
2001-12-03,0.010174696856013798,-0.8271983207994836
2001-12-04,0.010593871423342806,1.2366430125815178
2001-12-05,0.01031394472594811,2.1400964604319186
2001-12-06,0.010231454752653286,-0.27179028426761725
2001-12-07,0.010051060663764912,-0.7521516309659717
2001-12-10,0.010384989070651458,-1.5402223928676808
2001-12-11,0.011640066080163635,-0.2392413261979052
2001-12-12,0.011375869484125363,0.02396404746763494
2001-12-13,0.010824943406141166,-1.4484848196249427
2001-12-14,0.0120046059279229,0.275629174632283
2001-12-17,0.01146161204180334,0.8711530024203746
2001-12-18,0.011072700394001527,0.6789515623868837
2001-12-19,0.010663552516297909,0.543241275901882
2001-12-20,0.010248453121859381,-0.8208465420658756
2001-12-21,0.010659421239051878,0.4073083415458659
2001-12-24,0.01021868599430032,-0.02051541328140734
2001-12-26,0.009785534486514346,0.42052145272448904
2001-12-27,0.009391913696410695,0.7164507638265628
2001-12-28,0.009069061256816023,0.370064789914428
2001-12-31,0.008701957510800863,-1.2879863296847442
2002-01-02,0.009533616250752322,0.6003685452447207
2002-01-03,0.009184558151595254,0.9949536504423021
2002-01-04,0.00891960039357263,0.694416964747308
2002-01-07,0.008615215695790315,-0.7568102891177214
2002-01-08,0.008929465271035995,-0.40257968789073184
2002-01-09,0.008915271126918088,-0.5395564187631011
2002-01-10,0.009029081428756386,0.13510969505670128
2002-01-11,0.00862846925942403,-1.1025109633984387
2002-01-14,0.009272291520412135,-0.6790030125385832
2002-01-15,0.009521237880721515,0.7153235266073494
2002-01-16,0.009191780795981966,-1.7818658613724883
2002-01-17,0.010587450329082032,0.9426727140472113
2002-01-18,0.010249618432479936,-0.9728775126075035
2002-01-22,0.010831889056553391,-0.6795885672687157
2002-01-23,0.011092348491329536,0.7115973728561251
2002-01-24,0.010684702348592999,0.328763391280504
2002-01-25,0.010225439537710178,0.09756132928732746
2002-01-28,0.009750960538356543,-0.01990775834621699
2002-01-29,0.009343117950331062,-3.10711554304208
2002-01-30,0.012343723085826848,0.9461635003532376
2002-01-31,0.011927494505492766,1.242804400943808
2002-02-01,0.011596185608850472,-0.612577654969415
2002-02-04,0.01177930468315944,-2.1264614600979463
2002-02-05,0.014024553364339299,-0.288544003379158
2002-02-06,0.013720404323524808,-0.4365966307989225
2002-02-07,0.013640130190400068,-0.22633973656311182
2002-02-08,0.013268848180838908,1.1115806393220928
2002-02-11,0.01285003583776678,1.1080368521081563
2002-02-12,0.012446647961787334,-0.32144894900214266
2002-02-13,0.012252731551540141,0.8073488108029322
2002-02-14,0.011808588509092395,-0.1538363082347022
2002-02-15,0.011436469293702517,-0.9686411559269698
2002-02-19,0.01205618495159487,-1.5804499360563549
2002-02-20,0.01353400828646993,0.9918185331539641
2002-02-21,0.013069716330688642,-1.1960375309218862
2002-02-22,0.014080768459061043,0.5816888609825618
2002-02-25,0.013484081474494798,1.3212285353471722
2002-02-26,0.013102763183483817,-0.0034430306677213692
2002-02-27,0.012469422060477207,0.036859719339342845
2002-02-28,0.011846269907038305,-0.2406850970177697
2002-03-01,0.01157491458564618,1.9336588994134343
2002-03-04,0.011402283760363667,1.6929801596811356
2002-03-05,0.011188346127788096,-0.5984524373329
2002-03-06,0.01135478914168471,1.268655765679325
2002-03-07,0.011053453851404655,-0.40783714042862085
2002-03-08,0.010999383509370877,0.5301742441112361
2002-03-11,0.01056009712710382,0.32071518768370927
2002-03-12,0.010102903539686127,-0.227329818539795
2002-03-13,0.009881150716056705,-1.0025810514093516
2002-03-14,0.010485645783832612,-0.0868004106131485
2002-03-15,0.01010429094563332,1.1197581783378603
2002-03-18,0.009818825541059695,-0.05328626951017533
2002-03-19,0.00943739574580398,0.430043872603464
2002-03-20,0.009058615075364642,-1.753280200543766
2002-03-21,0.01041862277634256,0.144881442725513
2002-03-22,0.009943438448555286,-0.4272127520173165
2002-03-25,0.009936743498580956,-1.4853656815344989
2002-03-26,0.01108371102582936,0.5261492763409386
2002-03-27,0.010641125340196097,0.5013477901916046
2002-03-28,0.010217578242089662,0.23998753981099996
2002-04-01,0.009770728211960018,-0.07584542039983136
2002-04-02,0.009417831629762485,-0.9096176935211835
2002-04-03,0.009904090665736703,-1.01408295948749
2002-04-04,0.01051922848747256,0.07936493649931071
2002-04-05,0.010025971311855127,-0.3201889857395581
2002-04-08,0.009905626263495249,0.229931237219769
2002-04-09,0.009471896355424114,-0.7050650832790676
2002-04-10,0.009748726598621738,1.1561446397876078
2002-04-11,0.009485095512970717,-2.527585649629137
2002-04-12,0.01179966430426997,0.5602245879940888
2002-04-15,0.011324243415949741,-0.674994077325459
2002-04-16,0.011583080722218808,1.9984654024446433
2002-04-17,0.011417101456944417,-0.17871980077696473
2002-04-18,0.011094178623080627,-0.12816267115423266
2002-04-19,0.010730420502290455,0.05800210012268846
2002-04-22,0.010223856211200819,-1.5191006998108434
2002-04-23,0.01143578914030356,-0.543960387412204
2002-04-24,0.011539307822621329,-0.6177310526215014
2002-04-25,0.011730564039743555,-0.12955444266299096
2002-04-26,0.011334575248616093,-1.2339933202603628
2002-04-29,0.012286133250037275,-0.8261806937173912
2002-04-30,0.012748041177520708,0.8399687734765326
2002-05-01,0.012282917799875358,0.7180307603338758
2002-05-02,0.01181535366463456,-0.14813266327366711
2002-05-03,0.011437899046448863,-0.9018483019540452
2002-05-06,0.011974249111526305,-1.6309451500082899
2002-05-07,0.013514135321960209,-0.22387765215277222
2002-05-08,0.013150051902456581,2.7998177259556383
2002-05-09,0.013131646381181134,-1.1159513589376227
2002-05-10,0.014035917300311949,-1.206655258426379
2002-05-13,0.015132362387160522,1.214618746983886
2002-05-14,0.014638806052474734,1.4292891730271127
2002-05-15,0.014222043791166468,-0.39907063924796826
2002-05-16,0.014084329448260666,0.4644138915496237
2002-05-17,0.013453491177027366,0.563675898780156
2002-05-20,0.012882226110721692,-1.0388110023276091
2002-05-21,0.013667043494277059,-0.8085916517113685
2002-05-22,0.01413928770827769,0.40099100296326246
2002-05-23,0.013491814699000446,0.7510041779502701
2002-05-24,0.01296100168262014,-0.9382204420427813
2002-05-28,0.013603385825605942,-0.6314437737985927
2002-05-29,0.013815135263053297,-0.465623014192654
2002-05-30,0.013785405535903175,-0.20411719709117326
2002-05-31,0.013386239190368401,0.17380945724886368
2002-06-03,0.012734918567695491,-1.971570454005078
2002-06-04,0.014896758201118122,0.0006377992627529957
2002-06-05,0.014141568273186154,0.6230600614164793
2002-06-06,0.01354727237220685,-1.473484971630997
2002-06-07,0.015023115257863255,-0.1048617390017923
2002-06-10,0.014416717888395143,0.21635221551653144
2002-06-11,0.013711522449048406,-1.2229608735205157
2002-06-12,0.01480675655713698,0.44231026444607413
2002-06-13,0.01413104944562478,-0.7460816294607949
2002-06-14,0.014509850039048628,-0.15650538207014403
2002-06-17,0.014006111624030178,2.019657267064842
2002-06-18,0.013765457618327388,0.06797257712233556
2002-06-19,0.013071698763826363,-1.2755897783050603
2002-06-20,0.01420402149456119,-0.9520215862421824
2002-06-21,0.014901852238336493,-1.1535253365239648
2002-06-24,0.015954574395087892,0.22643834445558694
2002-06-25,0.015155965523914681,-1.1112843436098405
2002-06-26,0.016149715695936522,-0.16578388958477203
2002-06-27,0.015578374890304314,1.1183799815129345
2002-06-28,0.01503629706068391,-0.0550732587225059
2002-07-01,0.014358791987683634,-1.5056796628023654
2002-07-02,0.0159551561081143,-1.3446381726542056
2002-07-03,0.017407973624602672,0.35637210434033484
2002-07-05,0.016550917752520992,2.179426906578584
2002-07-08,0.016266216004914517,-0.7536192460755732
2002-07-09,0.01668389121795618,-1.500227917957439
2002-07-10,0.01849829218558668,-1.8678559052930088
2002-07-11,0.021307631255307054,0.3504960381347222
2002-07-12,0.02018663059068342,-0.3204696468414338
2002-07-15,0.019716174215903163,-0.190822430329451
2002-07-16,0.019007090582307342,-0.9829206371088155
2002-07-17,0.019919400266523068,0.2833802938815785
2002-07-18,0.018878276361361444,-1.4508934954698953
2002-07-19,0.02078428241273189,-1.8815795882070354
2002-07-22,0.023935637542544894,-1.398099968262119
2002-07-23,0.02615266000270043,-1.0472649701593044
2002-07-24,0.027486542796838695,2.02805789359556
2002-07-25,0.02678252190087232,-0.2108719926953052
2002-07-26,0.025731475766366686,0.6506727295501209
2002-07-29,0.024426478217456707,2.1561264565783143
2002-07-30,0.023855054711269856,0.1777551910219315
2002-07-31,0.02248693590942324,0.4333319315736035
2002-08-01,0.02130450161398463,-1.4090858224204061
2002-08-02,0.023376969164825456,-0.9989688214105349
2002-08-05,0.02450134186786081,-1.424328430345999
2002-08-06,0.026869525024092348,1.0971438384262964
2002-08-07,0.025699465218224596,0.7709284866977636
2002-08-08,0.02444922212316703,1.3169500202035296
2002-08-09,0.023517320520898305,0.14907591712780655
2002-08-12,0.02215592763994137,-0.24106003893661998
2002-08-13,0.02141530068300568,-1.0232621973665839
2002-08-14,0.022543631670046412,1.7417743807784922
2002-08-15,0.02189196190153997,0.5249795038538985
2002-08-16,0.02077695621791357,-0.07663375041289812
2002-08-19,0.0197447634083075,1.1819547579700203
2002-08-20,0.019011297139357466,-0.7393755157720803
2002-08-21,0.01943819142783119,0.6505737633519215
2002-08-22,0.018515080496407557,0.7536446595272662
2002-08-23,0.017680895873148056,-1.297870570403084
2002-08-26,0.019256461592690094,0.38986581399754056
2002-08-27,0.018260997846077806,-0.7638008624383182
2002-08-28,0.018734167946633306,-0.9767309763245854
2002-08-29,0.019663820356177322,-0.003878921317513881
2002-08-30,0.01856975628005504,-0.1016006709187089
2002-09-03,0.017730705171000463,-2.3926512730774228
2002-09-04,0.021723923771210924,0.7993510640354519
2002-09-05,0.020731248965783284,-0.7755865028232319
2002-09-06,0.02125693876381567,0.7837773546541216
2002-09-09,0.020285577029921842,0.4960181006232964
2002-09-10,0.019274040404595964,0.3789912836996321
2002-09-11,0.018286044168116144,-0.007816818488535117
2002-09-12,0.017296601983059257,-1.450952815212498
2002-09-13,0.01913782347010912,0.17057701380492912
2002-09-16,0.018098172940514766,0.0800452719817471
2002-09-17,0.017099537434086636,-1.1652700684304338
2002-09-18,0.01834204039697599,-0.25398992733251574
2002-09-19,0.01781473018587515,-1.7135181337143737
2002-09-20,0.020256349900735868,0.12102799098891155
2002-09-23,0.019131851809930017,-0.7278143668371448
2002-09-24,0.01953723740032854,-0.8924268558792505
2002-09-25,0.02029920889086881,1.2098467201286325
2002-09-26,0.019525817357220136,0.9242115519097165
2002-09-27,0.018697602212090925,-1.7537549622906288
2002-09-30,0.021326913942015822,-0.6902236720755967
2002-10-01,0.021658415922668636,1.811896959427516
2002-10-02,0.02103663500605081,-1.1346893653378123
2002-10-03,0.022415686072827054,-0.48543566849424774
2002-10-04,0.0222590596726498,-1.0192057004439266
2002-10-07,0.023404536887921212,-0.8244601049605377
2002-10-08,0.024082076281302645,0.6958365312873542
2002-10-09,0.02290756554431945,-1.20772907293979
2002-10-10,0.024567696327894448,1.3989225976334798
2002-10-11,0.02364968615165146,1.6201125464616895
2002-10-14,0.02287114178762204,0.3191716038292497
2002-10-15,0.021633253525790527,2.137882693853473
2002-10-16,0.021178630870409255,-1.1525014867608687
2002-10-17,0.02262767801786309,0.9747685756764446
2002-10-18,0.021662772373372743,0.27169843761106877
2002-10-21,0.02048534089374578,0.838912710957192
2002-10-22,0.019584218310665907,-0.5454585624120617
2002-10-23,0.019605725806465375,0.34150612434488065
2002-10-24,0.018578971782174852,-0.8255504388344332
2002-10-25,0.019193394932155244,0.886840278507568
2002-10-28,0.01837566548730745,-0.4517077301988122
2002-10-29,0.01822745942118711,-0.5002176609493385
2002-10-30,0.01817946945990654,0.5311917897174181
2002-10-31,0.017296528174616892,-0.32219631232572693
2002-11-01,0.01693125039094291,1.0049370794921684
2002-11-04,0.01626843263924322,0.5021291413973179
2002-11-05,0.015484120740703594,0.4986062882117376
2002-11-06,0.014741071925161376,0.6174644751270255
2002-11-07,0.014071895119717901,-1.642806430034197
2002-11-08,0.01601011092517286,-0.5497617167011895
2002-11-11,0.016088463578231467,-1.3021875631230264
2002-11-12,0.017547329072692505,0.4379938662425791
2002-11-13,0.016687005629855832,-0.028511521753421407
2002-11-14,0.015847588190523447,1.5355771433941838
2002-11-15,0.015386457840540824,0.39838783921026505
2002-11-18,0.014642694670922638,-0.7145625047113966
2002-11-19,0.015002052029511763,-0.26854412903568053
2002-11-20,0.014640073266998697,1.3134322520511337
2002-11-21,0.014172012881147214,1.4976530186217112
2002-11-22,0.013784528693998807,-0.24982067630384214
2002-11-25,0.01343816820458289,0.1852971564514205
2002-11-26,0.012761235157771828,-1.6605359823607042
2002-11-27,0.014538285886445807,1.8985497475434576
2002-11-29,0.014227445038942299,-0.19191103134751483
2002-12-02,0.013788318462722321,-0.13800487453156826
2002-12-03,0.013292261856113381,-1.1175829436714633
2002-12-04,0.014248605934350143,-0.24204242352337135
2002-12-05,0.013887848643362212,-0.8708055593857816
2002-12-06,0.014484449804654798,0.43121813592005864
2002-12-09,0.013815740276424817,-1.623220820768919
2002-12-10,0.015619858874925053,0.887389903792297
2002-12-11,0.014993849285077701,0.037597447683567174
2002-12-12,0.01421387209432772,-0.26326179345870115
2002-12-13,0.013888000204993933,-0.9729117292760799
2002-12-16,0.01464255881839436,1.5876384806825843
2002-12-17,0.014228723146496612,-0.5743749288670613
2002-12-18,0.014371500331112065,-0.920737221681063
2002-12-19,0.015060163466057305,-0.5138898385383402
2002-12-20,0.01510094900519602,0.856416557923369
2002-12-23,0.014493746347802188,0.12466626858328406
2002-12-24,0.013763542966135722,-0.3986288505606643
2002-12-26,0.013650315158202746,-0.23102248565718145
2002-12-27,0.013299486836439717,-1.2149630005859469
2002-12-30,0.014401042169506321,0.3157791811600878
2002-12-31,0.013714084476912723,0.0356456510796518
2003-01-02,0.013011855890208621,2.5100785020528953
2003-01-03,0.012868795757217439,-0.037622190315116634
2003-01-06,0.012298192198244073,1.807219816808396
2003-01-07,0.012032473530557745,-0.5457007219668106
2003-01-08,0.012147540051181153,-1.1677852924907595
2003-01-09,0.013103337771951955,1.4653217474911782
2003-01-10,0.012728398921661294,0.0
2003-01-13,0.01212230670954761,-0.11658572460221493
2003-01-14,0.011695112273418908,0.4970391889122043
2003-01-15,0.011200655077636066,-1.2973286754811486
2003-01-16,0.012268886368926299,-0.321968658736025
2003-01-17,0.012096822164322918,-1.166931610310939
2003-01-21,0.013046052028449565,-1.2131564669478265
2003-01-22,0.014119594342855505,-0.7427410462742798
2003-01-23,0.014522382364884961,0.7004179972362872
2003-01-24,0.01391614570325037,-2.132002160815678
2003-01-27,0.01658753031495706,-0.9821705548174653
2003-01-28,0.017457589759641182,0.7427158973457857
2003-01-29,0.01669521093583853,0.40467204723789074
2003-01-30,0.01589635142518056,-1.4540674217208398
2003-01-31,0.01760001990856048,0.7411864729011636
2003-02-03,0.016829843040528068,0.3199411825890653
2003-02-04,0.016003539382586737,-0.886550768762524
2003-02-05,0.016679072928200363,-0.3267474784576967
2003-02-06,0.016373618976299735,-0.3951182211730166
2003-02-07,0.016194407022948935,-0.6264490697545246
2003-02-10,0.01641479896560446,0.459375241374394
2003-02-11,0.015647198289786994,-0.5196647217163113
2003-02-12,0.015689573572692826,-0.8137963125033225
2003-02-13,0.016226757579599495,-0.09868979747745918
2003-02-14,0.01555595401004642,1.3633451495110849
2003-02-18,0.01505085803132345,1.2831066704560146
2003-02-19,0.01454852116944038,-0.48949209262419685
2003-02-20,0.014558885202825791,-0.6557479382204273
2003-02-21,0.014826099151198556,0.886110271773587
2003-02-24,0.014244598947420428,-1.3023696530537883
2003-02-25,0.015535714004787817,0.46143582842110953
2003-02-26,0.01482281514773053,-0.8924455411782207
2003-02-27,0.015471175468127742,0.7555381944165722
2003-02-28,0.014827105914551076,0.3110151503561727
2003-03-03,0.014124104983861662,-0.5356715398631239
2003-03-04,0.014207411787373857,-1.089285909630724
2003-03-05,0.015149785099873487,0.628174883838126
2003-03-06,0.014493904053557868,-0.647370070293769
2003-03-07,0.014746707559418102,0.5577829167344303
2003-03-10,0.01409813518456,-1.8562179233431741
2003-03-11,0.01630211180095288,-0.5149317893121327
2003-03-12,0.016326990542852676,0.264088809972719
2003-03-13,0.01552187067093093,2.182514508167509
2003-03-14,0.015209994664411575,0.10818360810952052
2003-03-17,0.01444370697135569,2.410292325858131
2003-03-18,0.01422221695699397,0.29764131557646545
2003-03-19,0.013552518077220285,0.6418632176684466
2003-03-20,0.012988330800793774,0.1452078108390062
2003-03-21,0.012359706253776678,1.8379642195517631
2003-03-24,0.012106726203827,-2.962573935341375
2003-03-25,0.015767775142976122,0.7666125112074098
2003-03-26,0.015128255668903476,-0.36295892509526795
2003-03-27,0.014933702335599121,-0.11016133937136628
2003-03-28,0.014366137855561449,-0.4035001324007172
2003-03-31,0.014254262328130055,-1.2558369133297442
2003-04-01,0.015450598484521127,0.7812313611809847
2003-04-02,0.01483075696368881,1.7383319695598818
2003-04-03,0.014459931995138498,-0.35024149740069316
2003-04-04,0.014265735197948834,0.19168554897722895
2003-04-07,0.013585743696236196,0.09039944211150146
2003-04-08,0.012926206794601,-0.14432233294919095
2003-04-09,0.012504773196327743,-1.1278461522758318
2003-04-10,0.013406333784491497,0.4799467429388978
2003-04-11,0.012831659388742818,-0.2938367507391736
2003-04-14,0.012609411777463735,1.5314126874482774
2003-04-15,0.012276870480247589,0.5118309481817288
2003-04-16,0.011767851992935735,-1.0462027783200158
2003-04-17,0.012520998577467482,1.2312345665981637
2003-04-21,0.012134300821160168,-0.1449223197530524
2003-04-22,0.011751588922703402,1.8271233321589462
2003-04-23,0.011514034646886941,0.7259791962702679
2003-04-24,0.011083044550304028,-0.7482708812262966
2003-04-25,0.01144057794401737,-1.2187429021467302
2003-04-28,0.012396221765673461,1.4260435806948808
2003-04-29,0.012055193871637535,0.27157562397089724
2003-04-30,0.011519042695453584,-0.08706486881457895
2003-05-01,0.011098979635021537,-0.06094255348930438
2003-05-02,0.010671059751426565,1.398812678990351
2003-05-05,0.010395657365283431,-0.36578972918354
2003-05-06,0.01032294963061358,0.816232598734658
2003-05-07,0.009963621255234952,-0.513671712736045
2003-05-08,0.010054272835797396,-1.0054201768486006
2003-05-09,0.01067948348872677,1.3275353392675977
2003-05-12,0.010385998846293569,1.1993828724298992
2003-05-13,0.010086805944436093,-0.2951999964066391
2003-05-14,0.009949334369357188,-0.32263733696151725
2003-05-15,0.009844890125234613,0.7960363135279521
2003-05-16,0.009504188684390529,-0.2637412088921867
2003-05-19,0.00935342445772983,-2.69779284925031
2003-05-20,0.011852500765103875,-0.09535289413543399
2003-05-21,0.01143338270072615,0.3502045762672755
2003-05-22,0.010952176462630612,0.8317218364948225
2003-05-23,0.01056932855050364,0.13696474777526138
2003-05-27,0.010103420779453434,1.9179352034009591
2003-05-28,0.009921135647427783,0.1841573127509846
2003-05-29,0.009495891534274685,-0.39624666931408914
2003-05-30,0.009477892410448413,1.5386268742816696
2003-06-02,0.00926333526722618,0.3813501880694638
2003-06-03,0.008896986580227367,0.5287778133100852
2003-06-04,0.008567378161826723,1.7504419606928416
2003-06-05,0.008421946751396665,0.46861365821940204
2003-06-06,0.008105414034960389,-0.296912521657305
2003-06-09,0.008023400830199983,-1.5017208259262278
2003-06-10,0.009003392253157255,1.0094377117288706
2003-06-11,0.00873473295697375,1.460017177564519
2003-06-12,0.008540400175635083,0.1208489918645353
2003-06-13,0.008178984968037324,-1.2182778582318492
2003-06-16,0.008904028011805355,2.4863021340808475
2003-06-17,0.008850643598443316,0.1027940279296206
2003-06-18,0.008469620246046658,-0.18336797441293975
2003-06-19,0.00828428425641981,-1.8533339100595019
2003-06-20,0.009619389049469258,0.10341303115238755
2003-06-23,0.009204086263374293,-1.5440217440504753
2003-06-24,0.010326983494209295,0.1783824699901535
2003-06-25,0.009884556856662969,-0.8398130984170576
2003-06-26,0.010312968020276671,1.03831988781482
2003-06-27,0.009997832833276427,-0.9787969964564754
2003-06-30,0.010577077283341898,-0.16672109343610994
2003-07-01,0.010298790193096779,0.7760726464784962
2003-07-02,0.009945825336143044,1.1631551197870962
2003-07-03,0.009664277521405067,-0.8416154125344255
2003-07-07,0.010087767783916879,1.8649776445610458
2003-07-08,0.009906435536908054,0.34313149784993646
2003-07-09,0.009508724738469882,-0.5891294811777923
2003-07-10,0.00967793460110352,-1.4023551261814657
2003-07-11,0.0106931781458688,0.8886600719318636
2003-07-14,0.01033905103287869,0.5526882474436711
2003-07-15,0.00995061217172314,-0.3449697287081553
2003-07-16,0.009874262556468843,-0.642822778449615
2003-07-17,0.010098989036738941,-1.2388835373663278
2003-07-18,0.010966379298643709,1.0702323351682945
2003-07-21,0.010628086593850535,-1.3855321998754586
2003-07-22,0.011706867350646149,0.8086444799892257
2003-07-23,0.011291825709140012,0.044801307950893675
2003-07-24,0.010774838213120936,-0.6604305933257292
2003-07-25,0.01102440345003906,1.5647586950168337
2003-07-28,0.01076291267500718,-0.2011695578547334
2003-07-29,0.010513377173261493,-0.6935729358884988
2003-07-30,0.010797618772459144,-0.1677291271697241
2003-07-31,0.010512159766682523,0.27127277096271163
2003-08-01,0.01007478623598265,-1.02358269789721
2003-08-04,0.01070421076601153,0.2541384775673866
2003-08-05,0.010254157057152012,-1.7379588936837373
2003-08-06,0.011707647462760455,0.1432008730608293
2003-08-07,0.01118363202889175,0.6485598338507089
2003-08-08,0.010768899917077475,0.3302001508420108
2003-08-11,0.010327195044745554,0.2966993454962188
2003-08-12,0.009903992056383619,0.9999940004806769
2003-08-13,0.009601077915321034,-0.6667977536539277
2003-08-14,0.00984629117194386,0.6666020310228667
2003-08-15,0.009498990504060173,0.017001047909214438
2003-08-18,0.009095242204433814,1.0020371698330095
2003-08-19,0.008826649433552802,0.2953852767321988
2003-08-20,0.00847865011550549,-0.24146248258923977
2003-08-21,0.008344706406532714,0.35528413994200325
2003-08-22,0.008025844054905222,-1.274492855139732
2003-08-25,0.008781877732414177,0.0745117383478551
2003-08-26,0.008408700529783186,0.3608721162449274
2003-08-27,0.008087852329505492,0.00744234456571862
2003-08-28,0.007765977130373712,0.7791919345693601
2003-08-29,0.007523600538811137,0.6834624323504875
2003-09-02,0.007279873568348556,1.8920105397576223
2003-09-03,0.007194391527874635,0.5808957708410145
2003-09-04,0.006954419834728728,0.23798767010264338
2003-09-05,0.006687594101555086,-0.96021021745895
2003-09-08,0.00711075247816052,1.4042570291345735
2003-09-09,0.006967339748874407,-1.1832563244786312
2003-09-10,0.007570102402482603,-1.5911071344671788
2003-09-11,0.008554573215313029,0.6342621875862872
2003-09-12,0.008263962319684641,0.26282298787307196
2003-09-15,0.007943193404198214,-0.47300769088000716
2003-09-16,0.008012739417203395,1.7717957212061333
2003-09-17,0.007879121269970741,-0.4137339368501946
2003-09-18,0.007902133401351506,1.6676844708127068
2003-09-19,0.007759928175990849,-0.4072226909816474
2003-09-22,0.007779094495476371,-1.683126328371167
2003-09-23,0.008865433081006308,0.6827770049570907
2003-09-24,0.008567101298594592,-2.250510753852786
2003-09-25,0.010324204050696529,-0.5880938753504465
2003-09-26,0.010488426092820708,-0.6120728479220776
2003-09-29,0.010678290753039825,0.9096455307811914
2003-09-30,0.010331371332053287,-1.025675554900793
2003-10-01,0.010970685459013812,2.013925917208441
2003-10-02,0.0108014331518473,0.18348566433936103
2003-10-03,0.010329825535349882,0.9075906137255542
2003-10-06,0.009995505221727465,0.4362010268605691
2003-10-07,0.009607162721381735,0.49193635873993763
2003-10-08,0.009246764084538886,-0.5707167687954554
2003-10-09,0.009396894974457407,0.508335835477412
2003-10-10,0.009049798823337554,-0.07128902133761122
2003-10-13,0.008749916621187204,0.7997894759195416
2003-10-14,0.008470069502137004,0.465527535083433
2003-10-15,0.008162115976667422,-0.3179440502858517
2003-10-16,0.008102929308664407,0.38962315521631746
2003-10-17,0.007803208209462981,-1.3187109350406367
2003-10-20,0.008576558556919833,0.5997823411185371
2003-10-21,0.008279850339639605,0.15596949637856747
2003-10-22,0.007945603132537307,-1.8996458989760439
2003-10-23,0.009255821888276899,0.3569744121435015
2003-10-24,0.008896469788886868,-0.5296831801746394
2003-10-27,0.009009832964932149,0.23921312572473769
2003-10-28,0.00864864275995234,1.7428264115926624
2003-10-29,0.008489519516606118,0.14843622454696648
2003-10-30,0.00814509243112591,-0.13713295052433194
2003-10-31,0.007941998230773425,0.4525965834767065
2003-11-03,0.007658271579815734,1.0286761951763992
2003-11-04,0.007449968255274577,-0.73333852719475
2003-11-05,0.007723561016794672,-0.17713028066050815
2003-11-06,0.00756736841256881,0.7816577413620689
2003-11-07,0.007335703008628934,-0.6250295389140156
2003-11-10,0.007524615369851602,-0.7719506753102061
2003-11-11,0.007830254276050662,-0.06588234126662253
2003-11-12,0.007584571699175035,1.4981837253424672
2003-11-13,0.007430689879947625,-0.015256533670679721
2003-11-14,0.007167486402433025,-1.0665378552695248
2003-11-17,0.007689622591950861,-0.8346825148954612
2003-11-18,0.00804940674991851,-1.1336448268324473
2003-11-19,0.008677061719932969,0.9201508824154796
2003-11-20,0.008414143518199583,-1.006378336979983
2003-11-21,0.008948357394896175,0.1760880407187047
2003-11-24,0.00858100839214344,1.8759060376393721
2003-11-25,0.008439568919275463,0.20368089657933316
2003-11-26,0.008103217806381909,0.5328048124865393
2003-11-28,0.007820556184860165,-0.03020531262381357
2003-12-01,0.007549345266712725,1.4837686467319642
2003-12-02,0.007392766012446472,-0.4431388126151275
2003-12-03,0.007445367534844376,-0.2382069179946898
2003-12-04,0.007344782486183543,0.6365984368578422
2003-12-05,0.007106972096736184,-1.0853992857233876
2003-12-08,0.007640926958170544,0.9581654585907757
2003-12-09,0.007424214925188794,-1.1537272075105751
2003-12-10,0.008030625621480873,-0.13279534837227874
2003-12-11,0.00782894133041887,1.458241640224156
2003-12-12,0.00765959464758481,0.3566168918264099
2003-12-15,0.007378983473498048,-0.7718035244962534
2003-12-16,0.007681523504504465,0.8613342710283903
2003-12-17,0.007452763957656496,0.1683740077541494
2003-12-18,0.007162978124223383,1.6374094516733066
2003-12-19,0.007034284123304011,-0.06788968063627088
2003-12-22,0.006828015774998578,0.5746392307789325
2003-12-23,0.006606191293253801,0.4259935775766648
2003-12-24,0.00637983168196582,-0.28341692027494897
2003-12-26,0.006337860847658389,0.26657729244013306
2003-12-29,0.006108784440851572,2.017518822832884
2003-12-30,0.006050033342445633,0.023839886848094027
2003-12-31,0.005831716461348055,0.35197848412155375
2004-01-02,0.005631628536133681,-0.5502139220506724
2004-01-05,0.0057598016649209405,2.138815019949058
2004-01-06,0.005721391796474767,0.22569909700961957
2004-01-07,0.005516301564506331,0.42861460586259553
2004-01-08,0.005335409180655417,0.9279183608582251
2004-01-09,0.005202517880381178,-1.7159644349536598
2004-01-12,0.006004245374256554,0.7953155092347428
2004-01-13,0.005836631710617997,-0.9159266433339959
2004-01-14,0.006190469060535683,1.3343688517597407
2004-01-15,0.006063650545238862,0.22304557237569547
2004-01-16,0.005845369253216538,1.171679337812038
2004-01-20,0.005716007380207996,-0.16276049992380284
2004-01-21,0.005621465491000977,1.37712820608587
2004-01-22,0.0055178677187126424,-0.5820791198023398
2004-01-23,0.00566376239461423,-0.3692531300164732
2004-01-26,0.0056881505564157385,2.115556512047267
2004-01-27,0.005646732734441852,-1.7436620882816445
2004-01-28,0.006515008385038955,-2.10330716343977
2004-01-29,0.007772862161495534,0.6402547961181235
2004-01-30,0.007515915554602765,-0.3500640814040196
2004-02-02,0.0074938259151484995,0.4863431388544844
2004-02-03,0.007233931229971045,0.0937313303846979
2004-02-04,0.006947236995176878,-1.2100496959787204
2004-02-05,0.00756098891435748,0.2427967476320658
2004-02-06,0.007273111156802819,1.715546702819858
2004-02-09,0.0071569350476964975,-0.361155199026184
2004-02-10,0.007151780243012951,0.7011600223071087
2004-02-11,0.00693118557816337,1.5308977734595433
2004-02-12,0.006804820267311893,-0.7189140808480925
2004-02-13,0.0070536111731032145,-0.7773563581854761
2004-02-17,0.00734961423513526,1.3211489422935407
2004-02-18,0.00718805348455091,-0.62305369136258
2004-02-19,0.0073725713081397755,-0.5616839804313617
2004-02-20,0.007512404795886008,-0.34278888421235376
2004-02-23,0.0074872509525624594,-0.3647174850282568
2004-02-24,0.007479164487153206,-0.2228363910220765
2004-02-25,0.007366946332550896,0.5446979021203121
2004-02-26,0.007121814364220551,0.1521568611621062
2004-02-27,0.006849330430202637,0.0038137391810173647
2004-03-01,0.006607708483031521,1.4509735601677367
2004-03-02,0.006482272915399605,-0.9195519927901157
2004-03-03,0.0068584193394444996,0.2446938611478556
2004-03-04,0.006607938006089955,0.5040241223026936
2004-03-05,0.006392925247839648,0.2693049378407316
2004-03-08,0.006166247852682915,-1.3598670593476374
2004-03-09,0.0068215543939603865,-0.8483816941659803
2004-03-10,0.0071600511570351,-2.058780189695974
2004-03-11,0.008474121880334883,-1.8103315055379343
2004-03-12,0.009773915814747966,1.2668935967323656
2004-03-15,0.009520401814310521,-1.518187534890864
2004-03-16,0.010653634235531985,0.5262731928500106
2004-03-17,0.010236025079113363,1.1411562089828713
2004-03-18,0.00994020177622635,-0.12810436458356494
2004-03-19,0.009646632069899803,-1.1647691763198145
2004-03-22,0.010404119525609202,-1.2535619370391968
2004-03-23,0.011313620826551447,-0.11708551966513764
2004-03-24,0.010940481562999342,-0.21917306171162954
2004-03-25,0.010697837612171164,1.5173973782550791
2004-03-26,0.010443188278577374,-0.09759232489161225
2004-03-29,0.010098981351213504,1.2794158446709405
2004-03-30,0.009824886748743966,0.4099433450772145
2004-03-31,0.009441618385709958,-0.07427291566328958
2004-04-01,0.009127834196595656,0.5782538720500505
2004-04-02,0.008802337319939625,0.9632202925342622
2004-04-05,0.008538238298029709,0.8951086720526908
2004-04-06,0.008277466002854162,-0.25330630099550067
2004-04-07,0.00816512962598283,-0.8165943159209952
2004-04-08,0.008523210217514888,-0.12454770505117438
2004-04-12,0.008296193497533617,0.6204900527528275
2004-04-13,0.008014605640087335,-1.72901443196026
2004-04-14,0.009169172235445042,-0.12269296121606735
2004-04-15,0.00891225690615821,0.06660901098443513
2004-04-16,0.008536647651028876,0.5972414860096529
2004-04-19,0.008241805734423208,0.1293215523904109
2004-04-20,0.007908729097477512,-1.982525110377418
2004-04-21,0.00928110354674896,0.5708624283954354
2004-04-22,0.008947655258648109,1.56388625755035
2004-04-23,0.008752149633340934,0.06712798914856187
2004-04-26,0.008386466015724283,-0.5311999396957863
2004-04-27,0.008503808883260598,0.26687463319328847
2004-04-28,0.008173639963052804,-1.6994618474758185
2004-04-29,0.009317426701641509,-0.8177991015444399
2004-04-30,0.009704517169072738,-0.6114413103700105
2004-05-03,0.009893947516604532,0.9258616287313431
2004-05-04,0.009578654031809018,0.1922788193793094
2004-05-05,0.009183267792076233,0.19241387726776768
2004-05-06,0.008809433683362157,-0.7657353282657413
2004-05-07,0.009134801434843048,-1.5129543705333055
2004-05-10,0.010201132315433691,-1.038671474572187
2004-05-11,0.010846341111267643,0.703758065656833
2004-05-12,0.010454319725268993,0.15966833398194644
2004-05-13,0.01000572969521118,-0.07654640280099381
2004-05-14,0.009666453228831582,-0.06984262941212259
2004-05-17,0.009337812532468013,-1.1398019251090332
2004-05-18,0.010039152724793506,0.6767104093347317
2004-05-19,0.00968458290099202,-0.26616776403101017
2004-05-20,0.009538582506088493,0.049089515194833074
2004-05-21,0.009127217004623867,0.4387137901188988
2004-05-24,0.008785888759331536,0.1923847166051989
2004-05-25,0.008431244034738482,1.894772005580315
2004-05-26,0.008304451974879522,0.2042880702883964
2004-05-27,0.007978547556614266,0.7107028844404546
2004-05-28,0.007723660775004453,-0.06929669425546352
2004-06-01,0.00748722446089711,0.06194617330541838
2004-06-02,0.007184389208475049,0.46971860666436493
2004-06-03,0.00693614105421732,-1.0740768655222308
2004-06-04,0.007447145869321821,0.7028398961289114
2004-06-07,0.007213333049713531,2.195699740959916
2004-06-08,0.00715274898728558,0.21559681623382682
2004-06-09,0.00688428297674645,-1.386472805449299
2004-06-10,0.007622963518729915,0.5946569755994273
2004-06-14,0.007372441072972605,-1.3409569943707484
2004-06-15,0.00811378510344045,0.7338137856347526
2004-06-16,0.007856944868273376,0.1741583247187028
2004-06-17,0.007552236450949974,-0.17650176951259622
2004-06-18,0.00740452312629846,0.35385095533027167
2004-06-21,0.007139180373882806,-0.5837031002566887
2004-06-22,0.0072931988579072425,0.4976684136033827
2004-06-23,0.007046922524996418,1.2020379393685907
2004-06-24,0.006881802254395168,-0.4337662547715643
2004-06-25,0.0069308933292745074,-0.7889209962144454
2004-06-28,0.007229699692610943,-0.13175406229502704
2004-06-29,0.007061011237456817,0.3556843198184698
2004-06-30,0.006810816394093984,0.5983842192955997
2004-07-01,0.006594875628512639,-1.5899793004686844
2004-07-02,0.007456901296793435,-0.423544125580772
2004-07-06,0.007491996598568569,-1.0920690268506157
2004-07-07,0.008042297064049488,0.23593738334150446
2004-07-08,0.007732163903119895,-1.0706683450246608
2004-07-09,0.008277902417875913,0.4023388671609278
2004-07-12,0.007974331686739425,0.17341300161216722
2004-07-13,0.007660737751048888,0.09251293441082281
2004-07-14,0.007354226930787953,-0.4482501817306581
2004-07-15,0.0074058648237477565,-0.5819592739178243
2004-07-16,0.007556032759052117,-0.6353193311845049
2004-07-19,0.007747096641752517,-0.0574386123383686
2004-07-20,0.007497364647563034,0.9380748316851117
2004-07-21,0.007291139318480059,-1.841978946024817
2004-07-22,0.008434463485793919,0.3203848045967728
2004-07-23,0.008112948099490964,-1.2015318456542725
2004-07-26,0.008789638135563186,-0.22331916314575673
2004-07-27,0.008628871838419013,1.144603035895942
2004-07-28,0.008404239752773797,0.06411425295285753
2004-07-29,0.00805572155623023,0.5664507888858051
2004-07-30,0.007783102685653564,0.15051928486869579
2004-08-02,0.007476958662861889,0.5935236657937201
2004-08-03,0.007233540126913095,-0.8684615764400216
2004-08-04,0.0075937424079131136,-0.12698812919785488
2004-08-05,0.007403135081517592,-2.222709589115539
2004-08-06,0.008885838509557964,-1.755801282058054
2004-08-09,0.010163295711967321,0.11552902035738537
2004-08-10,0.009719668327128504,1.32622530147681
2004-08-11,0.00948039798761173,-0.3181808865077722
2004-08-12,0.009384712789214019,-1.2513846322909756
2004-08-13,0.01019511275513118,0.14473676137276947
2004-08-16,0.009757326248148642,1.38999939665792
2004-08-17,0.009523403784604104,0.23031415062116686
2004-08-18,0.009137351687397783,1.353407059549008
2004-08-19,0.008916815185653683,-0.40419812588406606
2004-08-20,0.008914020358679203,0.7295865040734927
2004-08-23,0.008622479382742078,-0.28226305106777916
2004-08-24,0.008521801915096562,0.05459568363960595
2004-08-25,0.00816953951845249,0.9754065252227277
2004-08-26,0.007939297293288327,0.014818543204681
2004-08-27,0.007630928050925313,0.31742593786492085
2004-08-30,0.007351536823575996,-1.0626114420082855
2004-08-31,0.007866629188409793,0.587307542153635
2004-09-01,0.0076055682281240475,0.19870306055005407
2004-09-02,0.007314855772937984,1.5243107347276788
2004-09-03,0.007177421900800804,-0.5842927076467521
2004-09-07,0.007328981363625617,0.9365306602964533
2004-09-08,0.0071279496320203264,-0.6307539453265708
2004-09-09,0.007312791411244669,0.2582360455151532
2004-09-10,0.007042868960573188,0.7016174338941188
2004-09-13,0.006828970611710155,0.24732829605440787
2004-09-14,0.006579648243469971,0.3384699494407195
2004-09-15,0.006349612975961245,-1.114972050400826
2004-09-16,0.006849425652490463,0.40730847359334615
2004-09-17,0.006614367865020719,0.6780471860882283
2004-09-20,0.006415026795562272,-0.8796012110375021
2004-09-21,0.0067585248614841454,0.9331938981658499
2004-09-22,0.006578462640021687,-2.133609738625137
2004-09-23,0.007843646165483572,-0.5967519248052576
2004-09-24,0.008006949225742872,0.19703687247944637
2004-09-27,0.00769527602859946,-0.7737224624368321
2004-09-28,0.007996049783977902,0.7389939359417738
2004-09-29,0.007745926464319902,0.5500878098240006
2004-09-30,0.007486166699204031,-0.02637498278918818
2004-10-01,0.007230267145540754,2.0838197096276536
2004-10-04,0.007154958198495987,0.4525913337898051
2004-10-05,0.0069124915932200215,-0.08796816641381848
2004-10-06,0.006726712498985128,0.9886786321546197
2004-10-07,0.006554048784606913,-1.5306913355698026
2004-10-08,0.0073571282254299795,-1.0269116419089663
2004-10-11,0.007842703812381963,0.25540807102363683
2004-10-12,0.007547183097165516,-0.3008427658987277
2004-10-13,0.007487946130005173,-0.9785370919607749
2004-10-14,0.007941114241621756,-1.1769469904304108
2004-10-15,0.008580362935623725,0.517504095467288
2004-10-18,0.008277912510893763,0.632777744421721
2004-10-19,0.00800408876898913,-1.2159896568301687
2004-10-20,0.008679413483919499,0.04490364880506882
2004-10-21,0.008315826525505445,0.3079518015267457
2004-10-22,0.008002607771141446,-1.219965943904805
2004-10-25,0.008679767230013024,-0.0988715925579622
2004-10-26,0.008421427984312013,1.7538286806117374
2004-10-27,0.00828066318366891,1.5454154711829142
2004-10-28,0.008114243275114336,0.22318460987478614
2004-10-29,0.007802675261094782,0.31335932846140774
2004-11-01,0.0075164835311878645,0.03649339040967084
2004-11-02,0.007216916713339211,0.006134203713210667
2004-11-03,0.006954190374906726,1.598772438846114
2004-11-04,0.006834421065185498,2.345093715408796
2004-11-05,0.006794473860396595,0.5690285741374573
2004-11-08,0.00657959765210422,-0.16691568499468545
2004-11-09,0.006457562106091484,-0.10772437084609666
2004-11-10,0.0063035499695719135,-0.1595170753860284
2004-11-11,0.006186808397271334,1.4624927817528266
2004-11-12,0.006078396030882858,1.4919179030968057
2004-11-15,0.005978188587416985,-0.05085892402607683
2004-11-16,0.005809401654456619,-1.2228481930806474
2004-11-17,0.006338527904884433,0.871341578248459
2004-11-18,0.006170763837295632,0.2206098372652534
2004-11-19,0.005952122549982932,-1.885741117025167
2004-11-22,0.006924953637649299,0.8488766951188363
2004-11-23,0.00673306472616169,-0.037859030673913434
2004-11-24,0.006525530544697956,0.6263185474462101
2004-11-26,0.006328802191253654,0.1189550421325258
2004-11-29,0.006096054253068258,-0.5669093707462126
2004-11-30,0.006230506958475478,-0.6481738494028992
2004-12-01,0.0064161802199825735,2.312989802468299
2004-12-02,0.006377396805488461,-0.13694594800393753
2004-12-03,0.006246482056386277,0.11294542806045513
2004-12-06,0.006017280625482441,-0.12841102667044874
2004-12-07,0.005894848616661424,-1.8889569013439442
2004-12-08,0.0068586974948046135,0.7092831985844106
2004-12-09,0.006655644598987268,0.8145606828591677
2004-12-10,0.006470503588547636,-0.16122678360318474
2004-12-13,0.0063519605255686305,1.4089784062487403
2004-12-14,0.006231211227285658,0.6280114482825577
2004-12-15,0.0060463723748196575,0.3212846171924271
2004-12-16,0.005843613324951265,-0.3566152617937772
2004-12-17,0.005856314180639196,-1.2834845278104943
2004-12-20,0.006423536494918416,0.05866108923606043
2004-12-21,0.006182190390356133,1.4557340114444237
2004-12-22,0.006069918493182641,0.5621128916441835
2004-12-23,0.005885996229564353,0.07864696607720428
2004-12-27,0.005671577913197484,-0.7607379791556018
2004-12-28,0.0059154009599910375,1.205079624314427
2004-12-29,0.005789852463930268,-0.012822152317004485
2004-12-30,0.0056132264615927855,0.01469506679501581
2004-12-31,0.005430194603357461,-0.24751849100259984
2005-01-03,0.005391181487832728,-1.512203227853818
2005-01-04,0.006057076680317174,-1.938229447031112
2005-01-05,0.007079802558171195,-0.5133531851230924
2005-01-06,0.007179811387844994,0.4874399479787359
2005-01-07,0.0069397320149276465,-0.2063762232479999
2005-01-10,0.006833028163855259,0.5000606322365042
2005-01-11,0.006610805818820116,-0.9254916329509998
2005-01-12,0.006985982181567183,0.5687817350771306
2005-01-13,0.006763538814152082,-1.2815156728241117
2005-01-14,0.007397035298360391,0.8093247889819285
2005-01-18,0.007180844441421311,1.3408271135769467
2005-01-19,0.007027190013779645,-1.3569325669385703
2005-01-20,0.007739124018259455,-1.0096028525229215
2005-01-21,0.008226760081845008,-0.7822616991905178
2005-01-24,0.00854330322286993,-0.4136600281445032
2005-01-25,0.00855115255033599,0.4673440016525231
2005-01-26,0.008244889545552126,0.5861109001206023
2005-01-27,0.007968090606373608,0.0513094059683099
2005-01-28,0.007648317803490857,-0.3555922685989432
2005-01-31,0.00762790067784329,1.1044576192894653
2005-02-01,0.007435028656345935,0.9236369456045955
2005-02-02,0.007230274181460978,0.43883938839209624
2005-02-03,0.006986710728922438,-0.3963904636204017
2005-02-04,0.007007071230007422,1.5673482033644701
2005-02-07,0.006880623822732868,-0.1583518023433296
2005-02-08,0.006746616959565199,0.0715306808466864
2005-02-09,0.006492509907657967,-1.3264913846823974
2005-02-10,0.0071313806561242934,0.5893133415959043
2005-02-11,0.006906572385860503,0.9993017982842727
2005-02-14,0.006729193930196164,0.10352663807482092
2005-02-15,0.0064788432986198794,0.5084756815819665
2005-02-16,0.006274382419431326,0.028968496259345576
2005-02-17,0.00605095422082653,-1.3146558014743992
2005-02-18,0.0066472768507946055,0.10519943182778796
2005-02-22,0.006400538292820277,-2.2829267338335253
2005-02-23,0.007713780829088421,0.724897421478606
2005-02-24,0.007476648458837848,1.0516447000663143
2005-02-25,0.007283218856450514,1.2719345367560206
2005-02-28,0.00711824020455368,-0.9040016658264589
2005-03-01,0.00749516743277034,0.752768765835078
2005-03-02,0.007270472249498185,-0.03751291645791297
2005-03-03,0.007040220708641281,0.04577312875699501
2005-03-04,0.006770283700812072,1.4147652137193172
2005-03-07,0.006635235138945404,0.39288274885423763
2005-03-08,0.006414703412112615,-0.7498928974243823
2005-03-09,0.006665989744119772,-1.5357577367035267
2005-03-10,0.007467248521153405,0.24829728644081775
2005-03-11,0.007194636678149702,-1.0580309252069797
2005-03-14,0.007686616225845992,0.7296924845590539
2005-03-15,0.007451672099552267,-1.0134978873927474
2005-03-16,0.00792250964796768,-1.0242588001430355
2005-03-17,0.008423996302877013,0.21363171386615862
2005-03-18,0.008099229261962413,-0.05809967469194525
2005-03-21,0.007843181882662607,-0.6306666958309249
2005-03-22,0.008028226155701784,-1.2765642136248996
2005-03-23,0.008743174513550136,0.08002189874018782
2005-03-24,0.00838725923279005,-0.11292207563227324
2005-03-28,0.008159233452491506,0.29886301873394505
2005-03-29,0.007858230052575316,-0.9703430836200017
2005-03-30,0.008308312812508373,1.6463787582452456
2005-03-31,0.008156580545743395,-0.08513184517546053
2005-04-01,0.00791955760426294,-0.823010738094127
2005-04-04,0.008255290786671551,0.3300280253147789
2005-04-05,0.007954224764563948,0.5620714674152023
2005-04-06,0.007692351063476125,0.2945636821491686
2005-04-07,0.007415345994184317,0.8028260679444199
2005-04-08,0.007201475476678852,-1.1636524374386068
2005-04-11,0.007765736280865337,0.001091229279057734
2005-04-12,0.007484402763064406,0.7388545189033827
2005-04-13,0.007261587866419716,-1.629302808596581
2005-04-14,0.00818550148604182,-1.2280413460510784
2005-04-15,0.008864428241944116,-1.9021939715163751
2005-04-18,0.010240525481341316,0.286731601350393
2005-04-19,0.00982965700471998,0.6018819182386964
2005-04-20,0.009484572721584426,-1.4068709737762246
2005-04-21,0.01043128534939203,1.8735933442910837
2005-04-22,0.010250825681290177,-0.6607408592527473
2005-04-25,0.010479609492218791,0.8230242708220209
2005-04-26,0.010133318688802174,-0.8759961788941418
2005-04-27,0.010579807458408426,0.3726434916386455
2005-04-28,0.010165997960003732,-1.125873093716192
2005-04-29,0.010872212023198526,1.0901145449442349
2005-05-02,0.010548547269657572,0.43414498776592797
2005-05-03,0.010145800552277862,-0.08399698486238884
2005-05-04,0.009815920526962061,1.2625460369515582
2005-05-05,0.009556708497821899,-0.2691421781760131
2005-05-06,0.009421297399967068,-0.11592719752552527
2005-05-09,0.009155064732037315,0.6962229496966074
2005-05-10,0.008853892959594796,-1.2156405006066149
2005-05-11,0.009567822483509198,0.4373283737570691
2005-05-12,0.00921683997160727,-1.0940722029677306
2005-05-13,0.009838192525692992,-0.4666079733444172
2005-05-16,0.009878605569088128,1.0158922755865192
2005-05-17,0.009585724762596422,0.7232895589102366
2005-05-18,0.009268820401908726,1.0755301159216342
2005-05-19,0.009007553191392742,0.5156933682801458
2005-05-20,0.008692660737929727,-0.1739760797763376
2005-05-23,0.008504795683701017,0.4519375195579621
2005-05-24,0.008205892338947468,0.021429947449122355
2005-05-25,0.00788644258764136,-0.43186468962999364
2005-05-26,0.0079196809980618,0.8048974850486595
2005-05-27,0.007682898645294628,0.1260133032141377
2005-05-31,0.007388000212139458,-0.8244964372665635
2005-06-01,0.007712959064023208,1.1612671157183196
2005-06-02,0.007520878859240008,0.22874864184223104
2005-06-03,0.007243600028060013,-0.9512976908660851
2005-06-06,0.007658204905765777,0.16257269714839337
2005-06-07,0.00736831800645436,-0.028335953571562676
2005-06-08,0.007124805100253344,-0.30395041023061753
2005-06-09,0.007077531911253437,0.7384308573639795
2005-06-10,0.006867236237985748,-0.3423500121745745
2005-06-13,0.006850502204082049,0.32980196403344453
2005-06-14,0.0066108004502233395,0.3887592189749389
2005-06-15,0.006386047627312926,0.3468895694159139
2005-06-16,0.006166534828817959,0.5876114140176811
2005-06-17,0.005976908333668817,0.8269346238392664
2005-06-20,0.005816420020810954,-0.12153811583219161
2005-06-21,0.005689952438012387,-0.36021742819055497
2005-06-22,0.005700381381905258,0.0390268784445864
2005-06-23,0.005489462990140287,-1.9841933727911416
2005-06-24,0.006472487424288004,-1.183156979499949
2005-06-27,0.0070177628478019696,-0.10527548991922674
2005-06-28,0.006838131505459359,1.3301979478455732
2005-06-29,0.006693908919734228,-0.21399479561862242
2005-06-30,0.006597933187397341,-1.0800708704757065
2005-07-01,0.007078737645038028,0.3683021159223361
2005-07-05,0.006832100485591178,1.2871375095172466
2005-07-06,0.006683361963297788,-1.2531618385525145
2005-07-07,0.007290737072281482,0.33591249160202147
2005-07-08,0.0070317232591779015,1.651285377687378
2005-07-11,0.0069103667450996446,0.9023155811117358
2005-07-12,0.006721379099213891,0.3375757409875559
2005-07-13,0.00648951534079807,0.13611477313749148
2005-07-14,0.006250824254648418,0.4192410872005387
2005-07-15,0.006046152921950447,0.19138320018730476
2005-07-18,0.005831625544907807,-0.9508589333507802
2005-07-19,0.006192826235034069,1.083332672033901
2005-07-20,0.00604606144934016,0.7851898692842428
2005-07-21,0.005879552007896165,-1.1273076383674798
2005-07-22,0.006351525186702608,0.8496887088758059
2005-07-25,0.006178873695851168,-0.611171562560576
2005-07-26,0.00634034311353171,0.27310476800454625
2005-07-27,0.006119422194396318,0.7455773972732554
2005-07-28,0.0059468300299697465,0.9395795730261397
2005-07-29,0.005796684181328025,-1.3283524401206406
2005-08-01,0.006387886468128221,0.14832535253501966
2005-08-02,0.006154443121591915,1.1494358866272527
2005-08-03,0.006014504164852742,0.12290963749022517
2005-08-04,0.005796365438871563,-1.2767685557917399
2005-08-05,0.006355115675186691,-1.2065366522150913
2005-08-08,0.006908380349655508,-0.3888380474445145
2005-08-09,0.006922479445886701,0.9710891398467755
2005-08-10,0.006738975295109329,-0.2713898708884537
2005-08-11,0.006679032090353901,1.0536153089994997
2005-08-12,0.0065123291774663574,-0.9232537406101291
2005-08-15,0.006882009348204408,0.41039806394333184
2005-08-16,0.0066481575818734765,-1.7818270170777433
2005-08-17,0.007639035491354771,0.09658967869199456
2005-08-18,0.007337247350659258,-0.13632897749948747
2005-08-19,0.00716578919364957,0.07896133307384182
2005-08-22,0.006887924168927105,0.24024328681554805
2005-08-23,0.006637930728592157,-0.5113647736135266
2005-08-24,0.006734256207564624,-0.9788811092204709
2005-08-25,0.007148911278926803,0.3211239465077722
2005-08-26,0.006893981746354656,-0.872440193214269
2005-08-29,0.007238596803898897,0.8206531739692777
2005-08-30,0.007029785820413269,-0.4548408912686231
2005-08-31,0.007084863214674772,1.3854612964603283
2005-09-01,0.006939722250655433,0.14870666650863912
2005-09-02,0.006680232219622904,-0.4381068319050005
2005-09-06,0.00672800495303209,1.8638336753988993
2005-09-07,0.006638468172401612,0.36229429790823414
2005-09-08,0.006412903993740797,-0.5926424519565036
2005-09-09,0.006561728141288267,1.209009672540041
2005-09-12,0.006414723299064593,-0.11555646583329514
2005-09-13,0.00626779743817807,-1.2083469506778164
2005-09-14,0.006810176022968817,-0.48261299623972287
2005-09-15,0.006887168159999303,0.06742038176151445
2005-09-16,0.006623291899313879,1.246748825429847
2005-09-19,0.006478069731071472,-0.8615824886904911
2005-09-20,0.0068016819363543165,-1.1606719198355726
2005-09-21,0.007345832297564009,-1.2473731265100196
2005-09-22,0.007991617315908816,0.45618698306684496
2005-09-23,0.007710864207147886,0.07152206489650906
2005-09-26,0.007404906119760064,0.0377724385149346
2005-09-27,0.007112006429185431,0.0034733316023196387
2005-09-28,0.006856664497960077,0.14748693953407843
2005-09-29,0.006600912915720126,1.3373631113647149
2005-09-30,0.0064668666808889285,0.1422660974084339
2005-10-03,0.0062300619515287155,-0.27586753447637496
2005-10-04,0.006183314072556045,-1.6204665695409866
2005-10-05,0.006991639874015008,-2.145282395089991
2005-10-06,0.00830478632455877,-0.49418309762004003
2005-10-07,0.008377502645700191,0.44099584572921596
2005-10-10,0.008076621132334476,-0.8904724534693401
2005-10-11,0.008470917703429136,-0.24483675061016372
2005-10-12,0.0083383087301999,-0.729957708294495
2005-10-13,0.008604284061544976,-0.0829349546633247
2005-10-14,0.008336360878186606,0.9877086526957677
2005-10-17,0.00810481614884461,0.36651907946464307
2005-10-18,0.007811802893846023,-1.2929640861410585
2005-10-19,0.008519053608385391,1.7425689803713615
2005-10-20,0.008373085192979515,-1.8074152272564514
2005-10-21,0.009594260737055342,0.1582778030937769
2005-10-24,0.009198615931294526,1.8087361519706198
2005-10-25,0.009037462293591121,-0.262315826004945
2005-10-26,0.008905328287996318,-0.4853036246616231
2005-10-27,0.008968684272207478,-1.1741390210589064
2005-10-28,0.009654500805618324,1.700127850365938
2005-10-31,0.009461889452627568,0.7557188747162117
2005-11-01,0.009148918876055621,-0.3855440475290816
2005-11-02,0.009122522975279155,1.0882527257625358
2005-11-03,0.008865717293715283,0.4799492901978778
2005-11-04,0.00854840063797778,0.01918359870857591
2005-11-07,0.008207380876007905,0.26633570908268084
2005-11-08,0.007899848447184719,-0.43761754189483426
2005-11-09,0.007936511708547044,0.21282639034997752
2005-11-10,0.007636961520475973,1.1013277021666592
2005-11-11,0.007438840648954074,0.40999385655836346
2005-11-14,0.007181735984882475,-0.10829902176826232
2005-11-15,0.006999667151451145,-0.5510904648981471
2005-11-16,0.007123118960677244,0.251072424386292
2005-11-17,0.006865121594543656,1.364803777566189
2005-11-18,0.006720528633668724,0.6534709934459271
2005-11-21,0.006516076203186989,0.8068376673475852
2005-11-22,0.006333149216234839,0.8007699714884862
2005-11-23,0.006156455173550684,0.5631143132050548
2005-11-25,0.0059660934420311985,0.34927204349695185
2005-11-28,0.005765578771003285,-1.4819353837526006
2005-11-29,0.006450116121258567,0.0024682477429759852
2005-11-30,0.006229887300946574,-1.0244573170666789
2005-12-01,0.006651770508069595,1.8166297506750322
2005-12-02,0.00655263000453161,0.04945696900918872
2005-12-05,0.006304847426362772,-0.37531069708072073
2005-12-06,0.006319499751511457,0.20173072660771804
2005-12-07,0.0060948497273628785,-0.8239174590727885
2005-12-08,0.006384654735365127,-0.19070567060813323
2005-12-09,0.006284512380617743,0.4466452915905447
2005-12-12,0.006080704108872232,0.13836936298029284
2005-12-13,0.005861150636510782,0.9449160508664588
2005-12-14,0.005713444372601363,0.7317439901057037
2005-12-15,0.005554497544228562,-0.2548045104061642
2005-12-16,0.005512781334821735,-0.5174059536722829
2005-12-19,0.005614439199023673,-1.043048149870134
2005-12-20,0.0060188623341747675,-0.03957184125897705
2005-12-21,0.005842124250513273,0.43023826384169606
2005-12-22,0.005654432372794917,0.7448838255710734
2005-12-23,0.0054983975228767275,0.07743480902110933
2005-12-27,0.005298914567576847,-1.8115614259265913
2005-12-28,0.006134515903104841,0.2113249340179018
2005-12-29,0.005917250804214233,-0.5044521372083672
2005-12-30,0.006010891887492934,-0.8149711303660939
2006-01-03,0.006292703722652448,2.589819107915896
2006-01-04,0.006273164830002976,0.5843883407498732
2006-01-05,0.0060800768079647795,0.0025855689894597766
2006-01-06,0.005877715257062924,1.5916930261253286
2006-01-09,0.0057793927010470715,0.6315016447241892
2006-01-10,0.0056101599195733775,-0.06357672998024327
2006-01-11,0.00546597234319499,0.6358424921907837
2006-01-12,0.005309071524206049,-1.1855189455374016
2006-01-13,0.005778488587396399,0.20843665578661044
2006-01-17,0.005578091413185612,-0.6527696963418405
2006-01-18,0.005756884555143797,-0.6783083707312525
2006-01-19,0.005952971320634043,0.9320141093387231
2006-01-20,0.005799644586480953,-3.189216534597132
2006-01-23,0.007670604381890198,0.2405656288332111
2006-01-24,0.007378645690449528,0.3256083178724672
2006-01-25,0.00711096345372467,-0.24219196496917933
2006-01-26,0.007019979130952137,1.0269129581460648
2006-01-27,0.006836251497444972,1.1313238512941726
2006-01-30,0.006668270178772735,0.1716234626500583
2006-01-31,0.006423546927388764,-0.6202149909286531
2006-02-01,0.006592171983256888,0.2817791146686038
2006-02-02,0.006361025071968808,-1.4309023581274973
2006-02-03,0.007064345504613737,-0.7605827683333964
2006-02-06,0.007336555324947813,0.10671152037973201
2006-02-07,0.007052978848095347,-1.1523735126904386
2006-02-08,0.007610132468123742,1.1334312207334296
2006-02-09,0.007414599215557386,-0.19941608787299075
2006-02-10,0.007285331023326047,0.3481993895738278
2006-02-13,0.007027263131435963,-0.4646222068991915
2006-02-14,0.0070910150890388605,1.407812974395857
2006-02-15,0.0069407416764005955,0.5040205521164237
2006-02-16,0.00671337568240235,1.0875912334556892
2006-02-17,0.006545930338300333,-0.25376112424609293
2006-02-21,0.006480807398669213,-0.5054760520003388
2006-02-22,0.00657518217335767,1.1384308001153869
2006-02-23,0.0064168886857414965,-0.5894257692432828
2006-02-24,0.006564757783371778,0.19386864105417426
2006-02-27,0.00632893126310881,0.573654799539064
2006-02-28,0.006133660333091792,-1.7045819966633673
2006-03-01,0.006995518437805208,1.1760947764553507
2006-03-02,0.0068259996117300305,-0.23844839859426498
2006-03-03,0.006743133039485633,-0.21988786033058946
2006-03-06,0.006650788711620901,-1.0514274581762861
2006-03-07,0.007109625234834882,-0.2621298987367767
2006-03-08,0.007033892721614252,0.28830225315829205
2006-03-09,0.006783622516369682,-0.7212631183252536
2006-03-10,0.007020409019663939,1.0252424714000417
2006-03-13,0.006837179118254905,0.30898382073927677
2006-03-14,0.006598366370283587,1.5674268441959518
2006-03-15,0.006477026637011957,0.6578258542660883
2006-03-16,0.006283144579612036,0.281894913279628
2006-03-17,0.006067686816448264,0.24224147123585024
2006-03-20,0.00585865988278209,-0.2835778512718613
2006-03-21,0.005827257145607862,-1.0353243202534639
2006-03-22,0.006233248862737072,0.9629833250897263
2006-03-23,0.006072942102924984,-0.4257627248344177
2006-03-24,0.00612011960879022,0.16058472846181387
2006-03-27,0.00590219130743175,-0.17433160014889912
2006-03-28,0.005807796458443433,-1.1121255319359105
2006-03-29,0.0062587698572902405,1.1890412427128796
2006-03-30,0.006116529014546231,-0.3316148060995467
2006-03-31,0.0061071563867075305,-0.6789171862155661
2006-04-03,0.006305484611346652,0.35968265240768427
2006-04-04,0.006094029844083942,1.0234931990875538
2006-04-05,0.005944079214863018,0.7237187070531724
2006-04-06,0.005776265189032962,-0.33295547440679063
2006-04-07,0.005773273096543526,-1.8009459772949632
2006-04-10,0.006650714356142022,0.12993398382088722
2006-04-11,0.006404661367238028,-1.2149204587430633
2006-04-12,0.006958445024443372,0.17303672646796792
2006-04-13,0.006700493154129422,0.1158159537894531
2006-04-17,0.006450651675526695,-0.456442369115411
2006-04-18,0.006510978547791205,2.600715779008464
2006-04-19,0.006486051189652286,0.3122202465864386
2006-04-20,0.00626362095256888,0.18635370516753247
2006-04-21,0.0060417977448403515,-0.022709946718305053
2006-04-24,0.005857680092912471,-0.4132089056815906
2006-04-25,0.005899076689496407,-0.8275045154144497
2006-04-26,0.006181934031755109,0.4554190133192654
2006-04-27,0.005983669632864324,0.5508589014399784
2006-04-28,0.00580103568218333,0.1171023601915041
2006-05-01,0.005594348931033312,-0.7407631178850442
2006-05-02,0.005818388857166897,1.0528537802178355
2006-05-03,0.0056804597641310125,-0.6836600917185427
2006-05-04,0.005873997889411433,0.5366418231981778
2006-05-05,0.005694490230195867,1.7986976373007835
2006-05-08,0.005617534977805422,-0.1477585341981738
2006-05-09,0.005518360735216042,0.06564934165941527
2006-05-10,0.0053211268553331305,-0.32505214978941055
2006-05-11,0.005321115152034615,-2.4206720415425256
2006-05-12,0.006516835212856065,-1.7347097313118276
2006-05-15,0.007447145057686677,0.33859026041129214
2006-05-16,0.007178706601869537,-0.26066412466859684
2006-05-17,0.0070980238874635134,-2.392848242247157
2006-05-18,0.008643099704539548,-0.777678221746267
2006-05-19,0.008959516585228394,0.46077905829971305
2006-05-22,0.008627839844042664,-0.45462302229919604
2006-05-23,0.008664765956698435,-0.5031269895153528
2006-05-24,0.00874258584611321,0.1809994486597929
2006-05-25,0.008394058796199793,1.3468979174210802
2006-05-26,0.008196181660414349,0.6958171014272017
2006-05-30,0.007931725068276533,-2.014260393545387
2006-05-31,0.009282016034042415,0.8704143581289553
2006-06-01,0.008988441290099687,1.3598939988984826
2006-06-02,0.008766912929412866,0.22246522387548304
2006-06-05,0.008424438655133166,-2.1318954001042107
2006-06-06,0.009971125080295596,-0.11420750432599536
2006-06-07,0.009668244304792288,-0.6320787088488959
2006-06-08,0.009864389515803174,0.14355155421255722
2006-06-09,0.009454171429198271,-0.47446315139913753
2006-06-12,0.009503065682339079,-1.2561438478508107
2006-06-13,0.010304209719259199,-1.084396206478484
2006-06-14,0.010976306442585113,0.4715506813913796
2006-06-15,0.010549152305492058,1.9918903558419212
2006-06-16,0.010360091924804603,-0.35565818022769086
2006-06-19,0.010281539870974766,-0.8907816905507946
2006-06-20,0.010749028861231847,-0.000750912298237309
2006-06-21,0.010302317870991172,0.9409358423791646
2006-06-22,0.009972357100686667,-0.5299292177803596
2006-06-23,0.01007198189284947,-0.08771651113925448
2006-06-26,0.00974724069418442,0.4983620670789698
2006-06-27,0.009390085954668653,-0.9718257290353326
2006-06-28,0.00990450673293535,0.5525211699320999
2006-06-29,0.00954613309904094,2.2350169397185145
2006-06-30,0.009402207690037282,-0.22333686663853874
2006-07-03,0.009229955731946364,0.848772077381966
2006-07-05,0.008936207560524339,-0.8141319892618205
2006-07-06,0.009291925440158775,0.2680939319574473
2006-07-07,0.008932310569834847,-0.7582398269723314
2006-07-10,0.00923810487063237,0.15898362383169864
2006-07-11,0.008869609882853274,0.4519151988169701
2006-07-12,0.008550141190773358,-1.2781692560190012
2006-07-13,0.009302020398137665,-1.403087462091388
2006-07-14,0.01023004560852676,-0.4795976443738614
2006-07-17,0.010278290117607032,-0.13467194587077538
2006-07-18,0.009989445138568934,0.1920003243580619
2006-07-19,0.00958481559235303,1.9181448150001548
2006-07-20,0.009401477297599808,-0.9055650808742611
2006-07-21,0.009853689608714751,-0.7207511550465049
2006-07-24,0.010138601309720613,1.6263046919703334
2006-07-25,0.009899079453719532,0.6365153320520588
2006-07-26,0.009550919215333225,-0.03961320609985914
2006-07-27,0.009210904052696714,-0.44600807928165787
2006-07-28,0.00924091305032426,1.307069564873091
2006-07-31,0.008996002305979434,-0.16444439462651267
2006-08-01,0.00878812758430323,-0.5127641888682
2006-08-02,0.008879826717380497,0.5736074808984298
2006-08-03,0.008572100653207647,0.26089184672619903
2006-08-04,0.008247463891077625,-0.08621644329384157
2006-08-07,0.008006138780984039,-0.35098170488192815
2006-08-08,0.007975221954786876,-0.42235467280549355
2006-08-09,0.007999539444536175,-0.5448777484218815
2006-08-10,0.008118900581579342,0.5688379621826223
2006-08-11,0.007843692241906284,-0.5092582961896283
2006-08-14,0.00793550178956781,0.14614869453796242
2006-08-15,0.007628138658439545,1.7833338071828666
2006-08-16,0.007492830376234128,1.0186782895728
2006-08-17,0.007287117126408755,0.21698276150168572
2006-08-18,0.007018260263536989,0.5283450197547889
2006-08-21,0.0067873159299723625,-0.5417759056994822
2006-08-22,0.006904035291937359,0.14503885215604215
2006-08-23,0.0066459484671546895,-0.6769177298401384
2006-08-24,0.006852733666909594,0.34607796306244326
2006-08-25,0.006612937120010692,-0.11322865103814708
2006-08-28,0.006453893954036413,0.7983423376078966
2006-08-29,0.0062680768632239255,0.30609159469781666
2006-08-30,0.006049331229133238,0.13808715013579917
2006-08-31,0.00582673873688245,-0.20391265761931313
2006-09-01,0.005745447100510177,0.9571864292942954
2006-09-05,0.00559988313988665,0.3048529483242315
2006-09-06,0.005407369462843993,-1.8383668694299462
2006-09-07,0.0062866106999905505,-0.7652112095004119
2006-09-08,0.006546430717638537,0.577340072576017
2006-09-11,0.006338854716376598,0.07528204801584049
2006-09-12,0.0061010597558732674,1.688921265965919
2006-09-13,0.006001324052085573,0.6421765163978594
2006-09-14,0.005821992123984601,-0.2334091456721102
2006-09-15,0.005761463634131543,0.4451221493647542
2006-09-18,0.005576734536291071,0.20642254887495623
2006-09-19,0.005382391891907267,-0.4984862881147723
2006-09-20,0.0054739956546161865,1.0423959744342153
2006-09-21,0.005343650826575185,-1.0124389046898514
2006-09-22,0.005719689940558614,-0.43163987890867733
2006-09-25,0.0057734522734019175,1.5201494528116324
2006-09-26,0.005668651928651675,1.3223804932047396
2006-09-27,0.0055518237874196685,0.03234436972311745
2006-09-28,0.005357726883701438,0.31951580095884474
2006-09-29,0.005181480329625585,-0.4372634828507046
2006-10-02,0.005242016860920636,-0.6480109216280387
2006-10-03,0.005414064734494992,0.3866782313355874
2006-10-04,0.005239643435981732,2.2879995030016382
2006-10-05,0.005206216488249485,0.4291451363458812
2006-10-06,0.005043834405886421,-0.5325509200349998
2006-10-09,0.005153861340948106,0.15378176325032808
2006-10-10,0.004976195528798073,0.41022656446491407
2006-10-11,0.0048213960528895065,-0.5324673991797733
2006-10-12,0.004930577404457712,1.9259142453960316
2006-10-13,0.0048779903131895746,0.41926007283410094
2006-10-16,0.004727590442510279,0.5321699064391893
2006-10-17,0.004589706098287628,-0.7987797562563991
2006-10-18,0.004824695929364586,0.26574148440402456
2006-10-19,0.004667305638758414,0.1818810148683815
2006-10-20,0.004511375493021153,0.265780163434664
2006-10-23,0.004365952145650661,1.4048382233326624
2006-10-24,0.0042943499062757,0.060868189690274084
2006-10-25,0.004148990930138524,0.8454425816616055
2006-10-26,0.0040494671437098844,1.2225669780986093
2006-10-27,0.003976491487544647,-2.1344312853270515
2006-10-30,0.0047939962611817126,0.08934800238611708
2006-10-31,0.0046289214261290455,0.0015501957276426337
2006-11-01,0.00449517832592217,-1.6414530677903196
2006-11-02,0.005138416913269063,-0.06689645187776547
2006-11-03,0.0050143710842442705,-0.44386608598131755
2006-11-06,0.005079685718737036,2.2211167484862213
2006-11-07,0.0050422725841398775,0.43933430901078135
2006-11-08,0.004887473215817354,0.4256817741824836
2006-11-09,0.004738127913587675,-1.128557432486495
2006-11-10,0.005142107768214991,0.362281136653788
2006-11-13,0.004978218986298783,0.5113943213800407
2006-11-14,0.004830278819807136,1.3117840494127824
2006-11-15,0.0047378580010216335,0.5068953483283667
2006-11-16,0.004598977578474395,0.49611207947255764
2006-11-17,0.004464703252378152,0.2302901458039199
2006-11-20,0.004321019882403068,-0.11563514850723641
2006-11-21,0.004250097977673683,0.38777786250901786
2006-11-22,0.004122781620422253,0.5664546413229166
2006-11-24,0.004009184649565574,-0.9134613794850112
2006-11-27,0.004273959680460764,-3.193242564399852
2006-11-28,0.005702461344919251,0.6029803568395413
2006-11-29,0.005528991348481569,1.6566312447548468
2006-11-30,0.0054415258479876384,0.15095284184033997
2006-12-01,0.005249329849270844,-0.5339149754544396
2006-12-04,0.0053619740213241675,1.649756135441243
2006-12-05,0.005277053458874513,0.7569602480052474
2006-12-06,0.005131687717791254,-0.25636112486808466
2006-12-07,0.005102747219623107,-0.7796682749205537
2006-12-08,0.005343773237746525,0.33876841378308675
2006-12-11,0.0051687496151999295,0.43864399474277926
2006-12-12,0.005007712271012773,-0.20926166770361698
2006-12-13,0.004959085644928723,0.23556110372064165
2006-12-14,0.004795276739485916,1.8042592548406997
2006-12-15,0.0047333558555517335,0.23699348897429193
2006-12-18,0.0045792995953428525,-0.7065640561632553
2006-12-19,0.004770170488576487,0.4519597338830693
2006-12-20,0.004626498824282907,-0.3064986210229261
2006-12-21,0.0046321930560684005,-0.7945949401775212
2006-12-22,0.004865666113305432,-1.0955195915914038
2006-12-26,0.005260055962851319,0.8256244148271346
2006-12-27,0.005119904752436122,1.3654123342697515
2006-12-28,0.005020404266337608,-0.2947723856797038
2006-12-29,0.005013282500127471,-0.9022636624808771
2007-01-03,0.005314376383759733,-0.22568756066849655
2007-01-04,0.005265189914164818,0.2331411624703029
2007-01-05,0.005087518242429894,-1.1996355672142245
2007-01-08,0.005550911660184177,0.3995482568036603
2007-01-09,0.005370746145785852,-0.09622675980897251
2007-01-10,0.005252857854127435,0.369031841555344
2007-01-11,0.0050840461828454385,1.2430771479904812
2007-01-12,0.0049782260029871605,0.9725205505241074
2007-01-16,0.004858178987061362,0.1682648734233173
2007-01-17,0.0046952191565645274,-0.19047831178446695
2007-01-18,0.004645984679066006,-0.6403726187825922
2007-01-19,0.0048043644634335695,0.6018031263553155
2007-01-22,0.0046679189835238215,-1.1336714252029165
2007-01-23,0.00506589061065762,0.6979438332814925
2007-01-24,0.004925189615772694,1.7188244694757149
2007-01-25,0.004854699352111043,-2.3346013643004393
2007-01-26,0.005926374196375007,-0.20394586898836092
2007-01-29,0.005846665725843578,-0.18772251793263608
2007-01-30,0.005760601613874637,0.9991141539423859
2007-01-31,0.005614945176121049,1.170313446610798
2007-02-01,0.0054866958156606005,0.9731633943677865
2007-02-02,0.005348764382237483,0.31652473939921083
2007-02-05,0.005173138975757374,-0.18694158556726484
2007-02-06,0.0051091173767116,0.13657230507094054
2007-02-07,0.004933766193268674,0.282556751235371
2007-02-08,0.004774364896654733,-0.24714554326954938
2007-02-09,0.004749456681894269,-1.4954081254065663
2007-02-12,0.005337424810450867,-0.6120389914439192
2007-02-13,0.0054901736019496335,1.3786038988330036
2007-02-14,0.005380380694475593,1.4153296012945433
2007-02-15,0.005275838181549431,0.19656696505210725
2007-02-16,0.005096285451514319,-0.17113667765025692
2007-02-20,0.0050270946578453305,0.5649938934358907
2007-02-21,0.004880138893591857,-0.28799138758113835
2007-02-22,0.004872407182180188,-0.17607813166897857
2007-02-23,0.004812032727073565,-0.7418983118510328
2007-02-26,0.005021989959236163,-0.24987967915508688
2007-02-27,0.004992096447089323,-7.07972316194089
2007-02-28,0.009657300873236014,0.5742272116738342
2007-03-01,0.009284976465986937,-0.27978595172708054
2007-03-02,0.009145044335962237,-1.254041140582717
2007-03-05,0.009951708767261726,-0.949807689905121
2007-03-06,0.010483079918645354,1.466628208236913
2007-03-07,0.010233463738034578,-0.24120029639873042
2007-03-08,0.010033459945607105,0.7077665899182111
2007-03-09,0.009671996910733125,0.07003644430124767
2007-03-12,0.009255008337188786,0.2892162302805498
2007-03-13,0.008886961208245236,-2.315591913275496
2007-03-14,0.01073952463020564,0.6209660478083288
2007-03-15,0.010332248566823824,0.3558741290176412
2007-03-16,0.009914434547857693,-0.38687589117669924
2007-03-19,0.009876933043816679,1.0970580639413328
2007-03-20,0.009576871566460535,0.6592426209008215
2007-03-21,0.009237336499066643,1.833498563648873
2007-03-22,0.00904403399903549,-0.038531815265717084
2007-03-23,0.008726435047453898,0.12534231869157547
2007-03-26,0.00837733477622476,0.11548237616237102
2007-03-27,0.00804679770352139,-0.7709352959183671
2007-03-28,0.00835339525361292,-0.9574172624041137
2007-03-29,0.008824588799824012,0.42299404554286335
2007-03-30,0.008499556006735265,-0.13820548233150642
2007-04-02,0.008292524849405618,0.3127752902668128
2007-04-03,0.007984831749239354,1.156856820857892
2007-04-04,0.007763676795952334,0.14325670299629878
2007-04-05,0.007468312707628856,0.40776465710671456
2007-04-09,0.007207884456198954,0.08165369057681447
2007-04-10,0.006934772840039758,0.37682936229441344
2007-04-11,0.006695718296814262,-0.9848868515876168
2007-04-12,0.007116290665824101,0.8694300130019215
2007-04-13,0.0069063853914892144,0.5041611447888221
2007-04-16,0.006677927284275262,1.5871006709093167
2007-04-17,0.006538782370063818,0.32773886485108455
2007-04-18,0.006314005519874346,0.10974852473993249
2007-04-19,0.006084288689958097,-0.19768517226277169
2007-04-20,0.006001585791786449,1.5359418293931473
2007-04-23,0.005881962983089712,-0.39215555708217875
2007-04-24,0.0059156366978363305,-0.05936901935714797
2007-04-25,0.005760634398132997,1.7512018651935626
2007-04-26,0.005663849856483723,-0.13819654942340534
2007-04-27,0.005561553547190238,-0.021667502544065322
2007-04-30,0.005401388132730099,-1.4555052360381158
2007-05-01,0.006032703179629444,0.43888915275232104
2007-05-02,0.005837937435132802,1.1051143679061608
2007-05-03,0.005693723467628242,0.7579840580509882
2007-05-04,0.005532529317053918,0.38817454957055586
2007-05-07,0.005354827722395359,0.4781549644414979
2007-05-08,0.005189216196444524,-0.22482223739938803
2007-05-09,0.00514578327572108,0.6254084827273707
2007-05-10,0.0049964657795304535,-2.8129046619782088
2007-05-11,0.006375744469050078,1.5049717737381036
2007-05-14,0.0062397973871218095,-0.2876029568133584
2007-05-15,0.006207924736249482,-0.21018852519507442
2007-05-16,0.006131062003830636,1.400987756967182
2007-05-17,0.0059958199889543415,-0.15318074481573535
2007-05-18,0.005892752844734162,1.1181063227606545
2007-05-21,0.005747341757219954,0.2683075067591608
2007-05-22,0.0055546317845240134,-0.1157186611760766
2007-05-23,0.005446466634093312,-0.2217879906808228
2007-05-24,0.00539690068666876,-1.8065814472072224
2007-05-25,0.006232110514804864,0.8725565154231654
2007-05-29,0.006057633992068313,0.2590074375938635
2007-05-30,0.0058509423479408,1.3590815291367928
2007-05-31,0.005721982151085019,0.04453714508603917
2007-06-01,0.00552254854737141,0.6754242589320675
2007-06-04,0.00536349567562969,0.3443462883065658
2007-06-05,0.0051916976211049855,-1.0326903671874077
2007-06-06,0.005567579114837969,-1.5991257705955937
2007-06-07,0.006298204961379462,-2.8144466009322247
2007-06-08,0.008006008654540797,1.4122189115276689
2007-06-11,0.00781160265177011,0.12305469173688445
2007-06-12,0.007505777589919133,-1.430788158257458
2007-06-13,0.008324588592808222,1.8103111875763036
2007-06-14,0.00815888268456056,0.5888970689956041
2007-06-15,0.00787453529739895,0.8261510406845037
2007-06-18,0.0076254187848969176,-0.15921822204161243
2007-06-19,0.0074655755809529675,0.23163363516029942
2007-06-20,0.0071875773958481525,-1.9052912584581947
2007-06-21,0.008358068415498273,0.7371789910382761
2007-06-22,0.00807950090195176,-1.6064964884522266
2007-06-25,0.009112312108592941,-0.35260648166394276
2007-06-26,0.009062754614587139,-0.3578879050355109
2007-06-27,0.009019687547321149,0.9943799357493703
2007-06-28,0.00873815548773878,-0.047873147605679844
2007-06-29,0.008444763449975733,-0.1857466820322963
2007-07-02,0.008277224987383524,1.285378236542627
2007-07-03,0.00805339929232162,0.4437700547006946
2007-07-05,0.007765993584598494,0.0447501568547159
2007-07-06,0.0074613546737114554,0.442084697171502
2007-07-09,0.007202465160128341,0.12785926277746693
2007-07-10,0.006932723191833051,-2.060809919873857
2007-07-11,0.008178605571008007,0.6975644189127768
2007-07-12,0.00790706318211126,2.387195735739968
2007-07-13,0.007790280048835604,0.3974964209680554
2007-07-16,0.007511316260164498,-0.2557896116196981
2007-07-17,0.007428495075061147,-0.013034216574839113
2007-07-18,0.007177655129774824,-0.28804111835811474
2007-07-19,0.007126723379084463,0.6256864164802253
2007-07-20,0.006896316233626695,-1.7830031822163108
2007-07-23,0.00792123441540495,0.6132211946900042
2007-07-24,0.0076542615857898314,-2.613336536178232
2007-07-25,0.00952141318588262,0.4888730087995872
2007-07-26,0.009164302985656559,-2.576862458103925
2007-07-27,0.011354738106137841,-1.4197447208380378
2007-07-30,0.012523584481004331,0.8146063394390475
2007-07-31,0.012051410100086984,-1.0560832967335447
2007-08-01,0.012802450010562072,0.5636863903205405
2007-08-02,0.012278159728063877,0.3542727003829845
2007-08-03,0.011756214867095393,-2.2920462684023395
2007-08-06,0.014137071717159846,1.6880497349320598
2007-08-07,0.013742590130029235,0.44682076642354446
2007-08-08,0.01314574982609219,1.0629863624314042
2007-08-09,0.012677386898760239,-2.374153833746668
2007-08-10,0.015389899072941242,0.024591826313281308
2007-08-13,0.014623895178820467,-0.03387680641438096
2007-08-14,0.013985244053402483,-1.3101949046452204
2007-08-15,0.015217599659860265,-0.9203460836516318
2007-08-16,0.01589933877896346,0.20400351416969165
2007-08-17,0.015139511870719036,1.6030613622001237
2007-08-20,0.01466856025251188,-0.018385091014881224
2007-08-21,0.01401031905709227,0.07747612821370534
2007-08-22,0.013351234067839694,0.8721906021128052
2007-08-23,0.012842354540291714,-0.08354323114354925
2007-08-24,0.012375425923814916,0.926757440177477
2007-08-27,0.011922626647388267,-0.7162810818175821
2007-08-28,0.012248769835119563,-1.9392104852898182
2007-08-29,0.014212533162502053,1.5257695959589899
2007-08-30,0.01376138948144312,-0.3044587019328683
2007-08-31,0.013540231081528615,0.823789728822999
2007-09-04,0.013014146195044058,0.8001914932393723
2007-09-05,0.012511761430986456,-0.9245519661813733
2007-09-06,0.01311566740358836,0.32349650133985386
2007-09-07,0.012543463789770932,-1.359515789681171
2007-09-10,0.01373229026774069,-0.09274664803330314
2007-09-11,0.013230950340618476,1.0233759515711225
2007-09-12,0.012748774974844114,0.003734959021455591
2007-09-13,0.012180433184422548,0.6883430192394085
2007-09-14,0.011705868466272619,0.017271304404668127
2007-09-17,0.011182407575282464,-0.4590754680646245
2007-09-18,0.011208159823052845,2.568626973144346
2007-09-19,0.0110192872965829,0.5506671711986931
2007-09-20,0.010587401348382037,-0.6371665957752808
2007-09-21,0.010811145327675176,0.4253447896934664
2007-09-24,0.010375399438120618,-0.5079619152783725
2007-09-25,0.010462725699044368,-0.03275327371619807
2007-09-26,0.010061752965789612,0.5363592855701546
2007-09-27,0.009674578460214215,0.4030648038279342
2007-09-28,0.009291943740641935,-0.3258736619992719
2007-10-01,0.009215188817672148,1.4326521293309542
2007-10-02,0.008964725694244632,-0.029569165015967125
2007-10-03,0.008635067791626325,-0.5283396317617152
2007-10-04,0.008749915333306869,0.24099967321468307
2007-10-05,0.008397414402202428,1.1330727261690203
2007-10-08,0.008148310734212537,-0.3953823189853411
2007-10-09,0.008153944612970466,0.9889258563719172
2007-10-10,0.007900293054305818,-0.21692840221433887
2007-10-11,0.00776820799393115,-0.6657660683184634
2007-10-12,0.007997169937455237,0.59307969541722
2007-10-15,0.0077126884661816416,-1.0912838528786335
2007-10-16,0.008293535251700273,-0.7951816421331271
2007-10-17,0.008642576278105404,0.20362524992327724
2007-10-18,0.0082955212108729,-0.09076540052796406
2007-10-19,0.008051513267221148,-3.222911090856153
2007-10-22,0.010722338099981106,0.35357740856715575
2007-10-23,0.010282018213632534,0.8523948557457035
2007-10-24,0.009916184672556722,-0.24650685551743062
2007-10-25,0.009752306576108864,-0.1001603665360608
2007-10-26,0.00945448586504409,1.4483555289516679
2007-10-29,0.009184532972510146,0.4034795339799741
2007-10-30,0.008831063154163626,-0.7342685898783975
2007-10-31,0.009136330186326591,1.3047537811839847
2007-11-01,0.008865598131522118,-3.020539425827931
2007-11-02,0.011529909830654906,0.06954839132869024
2007-11-05,0.011014394647357522,-0.4509638156340859
2007-11-06,0.011036327686881947,1.085252742965208
2007-11-07,0.01066214670876106,-2.795846575350536
2007-11-08,0.013530924688374708,-0.04258234290243535
2007-11-09,0.012967109561219048,-1.1097354999642866
2007-11-12,0.013849307477413031,-0.7248342640049266
2007-11-13,0.014211280854324089,2.0179591608757184
2007-11-14,0.01383869057493136,-0.5126552765188399
2007-11-15,0.013902477615503473,-0.9566991522532532
2007-11-16,0.014608829573190369,0.3570909172325397
2007-11-19,0.013947816351170204,-1.262884571830505
2007-11-20,0.015116515465528732,0.296110833821122
2007-11-21,0.014416888657868152,-1.1136298854300224
2007-11-23,0.015381671248107886,1.0889210835940837
2007-11-26,0.01479334308678042,-1.5894288676580064
2007-11-27,0.016561999708475873,0.894807137866681
2007-11-28,0.01587685453350048,1.773627347936862
2007-11-29,0.015379341615060741,0.030974110412861036
2007-11-30,0.01462321339784238,0.5293080731411158
2007-12-03,0.013985782755616228,-0.42219559620093866
2007-12-04,0.013922990924449945,-0.4712879443681986
2007-12-05,0.013930740713835574,1.0822048414551046
2007-12-06,0.013409227772498382,1.1130374367941478
2007-12-07,0.012918362354525174,-0.13774993317068998
2007-12-10,0.01251091518874231,0.5980293203412672
2007-12-11,0.011998167911867967,-2.133314982623854
2007-12-12,0.014241904357945132,0.4235303702294838
2007-12-13,0.013613345238066697,0.08988059135388286
2007-12-14,0.012977697250609422,-1.0665700073302071
2007-12-17,0.013804211379033,-1.096393995384886
2007-12-18,0.01471411037781449,0.42545280027652815
2007-12-19,0.014059249681290893,-0.0968584272642753
2007-12-20,0.013544960884103783,0.3608896498904829
2007-12-21,0.012948463173124631,1.2767864760918353
2007-12-24,0.012503493564751233,0.6433850142325604
2007-12-26,0.01199928206966284,0.06736311626436432
2007-12-27,0.011453847180183043,-1.255932886859925
2007-12-28,0.01244326704000054,0.12075932768917212
2007-12-31,0.011879836391883704,-0.5787258413567471
2008-01-02,0.012044332383875336,-1.2074627750614995
2008-01-03,0.013008998491656263,0.0
2008-01-04,0.012426047768339206,-2.0004727719856232
2008-01-07,0.014534523048550456,0.22140907004620577
2008-01-08,0.013862048375050997,-1.3362208067260952
2008-01-09,0.015135274934461793,0.8940775704759405
2008-01-10,0.014525984419796452,0.5450034688414483
2008-01-11,0.013899084865880547,-0.9848598998175184
2008-01-14,0.014645598659200778,0.7382406756099322
2008-01-15,0.014039540069229918,-1.7978438375003467
2008-01-16,0.016057371802607728,-0.3504861063797457
2008-01-17,0.015836141049102075,-1.864354229566953
2008-01-18,0.018211177870264873,-0.332969639459153
2008-01-22,0.01789159683790739,-0.6230331193269647
2008-01-23,0.018106316326689527,1.1717198176474612
2008-01-24,0.01738946405577323,0.5757761265920851
2008-01-25,0.016603479789933734,-0.9636075817050248
2008-01-28,0.01741215189446892,0.9990798676645585
2008-01-29,0.016698084761164744,0.3677595732964559
2008-01-30,0.015919815310401694,-0.29996445409321815
2008-01-31,0.015623963554228964,1.0645923854122776
2008-02-01,0.0150149648933115,0.8100731006569635
2008-02-04,0.014399083181916551,-0.730462480601465
2008-02-05,0.014779453380413421,-2.2002487222185865
2008-02-06,0.017593176327387616,-0.4349896372791348
2008-02-07,0.017476570390039387,0.4494498900118925
2008-02-08,0.016666899152960185,-0.2527512876340233
2008-02-11,0.016269573279289802,0.36090231784615145
2008-02-12,0.01551690787776636,0.46656379207383913
2008-02-13,0.014823475030041982,0.9115513070331007
2008-02-14,0.014234899923789126,-0.9492415198385535
2008-02-15,0.014937529160676508,0.05605996618771286
2008-02-19,0.014218947465864667,-0.06306204467789503
2008-02-20,0.013647094303238645,0.6086480978071505
2008-02-21,0.013075123488993378,-0.9904965362953949
2008-02-22,0.013796130131452105,0.5689798845269287
2008-02-25,0.013210986189982338,1.038389232176704
2008-02-26,0.012723295441792572,0.5418479649875598
2008-02-27,0.012191588460725395,-0.07545099252049951
2008-02-28,0.011737790784130177,-0.7652285813935739
2008-02-29,0.012125524291347532,-2.2649243331249016
2008-03-03,0.014576450534471916,0.0365939697765746
2008-03-04,0.013878691342737755,-0.24884085537616218
2008-03-05,0.01357777706673517,0.3847946010336351
2008-03-06,0.012982090696366778,-1.71465899024984
2008-03-07,0.014735735696385827,-0.5731595882985536
2008-03-10,0.01487953949998211,-1.0473634478191167
2008-03-11,0.015755953268694146,2.3138639720242815
2008-03-12,0.015345223300609162,-0.5888658758783253
2008-03-13,0.01551353245738715,0.3296362990245543
2008-03-14,0.014801193171948326,-1.4189581979984391
2008-03-17,0.016276305198298188,-0.5528929307968505
2008-03-18,0.01638013889229347,2.535686461642334
2008-03-19,0.01597464851421522,-1.5391259847880274
2008-03-20,0.0177718552176183,1.3314471581269782
2008-03-24,0.017098108550883354,0.8892938385532322
2008-03-25,0.016380937286464347,0.1404832759240604
2008-03-26,0.015584624865647032,-0.5649417431944176
2008-03-27,0.01571564550132786,-0.733451168007377
2008-03-28,0.016118528104502504,-0.49520387219390355
2008-03-31,0.016132353828027066,0.3515379995555591
2008-04-01,0.01538439916158313,2.2923932072992668
2008-04-02,0.014979865184158354,-0.1292363387528291
2008-04-03,0.014463811822893682,0.08993423021575643
2008-04-04,0.013776672459159407,0.05775558094922211
2008-04-07,0.013125115490775887,0.11888508660513575
2008-04-08,0.01251694176727594,-0.40849298672990947
2008-04-09,0.012462551404000322,-0.6519524482899127
2008-04-10,0.012721377689897562,0.35091113948065217
2008-04-11,0.012162680155451147,-1.6924392630908054
2008-04-14,0.01381482032908244,-0.24535409663308497
2008-04-15,0.013514188797814172,0.3395933899902148
2008-04-16,0.012913047119726928,1.7375951924767767
2008-04-17,0.012524288979871748,0.04972103363884349
2008-04-18,0.011946761907452197,1.5047134734425467
2008-04-21,0.011574562218041323,-0.13432324887877234
2008-04-22,0.011223003368938469,-0.7884942214009789
2008-04-23,0.011636047149651338,0.24885777840546713
2008-04-24,0.01112912095672513,0.5770100734150464
2008-04-25,0.010682709938189126,0.6060013391913637
2008-04-28,0.010261393299737343,-0.1025352854603606
2008-04-29,0.009932204874859352,-0.39228683909542034
2008-04-30,0.009906907495122201,-0.3889930747797565
2008-05-01,0.009879318995982234,1.7203076862234832
2008-05-02,0.009621487592911867,0.33574594429852117
2008-05-05,0.009226952118981207,-0.492458566148007
2008-05-06,0.009310011133663997,0.8187751493029536
2008-05-07,0.008977485916781476,-2.0361884064000986
2008-05-08,0.010624808178442852,0.34474366644164833
2008-05-09,0.010186110989122015,-0.6624869560358043
2008-05-12,0.010444933927155871,1.0493596578900826
2008-05-13,0.010082133890195681,-0.03816110320481298
2008-05-14,0.009706199780593143,0.4118587470882975
2008-05-15,0.009320234289661854,1.1296755927815947
2008-05-16,0.009018122986601951,0.13856731650271698
2008-05-19,0.008644191135598849,0.10384344818807775
2008-05-20,0.008286051715158137,-1.124402412118036
2008-05-21,0.008940423625543188,-1.8101811741709644
2008-05-22,0.010327711585094495,0.253101504775986
2008-05-23,0.009898002239869723,-1.3435473010046148
2008-05-27,0.0108809186872189,0.6270511441406141
2008-05-28,0.010455660353463547,0.3782696436930304
2008-05-29,0.010030424211426055,0.5304618004234172
2008-05-30,0.009640500873472395,0.15715141715455375
2008-06-02,0.009239276830899897,-1.1429274333962438
2008-06-03,0.009963837218795145,-0.5825709520428831
2008-06-04,0.0101388184916798,-0.03222759463436889
2008-06-05,0.009755159005703236,1.9793152774716432
2008-06-06,0.009507173356123047,-3.3002804138761737
2008-06-09,0.012746471727486742,0.06224260890320366
2008-06-10,0.012160692352596895,-0.20073269113565875
2008-06-11,0.011868532559047401,-1.4356181723291803
2008-06-12,0.013128709693254064,0.24940244458697663
2008-06-13,0.012541776842806466,1.1907554543323293
2008-06-16,0.012094424539723975,0.006686264926899563
2008-06-17,0.011562696814557256,-0.587610536057151
2008-06-18,0.011743627719300749,-0.8310286841999618
2008-06-19,0.012220036799981014,0.30648861001285355
2008-06-20,0.011693913214767118,-1.6005702736765988
2008-06-23,0.013151671815745471,0.004035337184279827
2008-06-24,0.012558928733240958,-0.2244467306797176
2008-06-25,0.01228055653611704,0.4744410824120545
2008-06-26,0.01176889523158707,-2.53252444040691
2008-06-27,0.014540850454016867,-0.25613055789139605
2008-06-30,0.014229248057011621,0.08900138328596753
2008-07-01,0.013561723961716286,0.28231113271155783
2008-07-02,0.01295736932941972,-1.417829848027743
2008-07-03,0.014280290521143636,0.07656177600907388
2008-07-07,0.013609216086135833,-0.618756458630666
2008-07-08,0.013826544881317697,1.2248989007563005
2008-07-09,0.01332602301086456,-1.728914651132105
2008-07-10,0.015147611378638395,0.45983727317888307
2008-07-11,0.014473946594210807,-0.7704806204371765
2008-07-14,0.014918624026202922,-0.6078883334758588
2008-07-15,0.01512008166745899,-0.72493730181194
2008-07-16,0.015501952768521943,1.5968701004546388
2008-07-17,0.014971145072912887,0.7975997370122058
2008-07-18,0.014352415786403743,0.019905093319219105
2008-07-21,0.013674925259029332,-0.03945758810001717
2008-07-22,0.013112284037570214,1.0220840281232075
2008-07-23,0.012618840524601837,0.3214186508507268
2008-07-24,0.012074130602404223,-1.937695370062781
2008-07-25,0.01403296403526493,0.29636276668627437
2008-07-28,0.013407311746048216,-1.4001057536846502
2008-07-29,0.014737365372095515,1.5665914640466623
2008-07-30,0.014231998765108443,1.1617861660068245
2008-07-31,0.013698224746195597,-0.965884523893223
2008-08-01,0.014412871758390984,-0.3881261452552951
2008-08-04,0.014299974970430316,-0.6298279279178189
2008-08-05,0.014537219937612351,1.9476961454129458
2008-08-06,0.014089387995235826,0.23767790049211782
2008-08-07,0.013452598786125954,-1.345204520642668
2008-08-08,0.014709765488955855,1.6051831409120407
2008-08-11,0.014210592778589272,0.486872068229482
2008-08-12,0.013595071291912337,-0.891784098952107
2008-08-13,0.014201476239101942,-0.20560692351458998
2008-08-14,0.013838132779564916,0.3979302869171944
2008-08-15,0.013233847332302462,0.3073671398051786
2008-08-18,0.012653031836547392,-1.2023159307159874
2008-08-19,0.01365174708264983,-0.6855208721371717
2008-08-20,0.013966904134170573,0.4423462134116018
2008-08-21,0.013360694998668836,0.18650652858315162
2008-08-22,0.01276035252350777,0.8831211868193288
2008-08-25,0.012267385770036485,-1.6157126627849374
2008-08-26,0.013803631592677567,0.26656712795095316
2008-08-27,0.013187754568504725,0.602904845274976
2008-08-28,0.012642702647162557,1.165186507612425
2008-08-29,0.012187819508669071,-1.1338127602687005
2008-09-02,0.01306487808997265,-0.3138882409837691
2008-09-03,0.012886255323876172,-0.1580872101114342
2008-09-04,0.01251606096827964,-2.4271899761305527
2008-09-05,0.015269344148171597,0.2895329191396202
2008-09-08,0.014572499972291007,1.3932174336434897
2008-09-09,0.014051006573914074,-2.472028308838219
2008-09-10,0.0171948873867664,0.35653573843816805
2008-09-11,0.016390852583958098,0.836560366063509
2008-09-12,0.015702877141188582,0.1349616929004252
2008-09-15,0.014962074360585362,-3.227024777142514
2008-09-16,0.019745418156499557,0.8797750006663624
2008-09-17,0.01887834668091655,-2.5578528399787075
2008-09-18,0.02327969224871874,1.8225673202116184
2008-09-19,0.02244809007536332,1.7581619569970173
2008-09-22,0.02163175437681029,-1.8022950807361653
2008-09-23,0.024721818249116106,-0.6373362822031198
2008-09-24,0.02495380928841594,-0.07933402044782438
2008-09-25,0.023772717961953047,0.8188298059665992
2008-09-26,0.022642044674901794,0.14913501045844244
2008-09-29,0.02143962692133793,-4.299962526576622
2008-09-30,0.03174411835192835,1.661982147966003
2008-10-01,0.030458628358896508,-0.14952558223984977
2008-10-02,0.029126599383830287,-1.4119378708310497
2008-10-03,0.03185237108235982,-0.42692475725537216
2008-10-06,0.03134333164177047,-1.2531938262171052
2008-10-07,0.033665628752647364,-1.7557310934617683
2008-10-08,0.0381233620212025,-0.29896122275834636
2008-10-09,0.03691532609191219,-2.1461022209551404
2008-10-10,0.043549478296227455,-0.2716215425518726
2008-10-13,0.04196369820051479,2.6111132310544214
2008-10-14,0.04052817482009077,-0.13167012423395996
2008-10-15,0.038523750920514764,-2.4580972159127894
2008-10-16,0.04705722578825482,0.8846425090646034
2008-10-17,0.044411082878047736,-0.14032997010771067
2008-10-20,0.04219851921760876,1.103898387642797
2008-10-21,0.039987656416401625,-0.7823412357629099
2008-10-22,0.04076001829812476,-1.5444811439338209
2008-10-23,0.04509990318182412,0.2783797072734647
2008-10-24,0.042304854125882606,-0.8301831711025354
2008-10-27,0.04331146032924983,-0.7452944111036925
2008-10-28,0.04392434536265797,2.3325870340924997
2008-10-29,0.04224922633609541,-0.2636949393792573
2008-10-30,0.040708390991836624,0.6258328962567523
2008-10-31,0.03837630508554864,0.3973427317874525
2008-11-03,0.036102936989985124,-0.07013967577627661
2008-11-04,0.03412400879284327,1.1726195096333911
2008-11-05,0.0324724785363328,-1.6664961028649363
2008-11-06,0.03658892744578843,-1.4094758135758338
2008-11-07,0.03998327631133446,0.7114520018469891
2008-11-10,0.03775606020016511,-0.33726761000347477
2008-11-11,0.036725310604285244,-0.6068621309452464
2008-11-12,0.03678350380882384,-1.4487164198027636
2008-11-13,0.04035803317905219,1.6582223046593716
2008-11-14,0.03856455634084073,-1.1044724654529279
2008-11-17,0.040746769225779446,-0.641752720288181
2008-11-18,0.040923920272827354,0.23923149151332046
2008-11-19,0.038437293564992696,-1.6417778186568504
2008-11-20,0.04304261691852782,-1.6142569942783411
2008-11-21,0.04797806531028605,1.2782508156267516
2008-11-24,0.04553268873810992,1.3773452118162743
2008-11-25,0.04330699799493675,0.15077040469833508
2008-11-26,0.040615782211107995,0.8548007580385114
2008-11-28,0.03842811016555923,0.24973681707115614
2008-12-01,0.03610955077523003,-2.590354065062817
2008-12-02,0.044924483200092485,0.8717666000071399
2008-12-03,0.04248759387184285,0.6003646145920905
2008-12-04,0.04007324334358673,-0.7423032750006417
2008-12-05,0.040712122675780706,0.880550769288773
2008-12-08,0.0385503971462749,0.9771334734595807
2008-12-09,0.03657911799839004,-0.639407010233424
2008-12-10,0.03678760858377418,0.3214127789411401
2008-12-11,0.03462487507887722,-0.8357795495244513
2008-12-12,0.03559831738029614,0.19674613144464687
2008-12-15,0.03346879201218431,-0.38145477156261676
2008-12-16,0.0327587002097845,1.5289011916789264
2008-12-17,0.03140756796903439,-0.3069059669031276
2008-12-18,0.030513996893645107,-0.7009839846152596
2008-12-19,0.030959617427508218,0.0947231337270284
2008-12-22,0.029110487999773938,-0.6345333917617679
2008-12-23,0.029335910220817624,-0.3328679734403496
2008-12-24,0.028602333559291013,0.20153937250749582
2008-12-26,0.026933333000129237,0.19833719134170166
2008-12-29,0.025365413567725245,-0.15296882576430104
2008-12-30,0.02427032426478176,0.9935598140405412
2008-12-31,0.02314358188408695,0.607470711777489
2009-01-02,0.021934324170217803,1.4187269237460802
2009-01-05,0.02113438686334362,-0.22140639697060985
2009-01-06,0.020407104830062396,0.3815699227599201
2009-01-07,0.01929565544444217,-1.5790663503658946
2009-01-08,0.021780276588904402,0.1557058138417787
2009-01-09,0.020560858548402235,-1.0472915925427553
2009-01-12,0.021797296199683243,-1.0470375508775516
2009-01-13,0.023082519334491257,0.07609720543552677
2009-01-14,0.0217787299743226,-1.562646882086683
2009-01-15,0.024405793706628983,0.054425567261584845
2009-01-16,0.02302136683307637,0.32722347074327207
2009-01-20,0.02178294496356029,-2.4910320764564062
2009-01-21,0.026988709699293664,1.5774024969525637
2009-01-22,0.025861014139710217,-0.5907906920563442
2009-01-23,0.026001086533523093,0.20627023706021222
2009-01-26,0.0245600359242006,0.22548216834622362
2009-01-27,0.023215972775707902,0.4680540264008413
2009-01-28,0.022010013760052752,1.4996282620479784
2009-01-29,0.021144100485589016,-1.5929296443529997
2009-01-30,0.023761761938873735,-0.9701646313088879
2009-02-02,0.024913116858681826,-0.02139073877880075
2009-02-03,0.02358435944192918,0.6661168170213675
2009-02-04,0.022412373796869275,-0.33542620286142677
2009-02-05,0.021964933232028437,0.7390502137783909
2009-02-06,0.02090599824101591,1.2695247378011822
2009-02-09,0.02004110473141574,0.07405239078229502
2009-02-10,0.018960590012795705,-2.6564927283463753
2009-02-11,0.023929657464695143,0.33111536322993257
2009-02-12,0.022672376717886605,0.07664195860640563
2009-02-13,0.02144163968534611,-0.4686212685488612
2009-02-17,0.021334222568621778,-2.185666699038133
2009-02-18,0.025506609003807763,-0.0372772985269644
2009-02-19,0.02419481661782645,-0.49997886281074977
2009-02-20,0.024118936954694647,-0.47591617678580733
2009-02-23,0.023981429392433667,-1.4726110321583736
2009-02-24,0.026516670036998577,1.4828426482987167
2009-02-25,0.025396346003654813,-0.42191209067542984
2009-02-26,0.025093399484909185,-0.6338589897047967
2009-02-27,0.025361258571239626,-0.9402721124154136
2009-03-02,0.02647681269240462,-1.8031584581466098
2009-03-03,0.030292292496389775,-0.21217866026868756
2009-03-04,0.02920155893856806,0.8039077077802939
2009-03-05,0.027731427738660126,-1.5672940677736946
2009-03-06,0.030919960355275337,0.039305173163925226
2009-03-09,0.029125640608012184,-0.34588922063177807
2009-03-10,0.028492672958334873,2.166122933048229
2009-03-11,0.02747268980834471,0.08891851336324195
2009-03-12,0.025931561298686377,1.5394782600488732
2009-03-13,0.024864318687413112,0.3100521315689696
2009-03-16,0.02354207979677452,-0.14960957533784092
2009-03-17,0.022617551184069388,1.398659792810404
2009-03-18,0.021701583551072417,0.9512389604350037
2009-03-19,0.02072356902022483,-0.6303995217466875
2009-03-20,0.02098928125354877,-0.9513155171908566
2009-03-23,0.02200330047168123,3.1070969305593663
2009-03-24,0.021568037137147066,-0.9563392795292254
2009-03-25,0.02261596611812208,0.42360924114319043
2009-03-26,0.0214688150622639,1.0737715226934088
2009-03-27,0.02054809733921187,-0.9988621840294792
2009-03-30,0.021659120966130492,-1.6362309201393277
2009-03-31,0.024420032287419007,0.534158522979396
2009-04-01,0.02319932258175702,0.7078242531381249
2009-04-02,0.02209211080228175,1.2820063331558422
2009-04-03,0.021194238249069044,0.45695071371083135
2009-04-06,0.02014453839341111,-0.415361993075854
2009-04-07,0.019951827212069763,-1.2100981559745665
2009-04-08,0.021517531776796127,0.5444191837783566
2009-04-09,0.0204719680977014,1.82430386968642
2009-04-13,0.019793856536284314,0.12782581562055517
2009-04-14,0.01876542284381717,-1.0800991479716946
2009-04-15,0.019974860553852735,0.6243312865787449
2009-04-16,0.019038878882170936,0.8098853709381019
2009-04-17,0.018193988418870582,0.2724556107443437
2009-04-20,0.017288089666801263,-2.529614895834114
2009-04-21,0.021506055182669986,0.9778354997010982
2009-04-22,0.02057052976338615,-0.37487222323287533
2009-04-23,0.020293819015487765,0.48652464369800585
2009-04-24,0.01932025953733292,0.862195147438006
2009-04-27,0.018477505684690528,-0.5475624075942723
2009-04-28,0.018587108631078753,-0.14764521445045362
2009-04-29,0.01792653650268066,1.19263716803115
2009-04-30,0.017224040203086825,-0.05518561322068046
2009-05-01,0.016464101706676896,0.32688575554814014
2009-05-04,0.015677775938995952,2.1244877919756
2009-05-05,0.015282951755687666,-0.24857302031854545
2009-05-06,0.014926167565264069,1.1559978979181342
2009-05-07,0.014376987482141399,-0.9244175111280859
2009-05-08,0.015101772315054695,1.5749080229082608
2009-05-11,0.01462739237313316,-1.4867441610917347
2009-05-12,0.016305350571394525,-0.06006218505933919
2009-05-13,0.015614504970881632,-1.7460174746143846
2009-05-14,0.017853058745359196,0.5768441217642283
2009-05-15,0.01705172108370891,-0.6729922948968875
2009-05-18,0.01739994036389861,1.7204998620940988
2009-05-19,0.016835247041029098,-0.10325634162873792
2009-05-20,0.016192618766531334,-0.3177171501548946
2009-05-21,0.01593337137065558,-1.0606391853427795
2009-05-22,0.016945474089667317,-0.08842080783586481
2009-05-26,0.016276175242034726,1.595104944133773
2009-05-27,0.0157356046050379,-1.21720297726823
2009-05-28,0.017012679288541263,0.8994030221247233
2009-05-29,0.016315477829204592,0.8264205332506797
2009-06-01,0.015641902535742967,1.629593574258412
2009-06-02,0.015147192519343237,0.1308055583381605
2009-06-03,0.014424449411664715,-0.9590983583416703
2009-06-04,0.015198205000591724,0.7512874146467393
2009-06-05,0.0145709765407211,-0.17279950192627203
2009-06-08,0.01414220425560679,-0.07149277695134088
2009-06-09,0.013588031041731808,0.25736324493467566
2009-06-10,0.012971619167803324,-0.2687714875735443
2009-06-11,0.012733760146727155,0.4785151580783628
2009-06-12,0.012190233899562496,0.11451961133164171
2009-06-15,0.011630395139569916,-2.068338260645412
2009-06-16,0.013820615825653013,-0.9262902022154733
2009-06-17,0.014521705600622376,-0.09520393160449743
2009-06-18,0.013989315490548559,0.5987294382302735
2009-06-19,0.013401817672788953,0.23201018691334982
2009-06-22,0.01279838717908912,-2.428303183513713
2009-06-23,0.015739217755194847,0.14639028034014745
2009-06-24,0.014996446973897341,0.4336526402318021
2009-06-25,0.014335453457738517,1.4800776313632686
2009-06-26,0.013853085354199522,-0.10675747032445518
2009-06-29,0.013371480033424792,0.6748913971156368
2009-06-30,0.012827957264743419,-0.6678656200947097
2009-07-01,0.01313438549975011,0.331377864897776
2009-07-02,0.012560751180981702,-2.354770379556688
2009-07-06,0.01532400999794003,0.16721877006088912
2009-07-07,0.014610144810301057,-1.3606836633725847
2009-07-08,0.016042222494125583,-0.10409599845325691
2009-07-09,0.015451729819389678,0.22916178989060673
2009-07-10,0.014739013861462036,-0.2734197901950647
2009-07-13,0.014462192474616952,1.7029194446452283
2009-07-14,0.01400707128724789,0.3785218999296343
2009-07-15,0.01339541988279297,2.1798073618139746
2009-07-16,0.01304889055633881,0.6594150402714116
2009-07-17,0.012522494225029612,-0.030563809919313015
2009-07-20,0.012009577667942228,0.9464697907798216
2009-07-21,0.011568385635182065,0.31298356024856155
2009-07-22,0.01107627087787609,-0.04824903454804968
2009-07-23,0.010656065846684508,2.160515855997274
2009-07-24,0.010424216677410534,0.2913929686495496
2009-07-27,0.009987334948869503,0.2981164786414938
2009-07-28,0.00957227744555595,-0.27264641274693246
2009-07-29,0.009440650292639541,-0.4844376060089932
2009-07-30,0.009521765871481439,1.2419318378301876
2009-07-31,0.00922643455061939,0.08015112227004907
2009-08-03,0.008832003125289508,1.7239133196957304
2009-08-04,0.008621443900086019,0.3488476474429176
2009-08-05,0.00827794466520488,-0.3524841896360011
2009-08-06,0.008247663480982392,-0.6838946166008155
2009-08-07,0.008510752468882712,1.5685687700426025
2009-08-10,0.008290126777757865,-0.40416230230278655
2009-08-11,0.008306817925414494,-1.533792569408478
2009-08-12,0.009366302993822932,1.2234529248551484
2009-08-13,0.009072634177586083,0.7557287841587554
2009-08-14,0.008749930720212665,-0.979202036135774
2009-08-17,0.009301437986693157,-2.640447733383755
2009-08-18,0.01171837051150422,0.8614280785861689
2009-08-19,0.011284549898584462,0.6059154781066542
2009-08-20,0.010844799976249953,1.0040967106779604
2009-08-21,0.010466753858111456,1.7628655431809448
2009-08-24,0.010186025499527638,-0.05359754096522903
2009-08-25,0.009820725837207393,0.2409866498258525
2009-08-26,0.009417979740844065,0.012393311396424734
2009-08-27,0.009030386261687385,0.30761699345875293
2009-08-28,0.008673611379131254,-0.2294670172987216
2009-08-31,0.008535442080802935,-0.9500619257461663
2009-09-01,0.009048904403913604,-2.4723685120521472
2009-09-02,0.011206039026678122,-0.29465222616930314
2009-09-03,0.011064311799438082,0.7681076423906197
2009-09-04,0.010651829292952362,1.2234747055873876
2009-09-08,0.01030260746415324,0.8547395269089832
2009-09-09,0.009934349203245886,0.7803489556125003
2009-09-10,0.009576337376891543,1.0826991957987202
2009-09-11,0.0092619047876982,-0.1459029238116838
2009-09-14,0.009029152518632882,0.6998560932563122
2009-09-15,0.008705700696410447,0.3595846675426997
2009-09-16,0.008369659370876479,1.8169566273340316
2009-09-17,0.008169611294031575,-0.37508871539703353
2009-09-18,0.008166217656300441,0.3225321323728134
2009-09-21,0.00785266643818863,-0.4346439817295743
2009-09-22,0.00790335191517784,0.8291859781268942
2009-09-23,0.0076398900086082225,-1.324568605270628
2009-09-24,0.0084321196045451,-1.133350644910493
2009-09-25,0.009109296263798548,-0.6706731948216398
2009-09-28,0.009374453312598686,1.8830808539888566
2009-09-29,0.009135905779926118,-0.2443179359183092
2009-09-30,0.008999446016670482,-0.37045081764333115
2009-10-01,0.008982752966141861,-2.9052576188667456
2009-10-02,0.011628175777409787,-0.38834167936608954
2009-10-05,0.011583972099144897,1.2746451591863686
2009-10-06,0.011202215369456996,1.2151538887716398
2009-10-07,0.01083035667011907,0.25003207585933807
2009-10-08,0.01037717772033792,0.7171647318044347
2009-10-09,0.00999214305551606,0.5629233401004583
2009-10-12,0.00961160729813602,0.4553637526800839
2009-10-13,0.009240393943095528,-0.302098010972652
2009-10-14,0.00915559656576395,1.899793523373455
2009-10-15,0.008928336461614653,0.4646834641850849
2009-10-16,0.008590158788644182,-0.9465510089380376
2009-10-19,0.00910199308342524,1.0284963582933808
2009-10-20,0.008803148474694166,-0.710955768270435
2009-10-21,0.009101144623303373,-0.9771555430963134
2009-10-22,0.009665229256028213,1.095408507967397
2009-10-23,0.009347418166474785,-1.3108769859945961
2009-10-26,0.010268953816444479,-1.1477814251695564
2009-10-27,0.01107943963711436,-0.29995263528875143
2009-10-28,0.01094623509113595,-1.8028469132023508
2009-10-29,0.012622873167962017,1.7642674561993834
2009-10-30,0.012258692801785688,-2.322109581790306
2009-11-02,0.014922956669488507,0.4312585859194608
2009-11-03,0.014260773449723246,0.16991114274752214
2009-11-04,0.013602916217897689,0.07660689993323735
2009-11-05,0.012974750819764678,1.4684588155320089
2009-11-06,0.012555429368764852,0.19912694708761294
2009-11-09,0.012001826056662286,1.8326448668254693
2009-11-10,0.011665827833722225,-0.005485435092740776
2009-11-11,0.011170931123652923,0.4493231352096419
2009-11-12,0.010718110832813224,-0.9621433496942737
2009-11-13,0.011342876338049767,0.5045358060750015
2009-11-16,0.01088755998728921,1.319301715468642
2009-11-17,0.010538131539253592,0.08720558366543135
2009-11-18,0.010082790568706177,-0.0464505119963033
2009-11-19,0.009716988253452115,-1.391048888719634
2009-11-20,0.010764415928578299,-0.29914323522677116
2009-11-23,0.010638915334846337,1.271174129005392
2009-11-24,0.010293724892527185,-0.05182278781232653
2009-11-25,0.009924038871733508,0.4528405156731412
2009-11-27,0.009535395628579739,-1.823070656432022
2009-11-30,0.011046307278921757,0.3427225347323706
2009-12-01,0.010591325149675479,1.1332767542095308
2009-12-02,0.010234974873318443,0.03347736590274669
2009-12-03,0.009793767884336821,-0.8615272070647758
2009-12-04,0.010269912562537706,0.5349911424109194
2009-12-07,0.009872485558158324,-0.2503354309555087
2009-12-08,0.009720713305254612,-1.0600551364831654
2009-12-09,0.01040481089443909,0.3523029330534421
2009-12-10,0.009984040652217906,0.5832027555186498
2009-12-11,0.009604837473889462,0.38275796325621503
2009-12-14,0.009226748048714421,0.7516511961310905
2009-12-15,0.008897426814834401,-0.6251705074709881
2009-12-16,0.009118066671310371,0.12366591905449971
2009-12-17,0.008742684357121652,-1.3589548761822101
2009-12-18,0.009666550089395567,0.6013471183745528
2009-12-21,0.00930394954092451,1.1230689799277986
2009-12-22,0.009002384810942168,0.3951412402490392
2009-12-23,0.008654834404478135,0.26528765075498223
2009-12-24,0.008313586266833574,0.6305831567103585
2009-12-28,0.008016127013678508,0.14388685207621368
2009-12-29,0.00769645133005586,-0.18216630346686338
2009-12-30,0.007549197799678557,0.0258849327332926
2009-12-31,0.007248493050574247,-1.3934532037886156
2010-01-04,0.00807145410878089,1.9718977463814338
2010-01-05,0.00788665005872119,0.3944427537164261
2010-01-06,0.007592290610594226,0.07183232515657292
2010-01-07,0.007289837794509146,0.5477787664442236
2010-01-08,0.007032462191216858,0.4091857157354413
2010-01-11,0.00677701437189336,0.25752219676890226
2010-01-12,0.006523128013199466,-1.4449274059732584
2010-01-13,0.007317185439539619,1.133148312540495
2010-01-14,0.007098224716041598,0.3414214847180949
2010-01-15,0.006836644163469749,-1.5917350736717704
2010-01-19,0.007776925028305449,1.597308854402525
2010-01-20,0.007571348560403326,-1.4071980066512406
2010-01-21,0.008433439910860987,-2.2679544142308736
2010-01-22,0.01025360453553701,-2.183600854949082
2010-01-25,0.012342188413667814,0.37169737651352897
2010-01-26,0.0118107073379716,-0.35663044788554454
2010-01-27,0.01172205592593594,0.41530964357887545
2010-01-28,0.011233052583524887,-1.058316556954036
2010-01-29,0.01200194967072677,-0.8230162032819004
2010-02-01,0.012501753919582739,1.133065459253775
2010-02-02,0.012058453425706215,1.068919868092281
2010-02-03,0.011626608161653198,-0.47213686968859403
2010-02-04,0.011683657342816258,-2.707701460387147
2010-02-05,0.014827429072470475,0.19510667336105447
2010-02-08,0.014133547592485625,-0.6299057644315676
2010-02-09,0.014397613135700503,0.8998603901546105
2010-02-10,0.013829804627785009,-0.1616125092264496
2010-02-11,0.013423999208780218,0.7176611220895022
2010-02-12,0.012882997844986692,-0.2133328091032246
2010-02-16,0.012587057353899866,1.4173808090843731
2010-02-17,0.012170524697993923,0.3474792337759415
2010-02-18,0.011654107145800528,0.5631626388608058
2010-02-19,0.011187583802939254,0.19523740801089218
2010-02-22,0.010709105341644605,-0.0977117220848257
2010-02-23,0.010367041925794249,-1.1745534581954353
2010-02-24,0.011221877765642605,0.8620232637720644
2010-02-25,0.0108070194763704,-0.19276439331124975
2010-02-26,0.010563641622713496,0.13294587293063168
2010-03-01,0.010112649398757065,0.9994668088508213
2010-03-02,0.009762821457928946,0.2384281032811797
2010-03-03,0.009362567720130327,0.04583246116103145
2010-03-04,0.008966328580877068,0.41590669424324417
2010-03-05,0.008619015154891099,1.6139062934249193
2010-03-08,0.008389381651770946,-0.02093258352829014
2010-03-09,0.00808224606032976,0.21173223522256623
2010-03-10,0.007761768573876057,0.5816142108909375
2010-03-11,0.007482941294179184,0.5390092150854602
2010-03-12,0.007212858123938677,-0.03013639896386905
2010-03-15,0.0069661355281296685,0.06489862587521061
2010-03-16,0.006686634904001938,1.1588811254703513
2010-03-17,0.006498535383624663,0.8932467071258727
2010-03-18,0.006296878412796611,-0.051755664525203936
2010-03-19,0.0061046302544282595,-0.8353374797620068
2010-03-22,0.006434678980489998,0.7898387960907073
2010-03-23,0.006227940347284108,1.1473099269353422
2010-03-24,0.006055636932151921,-0.9096397206447658
2010-03-25,0.006434136700865282,-0.2650893449464204
2010-03-26,0.006381280570501791,0.11556467512131516
2010-03-29,0.006135973005680198,0.9235937491171987
2010-03-30,0.005950778671283543,0.00716855142618561
2010-03-31,0.005741198546736911,-0.571003126149719
2010-04-01,0.005890838581835379,1.253888373091822
2010-04-05,0.005736865618692851,1.3764884813333096
2010-04-06,0.005596997278387182,0.3006753070700143
2010-04-07,0.005397476092754738,-1.0919998284335202
2010-04-08,0.005859410804694896,0.5749147044197406
2010-04-09,0.005664989467364461,1.1759365723817712
2010-04-12,0.005513709599072726,0.32012038817520233
2010-04-13,0.0053199778805641425,0.12879114447824422
2010-04-14,0.005124958580829525,2.1636005296482885
2010-04-15,0.005053836111814644,0.16664252115508413
2010-04-16,0.004872108199196866,-3.3369501977045215
2010-04-19,0.006700351215950148,0.6732692950171559
2010-04-20,0.0064788712448091215,1.23880309297728
2010-04-21,0.006301256686586551,-0.16179573161522506
2010-04-22,0.00618827040832841,0.36542046385793486
2010-04-23,0.00597150487191212,1.1886899258186123
2010-04-26,0.005810040923004397,-0.7410798671046885
2010-04-27,0.006066817326097398,-3.8998438401838182
2010-04-28,0.008784922554410171,0.7332971165405362
2010-04-29,0.00847243341260338,1.5178850815349954
2010-04-30,0.008246994120471184,-2.0356277565658
2010-05-03,0.009818766756906053,1.3275860172656941
2010-05-04,0.009524493147084416,-2.5331741631630424
2010-05-05,0.01196108233344828,-0.5524869419467804
2010-05-06,0.012107159562716662,-2.7164456265400068
2010-05-07,0.015498280369684165,-0.9953779266429076
2010-05-10,0.016405358297069593,2.6232102564503075
2010-05-11,0.016130913488138877,-0.2109661006469903
2010-05-12,0.015663007076926475,0.8712243016174854
2010-05-13,0.015007556202511502,-0.8142231636074218
2010-05-14,0.015588320502098884,-1.2175129056010032
2010-05-17,0.016916343036571004,0.06554333987029669
2010-05-18,0.0160388350908074,-0.8914382936197301
2010-05-19,0.016784242611617595,-0.30644628888144354
2010-05-20,0.01647188307293956,-2.4135550053216233
2010-05-21,0.020353584333111057,0.7326784482595895
2010-05-24,0.01940083179914365,-0.6696643967740119
2010-05-25,0.01976580953920631,0.01790337825275381
2010-05-26,0.018699455151247234,-0.3035959415786692
2010-05-27,0.018320449218431418,1.7656396621613981
2010-05-28,0.01770639402224297,-0.7032427003354208
2010-06-01,0.01813190992862056,-0.9549106185040453
2010-06-02,0.01907550283133435,1.3375494388766864
2010-06-03,0.018329369995364907,0.2205854311667632
2010-06-04,0.017400326363027126,-2.0124589251519263
2010-06-07,0.020553250658099775,-0.6628861970476954
2010-06-08,0.02091210242163584,0.5220071814598964
2010-06-09,0.0198826465417583,-0.2997285461657152
2010-06-10,0.019458104187273298,1.494485042648562
2010-06-11,0.01872450613311694,0.2333901739009197
2010-06-14,0.017774332516961918,-0.10162372792523526
2010-06-15,0.017054926597808353,1.3616271207807196
2010-06-16,0.016411822978379627,-0.0338834604070354
2010-06-17,0.015649599481654404,0.08193090269768702
2010-06-18,0.014864282442547207,0.08855214797907456
2010-06-21,0.014126724970932975,-0.27354520961865153
2010-06-22,0.013850576768799496,-1.1697148326332005
2010-06-23,0.014975812455601215,-0.19965122225812265
2010-06-24,0.014555841627412809,-1.1642255830151522
2010-06-25,0.015716178003072626,0.18167788192439485
2010-06-28,0.014941647003516252,-0.136264068490894
2010-06-29,0.014422671451349041,-2.1846320529794596
2010-06-30,0.017403562259916544,-0.5840444514480475
2010-07-01,0.017598294797814936,-0.18443339803849623
2010-07-02,0.0170388121572487,-0.274272156484452
2010-07-06,0.016664891585193308,0.3207177112515072
2010-07-07,0.01585538232296878,1.9457129686222099
2010-07-08,0.015375773170611354,0.6093127706621855
2010-07-09,0.01469096313970118,0.4886040280933483
2010-07-12,0.014025671566878218,0.05223518905738692
2010-07-13,0.013335758372107171,1.1444285588958292
2010-07-14,0.012840854790067137,-0.012082035606641171
2010-07-15,0.012255377862880088,0.09753991837603582
2010-07-16,0.011672234645794144,-2.5053394305508068
2010-07-19,0.01463351814715617,0.4075622504399215
2010-07-20,0.013963295521436641,0.8129795829046983
2010-07-21,0.013388069193383957,-0.9637461082634667
2010-07-22,0.014157434697373836,1.5725792347504277
2010-07-23,0.01368352012953119,0.5982685819767106
2010-07-26,0.013093563145761475,0.8506400124045271
2010-07-27,0.012569244195387463,-0.08352994748126422
2010-07-28,0.012098185338086447,-0.5741383888716607
2010-07-29,0.012284490837165487,-0.339231985741662
2010-07-30,0.012158826874523378,0.00522231271602771
2010-08-02,0.011596804346451056,1.878407889828103
2010-08-03,0.011279908931105403,-0.4262352356473447
2010-08-04,0.011283207996597464,0.5346775546323136
2010-08-05,0.010812738832973743,-0.11739207455412165
2010-08-06,0.010466776020121072,-0.35454236904122405
2010-08-09,0.010399670787448443,0.525794250526251
2010-08-10,0.009972681781405196,-0.6001677116668458
2010-08-11,0.010183962964085955,-2.8067075753085438
2010-08-12,0.01320723809243786,-0.40835686934117976
2010-08-13,0.01315928754839518,-0.30637606309323173
2010-08-16,0.012969014132558269,0.009287621054302897
2010-08-17,0.012357669357169693,0.9806452374708484
2010-08-18,0.011886743083357732,0.12464982843056109
2010-08-19,0.011340469553625127,-1.506148909983742
2010-08-20,0.012745026774072606,-0.28793614858349564
2010-08-23,0.012541382242955233,-0.32281057351766196
2010-08-24,0.012389654793738058,-1.1799173266215517
2010-08-25,0.01342458898988918,0.24462161888984646
2010-08-26,0.01280307961128715,-0.6025477318824959
2010-08-27,0.013029304108621742,1.262593171986595
2010-08-30,0.01256316685467963,-1.1803242991683676
2010-08-31,0.013609590885054822,0.028709025259617577
2010-09-01,0.01295033294385618,2.24532732191612
2010-09-02,0.012615571560082703,0.7165630937671791
2010-09-03,0.012099046640142594,1.0854073204073975
2010-09-07,0.01165272509172972,-0.9901110102525628
2010-09-08,0.012382530970228518,0.5183156421198482
2010-09-09,0.011855074237971535,0.4066319587907902
2010-09-10,0.011343334525866368,0.427700076166065
2010-09-13,0.010861262402561925,1.0191381252821814
2010-09-14,0.010467483189711769,-0.06815142825436372
2010-09-15,0.010088407226375546,0.35039067346796376
2010-09-16,0.009663923873440812,-0.037708291230221874
2010-09-17,0.009292791687191942,0.08894142285272218
2010-09-20,0.008885461988658173,1.6988748484688185
2010-09-21,0.008653026347462192,-0.2966954008486471
2010-09-22,0.008569245226919016,-0.564480612511314
2010-09-23,0.008738031988559918,-0.9574513104089137
2010-09-24,0.009295853386773644,2.256158168076247
2010-09-27,0.009093188199822536,-0.6250341527128209
2010-09-28,0.00932542565999381,0.518867546883829
2010-09-29,0.008958099330340938,-0.28924806341097853
2010-09-30,0.008863180220558306,-0.34846258674642533
2010-10-01,0.008827027906632628,0.4992296848392079
2010-10-04,0.008482507744329786,-0.9510614977173847
2010-10-05,0.009021931561201312,2.2885035612500584
2010-10-06,0.008825914835759808,-0.07616552755204882
2010-10-07,0.008537370899805644,-0.19301909230995393
2010-10-08,0.008366826194924092,0.7295016089836769
2010-10-11,0.008063976884639841,0.018083667063228816
2010-10-12,0.007731501211687876,0.4929810601836935
2010-10-13,0.007439882113858831,0.9537497305691905
2010-10-14,0.0071967371883211225,-0.5069008481124936
2010-10-15,0.007314429040116966,0.2769092245158087
2010-10-18,0.00702756182624812,1.0270467722884988
2010-10-19,0.006807496034345217,-2.3510324425174662
2010-10-20,0.008458493752625819,1.237700578832741
2010-10-21,0.008192067272286928,0.21634794904521432
2010-10-22,0.00786020300732438,0.3036065076266695
2010-10-25,0.007551511702215587,0.2840054059973397
2010-10-26,0.007256665307622442,0.00232684594120985
2010-10-27,0.006982646971256087,-0.3858435991833405
2010-10-28,0.007009818972452759,0.16037749921565128
2010-10-29,0.0067334663299613105,-0.06525373292703829
2010-11-01,0.006533123674023082,0.1448136855292382
2010-11-02,0.006278271055662033,1.2311249380867413
2010-11-03,0.006102913915757842,0.6015661525563741
2010-11-04,0.005894916405689201,3.2399618748168173
2010-11-05,0.00586448852047253,0.6675908802521355
2010-11-08,0.005671816236400605,-0.37434390226434966
2010-11-09,0.005704504685588906,-1.41728247872
2010-11-10,0.006423983816779955,0.6797236269991166
2010-11-11,0.006208876012712548,-0.6846891260435636
2010-11-12,0.006449382398263663,-1.8418455460093763
2010-11-15,0.00757992528059827,-0.16071099177888618
2010-11-16,0.0074199594169189025,-2.20192005059144
2010-11-17,0.009041727295648163,0.02346237273607051
2010-11-18,0.008652578134310163,1.7613921893653692
2010-11-19,0.008421756721374152,0.30126160085706216
2010-11-22,0.0080852572088486,-0.19499798761320059
2010-11-23,0.007935519955825593,-1.8129916717036354
2010-11-24,0.009266583833757258,1.5985087691815323
2010-11-26,0.008997895396502859,-0.8331494303820581
2010-11-29,0.00944117853129744,-0.14614809588263147
2010-11-30,0.009193669559771881,-0.6622726181943804
2010-12-01,0.009467172328589285,2.259029573016798
2010-12-02,0.009249107570728434,1.377116663766671
2010-12-03,0.008960658377622858,0.2901409591558948
2010-12-06,0.008591728908999398,-0.15120147726492833
2010-12-07,0.008383403785414323,0.061424642977810515
2010-12-08,0.008030268125340684,0.4601248295751697
2010-12-09,0.007724350043391582,0.49653155870248117
2010-12-10,0.007436005226239269,0.8046933215223593
2010-12-13,0.007181775495675011,0.006728022964189291
2010-12-14,0.0069106436129326675,0.13175931731979357
2010-12-15,0.0066394594531313175,-0.7734992662563408
2010-12-16,0.006958072283081239,0.8861715505983494
2010-12-17,0.006729983610161796,0.12428774100286268
2010-12-20,0.006467444486795969,0.3935266032417499
2010-12-21,0.006232470732940899,0.9646244815897493
2010-12-22,0.006040109473992632,0.5585755755038846
2010-12-23,0.0058331902001971855,-0.2821237986631002
2010-12-27,0.005809358729017786,0.10543498058598282
2010-12-28,0.005589625486717532,0.13793886495142985
2010-12-29,0.005381334878859537,0.18743239983586746
2010-12-30,0.0051844087567602245,-0.2911340072191778
2010-12-31,0.005177669212257801,-0.03685203609214259
2011-01-03,0.005029320051881586,2.2371402161116247
2011-01-04,0.004954530782052943,-0.2651965868078766
2011-01-05,0.004938493945660917,1.0113763688415263
2011-01-06,0.004800988549505512,-0.4426618286469337
2011-01-07,0.00488185531343063,-0.3782344314880397
2011-01-10,0.004928160302145053,-0.2794704507115406
2011-01-11,0.0049209179216136816,0.7555920089777916
2011-01-12,0.004771218669650497,1.8794472481193933
2011-01-13,0.004682902288533954,-0.3656303580477292
2011-01-14,0.004724551925458112,1.5572715600090048
2011-01-18,0.004622030458445735,0.29758874991179346
2011-01-19,0.004464956835102981,-2.2771028184308757
2011-01-20,0.005553476935396535,-0.2333310138690395
2011-01-21,0.00550834817849374,0.4376334839675094
2011-01-24,0.0053206130476889145,1.0937302116197314
2011-01-25,0.005171934075294787,0.05093409347132587
2011-01-26,0.004982140422367627,0.8454246150048796
2011-01-27,0.004835240001059699,0.4636359436777255
2011-01-28,0.004677479173096445,-3.8511781148686843
2011-01-31,0.006877947799033066,1.1098295822998587
2011-02-01,0.0066681326972841135,2.4828227915406913
2011-02-02,0.006559524268397756,-0.4156140213548467
2011-02-03,0.006614880678103132,0.3554761460642842
2011-02-04,0.006367685820469664,0.45230106257655633
2011-02-07,0.0061389137510238475,1.0133360067024397
2011-02-08,0.005953064774455903,0.7014908343947222
2011-02-09,0.005757333709364598,-0.4845390624592572
2011-02-10,0.005864057258006209,0.1277634536183287
2011-02-11,0.005643752173406284,0.9731578094032693
2011-02-14,0.00547568642049109,0.4350294120485558
2011-02-15,0.005288160738804986,-0.6127186467315302
2011-02-16,0.005470636176381592,1.140258371737932
2011-02-17,0.005317130226371735,0.5775617202581187
2011-02-18,0.005143216372860123,0.37386580354104326
2011-02-22,0.004967658904541998,-4.175448701095262
2011-02-23,0.007565275982422939,-0.8103755930058892
2011-02-24,0.00794534774823515,-0.12521440127829328
2011-02-25,0.007738646218233411,1.3562124264831907
2011-02-28,0.007512497760016461,0.7381938908186173
2011-03-01,0.007247769316211537,-2.1889302899821432
2011-03-02,0.0088584537963093,0.18218731243959285
2011-03-03,0.008480363623190813,2.013172469698339
2011-03-04,0.008282411813898329,-0.8941103093838513
2011-03-07,0.008769729628971431,-0.9551281066406394
2011-03-08,0.009339160649354236,0.9511734366397192
2011-03-09,0.009003871234229358,-0.1513383918453747
2011-03-10,0.008776598621501132,-2.1706906397266468
2011-03-11,0.010684797756121349,0.6603367406301489
2011-03-14,0.010250434751509942,-0.5919453275754959
2011-03-15,0.010462574711358886,-1.0765556954749989
2011-03-16,0.01126090448648468,-1.7483037861657635
2011-03-17,0.01304563590081811,1.0202083158736368
2011-03-18,0.012531296981149251,0.343215837037106
2011-03-21,0.011957649453772826,1.2439458095578901
2011-03-22,0.011524972120038645,-0.3086242035114245
2011-03-23,0.01138419770842766,0.25559484585798553
2011-03-24,0.010872543104873211,0.855125920936399
2011-03-25,0.01044970099921117,0.30203266126249473
2011-03-28,0.009997678859818502,-0.27522573369006503
2011-03-29,0.009865509474758994,0.7131146774833912
2011-03-30,0.00948192358046545,0.7026488422624001
2011-03-31,0.009117111074435722,-0.20085058633428302
2011-04-01,0.008938053310059622,0.553891633079024
2011-04-04,0.008589418708028772,0.04018318265581562
2011-04-05,0.008221341384856527,-0.021902929108683702
2011-04-06,0.007917777973349902,0.27549354951543603
2011-04-07,0.007601207440722455,-0.20012119272993048
2011-04-08,0.007472661579129716,-0.5369550003684099
2011-04-11,0.0076233870832251895,-0.36693509864621293
2011-04-12,0.00763145377993806,-1.0230154923100465
2011-04-13,0.008207351382215467,0.023176476971886788
2011-04-14,0.007864085307393482,0.010639901220636414
2011-04-15,0.007549824940417462,0.5189165121690321
2011-04-18,0.007266450314480114,-1.5246781095441864
2011-04-19,0.008263813789463777,0.6915463445438336
2011-04-20,0.007958153957903275,1.6868780377157242
2011-04-21,0.0077385465334894885,0.6800900500992184
2011-04-25,0.007457995589683209,-0.21372224358794575
2011-04-26,0.007345399428200155,1.2170213311848788
2011-04-27,0.007118325694547426,0.8752616931536906
2011-04-28,0.0068794703073468575,0.5158999621881727
2011-04-29,0.006629379773757544,0.34664174032038875
2011-05-02,0.006380839427528939,-0.2749245031111456
2011-05-03,0.006342519949519454,-0.5337037010516724
2011-05-04,0.006486585008149142,-1.0604831732244273
2011-05-05,0.007025871333981097,-1.2968095696013657
2011-05-06,0.007797845773273805,0.48893541969556303
2011-05-09,0.0075008566621525075,0.6044469726782012
2011-05-10,0.007226165215210107,1.1128469624160653
2011-05-11,0.006996510872850236,-1.5970374220734638
2011-05-12,0.008024582015227844,0.6085667344293249
2011-05-13,0.007724462905547212,-1.0486226867123885
2011-05-16,0.00832931125219048,-0.7472068757737031
2011-05-17,0.008679253111489198,-0.04247237850940497
2011-05-18,0.008368024322844997,1.0474720968214568
2011-05-19,0.008082926891141424,0.2691565343182485
2011-05-20,0.007756958915826772,-0.994974280045092
2011-05-23,0.00831382390962446,-1.4430501501360427
2011-05-24,0.00934805110877829,-0.08854494222382106
2011-05-25,0.009046496073796704,0.3513087421632058
2011-05-26,0.008674670613628642,0.45480951881909665
2011-05-27,0.008330903317134796,0.48885638972546297
2011-05-31,0.008007648367142788,1.315868826059306
2011-06-01,0.007758871720212851,-2.9705640886672904
2011-06-02,0.010316635622504192,-0.11879707289208391
2011-06-03,0.009999926093202084,-0.9781564957605963
2011-06-06,0.010653230073757673,-1.0155151009430823
2011-06-07,0.011384841758743365,-0.08404728523637528
2011-06-08,0.01097570956842691,-0.3822681709506042
2011-06-09,0.01093797233679613,0.6720084036292898
2011-06-10,0.010494496588413832,-1.341511025635005
2011-06-13,0.011621657751001093,0.05752471582153694
2011-06-14,0.011078605137888959,1.1312717918111
2011-06-15,0.010675009357923164,-1.6473586970868
2011-06-16,0.012220192611969539,0.14343456206784783
2011-06-17,0.011650392979587863,0.26096890440744214
2011-06-20,0.011127515378555736,0.4835481153796591
2011-06-21,0.010656859703059176,1.2512296711231048
2011-06-22,0.010284354405556055,-0.631003132379531
2011-06-23,0.010542740591617094,-0.2686201783667254
2011-06-24,0.010386945519308046,-1.1355674442435855
2011-06-27,0.011245000211734859,0.8130312568771136
2011-06-28,0.010800849644955464,1.190766759909862
2011-06-29,0.010415117452285003,0.7919866072276321
2011-06-30,0.010011703824631416,1.0056601525099222
2011-07-01,0.009647082331394748,1.4830255008318203
2011-07-05,0.009340756982104393,-0.14314391731209228
2011-07-06,0.009095860979054371,0.11005641158222414
2011-07-07,0.008705568546320618,1.194589742962595
2011-07-08,0.008418218625309155,-0.8298024104451388
2011-07-11,0.008846251628135295,-2.0637177986787747
2011-07-12,0.01061882699800083,-0.41844262371669094
2011-07-13,0.01063181653494461,0.291674249544239
2011-07-14,0.01017277101222204,-0.6624333095907412
2011-07-15,0.010464972727234307,0.5292947898343034
2011-07-18,0.010036697157853585,-0.8133270747320065
2011-07-19,0.010496823155704871,1.5411472030040967
2011-07-20,0.010158582808291992,-0.06605827014095365
2011-07-21,0.009798356543490615,1.3732162864806032
2011-07-22,0.009476054654870059,0.09576132115767576
2011-07-25,0.009064915046370777,-0.6242744906373207
2011-07-26,0.009304196268261532,-0.44210375014989695
2011-07-27,0.009359726465093183,-2.1921286785261977
2011-07-28,0.011378307172961505,-0.28468269543665436
2011-07-29,0.011216347263916746,-0.5769638844895373
2011-08-01,0.011414403024353812,-0.36277507088160843
2011-08-02,0.011346725701241097,-2.281619373930269
2011-08-03,0.013892992771028338,0.36012010048338744
2011-08-04,0.013250921822573107,-3.6979808423793266
2011-08-05,0.01893528593418776,-0.030370969378095556
2011-08-08,0.017998802020023238,-3.8312755102206113
2011-08-09,0.026134490492312982,1.7722725865656799
2011-08-10,0.025120357462391395,-1.7976176133273776
2011-08-11,0.02904264925178125,1.5580739198920146
2011-08-12,0.027766165742098326,0.189002511762703
2011-08-15,0.026132468134465875,0.824672505679268
2011-08-16,0.024783549317014823,-0.39486980062624283
2011-08-17,0.024424231966302633,0.03877043671707924
2011-08-18,0.02301839765793541,-1.9818320810283137
2011-08-19,0.027173016407794605,-0.5565357890804468
2011-08-22,0.027237792309573256,0.009472422371530384
2011-08-23,0.02562591277085474,1.3154750306031622
2011-08-24,0.024430972406379946,0.5335297814483598
2011-08-25,0.023130000335820074,-0.6782505192473524
2011-08-26,0.02356399996536263,0.6369215030120644
2011-08-29,0.022342296019655147,1.2481933364248186
2011-08-30,0.021323099330546595,0.10994063233628933
2011-08-31,0.020149070135232296,0.24367917125292662
2011-09-01,0.019075156754791177,-0.6260740577822286
2011-09-02,0.019373400953881948,-1.3217615922320438
2011-09-06,0.021274144108653005,-0.35085202109605795
2011-09-07,0.02091773937388755,1.3502331420385174
2011-09-08,0.019998191469607497,-0.5334927612587659
2011-09-09,0.020087799421701632,-1.3475125842663922
2011-09-12,0.022109224981895804,0.3139670516586457
2011-09-13,0.02092119557321462,0.4339487267150822
2011-09-14,0.019831629869053246,0.6751719655238766
2011-09-15,0.018852221658721514,0.903927771834848
2011-09-16,0.017972078429171038,0.3166286851218952
2011-09-19,0.01704824324426001,-0.5778277882911441
2011-09-20,0.0172479446099909,-0.09638171331797761
2011-09-21,0.016527984621903805,-1.8048779551509024
2011-09-22,0.01921622562651452,-1.6862029718531686
2011-09-23,0.02198219238427292,0.27584094995947145
2011-09-26,0.02079666449767099,1.1092173602912272
2011-09-27,0.019836644920732296,0.5359608643386514
2011-09-28,0.018834849737187374,-1.1100803109362922
2011-09-29,0.02020148553285163,0.40004416616873034
2011-09-30,0.019154134254102593,-1.3204081240815833
2011-10-03,0.021028528994488926,-1.3725925817896467
2011-10-04,0.023189701941878558,0.9590164714877975
2011-10-05,0.0220564290256879,0.8028461418159699
2011-10-06,0.020963014209665874,0.8652462038649451
2011-10-07,0.019948749102010003,-0.4108934924043334
2011-10-10,0.01976594112781084,1.6976496946090383
2011-10-11,0.018975912091979432,0.028660316016265276
2011-10-12,0.017947928115493294,0.5430736559070404
2011-10-13,0.017062470873552824,-0.17454109766438458
2011-10-14,0.016498624629671024,1.0443869831119055
2011-10-17,0.015778428685423923,-1.2396632129483354
2011-10-18,0.01722399358007929,1.173540229583472
2011-10-19,0.016484385827597165,-0.7722349452482727
2011-10-20,0.017056612498715883,0.2663975523525428
2011-10-21,0.016188026546597456,1.1511018615391988
2011-10-24,0.015502880950393904,0.825059982160742
2011-10-25,0.014807184132781735,-1.3674677114707876
2011-10-26,0.0164129448971663,0.6386075509152915
2011-10-27,0.015638904799032502,2.15594324547713
2011-10-28,0.015148729607690465,0.02568885567436894
2011-10-31,0.01436757381383687,-1.7434131146662368
2011-11-01,0.016618002484108014,-1.7053830415957527
2011-11-02,0.019080976772412092,0.8372927389909963
2011-11-03,0.018188599384867,1.0230368379223427
2011-11-04,0.017380301928576154,-0.362468935411958
2011-11-07,0.01716433045829985,0.36564247154375434
2011-11-08,0.01631155020826005,0.7152790613253031
2011-11-09,0.015561066875119229,-2.4024925410971703
2011-11-10,0.0193327781419283,0.4441783294899897
2011-11-11,0.01836073395179231,1.05078713384605
2011-11-14,0.01754960414523046,-0.5467950506543625
2011-11-15,0.01768948465725765,0.2716641196966163
2011-11-16,0.016793534836542445,-0.9977529153358868
2011-11-17,0.017810217673835383,-0.9512894394657918
2011-11-18,0.018774351133273283,-0.02102637197257825
2011-11-21,0.017836164077406715,-1.0554158967843266
2011-11-22,0.019019238780293574,-0.21817060634966962
2011-11-23,0.018464017910804088,-1.2100817149620706
2011-11-25,0.020019304462311375,-0.13432631015294633
2011-11-28,0.01924035956970316,1.4979490863566354
2011-11-29,0.018455716542482993,0.11981149387005101
2011-11-30,0.01748992615604792,2.424449249121851
2011-12-01,0.016951119195779164,-0.11270462768784657
2011-12-02,0.016292633282693526,-0.014792904814436165
2011-12-05,0.015499398131165307,0.6603135949316138
2011-12-06,0.014790662590920996,0.0747186205981381
2011-12-07,0.014046951348888297,0.14354152246829527
2011-12-08,0.013354902673530546,-1.600049021194413
2011-12-09,0.015208697632888473,1.1008446161017826
2011-12-12,0.014577220721198323,-1.0308128821104763
2011-12-13,0.015550398648034534,-0.5610115353157038
2011-12-14,0.01572951640542318,-0.725594557579842
2011-12-15,0.016201106053102134,0.1998538153796189
2011-12-16,0.0153914214268917,0.20862199876418172
2011-12-19,0.0146317370886972,-0.806616356418434
2011-12-20,0.015222474996217603,1.930651614684622
2011-12-21,0.014703674826056733,0.13245723860830336
2011-12-22,0.013977917502418346,0.5888986802509201
2011-12-23,0.013348066986417693,0.6738414477734882
2011-12-27,0.012763178607670171,0.0061978932890296955
2011-12-28,0.01215492917798813,-1.0330382080087808
2011-12-29,0.013008070277298122,0.8187357721973443
2011-12-30,0.012458635870376274,-0.345187931071206
2012-01-03,0.012342896708285797,1.244074550171764
2012-01-04,0.011878463939735417,0.01581907773517941
2012-01-05,0.011312605057075119,0.25983340306363367
2012-01-06,0.01079604903390494,-0.2352883906475194
2012-01-09,0.010585750783467846,0.21340426473446097
2012-01-10,0.010103847239286859,0.8755599133231649
2012-01-11,0.00971183187788872,0.03187342496499164
2012-01-12,0.009263030436848393,0.25195671702474387
2012-01-13,0.008854336445585755,-0.560200584013471
2012-01-17,0.009031212291998143,0.3927111503420774
2012-01-18,0.008647027715518833,1.2775128626448242
2012-01-19,0.008367332364838494,0.5887780600119488
2012-01-20,0.008034690615477506,0.08329328723576832
2012-01-23,0.00768026671412514,0.06135619237988639
2012-01-24,0.007342305736226596,-0.13978494795713384
2012-01-25,0.007157785626871086,1.2073139889456541
2012-01-26,0.006939523426873522,-0.8315424465089527
2012-01-27,0.007334811368855458,-0.2173399512439343
2012-01-30,0.007218562776733864,-0.34983544016331325
2012-01-31,0.007214649681673361,-0.06335042562627821
2012-02-01,0.006978794317574238,1.2695942982520845
2012-02-02,0.0067692219362805095,0.16169477688430203
2012-02-03,0.006489163689215513,2.2344521794395513
2012-02-06,0.006377857883503696,-0.06647435883265465
2012-02-07,0.006185485001139439,0.3267872325449574
2012-02-08,0.005945517410216763,0.36294249674835743
2012-02-09,0.005718689943487363,0.25758086912119277
2012-02-10,0.005496542801519261,-1.2571761729401292
2012-02-13,0.006134100916730039,1.1048111888758083
2012-02-14,0.005946103266108067,-0.158080840822773
2012-02-15,0.005836634523180382,-0.9248047851512667
2012-02-16,0.0062577772813633735,1.7522780598045173
2012-02-17,0.006102441551128915,0.38446511339486267
2012-02-21,0.005874648431048851,0.12250328954025803
2012-02-22,0.005644589386131855,-0.5927264470937809
2012-02-23,0.005829715494565623,0.7312369162061884
2012-02-24,0.005632757078095369,0.29662936859218675
2012-02-27,0.005422776471203582,0.2496216761039866
2012-02-28,0.005220184145059675,0.6418764930900337
2012-02-29,0.005045042111146083,-0.9411700937962519
2012-03-01,0.00543702611527255,1.1291386898599167
2012-03-02,0.005277477298403817,-0.6160206560891852
2012-03-05,0.005473542688038303,-0.7083530217631452
2012-03-06,0.005733357838107394,-2.7016464984256157
2012-03-07,0.0075325650704589665,0.9129588206232361
2012-03-08,0.007264866375215304,1.3448353583011292
2012-03-09,0.007036190418223843,0.5151470902981591
2012-03-12,0.006769329321088278,0.023702168882146428
2012-03-13,0.006498798441698895,2.7649931370601277
2012-03-14,0.006382866710240694,-0.18752985812402506
2012-03-15,0.006282488389727083,0.9469919134730864
2012-03-16,0.006075982433536207,0.18413030138554518
2012-03-19,0.005839760285129877,0.6791325877142056
2012-03-20,0.005639298691106412,-0.5328727735470106
2012-03-21,0.005787332949882596,-0.32362919500126486
2012-03-22,0.00579662110759279,-1.2477327899565365
2012-03-23,0.006451516367591409,0.4811327803722603
2012-03-26,0.006212122305350802,2.2199015547730196
2012-03-27,0.006074948729558237,-0.4643248659073245
2012-03-28,0.006177340842490837,-0.8019241303984025
2012-03-29,0.006526367141855461,-0.2465726963270402
2012-03-30,0.0064657080053217245,0.5709527276181428
2012-04-02,0.006230297969241758,1.200043105144283
2012-04-03,0.0060384662662566115,-0.6618587641161892
2012-04-04,0.006281083604640022,-1.6326684212516902
2012-04-05,0.007293237425026569,-0.08627720664381192
2012-04-09,0.0070803773601378316,-1.6133939504207053
2012-04-10,0.008185649309380805,-2.1047841931661337
2012-04-11,0.009994749789837607,0.7425188179967315
2012-04-12,0.00958440849795171,1.427872699593438
2012-04-13,0.00925691904793248,-1.3561171983955287
2012-04-16,0.010354390594499448,-0.048648661220168234
2012-04-17,0.00994228930513278,1.5457183638802652
2012-04-18,0.009606625084656475,-0.42299285398744263
2012-04-19,0.009643241966193162,-0.6172276396328656
2012-04-20,0.009898209621930177,0.1180599993304368
2012-04-23,0.009443381157071364,-0.894077339721203
2012-04-24,0.010009376832818485,0.3669578738993819
2012-04-25,0.009568357251429549,1.4163709132742017
2012-04-26,0.009235047194693643,0.7209440291039645
2012-04-27,0.008864742764311671,0.2720230009078037
2012-04-30,0.008483121636341576,-0.45868283424119993
2012-05-01,0.008570870386668572,0.6583270385771601
2012-05-02,0.008231954883881423,-0.3036709520303183
2012-05-03,0.008175643591704966,-0.9403970485342128
2012-05-04,0.008733056747174757,-1.8640661789877684
2012-05-07,0.010357679050915083,0.0338415180827342
2012-05-08,0.00987019290952372,-0.4344244508971312
2012-05-09,0.00991767822953704,-0.6780647018526852
2012-05-10,0.010245838607776376,0.24539205648589266
2012-05-11,0.009782577960319734,-0.3468504261396656
2012-05-14,0.009732896134457323,-1.1481755222657668
2012-05-15,0.010612406806508747,-0.5429878802768877
2012-05-16,0.010781741179397881,-0.4093535409086939
2012-05-17,0.010784573813623615,-1.4062491172758356
2012-05-18,0.012091456721274456,-0.6132595929246833
2012-05-21,0.012355469560018238,1.287582339024889
2012-05-22,0.011873339616167,0.040950466411350174
2012-05-23,0.011294488899445206,0.14983152665118168
2012-05-24,0.01076151660000503,0.1281492386107229
2012-05-25,0.010259254189688817,-0.21131952310323437
2012-05-29,0.010041660263338303,1.0972344203930275
2012-05-30,0.009661458646648878,-1.494456461789536
2012-05-31,0.010957305271424286,-0.20801291956222281
2012-06-01,0.010709836499539414,-2.3297550261793587
2012-06-04,0.013343137090389423,0.008210077903359293
2012-06-05,0.012681252726926837,0.4503115518101878
2012-06-06,0.012092832735374004,1.8844034765641968
2012-06-07,0.01168271403692628,-0.009113478240661643
2012-06-08,0.011153755308036568,0.7245470764601073
2012-06-11,0.010680572204612446,-1.1891145504279605
2012-06-12,0.011679662348209044,0.9917572576930013
2012-06-13,0.01120081005514735,-0.62924288836279
2012-06-14,0.011483370304914847,0.9367104224850705
2012-06-15,0.011010241895291428,0.9341071476862748
2012-06-18,0.01056255232907974,0.13668135446400978
2012-06-19,0.010075520858404845,0.9694619816566826
2012-06-20,0.009680458644653353,-0.17434923020960205
2012-06-21,0.009447313219883083,-2.3830276036571294
2012-06-22,0.011859629032395649,0.6028004092687798
2012-06-25,0.01133604179501413,-1.418793497892432
2012-06-26,0.012712117693285351,0.3745534989450259
2012-06-27,0.01211636949721269,0.7382394059272624
2012-06-28,0.011590813050536114,-0.1822157200326177
2012-06-29,0.011288440168334073,2.180531000551222
2012-07-02,0.010936552934921242,0.22459473047155223
2012-07-03,0.010434492740881231,0.5954071484552212
2012-07-05,0.009991118702129995,-0.4702217745966455
2012-07-06,0.010079133534102065,-0.9403009319715326
2012-07-09,0.010724629169768886,-0.1529354670035221
2012-07-10,0.010424396035987911,-0.7826949169451396
2012-07-11,0.010888699418260468,-0.001370566714821569
2012-07-12,0.010400864410643132,-0.48068835003208676
2012-07-13,0.010497968769928288,1.558659547020635
2012-07-16,0.010127513086594835,-0.22878231524450604
2012-07-17,0.009938788158053323,0.7427822881937608
2012-07-18,0.009533944157071329,0.698375742545781
2012-07-19,0.009147541081657815,0.29662782864695764
2012-07-20,0.008754106819766015,-1.1551858735987641
2012-07-23,0.009568465249558657,-0.9352575120780596
2012-07-24,0.010184049320675936,-0.8917916544242547
2012-07-25,0.010774362444328193,-0.02913496958546702
2012-07-26,0.010325679864712193,1.5888215671896944
2012-07-27,0.009965237034837301,1.8966748532298296
2012-07-30,0.00964541841238612,-0.050124984105401366
2012-07-31,0.00928310452117584,-0.4660265061490256
2012-08-01,0.00937254321917407,-0.30986177751668176
2012-08-02,0.009295273451712662,-0.8103003815071659
2012-08-03,0.009759028959973265,1.9327013233245052
2012-08-06,0.009449901933949822,0.24619945691700484
2012-08-07,0.009036474290065844,0.5636891755662798
2012-08-08,0.008667065412995676,0.07160829852773486
2012-08-09,0.00828652790405442,0.049912339638684425
2012-08-10,0.00792597542525235,0.2758084084061489
2012-08-13,0.007597588520057735,-0.1648793001736136
2012-08-14,0.007437286184241803,-0.017231367577562804
2012-08-15,0.007160900720265841,0.1590570340160387
2012-08-16,0.006865529632847363,1.0305716770420796
2012-08-17,0.0066331882439398535,0.28197356545483254
2012-08-20,0.006370800039597856,-0.0033237667988333416
2012-08-21,0.006138046523041106,-0.5708113813233207
2012-08-22,0.006317683322842692,0.03583237903647244
2012-08-23,0.006060147690771412,-1.337426084526744
2012-08-24,0.006819713411734973,0.9434396953089788
2012-08-27,0.006583526893377007,-0.0742967148831224
2012-08-28,0.006393098526815403,-0.12646591310995217
2012-08-29,0.0062479892993172245,0.13508233190974428
2012-08-30,0.005998277802684908,-1.3064466147542568
2012-08-31,0.006727245139987824,0.7522350772629431
2012-09-04,0.0064850929604830295,-0.17989554348679762
2012-09-05,0.006375618698182388,-0.16754948874109113
2012-09-06,0.006260313010301951,3.231393794322606
2012-09-07,0.0061694477756180895,0.6551307565834886
2012-09-10,0.005950201471025063,-1.0364028318507041
2012-09-11,0.006467467796961113,0.48396871847173734
2012-09-12,0.006225979516572261,0.3357713588733322
2012-09-13,0.005989709894594678,2.700994278277775
2012-09-14,0.005874513964285236,0.6725893098271735
2012-09-17,0.005670191079768559,-0.5519360487572741
2012-09-18,0.00583420366753706,-0.21949784496603117
2012-09-19,0.0057755395964432,0.20514996470710328
2012-09-20,0.005556558943542832,-0.09734081799856475
2012-09-21,0.0054290854445045,-0.013873765017505407
2012-09-24,0.005256019816425338,-0.42525525919722346
2012-09-25,0.005338001011620425,-1.9777795837028243
2012-09-26,0.0064813179846762645,-0.8876671728409525
2012-09-27,0.006914708517869631,1.3887393349145436
2012-09-28,0.006694329559940566,-0.6703894985424566
2012-10-01,0.00696221571918823,0.38033835416746425
2012-10-02,0.006690399180098588,0.13032207851801927
2012-10-03,0.006421796265114625,0.563371546476276
2012-10-04,0.006186122423130068,1.1556224146111422
2012-10-05,0.005987579832347223,-0.05371804520041143
2012-10-08,0.005814125204240569,-0.5955709114938462
2012-10-09,0.006010613047963065,-1.6537717626840953
2012-10-10,0.00701231268707248,-0.8851937789261681
2012-10-11,0.007468264299095272,0.026160086086999865
2012-10-12,0.007155841945465103,-0.4151216556563457
2012-10-15,0.007217427930028271,1.1147282426186396
2012-10-16,0.006969610679042703,1.4660152894758551
2012-10-17,0.006750452936100334,0.6086415481814763
2012-10-18,0.006500315736671754,-0.3764001590094533
2012-10-19,0.00653974624885711,-2.5551671218062895
2012-10-22,0.008448579553696626,0.05201888385585547
2012-10-23,0.008076828431258006,-1.801354961859885
2012-10-24,0.009537549361300031,-0.3239985835487715
2012-10-25,0.00946968059363738,0.3158570047657656
2012-10-26,0.00905406032770634,-0.08054370550335617
2012-10-31,0.008751588636703533,0.017810200838999986
2012-11-01,0.008370288260475152,1.2983080466059012
2012-11-02,0.008077897382073495,-1.1666053425987877
2012-11-05,0.008861229138167623,0.24392455170210867
2012-11-06,0.008478730173858768,0.922603852501994
2012-11-07,0.008157606646629324,-2.9408728832392677
2012-11-08,0.010971297568796983,-1.1192781197033934
2012-11-09,0.011913649859540403,0.14246274649935664
2012-11-12,0.011337541460202702,0.011508612956928245
2012-11-13,0.010801321710809615,-0.3697124834962698
2012-11-14,0.01075944654035474,-1.2964301083712995
2012-11-15,0.0119229388874645,-0.13376030625244187
2012-11-16,0.011540035576279441,0.4183934012387471
2012-11-19,0.011013322968216374,1.7857804403181292
2012-11-20,0.010627687731909556,0.0623998796875493
2012-11-21,0.010132274237215548,0.2287239376584591
2012-11-23,0.009677981735739498,1.337283167333802
2012-11-26,0.009320437952475,-0.21797733965783292
2012-11-27,0.009151353832586515,-0.5726249668729833
2012-11-28,0.009358808692792086,0.8361460327907193
2012-11-29,0.008986312155953954,0.47411591016884896
2012-11-30,0.008612845757459589,0.018866509240289556
2012-12-03,0.008242391940500244,-0.5770799545322179
2012-12-04,0.00844850283952586,-0.20255373331332618
2012-12-05,0.008293826730616545,0.1909381165079486
2012-12-06,0.007941842856054976,0.41566370910912276
2012-12-07,0.007620694924276654,0.3827291380027453
2012-12-10,0.007314390859503072,0.04627907593100616
2012-12-11,0.007007107162016699,0.9315586538587525
2012-12-12,0.00676060017474897,0.06628691571363927
2012-12-13,0.006483254662510922,-0.978133716338112
2012-12-14,0.0069886148722285765,-0.5929609450878699
2012-12-17,0.007196450696837109,1.6397927999419468
2012-12-18,0.006978806242396766,1.6365529103517806
2012-12-19,0.006768678077595272,-1.1254997616207685
2012-12-20,0.007412753609010035,0.738336248882772
2012-12-21,0.007136503462156457,-1.3203867272134895
2012-12-24,0.007983122615881461,-0.3060555485400401
2012-12-26,0.007937956578688324,-0.604558206177349
2012-12-27,0.008166893260949158,-0.14928380686651782
2012-12-28,0.007973289189074594,-1.3935836781371065
2012-12-31,0.00897532986608904,1.8718005377563174
2013-01-02,0.008687988806975343,2.887448006212515
2013-01-03,0.008474084579427832,-0.24637415451258896
2013-01-04,0.008359075651138734,0.5806024710782165
2013-01-07,0.008023641132219993,-0.38984835034074355
2013-01-08,0.008054590756483819,-0.4032034995842466
2013-01-09,0.00809788701401167,0.3275354859968015
2013-01-10,0.007764007802613139,0.9748444748681468
2013-01-11,0.0074803959830272845,-0.006351951833232075
2013-01-14,0.007196731462124042,-0.12937885897497334
2013-01-15,0.007026849959416319,0.16053186019607274
2013-01-16,0.006742964379904769,0.029211560206800595
2013-01-17,0.006472669165317372,0.8693570453911327
2013-01-18,0.006247164372535965,0.5438455234325821
2013-01-22,0.006018629388804042,0.7341092701157603
2013-01-23,0.005808795885954231,0.25932085648503517
2013-01-24,0.005590067741709892,0.001183288262388837
2013-01-25,0.005399615369941127,1.005758427183585
2013-01-28,0.005229381967063673,-0.3540254443933141
2013-01-29,0.0052685689581413375,0.966676875954154
2013-01-30,0.005102423692773968,-0.7657624899487324
2013-01-31,0.005394715937451681,-0.4757603529361529
2013-02-01,0.005509735066984381,1.8154254428579326
2013-02-04,0.005366490993943325,-2.1626483157709866
2013-02-05,0.006656642598682264,1.5567355567671104
2013-02-06,0.006452694413971746,0.08508381521143021
2013-02-07,0.006195496570312919,-0.2916684781193465
2013-02-08,0.006179865975658575,0.9129639068656572
2013-02-11,0.005969853950446117,-0.10156048249612408
2013-02-12,0.005830518801698476,0.2733892457631995
2013-02-13,0.005612877201563408,0.10548739149792556
2013-02-14,0.005400177181531836,0.127853816984751
2013-02-15,0.005198613609901855,-0.20113589400475573
2013-02-19,0.005148403254328272,1.4197983491707504
2013-02-20,0.005003885724320398,-2.494403772920074
2013-02-21,0.006455746151065187,-0.9794383666436474
2013-02-22,0.006962332639262565,1.254495273253636
2013-02-25,0.006730487052367179,-2.7456074784773943
2013-02-26,0.008892869928854491,0.6849168953663509
2013-02-27,0.008531078683102664,1.4823095166226263
2013-02-28,0.00824015301004438,-0.10490745261694409
2013-03-01,0.008000416309825531,0.2901298332033072
2013-03-04,0.007666814979152598,0.6000048991476831
2013-03-05,0.007367523684729694,1.2922322723213748
2013-03-06,0.007117771564437602,0.15228432741920178
2013-03-07,0.006827143012003425,0.26582768429134374
2013-03-08,0.0065576030589076986,0.6818236286627811
2013-03-11,0.006318919011960045,0.5133502834479138
2013-03-12,0.006085493301947439,-0.3953903615392693
2013-03-13,0.0061459508992555935,0.21366736875972364
2013-03-14,0.00591032231647327,0.9453548994103609
2013-03-15,0.005712883704248125,-0.2835299708244943
2013-03-18,0.005702952710179339,-0.9688963973278747
2013-03-19,0.006159715110669808,-0.39376329640218605
2013-03-20,0.006218468925219425,1.0734416937818436
2013-03-21,0.006011421714540468,-1.3835202637485353
2013-03-22,0.006802334211412086,1.050910405329147
2013-03-25,0.006566884876855818,-0.50946976590652
2013-03-26,0.006709884178320834,1.1557521692686057
2013-03-27,0.006483248894461666,-0.09077594615686396
2013-03-28,0.0063155008368877726,0.6410360002717773
2013-04-01,0.006087194812021746,-0.73656536447654
2013-04-02,0.006393112004707511,0.8069519030880837
2013-04-03,0.006167375376752383,-1.719067280841364
2013-04-04,0.007249300456467485,0.5573336402593927
2013-04-05,0.006969722830555735,-0.6175489719673983
2013-04-08,0.0072019386036149356,0.8723982681715082
2013-04-09,0.0069391563042677205,0.5098697379681185
2013-04-10,0.006674047614756956,1.8153066967577962
2013-04-11,0.006477302973639742,0.5474433099714414
2013-04-12,0.0062368845220174916,-0.4554835524884731
2013-04-15,0.006339442725165543,-3.6650105628580123
2013-04-16,0.009316971930004105,1.524727232709205
2013-04-17,0.00899274759000996,-1.6047724615350754
2013-04-18,0.010379392242266755,-0.6477793509108047
2013-04-19,0.010685378920529787,0.8243965063447415
2013-04-22,0.010232309745897285,0.4545208590163789
2013-04-23,0.00977782697167518,1.0600834761731592
2013-04-24,0.009392357911388927,0.00067503497336034
2013-04-25,0.008988801578454882,0.4479589998563023
2013-04-26,0.008608287812569225,-0.21419030609378487
2013-04-29,0.00846026480364412,0.8463464838975976
2013-04-30,0.008131265726347968,0.3052190768455884
2013-05-01,0.007792719256058372,-1.2000268894960242
2013-05-02,0.008593912909291526,1.0896088788840843
2013-05-03,0.008270953152889983,1.2670321974328074
2013-05-06,0.007973984392245642,0.2390224302843589
2013-05-07,0.007640155256633126,0.6827922973565037
2013-05-08,0.0073456764417503964,0.5623088492191656
2013-05-09,0.00706086946615111,-0.5231534227450688
2013-05-10,0.0072171557572488975,0.5975129145929392
2013-05-13,0.006940697611150849,0.006179270625589312
2013-05-14,0.006678098094230309,1.511068994010226
2013-05-15,0.006467371728840141,0.7887444396404955
2013-05-16,0.006236601175087782,-0.8052995284471286
2013-05-17,0.006600602000285073,1.5524965732095535
2013-05-20,0.006396671298947376,-0.11066199459457694
2013-05-21,0.0062461701026456885,0.2755135794771066
2013-05-22,0.006006140564221258,-1.3832633746985916
2013-05-23,0.006799681681030284,-0.4306253207080767
2013-05-24,0.006881712800309631,-0.08014247542608657
2013-05-28,0.006688945927382572,0.9449862770281705
2013-05-29,0.006453942812229739,-1.0959093454876785
2013-05-30,0.0070574072619337645,0.5191177125448828
2013-05-31,0.006786450727257606,-2.123433514956056
2013-06-03,0.008343286622606692,0.7093655207415974
2013-06-04,0.008012830999347626,-0.6896498885419285
2013-06-05,0.008328573973610915,-1.666018046773324
2013-06-06,0.009681225734220079,0.8732834432676404
2013-06-07,0.009287491996412607,1.3728049005985565
2013-06-10,0.00894582570031062,-0.038774911926224516
2013-06-11,0.008610528208668701,-1.1852076826769453
2013-06-12,0.009464363320976998,-0.8880446177951337
2013-06-13,0.010035597232992228,1.4624011662317045
2013-06-14,0.009661315623415047,-0.6109313982200946
2013-06-17,0.009918887123119339,0.7600525612538817
2013-06-18,0.009504108696804604,0.8165903480662452
2013-06-19,0.009115823297377779,-1.5301197569827414
2013-06-20,0.0104178956280812,-2.431241903021836
2013-06-21,0.01319808774529282,0.20201555747929648
2013-06-24,0.012540472139317421,-0.9743946498885407
2013-06-25,0.013369235042423384,0.7070304717740524
2013-06-26,0.01274749077093446,0.7487583115535462
2013-06-27,0.012167591372062136,0.5079634178452124
2013-06-28,0.011604011129062343,-0.3704571576721042
2013-07-01,0.011550506207242808,0.46657691989387207
2013-07-02,0.011022767121571355,-0.0494482632209415
2013-07-03,0.01058464388624888,0.07782103048790583
2013-07-05,0.010091082046579498,1.0058431451031546
2013-07-08,0.009682554297747566,0.5409528366966825
2013-07-09,0.00926953856658612,0.7771327432446227
2013-07-10,0.008892534482954455,0.020418921622002328
2013-07-11,0.008503296569071806,1.58329333288479
2013-07-12,0.008210614109168311,0.3753349237528424
2013-07-15,0.007870055659543415,0.17457756475840597
2013-07-16,0.007538193428825613,-0.49291059625756617
2013-07-17,0.007668863350411697,0.361227801542452
2013-07-18,0.007356453940438261,0.6824404465321933
2013-07-19,0.00707496132721222,0.2273871905784544
2013-07-22,0.006787435453821587,0.2992238462147128
2013-07-23,0.006517398727661666,-0.28441621355303515
2013-07-24,0.006489072841518121,-0.5884512045059367
2013-07-25,0.006694324698830629,0.381399185138868
2013-07-26,0.006432417959781794,0.12871542911012682
2013-07-29,0.006173488221634468,-0.6063078183660013
2013-07-30,0.006388517151610118,0.05850294778335272
2013-07-31,0.006128853395162852,-0.02225840743814613
2013-08-01,0.005924321041016002,2.1036314784654557
2013-08-02,0.005778740523803113,0.28364555930403046
2013-08-05,0.005559457708673024,-0.2663804556428365
2013-08-06,0.005540321951170075,-1.0359457232160068
2013-08-07,0.006042792233850181,-0.6310204809924032
2013-08-08,0.0062747662972860285,0.6180184074303587
2013-08-09,0.0060441850259474635,-0.5917006223458364
2013-08-12,0.006247558715409999,-0.18464586137934286
2013-08-13,0.006154540120481197,0.45043333100425914
2013-08-14,0.005922996889877911,-0.8762562811280458
2013-08-15,0.006331602294531088,-2.2718680483748237
2013-08-16,0.007955603639240647,-0.41606743794417367
2013-08-19,0.008014517357907005,-0.7383823245844627
2013-08-20,0.008381543002472853,0.4550371091869313
2013-08-21,0.008031001745293908,-0.7217492476257047
2013-08-22,0.00838151169688408,1.0239730079484968
2013-08-23,0.008061894264714658,0.4886248542670542
2013-08-26,0.007731765610380763,-0.5235336188442031
2013-08-27,0.007890970933868216,-2.0278289406066814
2013-08-28,0.009593420519421095,0.2860165780718509
2013-08-29,0.009163600167333577,0.21405087665086878
2013-08-30,0.008756073758642733,-0.3631042040385381
2013-09-03,0.008750548623410624,0.4748931073694918
2013-09-04,0.008381655548514421,0.9645096820988849
2013-09-05,0.008059689263002719,0.15002210383195663
2013-09-06,0.007714335766118712,0.0070556508599260515
2013-09-09,0.007403356177229734,1.3430776395106905
2013-09-10,0.007150267316535055,1.023589770955358
2013-09-11,0.006894127490616513,0.4420624100681177
2013-09-12,0.006625948729904746,-0.5110425639907538
2013-09-13,0.00677191164887904,0.40033033413125735
2013-09-16,0.00650809962351687,0.8722989235302206
2013-09-17,0.00627714925718054,0.6705065347518543
2013-09-18,0.006049276867601931,2.000920411370416
2013-09-19,0.005887391438768316,-0.31332283026644053
2013-09-20,0.005893794481143006,-1.2289288311666287
2013-09-23,0.006561357403585798,-0.7210030868560869
2013-09-24,0.006872049894907051,-0.3784200547872294
2013-09-25,0.0069117047023265835,-0.39689559559090953
2013-09-26,0.006965530210078721,0.49951198875916986
2013-09-27,0.006696423662713217,-0.6095972819303567
2013-09-30,0.006920474351518251,-0.8738533912583133
2013-10-01,0.007369318155412509,1.0810667303806143
2013-10-02,0.007105586662065054,-0.09385458260628478
2013-10-03,0.00691064920652814,-1.3052279505132005
2013-10-04,0.007735787732476896,0.9085650934779178
2013-10-07,0.007445173103803412,-1.1474209420940376
2013-10-08,0.00817206016157105,-1.5184359495338886
2013-10-09,0.0093500656840146,0.06136232086432305
2013-10-10,0.008923338097110092,2.420128280226247
2013-10-11,0.008659531083229179,0.7236645445461185
2013-10-14,0.008308659192525112,0.4894220657102623
2013-10-15,0.007965274758686254,-0.8899617186498642
2013-10-16,0.008478215313121245,1.6197753654449576
2013-10-17,0.008184803888171168,0.8211943139469927
2013-10-18,0.0078644222444944,0.829991735018094
2013-10-21,0.007561368473595067,0.012131694140377033
2013-10-22,0.007254933185243521,0.7885828984977844
2013-10-23,0.006981559386990604,-0.6783231334909612
2013-10-24,0.007269187328083843,0.4474831088460817
2013-10-25,0.006980272241958044,0.6282297080643088
2013-10-28,0.0067140518602952035,0.19791573656070546
2013-10-29,0.006444581634384181,0.86408420748113
2013-10-30,0.006214683268713906,-0.7865002097816345
2013-10-31,0.006567969454216481,-0.5856864278606023
2013-11-01,0.006773859840603382,0.4280003543667582
2013-11-04,0.006510454340867136,0.5474578564702874
2013-11-05,0.006265056214687469,-0.448444635142121
2013-11-06,0.006365121624123098,0.6687175773917439
2013-11-07,0.0061314322426530374,-2.164328899743799
2013-11-08,0.007608566953978763,1.7530513791811249
2013-11-11,0.007360038575988749,0.09818835288860103
2013-11-12,0.007051167657672052,-0.3365691415715841
2013-11-13,0.00705548954109232,1.1427630462124867
2013-11-14,0.006805927569321405,0.7090285301011869
2013-11-15,0.006551403915577375,0.6430905998427813
2013-11-18,0.006307227815053877,-0.5874296175986551
2013-11-19,0.006511821403634234,-0.31405272823662805
2013-11-20,0.006508896289522661,-0.5595781272508965
2013-11-21,0.006694334378317773,1.2093368755193223
2013-11-22,0.00646452376824994,0.7655924361105308
2013-11-25,0.006229272322017986,-0.2029355471860281
2013-11-26,0.006151902348029627,0.024349091879096032
2013-11-27,0.0059188614122040436,0.41933718406440307
2013-11-29,0.0056988219050961774,-0.1379229725381697
2013-12-02,0.005595167780407213,-0.4866205342850044
2013-12-03,0.005722776738869339,-0.5588119435401087
2013-12-04,0.005900032273706842,-0.2210739550696582
2013-12-05,0.0058446232178084485,-0.7441054198034078
2013-12-06,0.00615425348335705,1.8158489745502333
2013-12-09,0.005972513698901516,0.30396769927618644
2013-12-10,0.005745774697141303,-0.5542724982310561
2013-12-11,0.005920362311515319,-1.9224157366973758
2013-12-12,0.007150948422796369,-0.5282779508118085
2013-12-13,0.00731461392964085,-0.013864749046485839
2013-12-16,0.007044296475831741,0.8943621483013636
2013-12-17,0.006784163786315938,-0.45780232231953116
2013-12-18,0.0068894886880556,2.3965357600194164
2013-12-19,0.006697423579566325,-0.08661501269883289
2013-12-20,0.006516752154163463,0.7376612347638348
2013-12-23,0.006277024603115641,0.8449909346497244
2013-12-24,0.006053040589002845,0.4809986421692789
2013-12-26,0.005827902615501708,0.8123513609407038
2013-12-27,0.005624623653216729,-0.059851295191025736
2013-12-30,0.005474369333680476,-0.032747144207399485
2013-12-31,0.005314102453225262,0.743654527532287
2014-01-02,0.005133137737153955,-1.734107571710115
2014-01-03,0.006084537689960866,-0.05473226350615996
2014-01-06,0.005909716093349985,-0.4255580494957392
2014-01-07,0.005995910472801379,1.0112468161250938
2014-01-08,0.005791147835811623,-0.03664757133963858
2014-01-09,0.005618258942409352,0.06198513580170728
2014-01-10,0.005402654138657089,0.4264627035755062
2014-01-13,0.00520811062859522,-2.4300494673263273
2014-01-14,0.006691429227421774,1.6080086561835922
2014-01-15,0.006475347114153715,0.7957703338281115
2014-01-16,0.006238986940152153,-0.21606528421308493
2014-01-17,0.006171542367489498,-0.6323832986345194
2014-01-21,0.006409069300292555,0.43218634610355394
2014-01-22,0.006163959518465778,0.09323553278473574
2014-01-23,0.005921302450574517,-1.5080001129995528
2014-01-24,0.006814598235779045,-3.095768920987365
2014-01-27,0.009424678212705415,-0.5186619365687822
2014-01-28,0.009579797149090293,0.6390402142296968
2014-01-29,0.009166097189660175,-1.1195281586225625
2014-01-30,0.010004671044336373,1.119881335684764
2014-01-31,0.009596804617051556,-0.6758801989909111
2014-02-03,0.009934784289382092,-2.32482196208043
2014-02-04,0.012488790319984771,0.6095100876904771
2014-02-05,0.011896026900429076,-0.17066894902394428
2014-02-06,0.011560589265692645,1.0694138654388892
2014-02-07,0.011059596928675506,1.1948169168837086
2014-02-10,0.010594185552245484,0.14800616767770833
2014-02-11,0.010095806015264488,1.0896976355945156
2014-02-12,0.00967672582603965,-0.027829521323868553
2014-02-13,0.009287592838977924,0.6237581770879965
2014-02-14,0.008891568615368951,0.5395773898944852
2014-02-18,0.008514568688508273,0.13597910063504856
2014-02-19,0.008143049605618242,-0.8038587617935701
2014-02-20,0.008584960425768581,0.7004507334576031
2014-02-21,0.008231874878287932,-0.23330853561040035
2014-02-24,0.00811814795476274,0.7597121396036012
2014-02-25,0.007792933899483042,-0.1730530111212237
2014-02-26,0.007639211162743339,0.002840573674777969
2014-02-27,0.007339096429857777,0.6725461990573344
2014-02-28,0.007052289152979131,0.39403152948764564
2014-03-03,0.006770997818453527,-1.0937628986190213
2014-03-04,0.00741081674218584,2.044622502927131
2014-03-05,0.007169569097145302,-0.007441555962643771
2014-03-06,0.0069045402746574155,0.24866731578908624
2014-03-07,0.006626879258873886,0.08117615488395266
2014-03-10,0.006358748033989666,-0.07286869030545282
2014-03-11,0.006183769083741568,-0.8239468366649206
2014-03-12,0.0065702086950012615,0.0464405831494583
2014-03-13,0.006303752458535193,-1.86715639189584
2014-03-14,0.007566171842591659,-0.3734737296790742
2014-03-17,0.00759647805738163,1.2594938895060563
2014-03-18,0.007316347327231508,0.983234109006615
2014-03-19,0.0070406791454321474,-0.8735698601924132
2014-03-20,0.007504946584081008,0.802448627721878
2014-03-21,0.007213279224020065,-0.4071629595079474
2014-03-24,0.007277721739500155,-0.6700697187822999
2014-03-25,0.007570264037949053,0.5804646742562631
2014-03-26,0.007267536449053427,-0.9666187440712148
2014-03-27,0.007826231406541286,-0.24301496405891723
2014-03-28,0.007733714467303142,0.5986113481409755
2014-03-31,0.0074227697623680915,1.0633323728847857
2014-04-01,0.0071447467499535285,0.9817965968155589
2014-04-02,0.006878212880863689,0.4142447873002618
2014-04-03,0.0066073403574117605,-0.17058077108844502
2014-04-04,0.006495302417049487,-1.9424103937326922
2014-04-07,0.007856358608178937,-1.3757407052291764
2014-04-08,0.008861870829462748,0.4224320182743911
2014-04-09,0.008480374664549728,1.2804905174012815
2014-04-10,0.008155611719558432,-2.5879073775388286
2014-04-11,0.010601208026462736,-0.8991484476206459
2014-04-14,0.01125004541084464,0.7274377881934324
2014-04-15,0.010741353932465473,0.6269767815162204
2014-04-16,0.010257894752756132,1.017154903637775
2014-04-17,0.009823847248602014,0.1387362478878274
2014-04-21,0.009373489705343928,0.40198642917628785
2014-04-22,0.008962157860096928,0.45567028163061535
2014-04-23,0.008577267759316052,-0.2583301494949581
2014-04-24,0.00847736023480205,0.20236113929528643
2014-04-25,0.008111203808719712,-1.0022365280431353
2014-04-28,0.00875254735568658,0.3691280985075531
2014-04-29,0.00837675876924869,0.566980694498354
2014-04-30,0.008029693192473115,0.37206275894845825
2014-05-01,0.007694987053132084,-0.018618841505910554
2014-05-02,0.007410588740368681,-0.18208472729312045
2014-05-05,0.007278683066392232,0.2568414595453219
2014-05-06,0.006980682571863108,-1.2934310318570033
2014-05-07,0.007815830328537117,0.716591153544372
2014-05-08,0.007504698661819051,-0.18316114939826517
2014-05-09,0.007370016919337269,0.20601352907277062
2014-05-12,0.007065219755016518,1.3624850331769467
2014-05-13,0.006816671147784737,0.06185846128424909
2014-05-14,0.006537872598120763,-0.7207374408567759
2014-05-15,0.006854289984080331,-1.372265282878447
2014-05-16,0.007747759607012176,0.48271539241047373
2014-05-19,0.007431953979596407,0.5163398751174844
2014-05-20,0.007134539303632563,-0.9138087732200496
2014-05-21,0.0076372665686413,1.0584075434706948
2014-05-22,0.0073482088119569584,0.3210910651960281
2014-05-23,0.007048945058562835,0.6014223238603654
2014-05-27,0.00677488153085273,0.8811888716195726
2014-05-28,0.0065241608696247864,-0.1708561104383846
2014-05-29,0.006414582574474203,0.8344671839850561
2014-05-30,0.006180587399642239,0.29802676088815155
2014-06-02,0.005942059095812412,0.12244263349239311
2014-06-03,0.00571049291519074,-0.06641956748182588
2014-06-04,0.005559341398207245,0.33994613228326653
2014-06-05,0.0053521020064942046,1.2152388186493064
2014-06-06,0.005182028913980607,0.8909798892791316
2014-06-09,0.0050093498324569295,0.18731589684693234
2014-06-10,0.004825011876547626,-0.0509872075289744
2014-06-11,0.004702809531740756,-0.7534456004972702
2014-06-12,0.004983884429501158,-1.4274285829741364
2014-06-13,0.005711996625360856,0.5479098473509836
2014-06-16,0.005503652980254267,0.15196367463341787
2014-06-17,0.005294750122000159,0.4098800500275308
2014-06-18,0.005102602797142176,1.5069256742924078
2014-06-19,0.004951963972278823,0.2578094877731709
2014-06-20,0.00477263020055886,0.3621825750242058
2014-06-23,0.004604215730707492,-0.028772077731997147
2014-06-24,0.004480868300480085,-1.4408159458572316
2014-06-25,0.005157505820494971,0.9472713347803121
2014-06-26,0.0049870188407924445,-0.23652997217314767
2014-06-27,0.004966489999416592,0.3843851972536043
2014-06-30,0.004789514942179416,-0.07773772532213401
2014-07-01,0.004684790326030111,1.4206767931197104
2014-07-02,0.004550040675091775,0.1447450961764679
2014-07-03,0.0043874883205784025,1.2454848488238959
2014-07-07,0.004260627155365147,-0.9226902310316291
2014-07-08,0.004616403776629783,-1.5323101106300363
2014-07-09,0.005365182345341231,0.8636270409862843
2014-07-10,0.005182411390546207,-0.7987841976468987
2014-07-11,0.005509945828663487,0.26676160596735493
2014-07-14,0.005303235434428647,0.9111156362450027
2014-07-15,0.005125013511188777,-0.3773579452470761
2014-07-16,0.00518618088399019,0.8083568821115052
2014-07-17,0.0050105594641981326,-2.3759035318389463
2014-07-18,0.0064185246992903965,1.5911146841579127
2014-07-21,0.006211373856399769,-0.3739827093987423
2014-07-22,0.0062587078168177945,0.7994639330909296
2014-07-23,0.006029582997338346,0.29071675069179537
2014-07-24,0.00579649063512029,0.0841952214317469
2014-07-25,0.005570325210391066,-0.8726503143913273
2014-07-28,0.005965327090740702,0.04829800431240487
2014-07-29,0.00572903053296981,-0.7921180359570296
2014-07-30,0.00607359369140221,0.010028810372326145
2014-07-31,0.005853020653348514,-3.451539530049663
2014-08-01,0.008485193134372982,-0.3374367779207631
2014-08-04,0.008459632741291592,0.8467642353647169
2014-08-05,0.008115798549830376,-1.199226316126294
2014-08-06,0.008968710404445138,0.0017436649924996515
2014-08-07,0.008584095457917914,-0.6491208624192566
2014-08-08,0.008877834689431794,1.2914661017083906
2014-08-11,0.008534902478896308,0.3228654378482886
2014-08-12,0.008164430711967385,-0.20062419927882455
2014-08-13,0.008019341859547328,0.8335805131630263
2014-08-14,0.007699953273759335,0.563172024494734
2014-08-15,0.007387793894931315,-0.00830759607592723
2014-08-18,0.00711007008685737,1.1948522470071288
2014-08-19,0.0068517916199474505,0.7280125339299149
2014-08-20,0.006591137862462144,0.3754660172772124
2014-08-21,0.00633338338850385,0.4650827369170577
2014-08-22,0.0060916545070331075,-0.3274274528405653
2014-08-25,0.0061084316262717975,0.7819280227450113
2014-08-26,0.005887026365870402,0.17844813832220344
2014-08-27,0.005660227338982768,0.008831101701645052
2014-08-28,0.005464590820117125,-0.30950726241381216
2014-08-29,0.005479255203597249,0.604993599649034
2014-09-02,0.00528373214739964,-0.10299807078042969
2014-09-03,0.005174339363427682,-0.150636573687151
2014-09-04,0.005097185942577877,-0.30126411357408284
2014-09-05,0.0051118849539475,0.9826605548077032
2014-09-08,0.004944685522033519,-0.622455329181526
2014-09-09,0.00515319030191653,-1.2742633491029114
2014-09-10,0.0057939968759747095,0.628140414686614
2014-09-11,0.005583246801885198,0.1578860465966601
2014-09-12,0.0053698038355222,-1.113710235082474
2014-09-15,0.005919131112416187,-0.12001824839107399
2014-09-16,0.005793833211189413,1.2869730716713637
2014-09-17,0.005604218078494547,0.2310411659490991
2014-09-18,0.005391741418156364,0.9049501355738419
2014-09-19,0.005208805701368054,-0.0916493218930433
2014-09-22,0.005094971753661819,-1.579126032334944
2014-09-23,0.005938610462119168,-0.9755228292173087
2014-09-24,0.006427055228113566,1.2139271379723453
2014-09-25,0.006204162304111315,-2.6274156713095924
2014-09-26,0.008152548039850974,1.0474346280770146
2014-09-29,0.007834512930666287,-0.32548939282922723
2014-09-30,0.007813239524053085,-0.3570627184439361
2014-10-01,0.007821656816288304,-1.7051510218223433
2014-10-02,0.009182305221066542,0.0005601347511964621
2014-10-03,0.008785523137527493,1.2638559309546127
2014-10-06,0.008444287578294567,-0.18549652494362964
2014-10-07,0.008273034683284962,-1.8423249995462165
2014-10-08,0.00986073909384804,1.7555425950635715
2014-10-09,0.009489434969878204,-2.200115024823471
2014-10-10,0.011792646105527984,-0.9766323794633414
2014-10-13,0.012616119594748983,-1.3161759507601658
2014-10-14,0.014044318221004784,0.11233152482312744
2014-10-15,0.0133049617439227,-0.6112983173208102
2014-10-16,0.013594591443153775,0.0106635937569941
2014-10-17,0.01289593878385377,0.9927011590016914
2014-10-20,0.012299284481557142,0.7399711857163711
2014-10-21,0.01172177006174422,1.6537921086695266
2014-10-22,0.011234082261989542,-0.6521316553289024
2014-10-23,0.011571824453099315,1.0567310082485963
2014-10-24,0.011056191166218927,0.635724371082878
2014-10-27,0.010548328925234184,-0.14245828789465234
2014-10-28,0.010240953271256868,1.1589120907544186
2014-10-29,0.009807218251603536,-0.14135669820705066
2014-10-30,0.009533010628211767,0.651504282340063
2014-10-31,0.009116548731551787,1.2793343815278817
2014-11-03,0.008751400078299753,-0.01358970168605363
2014-11-04,0.00839603374794165,-0.337522851591734
2014-11-05,0.008376795300621614,0.6785782458338556
2014-11-06,0.008026875445004099,0.4694732925839957
2014-11-07,0.007688183459939772,0.04546264128611703
2014-11-10,0.007353476081524847,0.42365365509057223
2014-11-11,0.007049746596055844,0.09879101621568173
2014-11-12,0.006751813079754681,-0.1038776652483518
2014-11-13,0.0065775550437826265,0.08053211639800692
2014-11-14,0.00630410233119978,0.03810873236592559
2014-11-17,0.006044707319080554,0.12160866339010977
2014-11-18,0.005799351660401786,0.8830037655163891
2014-11-19,0.0055911957323523265,-0.2686879421741614
2014-11-20,0.005573752350778097,0.35257469107483086
2014-11-21,0.0053584844259583035,0.9747555817154379
2014-11-24,0.005175302166194534,0.5526111755213209
2014-11-25,0.004985787089441605,-0.23079434556150982
2014-11-26,0.0049584901335200235,0.5651019556660543
2014-11-28,0.004779529634486747,-0.5326182347828183
2014-12-01,0.004936522726721694,-1.3881814637942695
2014-12-02,0.005656782875988241,1.1250505629025542
2014-12-03,0.00546222785060522,0.6879379507412248
2014-12-04,0.005264179130737806,-0.22084577726411042
2014-12-05,0.005226478592779887,0.3183465825765551
2014-12-08,0.00502985588462892,-1.4479584140714217
2014-12-09,0.0058011881784447265,-0.04100053618634158
2014-12-10,0.005625467932307951,-2.930622195598432
2014-12-11,0.0077380856987813215,0.5848260342132441
2014-12-12,0.007414668735926213,-2.204611746503893
2014-12-15,0.00929588907565249,-0.6844731278460408
2014-12-16,0.009651548839119483,-0.8833048464539568
2014-12-17,0.010258322292291712,1.9640709922357693
2014-12-18,0.009864569656566399,2.4057182129492993
2014-12-19,0.009510809275876955,0.47941640244892547
2014-12-22,0.009072905878624445,0.4191846064321689
2014-12-23,0.008660135128167068,0.20147937692445658
2014-12-24,0.008265173613859849,-0.01685460555134592
2014-12-26,0.007934593256544277,0.41641831853144373
2014-12-29,0.007592178458717473,0.11345932300900033
2014-12-30,0.0072608156700467,-0.6749369846587333
2014-12-31,0.007570955782335397,-1.3689663312302716
2015-01-02,0.008581443524094694,-0.039622876055875556
2015-01-05,0.00825635644490974,-2.2343043999705694
2015-01-06,0.01038145328879348,-0.8605013616294672
2015-01-07,0.010995383604748865,1.0515991311010102
2015-01-08,0.010496529891556245,1.689145680556565
2015-01-09,0.010058636454030283,-0.839012542668976
2015-01-12,0.010633778337195426,-0.7642266545132471
2015-01-13,0.011127529410695745,-0.23202683547478203
2015-01-14,0.010902087436493275,-0.5347626316461066
2015-01-15,0.011087560032233126,-0.8379574024905402
2015-01-16,0.011697036227607491,1.1400232440756504
2015-01-20,0.01115839256550497,0.13879709145458008
2015-01-21,0.010606091750263327,0.4450711094472854
2015-01-22,0.010102924015876197,1.4999927790029421
2015-01-23,0.009673688525769318,-0.569240601930955
2015-01-26,0.009903025852961284,0.25902870867045574
2015-01-27,0.009436796394607854,-1.4282694308800428
2015-01-28,0.010729340493776949,-1.2663875117862364
2015-01-29,0.01193331866866579,0.7952119038922876
2015-01-30,0.01136170746961265,-1.1509800829931536
2015-02-02,0.012447076786321301,1.0347144330602225
2015-02-03,0.011855571572065739,1.2092406081232088
2015-02-04,0.011309146119796276,-0.3682600373481887
2015-02-05,0.011263609025536032,0.9090168779559479
2015-02-06,0.010738891673413176,-0.3188436680440534
2015-02-09,0.010642397650565098,-0.3999323695873551
2015-02-10,0.010653350222040385,0.9967737221378984
2015-02-11,0.010169644335425039,-0.0028549680992009264
2015-02-12,0.009708840354532034,0.9886139554695292
2015-02-13,0.009281278362604716,0.4381356822744815
2015-02-17,0.008858747046677705,0.18019474869156135
2015-02-18,0.00845254512391888,-0.03719100207340306
2015-02-19,0.008130910694469142,-0.13068913872598836
2015-02-20,0.007916577924210912,0.7715256237643113
2015-02-23,0.007584410093039343,-0.040001161364406485
2015-02-24,0.00731221933867645,0.3767628323536811
2015-02-25,0.007000700282328714,-0.10942004838231582
2015-02-26,0.00681627329717767,-0.216704724980146
2015-02-27,0.006727716361792364,-0.4400725133785114
2015-03-02,0.006827214983151658,0.8943966458067601
2015-03-03,0.0065587608254929295,-0.6935567136610026
2015-03-04,0.006871165561103221,-0.6400895439126109
2015-03-05,0.007144566183177468,0.1673111033460781
2015-03-06,0.006836096136989454,-2.0882322419698762
2015-03-09,0.008497081416906726,0.46329582651086343
2015-03-10,0.008119889392234866,-2.1067800447504657
2015-03-11,0.0100760124781137,-0.19050399953894734
2015-03-12,0.009839550470005048,1.2726904795306748
2015-03-13,0.009412093171453063,-0.6473838474821972
2015-03-16,0.009734905902438796,1.3808976849471004
2015-03-17,0.00931666719337249,-0.3569621667014326
2015-03-18,0.009301355059775956,1.2992839671169696
2015-03-19,0.008904476340877949,-0.5485431079789368
2015-03-20,0.009109444608818918,0.984953812065883
2015-03-23,0.008712755880021456,-0.2005400622689313
2015-03-24,0.008544823637396991,-0.7207106855475154
2015-03-25,0.008935193857335882,-1.6413663498971462
2015-03-26,0.010451746525103596,-0.22774478234390655
2015-03-27,0.010246964426821891,0.23087429905690066
2015-03-30,0.009753796963544394,1.2469382633868014
2015-03-31,0.009328715395483049,-0.9470420999024949
2015-04-01,0.010011521971784391,-0.3968681498222924
2015-04-02,0.010029858412818038,0.35129631533092937
2015-04-06,0.009555338825072113,0.6893604473638838
2015-04-07,0.009122469800892654,-0.22625810264504576
2015-04-08,0.008966709765047114,0.298765280414206
2015-04-09,0.008556597366604577,0.5197832366150921
2015-04-10,0.0081781067605928,0.6345450177370809
2015-04-13,0.007825390826341913,-0.5867830659019114
2015-04-14,0.008062653594911741,0.20197224640052586
2015-04-15,0.007703306797738748,0.6665954219171617
2015-04-16,0.00737863257855035,-0.10554079630545816
2015-04-17,0.007174485204005409,-1.5855777614123467
2015-04-20,0.008371811010966967,1.0980597357601618
2015-04-21,0.008022527881717667,-0.18469272112407534
2015-04-22,0.007864840527295837,0.6452238714535247
2015-04-23,0.007530565939449254,0.31271764452870965
2015-04-24,0.0072058251457028126,0.31228440591503176
2015-04-27,0.006899337663875674,-0.6014944394536712
2015-04-28,0.007139350143277854,0.38734680073783767
2015-04-29,0.006838403169774514,-0.547985843264673
2015-04-30,0.007031048135668751,-1.4479424456792298
2015-05-01,0.008071124414899534,1.3460053401482632
2015-05-04,0.007746828322805816,0.3790497253073831
2015-05-05,0.007411177062016658,-1.6067627664113597
2015-05-06,0.00866490739580162,-0.5153755183922153
2015-05-07,0.008831521067136253,0.4265075563813731
2015-05-08,0.008432550878444226,1.5853029741610136
2015-05-11,0.008095730708587564,-0.6302774437234493
2015-05-12,0.008380434617777795,-0.35248726039825595
2015-05-13,0.008378628791771519,-0.03640229185848829
2015-05-14,0.008058673936572535,1.3304427435762394
2015-05-15,0.007734164727983981,0.09931503334642845
2015-05-18,0.0073917856266238376,0.4117154671814148
2015-05-19,0.007077896416637442,-0.09092837192830128
2015-05-20,0.006876221636402351,-0.13538677198323615
2015-05-21,0.006720238708718997,0.34747960749003254
2015-05-22,0.0064418764194861654,-0.3471636218786831
2015-05-26,0.006469510549019939,-1.597525010461212
2015-05-27,0.007578361131723605,1.2035476761497983
2015-05-28,0.0072766672363714525,-0.17419566902158867
2015-05-29,0.0071377144594831745,-0.8880314868404608
2015-06-01,0.007645508581248461,0.26909177817064844
2015-06-02,0.007312148291051914,-0.13800392513677148
2015-06-03,0.007139256835168787,0.2964775632288005
2015-06-04,0.006835683172262456,-1.2669636665203354
2015-06-05,0.00767789820149054,-0.18718862832190036
2015-06-08,0.0075335936722090956,-0.8622127262142198
2015-06-09,0.008034132302397128,0.05206106935508181
2015-06-10,0.007669760932088277,1.5607385756226886
2015-06-11,0.007377355696484201,0.23546604338952387
2015-06-12,0.007058752049566645,-0.9943506449604229
2015-06-15,0.007661187438370199,-0.6047743458888224
2015-06-16,0.007913032323076273,0.7170109111280084
2015-06-17,0.007577718544489226,0.26098678427564975
2015-06-18,0.007247935543264604,1.3595595594342962
2015-06-19,0.006970400559083295,-0.7628851732228917
2015-06-22,0.007354851801221678,0.8261713690183375
2015-06-23,0.007054939856686691,0.09010231668957655
2015-06-24,0.006751455173428637,-1.0931666624036886
2015-06-25,0.007423404743361748,-0.4011641907656361
2015-06-26,0.007482911090177736,-0.05213956710433572
2015-06-29,0.007225529123874263,-2.918397967414857
2015-06-30,0.009930278394497939,0.2673603142826925
2015-07-01,0.009454653923309716,0.7310787354781609
2015-07-02,0.009028162856144146,-0.03412324239779767
2015-07-06,0.00866649672283846,-0.4464586813609323
2015-07-07,0.008757119204678872,0.6923007957491218
2015-07-08,0.008372440722428175,-2.0057430645231853
2015-07-09,0.01025068178155035,0.22043876621816688
2015-07-10,0.009754679301302449,1.257138856771103
2015-07-13,0.00933300290941211,1.1791776574136017
2015-07-14,0.008931539252984939,0.4974812415469426
2015-07-15,0.008529610606529965,-0.08620045329781104
2015-07-16,0.008251246306336167,0.9674579024922606
2015-07-17,0.007904787146562071,0.13986102395325498
2015-07-20,0.00755428710253462,0.10205286263781722
2015-07-21,0.007223472835627103,-0.5912386382432533
2015-07-22,0.007457717466657026,-0.32054915339416673
2015-07-23,0.007443816985536537,-0.7646897045480379
2015-07-24,0.007845070255337766,-1.3716920749484722
2015-07-27,0.00889677931956307,-0.6509945742195322
2015-07-28,0.00921363924688619,1.3360707394800129
2015-07-29,0.008824645606706698,0.8263383315746186
2015-07-30,0.008439803926705755,0.003361085668404215
2015-07-31,0.008077159131980706,-0.28154748023311965
2015-08-03,0.008011047932747489,-0.34461083844227924
2015-08-04,0.008008050346403632,-0.2812468790164721
2015-08-05,0.007942980510673613,0.3915203091977959
2015-08-06,0.007596705234402448,-1.0245488909211076
2015-08-07,0.008261027407394738,-0.34850663414590355
2015-08-10,0.008255831850543339,1.5415570305235702
2015-08-11,0.007928698427510334,-1.2111779465419432
2015-08-12,0.008813827987270463,0.1077402054573544
2015-08-13,0.0084066170963891,-0.15178827032922582
2015-08-14,0.008199382448286137,0.47617394346271735
2015-08-17,0.00784072963754609,0.6629346948161042
2015-08-18,0.007508822610438179,-0.35011919604789876
2015-08-19,0.007519863485673822,-1.10229878845389
2015-08-20,0.00825657822590886,-2.582905396236211
2015-08-21,0.010852217186499947,-2.982730806580726
2015-08-24,0.014942947885871789,-2.6909980984768
2015-08-25,0.019804756788124007,-0.6874232230319604
2015-08-26,0.020298600223940717,1.8864009839146696
2015-08-27,0.019268520704861514,1.245931374671263
2015-08-28,0.018216417191677412,0.03340674241663342
2015-08-31,0.017134700153475253,-0.4918136056366719
2015-09-01,0.01718965492448764,-1.7465533761041083
2015-09-02,0.020192798866830595,0.8977295095526184
2015-09-03,0.019033227106849,0.06116228703014316
2015-09-04,0.017896897843872325,-0.8631836024904007
2015-09-08,0.018796555522003322,1.3179881371370772
2015-09-09,0.017771772891728616,-0.7874867552239881
2015-09-10,0.01849222375815903,0.2846642736849545
2015-09-11,0.017413928226279483,0.2570934246892104
2015-09-14,0.016415194871040983,-0.24964925821709233
2015-09-15,0.015993216564955,0.7971934588424598
2015-09-16,0.015128079020158527,0.5729571285175156
2015-09-17,0.01431098280926995,-0.1791871653216678
2015-09-18,0.0138554793726939,-1.1761578589983963
2015-09-21,0.015204474873097769,0.2996086396731163
2015-09-22,0.01436778092751012,-0.8626892407334605
2015-09-23,0.015149346655411875,-0.1353684931924442
2015-09-24,0.014571872579517373,-0.23117494700318547
2015-09-25,0.014194434223935634,-0.03282285111687398
2015-09-28,0.013494086323179642,-1.926859702842199
2015-09-29,0.01627587476899289,0.07570062626245795
2015-09-30,0.015350489241697683,1.230963932552466
2015-10-01,0.01455527199741909,0.1354793423776251
2015-10-02,0.013756728648940529,1.0332247861485493
2015-10-05,0.013057867418060663,1.3880209484615782
2015-10-06,0.012424728345621526,-0.2893173391118743
2015-10-07,0.012227876465190364,0.6545306440032228
2015-10-08,0.011611658582535269,0.7561176624469215
2015-10-09,0.011040147557657335,0.06565569497414483
2015-10-12,0.010476326722495854,0.12167093592031719
2015-10-13,0.009949892438594303,-0.6883314299521197
2015-10-14,0.010337043988896571,-0.4573290891493565
2015-10-15,0.010424514124560082,1.414315446762089
2015-10-16,0.009958716990778946,0.457896471796436
2015-10-19,0.009478998472039818,0.02853771362777615
2015-10-20,0.009014341193439569,-0.15775984349572575
2015-10-21,0.008776526959201053,-0.6656903053215655
2015-10-22,0.009115966545257403,1.8090069693347974
2015-10-23,0.008746537575621119,1.2542053211568795
2015-10-26,0.00837507432806656,-0.22864668731145157
2015-10-27,0.00824075943522125,-0.31033376052181033
2015-10-28,0.008195330508123792,1.4362432944560026
2015-10-29,0.00786331222842352,-0.05721194422812503
2015-10-30,0.007582325592428172,-0.6358842850588752
2015-11-02,0.007869520889398896,1.499948536220993
2015-11-03,0.007557097669866774,0.36050254265345866
2015-11-04,0.007222992851211834,-0.4917168011666273
2015-11-05,0.007369059082636725,-0.15372244187424486
2015-11-06,0.007203369055997409,-0.04826655101528163
2015-11-09,0.006951900835124567,-1.419941234867445
2015-11-10,0.007981240262321512,0.18912538701227408
2015-11-11,0.00762021014620062,-0.4243068445010014
2015-11-12,0.007702849184221928,-1.8290846672023424
2015-11-13,0.009285386008290857,-1.2138041888717845
2015-11-16,0.01032083879767625,1.433343072615845
2015-11-17,0.00985138081219475,-0.13604966083407397
2015-11-18,0.009556720500111677,1.6776916178499035
2015-11-19,0.00914004364917349,-0.12294693243404992
2015-11-20,0.008865724604860263,0.42895030577249027
2015-11-23,0.008457089318712868,-0.14610509539616126
2015-11-24,0.008240089368652295,0.14820833735211553
2015-11-25,0.007863216871953451,-0.0164233820674105
2015-11-27,0.007548609311817432,0.07861601189927271
2015-11-30,0.0072113238055320624,-0.6450688202421224
2015-12-01,0.007503904757208949,1.4157880850677584
2015-12-02,0.007201032889731035,-1.5354176003301623
2015-12-03,0.008379434778417912,-1.7277807903510292
2015-12-04,0.009956094122220326,2.040745709555443
2015-12-07,0.009526286534900948,-0.7362831187893436
2015-12-08,0.00997105207111512,-0.6529955494321305
2015-12-09,0.0103183341314823,-0.7529399868907732
2015-12-10,0.010804999799390038,0.20813110785263061
2015-12-11,0.0102639755877162,-1.9109425571207452
2015-12-14,0.012434591505465624,0.3815395191697973
2015-12-15,0.011787400104592534,0.8960907419948502
2015-12-16,0.011203537644962932,1.2862576185701369
2015-12-17,0.01067070915782389,-1.4202220688176699
2015-12-18,0.012145008632561656,-1.4785905510977606
2015-12-21,0.013893340762872426,0.5576993222437847
2015-12-22,0.01315097869334049,0.6674861085444486
2015-12-23,0.012465921260431832,0.9900268315288697
2015-12-24,0.011840074796434898,-0.13512713655697026
2015-12-28,0.011441510045462172,-0.1906161378734517
2015-12-29,0.011141955226530225,0.9489953924645145
2015-12-30,0.010601511164717838,-0.6832421030583412
2015-12-31,0.010999100346981016,-0.8597507744407454
2016-01-04,0.011658604839921503,-1.3228033722352268
2016-01-05,0.013083210656998507,0.153647616939088
2016-01-06,0.012384962497855622,-1.0659832845607058
2016-01-07,0.013440325191666965,-1.784615786991253
2016-01-08,0.015945147310692548,-0.683439119972256
2016-01-11,0.016411292771825136,0.051970817148961644
2016-01-12,0.015466674640212515,0.5025329813020107
2016-01-13,0.014612982184305073,-1.730131109381847
2016-01-14,0.017187954685463747,0.9633526057866582
2016-01-15,0.016233662784168414,-1.3450921698002465
2016-01-19,0.018157068174753793,0.02928227081109197
2016-01-20,0.017081392507218785,-0.6886303924535208
2016-01-21,0.01756933784076814,0.2949450163069971
2016-01-22,0.016552388027659154,1.2131619225369819
2016-01-25,0.015657075769013474,-1.0066723445264458
2016-01-26,0.016789097505786315,0.8365689594409378
2016-01-27,0.015857054977130646,-0.6888367553925651
2016-01-28,0.016333762107152552,0.33754322374857565
2016-01-29,0.015411439657013172,1.5870451780555608
2016-02-01,0.014613006586393926,-0.030338373073402033
2016-02-02,0.01388043792209702,-1.3631391764744027
2016-02-03,0.015601653126312464,0.31917258903647094
2016-02-04,0.014732368920426859,0.10355213752541556
2016-02-05,0.01391664256502044,-1.3404208801941233
2016-02-08,0.015596058664453025,-0.9140166903544309
2016-02-09,0.016530166506151793,-0.04015934422157503
2016-02-10,0.015684162250466177,-0.012048340723795006
2016-02-11,0.01484341701622082,-0.8338677890495215
2016-02-12,0.015588270341472945,1.2400359233967324
2016-02-16,0.014762524848669295,1.109684007960282
2016-02-17,0.013987097001815867,1.1686564140878823
2016-02-18,0.01326774672997943,-0.3524812629538076
2016-02-19,0.013145505943855195,-0.0019803940535627483
2016-02-22,0.012466616945296594,1.151132754142321
2016-02-23,0.011848989266609997,-1.057691697477103
2016-02-24,0.012855012165058126,0.3446095560044279
2016-02-25,0.012179544715474772,0.9265015231737603
2016-02-26,0.011571185779559108,-0.16176953384254825
2016-02-29,0.011222085748939934,-0.7266145771824779
2016-03-01,0.011690949608118988,2.017662054178886
2016-03-02,0.01115905354629595,0.3661555923313818
2016-03-03,0.010597848392451821,0.3295606986418378
2016-03-04,0.010071455626693588,0.32770236878118675
2016-03-07,0.009578033685101557,0.09235954162903116
2016-03-08,0.009109143438266142,-1.2409241475461479
2016-03-09,0.01017175699045859,0.4954574502263141
2016-03-10,0.009678434123110657,0.016096901124789398
2016-03-11,0.009211055519975949,1.7655463647550746
2016-03-14,0.008822163415521887,-0.14302258495819964
2016-03-15,0.00858085419083599,-0.21427131768314914
2016-03-16,0.008426103539449094,0.6627888982888803
2016-03-17,0.00804583477369857,0.8170169104248962
2016-03-18,0.007693252855772043,0.5714055333209831
2016-03-21,0.0073539605611657585,0.1339539281044012
2016-03-22,0.00702384165777378,-0.12497048474901296
2016-03-23,0.0068449927719257475,-0.9359410220188025
2016-03-24,0.007402007932877061,-0.05108637856177241
2016-03-28,0.007141525251807426,0.07632919703454673
2016-03-29,0.006824489429457816,1.2862518353896086
2016-03-30,0.006556171112376424,0.6621059638561746
2016-03-31,0.006285173964618184,-0.3248664827918474
2016-04-01,0.006298794486920632,1.0019312552114739
2016-04-04,0.006051319473646375,-0.5310379099713829
2016-04-05,0.0062317273187472025,-1.6361913624045117
2016-04-06,0.007383514859850238,1.4156940333190875
2016-04-07,0.00708094202992786,-1.7014789725835313
2016-04-08,0.008427625932072698,0.33018819618308803
2016-04-11,0.008041582686506272,-0.34116989112204904
2016-04-12,0.00803843238437042,1.196222524691102
2016-04-13,0.007692805262484902,1.298625069488675
2016-04-14,0.007369937487165714,0.02346185845313019
2016-04-15,0.007048802067452171,-0.13970736682944632
2016-04-18,0.006888229083196799,0.9465024369910359
2016-04-19,0.0066056335035591385,0.4662290000205168
2016-04-20,0.006330770618314334,0.12024682224823618
2016-04-21,0.006066130636941095,-0.8584653330048732
2016-04-22,0.006512972024824006,0.007348193629381091
2016-04-25,0.006257858837702741,-0.2898259081581177
2016-04-26,0.0062479032063076125,0.29946049297742305
2016-04-27,0.005990492446533077,0.27510160916746607
2016-04-28,0.005746878381130195,-1.6136823239571019
2016-04-29,0.006800117809360921,-0.746450189961465
2016-05-02,0.007180271808979886,1.0834696658022285
2016-05-03,0.006882172195093064,-1.2662425672245126
2016-05-04,0.0077591915703560934,-0.7674230815775469
2016-05-05,0.00819154550364787,-0.029180902759662616
2016-05-06,0.007867810936397497,0.4028579968653387
2016-05-09,0.007516219718213071,0.10021172023273042
2016-05-10,0.007180912066457043,1.7276865558609213
2016-05-11,0.006895599722248085,-1.393283146478198
2016-05-12,0.00789862766042647,-0.021456799237875374
2016-05-13,0.007585782303811929,-1.1224200511889215
2016-05-16,0.008379306156733482,1.163458669161846
2016-05-17,0.008011804007045277,-1.1802414966526855
2016-05-18,0.00890524228024987,0.023037855674842293
2016-05-19,0.008482622831989983,-0.4377884760732559
2016-05-20,0.008572907021668253,0.7000494940206572
2016-05-23,0.008184073340892401,-0.2550852712512547
2016-05-24,0.008088834771894773,1.679925220033444
2016-05-25,0.00774950482514568,0.8968998417847994
2016-05-26,0.0074146151889051895,-0.028385296413403826
2016-05-27,0.007137490633380939,0.5993275731155825
2016-05-31,0.006834143428908495,-0.14716820491871574
2016-06-01,0.006689345904757224,0.1695828964562075
2016-06-02,0.0064055611771829555,0.440351140042751
2016-06-03,0.00614182137011367,-0.4747878619336711
2016-06-06,0.006279434815939435,0.7779885710355335
2016-06-07,0.0060279582387476015,0.21377315139874445
2016-06-08,0.005782001034295356,0.5714461053115094
2016-06-09,0.005554579398056053,-0.3095167923056936
2016-06-10,0.00557325159560946,-1.653887726408702
2016-06-13,0.0066324115296491,-1.2285574791738987
2016-06-14,0.0074479104785023795,-0.24174633639447882
2016-06-15,0.007362817046641033,-0.250231542103945
2016-06-16,0.007288014583242266,0.4292105998578539
2016-06-17,0.006971601399394201,-0.4680824329533762
2016-06-20,0.007101389831520674,0.8155280749012687
2016-06-21,0.006803375917062545,0.39809509826099476
2016-06-22,0.006515392256347103,-0.25369600655514873
2016-06-23,0.0064683423672830635,2.052390909161324
2016-06-24,0.006230226372920383,-5.871502994591135
2016-06-27,0.012597230941750505,-1.4497032400332328
2016-06-28,0.01438771681030187,1.2242471711338982
2016-06-29,0.013644112918242593,1.237841043419772
2016-06-30,0.01294730948675965,1.0406689639453448
2016-07-01,0.01228152979791932,0.1585068248876538
2016-07-05,0.011620529887227555,-0.5912836206505813
2016-07-06,0.011898139524991865,0.44869931530574736
2016-07-07,0.011278515898710812,-0.0773114028977136
2016-07-08,0.010824498755054464,1.3985115531491539
2016-07-11,0.010308584313539879,0.33009569582988657
2016-07-12,0.009796732478148072,0.7129767320813052
2016-07-13,0.009327845674864433,0.014446923724899483
2016-07-14,0.008886269336265119,0.5902840216973259
2016-07-15,0.008473776858505018,-0.10967707497960541
2016-07-18,0.008218145509724337,0.2895375628301469
2016-07-19,0.007843273982233508,-0.18311288164470263
2016-07-20,0.007690775154009007,0.5540674678992454
2016-07-21,0.007352137942112564,-0.492247273516946
2016-07-22,0.0075074428388284785,0.6052163016160939
2016-07-25,0.007180487647871037,-0.4200297929380086
2016-07-26,0.0072690091720519125,0.04439837027034573
2016-07-27,0.006949086075673777,-0.17257822593490046
2016-07-28,0.00682187083801853,0.2352610429309246
2016-07-29,0.00653016005650327,0.24960798870989873
2016-08-01,0.006255052856570084,-0.20313084103780404
2016-08-02,0.006177158321768702,-1.0331515690923172
2016-08-03,0.0067836555129490396,0.4612620304934559
2016-08-04,0.006496347163445028,0.0327182790791748
2016-08-05,0.006220488840146844,1.3771742879901656
2016-08-08,0.00598031622488153,-0.15176075267815442
2016-08-09,0.005873143798700134,0.06635594153883204
2016-08-10,0.005632968592911442,-0.5092868913024848
2016-08-11,0.005797334708538386,0.8147563216399245
2016-08-12,0.005571262192525171,-0.14294128680264984
2016-08-15,0.005472716377598448,0.5096219321612248
2016-08-16,0.005259466259971996,-1.044619728486946
2016-08-17,0.005806996348057995,0.32148220771306674
2016-08-18,0.0055730028549458984,0.39425813220837297
2016-08-19,0.005352586082064289,-0.2692734963381928
2016-08-22,0.005347605451700598,-0.10537087831412591
2016-08-23,0.005231092653353023,0.37274567811600035
2016-08-24,0.0050279652343550715,-1.0449665052915245
2016-08-25,0.005558479521149956,-0.2457795142444753
2016-08-26,0.005531010287049303,-0.2856737118013275
2016-08-29,0.0055319592058449985,0.9426006654504612
2016-08-30,0.0053230234037697196,-0.36738358237124547
2016-08-31,0.005384924317749147,-0.44173157600784496
2016-09-01,0.00549802436596496,-0.0075273201165940735
2016-09-02,0.0053057051707935095,0.7901384385457131
2016-09-06,0.005106231163332987,0.5830606321514763
2016-09-07,0.004913193378577204,-0.02979649425789431
2016-09-08,0.004766133698100921,-0.4669378438454741
2016-09-09,0.004894278441829165,-5.072809548113287
2016-09-12,0.009087593640471748,1.6033273284299532
2016-09-13,0.008699476792922461,-1.7175456218662708
2016-09-14,0.010387311182225262,-0.05659302869629305
2016-09-15,0.009943752052754317,1.0115413574350232
2016-09-16,0.009468965132110709,-0.3991384214474909
2016-09-19,0.009498694701502833,-0.001958504237689216
2016-09-20,0.00905185285707869,0.033042238860600155
2016-09-21,0.008608938334746193,1.2612473119725411
2016-09-22,0.008225484279653743,0.7876438270834708
2016-09-23,0.007853530833373203,-0.7325740589531727
2016-09-26,0.008259435269673997,-1.0442421105452921
2016-09-27,0.009032926182174017,0.711120077342635
2016-09-28,0.008607948179797171,0.613685920651961
2016-09-29,0.008208326185391643,-1.14093026014835
2016-09-30,0.00909029838481149,0.8730618349435382
2016-10-03,0.008665615391232256,-0.3768945463275712
2016-10-04,0.008687384170344658,-0.5718501322089808
2016-10-05,0.00892989788387018,0.4801271287705949
2016-10-06,0.00850729224492997,0.0565919024224215
2016-10-07,0.00810416833080855,-0.40211250662517667
2016-10-10,0.008162591264849861,0.5629744487039711
2016-10-11,0.007791173041295284,-1.6075342738985023
2016-10-12,0.009168787425740434,0.12498187090490423
2016-10-13,0.00872371576597375,-0.3558204434331338
2016-10-14,0.008720224896129685,0.023116853237371154
2016-10-17,0.008303515761875196,-0.3664252828674803
2016-10-18,0.008319533750457795,0.738203100066774
2016-10-19,0.007942578429385037,0.2756752325226621
2016-10-20,0.007579458222429122,-0.18163186483518792
2016-10-21,0.007430303738933239,-0.011324589560760179
2016-10-24,0.007129240531459096,0.6646703287002133
2016-10-25,0.006823262082603265,-0.5576449238858202
2016-10-26,0.007034286816416786,-0.24763390612996433
2016-10-27,0.0069639231594341945,-0.4295274140060198
2016-10-28,0.007058213878639901,-0.4410662801032878
2016-10-31,0.0071619582982042065,-0.017074084922940914
2016-11-01,0.0068791929765066075,-0.9899444792423696
2016-11-02,0.007495559458570969,-0.8734350637386399
2016-11-03,0.008030391455873882,-0.5520544106683987
2016-11-04,0.0082419873524852,-0.20232016871400488
2016-11-07,0.0080821985455656,2.719581758050811
2016-11-08,0.007782643525109933,0.48375315983714157
2016-11-09,0.007433513892909426,1.4819532240551805
2016-11-10,0.0071273219206145514,0.27343309840659774
2016-11-11,0.006814274850616399,-0.20529379551973267
2016-11-14,0.006716023819783792,-0.01719908390480047
2016-11-15,0.00646289496500495,1.1531914200131042
2016-11-16,0.006206144568364344,-0.2551530189045117
2016-11-17,0.0061680740446341245,0.7563899731808009
2016-11-18,0.005919724643734239,-0.4036761014008207
2016-11-21,0.0060029183944753095,1.2383480138120135
2016-11-22,0.005773494995495656,0.3746588687235362
2016-11-23,0.005540644146093355,0.1457769413828352
2016-11-25,0.005316919239308767,0.7347761810149106
2016-11-28,0.005115070630705249,-1.0299739016524028
2016-11-29,0.005642239938075205,0.2365022345570292
2016-11-30,0.005414400501809385,-0.4907155564625312
2016-12-01,0.005563413989262474,-0.6330147232546082
2016-12-02,0.005818836353783718,0.06821427789886142
2016-12-05,0.005577878240313081,1.040615566828401
2016-12-06,0.005367441816930384,0.6343961583586857
2016-12-07,0.005160900667718326,2.5339295573974496
2016-12-08,0.0050009645602741995,0.43131979658590747
2016-12-09,0.00481148558990385,1.2306840418258906
2016-12-12,0.004645842384362155,-0.24496790817313782
2016-12-13,0.004641084089240257,1.4045173661794337
2016-12-14,0.004487881934015894,-1.8160672632860166
2016-12-15,0.005495632167769323,0.7052341876670486
2016-12-16,0.0052845988527915255,-0.3315590832508213
2016-12-19,0.005323175712614777,0.3706758562441226
2016-12-20,0.005116036260169514,0.7097120146353094
2016-12-21,0.004925429966071112,-0.4995270954263077
2016-12-22,0.005077873623887932,-0.3672228496638052
2016-12-23,0.005143189841835567,0.24322114748784987
2016-12-27,0.0049439755994862685,0.45425970645608926
2016-12-28,0.004758384409708268,-1.76354829438538
2016-12-29,0.005776052934979858,-0.05078688425649322
2016-12-30,0.005601134225632437,-0.8298024131585959
2017-01-03,0.006006265564769693,1.4069918590890245
2017-01-04,0.005780224265202356,0.9871526620342375
2017-01-05,0.005558014165296572,-0.1387127811396396
2017-01-06,0.005455739094113974,0.6435038626329255
2017-01-09,0.00524543600247311,-0.6777140107865463
2017-01-10,0.00552467439531745,0.0
2017-01-11,0.005328165018039291,0.5303218611915679
2017-01-12,0.005123042298406004,-0.4191088553763762
2017-01-13,0.00522200975502702,0.35391190017731733
2017-01-17,0.005019822090499582,-0.5920358137477597
2017-01-18,0.0052336971776278255,0.3367027953664904
2017-01-19,0.005030324088436027,-0.7188080848769521
2017-01-20,0.005330057643169172,0.6304967574989017
2017-01-23,0.005125984747720858,-0.5255087126952551
2017-01-24,0.005295717919501991,1.2355530691819243
2017-01-25,0.005104831165752209,1.5659779014044155
2017-01-26,0.004929683284494762,-0.1492296548901714
2017-01-27,0.004858125901832355,-0.1784308408750896
2017-01-30,0.0048069309149178065,-1.2539546756102418
2017-01-31,0.005461757408892005,-0.163006435727692
2017-02-01,0.0053790112900663975,0.055459818176551476
2017-02-02,0.00516329414287523,0.11042307931980576
2017-02-03,0.004960053040190458,1.4593587600579476
2017-02-06,0.0047912225512168885,-0.44197435854257416
2017-02-07,0.004904739981634967,0.04624168960932285
2017-02-08,0.004715101515136915,0.14699198869519453
2017-02-09,0.004536559247955778,1.2644084255143215
2017-02-10,0.004385688017130864,0.8116643974912232
2017-02-13,0.004234141335591275,1.235701212907448
2017-02-14,0.004097421190570681,0.9760595773937464
2017-02-15,0.003962898004111134,1.2566280183260419
2017-02-16,0.003840278000207977,-0.22511172407405972
2017-02-17,0.003843456965126222,0.43636479930835426
2017-02-21,0.003712926623282334,1.6240154012897348
2017-02-22,0.0036093223835548076,-0.2999970719538409
2017-02-23,0.0036527041431482603,0.11468187809427993
2017-02-24,0.0035276119766547687,0.42301994717865754
2017-02-27,0.0034115609657740975,0.2982403884735599
2017-02-28,0.0032991487284976338,-0.7825370505107714
2017-03-01,0.003561807129462089,3.813011370375931
2017-03-02,0.0034980858723874016,-1.6800951110138809
2017-03-03,0.004236289938980099,0.11891309985637563
2017-03-06,0.004082453959444044,-0.8040807798877501
2017-03-07,0.004395700062727749,-0.663745446789827
2017-03-08,0.004639688781342722,-0.49288391352024996
2017-03-09,0.0047846230070072195,0.16711360782136822
2017-03-10,0.004602958832029017,0.7089656512135254
2017-03-13,0.004439133932298013,0.08257593142274026
2017-03-14,0.004275088380321989,-0.7917377793804041
2017-03-15,0.0045892740968267835,1.817254526255632
2017-03-16,0.004446618747767615,-0.3661287129688239
2017-03-17,0.004516451261727761,-0.2911974884743205
2017-03-20,0.004541800158618811,-0.4429776762770945
2017-03-21,0.00465591090883606,-2.681665271216196
2017-03-22,0.0063575477663953325,0.296986026191296
2017-03-23,0.00608754540882089,-0.17426270747698205
2017-03-24,0.005989091039224106,-0.14098169628893917
2017-03-27,0.00586968372778171,-0.1737925982310162
2017-03-28,0.005779364893737874,1.2501908016662786
2017-03-29,0.0055647209723232475,0.19493092451983754
2017-03-30,0.005341367740140026,0.5487004554432846
2017-03-31,0.005136163684945873,-0.43954867421451577
2017-04-03,0.005247640397639059,-0.3131836756101672
2017-04-04,0.005273100824094071,0.10607915405397168
2017-04-05,0.0050648986873687105,-0.6040667346718784
2017-04-06,0.005284955707008581,0.3647429421554413
2017-04-07,0.00507963127016562,-0.1629001041483707
2017-04-10,0.005010281980278659,0.13720787342702934
2017-04-11,0.00481616317678303,-0.29793597917856496
2017-04-12,0.004837406504153155,-0.7787307962960339
2017-04-13,0.005164793836036615,-1.323967714276083
2017-04-17,0.005903505276531756,1.4527751377137887
2017-04-18,0.005689015102799181,-0.5110907236654311
2017-04-19,0.0058503654585989225,-0.29362702364916776
2017-04-20,0.0058482145178231715,1.2873758888338276
2017-04-21,0.005631608809451289,-0.5397548391525564
2017-04-24,0.005813890224479088,1.8544788724623573
2017-04-25,0.005610583769090095,1.0822785046369197
2017-04-26,0.005400737897783741,-0.08995464784287399
2017-04-27,0.005272148646954956,0.10484662654911345
2017-04-28,0.005064482054724726,-0.37811950971438213
2017-05-01,0.005135266765001363,0.33704029529487173
2017-05-02,0.004938234341381431,0.24064139197551135
2017-05-03,0.004750350381638865,-0.26780538141870774
2017-05-04,0.00475594111787589,0.12235922889840244
2017-05-05,0.004575776908911787,0.8917304074704971
2017-05-08,0.0044165822856031215,0.008478336751505352
2017-05-09,0.0042758823128162485,-0.2398977524986155
2017-05-10,0.004274929658386034,0.2643231135353952
2017-05-11,0.004120450554207298,-0.5254647145069885
2017-05-12,0.0042752600653229835,-0.34606908543280057
2017-05-15,0.00433138346347375,1.1001432551974923
2017-05-16,0.004189007438625901,-0.16403242225115186
2017-05-17,0.004148671901347759,-4.422009888310376
2017-05-18,0.007072322770980085,0.5203437040962737
2017-05-19,0.006764575219326445,0.9970623416132219
2017-05-22,0.00648932414858678,0.7931277862163141
2017-05-23,0.006223881465767502,0.2950225164922818
2017-05-24,0.005963414524377485,0.4168809319583086
2017-05-25,0.005720799537749864,0.7747364704411863
2017-05-26,0.005498558134638996,0.05646967399448724
2017-05-30,0.005277602462663956,-0.22838983005276978
2017-05-31,0.005245610002777973,-0.08770660032060207
2017-06-01,0.00512257380801942,1.4724230177101834
2017-06-02,0.0049443672154363,0.7485031869179297
2017-06-05,0.004763564473818226,-0.25577635132793497
2017-06-06,0.004762474690946486,-0.5843408830066096
2017-06-07,0.004963185182271409,0.31573047121928
2017-06-08,0.004775292579349462,0.05594820238237558
2017-06-09,0.004594231768355858,-0.1807339960308429
2017-06-12,0.004552789675552452,-0.2150862546926847
2017-06-13,0.004531913381368793,0.9932579165647106
2017-06-14,0.004376140348331128,-0.22767253470233334
2017-06-15,0.004366831434722068,-0.513440885080237
2017-06-16,0.004517737540514421,0.06277459624770663
2017-06-19,0.004349098249247554,1.9113348861071546
2017-06-20,0.004218660090630213,-1.5927238276094067
2017-06-21,0.00500878702010417,-0.11635835002211353
2017-06-22,0.004913748792587237,-0.09277763102701517
2017-06-23,0.0048080035811673945,0.3243962965247421
2017-06-26,0.004627949809835311,0.06822717460378774
2017-06-27,0.004454058903728772,-1.8198202473000986
2017-06-28,0.005434602778875721,1.613641696250169
2017-06-29,0.005244992292819776,-1.6467549162972022
2017-06-30,0.006240644266640016,0.2454967060154456
2017-07-03,0.005979386519856521,0.3860208687767831
2017-07-05,0.00573596052619977,0.2531788755615335
2017-07-06,0.005504593175246366,-1.7100241574972357
2017-07-07,0.006593468712598647,0.9680356194637371
2017-07-10,0.006326873610597211,0.1465709860174315
2017-07-11,0.006060161662977003,-0.1292023397437824
2017-07-12,0.005930259821891064,1.227442163824169
2017-07-13,0.005705292894163645,0.3282617576721525
2017-07-14,0.005477490174982546,0.8512322288236067
2017-07-17,0.005270026470780736,-0.01004060169343092
2017-07-18,0.005096623340541564,0.1172695445937135
2017-07-19,0.004899696320691174,1.0935898605440997
2017-07-20,0.004726090208454246,-0.03251547935585448
2017-07-21,0.004594511577663056,-0.08008235978718503
2017-07-24,0.004495925530228342,-0.23672567266799138
2017-07-25,0.00448886308219155,0.6502554135539668
2017-07-26,0.004329780969349058,0.0652744349242428
2017-07-27,0.004171408698083673,-0.23329328479399924
2017-07-28,0.004169227713593229,-0.32188591516369597
2017-07-31,0.00421358214386608,-0.17287210968939662
2017-08-01,0.004177430440733845,0.5855563149744972
2017-08-02,0.004032124736462501,0.12215083598321624
2017-08-03,0.003887377744369068,-0.5623435587428102
2017-08-04,0.004055747785397653,0.4653448679266317
2017-08-07,0.003913915513095218,0.4205110301369349
2017-08-08,0.003777956572838544,-0.6398570718798225
2017-08-09,0.003982971744119535,-0.091307399619224
2017-08-10,0.003910899675281551,-3.7280982922917474
2017-08-11,0.006099511005348197,0.2089933319031087
2017-08-14,0.005843347018397855,1.710261467372117
2017-08-15,0.005637364840111794,-0.08850453022543875
2017-08-16,0.005494477354117044,0.25827670802378744
2017-08-17,0.005274916698086396,-2.9493058142198727
2017-08-18,0.00740745206495032,-0.24800074914343986
2017-08-21,0.007322754007818388,0.15868015139182293
2017-08-22,0.00699346549209494,1.4144196853200566
2017-08-23,0.006716829924182013,-0.5150599571062554
2017-08-24,0.006885210614388737,-0.30160540663762403
2017-08-25,0.0068656646148362414,0.2434537313875865
2017-08-28,0.006567901138749121,0.07414141336923989
2017-08-29,0.006285573357286998,0.1340318080980171
2017-08-30,0.006020886278344818,0.7647598003339331
2017-08-31,0.005782183495936713,0.9865950447132502
2017-09-01,0.005560401417338774,0.35619335614141884
2017-09-05,0.005340577432597993,-1.4192207954670875
2017-09-06,0.006165906294249206,0.5066315224507439
2017-09-07,0.005914592643027452,-0.03017148527776839
2017-09-08,0.005718748676390457,-0.26053953893961446
2017-09-11,0.005695736432559859,1.8928149721812286
2017-09-12,0.005495468948811264,0.6111039160014435
2017-09-13,0.005283241111446412,0.14325188499220295
2017-09-14,0.005076118882106352,-0.21696179234697163
2017-09-15,0.005041697038786929,0.36604292799857246
2017-09-18,0.004850035679119605,0.2999693250489431
2017-09-19,0.004667375091708589,0.2377309718910368
2017-09-20,0.004492920565981394,0.14114353748230193
2017-09-21,0.004326061273739937,-0.7051601338688035
2017-09-22,0.004585177496188406,0.14123422609158043
2017-09-25,0.004413128875051868,-0.504069281191761
2017-09-26,0.004557158111375866,0.015835335121520196
2017-09-27,0.0044033027988893995,0.9258555652852344
2017-09-28,0.004251896951548299,0.2831420052406283
2017-09-29,0.004097605463453083,0.9025424974375024
2017-10-02,0.0039606213001244645,0.9762404776218552
2017-10-03,0.003831468926269582,0.5628418828806308
2017-10-04,0.0037014031465027897,0.33661387635951234
2017-10-05,0.003574055165815181,1.5754944370057273
2017-10-06,0.0034743137121031244,-0.3091865773369216
2017-10-09,0.003519482003585125,-0.5131618420478783
2017-10-10,0.003657646002172122,0.6342110825107504
2017-10-11,0.0035368029062649653,0.5094665938187591
2017-10-12,0.003419466521474211,-0.49369605163529656
2017-10-13,0.003547213036206616,0.24743989038355998
2017-10-16,0.0034257395497253483,0.5106116524374541
2017-10-17,0.0033129031557550103,0.20294976153031277
2017-10-18,0.0032009916015742486,0.23182176140820077
2017-10-19,0.0030939251263059375,0.10599613811665065
2017-10-20,0.0029899878679692056,1.7069621718888073
2017-10-23,0.002919750776603876,-1.3632654351501254
2017-10-24,0.0034010952107167924,0.47531773572948455
2017-10-25,0.0032889360932229833,-1.4211147783902578
2017-10-26,0.003844998314303907,0.3303354505714378
2017-10-27,0.0037101303361710995,2.1672041818416035
2017-10-30,0.0036140833069524614,-0.8847547511121219
2017-10-31,0.003936202763689021,0.23982833033605422
2017-11-01,0.0037962267040484044,0.4190593007017148
2017-11-02,0.0036652277241420563,0.05182427504183586
2017-11-03,0.0035423147136440904,0.8729572543071321
2017-11-06,0.0034301423850764024,0.3703764281923832
2017-11-07,0.0033153898173487813,-0.05704330878150983
2017-11-08,0.0032558743325698226,0.44308034792054224
2017-11-09,0.0031496798807387327,-1.1966236195678766
2017-11-10,0.0035814522675656794,-0.25074939129759904
2017-11-13,0.0035975239672206643,0.2732854374984059
2017-11-14,0.0034732079376062043,-0.6657478048596376
2017-11-15,0.0036799366896242674,-1.5057320843987816
2017-11-16,0.004334044538260944,1.8833799955012467
2017-11-17,0.004206076884794794,-0.6251471504010998
2017-11-20,0.004414983739102242,0.2887598152399847
2017-11-21,0.004250323133544709,1.5339631070155242
2017-11-22,0.004117562009229947,-0.18227842146565854
2017-11-24,0.0040878759282990266,0.5024575878179764
2017-11-27,0.003943242009607149,-0.09746588869446275
2017-11-28,0.0038767213103104276,2.5279950278419783
2017-11-29,0.0037787036585334205,-0.09773031075274351
2017-11-30,0.003719339548853681,2.193289038459962
2017-12-01,0.003623745598393224,-0.5592508857972235
2017-12-04,0.0037864511514853795,-0.2780203697791095
2017-12-05,0.003813106315843961,-0.9825035589457215
2017-12-06,0.004199875478816231,-0.027170369956459623
2017-12-07,0.0040872462830213495,0.7163911365636454
2017-12-08,0.003946560592652916,1.3913892632843021
2017-12-11,0.003825625450748145,0.8356390772836166
2017-12-12,0.003699633314543048,0.41834516842674274
2017-12-13,0.003572600765916748,-0.1324158508456816
2017-12-14,0.0035369839829385873,-1.1532898510254086
2017-12-15,0.003988674273546042,2.239920534348433
2017-12-18,0.0038822001358546606,1.3776926465485893
2017-12-19,0.003765172324579128,-0.8593226987239063
2017-12-20,0.004085350835100063,-0.20273315732312472
2017-12-21,0.004068141277000132,0.4876150746959999
2017-12-22,0.00392393765910298,-0.11678871529741931
2017-12-26,0.003869006042052845,-0.2737074299054392
2017-12-27,0.003892729464607616,0.20310384202925716
2017-12-28,0.0037536815254545965,0.4881391749657008
2017-12-29,0.003625231692006288,-1.4334621161473027
2018-01-02,0.0042343661906844455,1.9528491032705606
2018-01-03,0.004110469031100969,1.5517531443918864
2018-01-04,0.003985396311417496,1.0088188328494243
2018-01-05,0.0038549648093681088,1.818212677727274
2018-01-08,0.003749935325531017,0.44293131030519733
2018-01-09,0.0036191193190280167,0.35977910715789807
2018-01-10,0.003493342033893868,-0.3185619388891794
2018-01-11,0.0035443525417509104,1.9775193596906535
2018-01-12,0.003456320414399513,1.9462681674619593
2018-01-16,0.003376763041165231,-1.045591064152593
2018-01-17,0.0037669192413577117,2.4877109399151878
2018-01-18,0.003693521000355441,-0.43798248265484974
2018-01-19,0.0037987673354179102,1.1518599589380816
2018-01-22,0.0036854309776839377,2.180033876869048
2018-01-23,0.0036160792753810013,0.6006519223761351
2018-01-24,0.003492901291324891,-0.16036311951416077
2018-01-25,0.003469914214234385,0.17361795181023648
2018-01-26,0.0033449497697461,3.5192271682385923
2018-01-29,0.0033298571656554476,-2.028536345201672
2018-01-30,0.004236534798160252,-2.586699585259226
2018-01-31,0.0057470477997351695,0.08506382332807942
2018-02-01,0.005493166788624384,-0.1180190547582752
2018-02-02,0.005369746282716477,-3.9921216735504483
2018-02-05,0.008676660680200447,-4.822424488013338
2018-02-06,0.015589075965511557,1.109146776062285
2018-02-07,0.014787265772113282,-0.33908487891037065
2018-02-08,0.014547602610611037,-2.629921456467013
2018-02-09,0.019464949090392928,0.7616585653872278
2018-02-12,0.018302358216004913,0.7550210478397233
2018-02-13,0.01722828427732611,0.1514673160873978
2018-02-14,0.016149550875068003,0.8243845238724535
2018-02-15,0.015248878589533396,0.7867373135891099
2018-02-16,0.014408594782143127,0.025915063582991598
2018-02-20,0.013546105206384086,-0.4324871996473322
2018-02-21,0.013531716476679828,-0.4073145112675871
2018-02-22,0.013473636169054526,0.0722208521418226
2018-02-23,0.01269211057103007,1.2528474406309933
2018-02-26,0.012077192148678582,0.967810934589302
2018-02-27,0.011476583140937403,-1.114296065686172
2018-02-28,0.012581892983249769,-0.8868145753990156
2018-03-01,0.01336208566051767,-1.0038826419524853
2018-03-02,0.014392897379342785,0.35147790968475573
2018-03-05,0.013570491807583893,0.8084907876658008
2018-03-06,0.01285382285389402,0.20502717066763684
2018-03-07,0.012131499868318619,-0.03989546477930098
2018-03-08,0.011539323943048928,0.38591066780540406
2018-03-09,0.010926209658782089,1.5769006159751673
2018-03-12,0.010451466968993095,-0.12197305333115505
2018-03-13,0.010079330126798245,-0.6333665366651589
2018-03-14,0.01040179648193935,-0.5519209912591976
2018-03-15,0.010613761403520359,-0.07370020573831149
2018-03-16,0.010168297174209995,0.16738278967189343
2018-03-19,0.009632677646363542,-1.4851571978820253
2018-03-20,0.011127543772827118,0.13306698153236776
2018-03-21,0.010523365047432174,-0.17538991732302117
2018-03-22,0.010218182793149821,-2.4940723305458525
2018-03-23,0.013455764472021561,-1.5747754321807699
2018-03-26,0.015622141115549762,1.7151964322844264
2018-03-27,0.014866332280219297,-1.1722653117682182
2018-03-28,0.01634289215322483,-0.1787271721600595
2018-03-29,0.01573063694175077,0.8693721395061025
2018-04-02,0.01486369981211846,-1.5198559328464158
2018-04-03,0.017104457317967888,0.7329061122899599
2018-04-04,0.016120404500683153,0.7133879516459619
2018-04-05,0.015207229823199114,0.44974801335729436
2018-04-06,0.014333309016533381,-1.5463328831813776
2018-04-09,0.016561829993125346,0.20112481344008262
2018-04-10,0.015557719765594264,1.0662615888607863
2018-04-11,0.014725230043313598,-0.3762715934598797
2018-04-12,0.014579354592344662,0.5635982474814925
2018-04-13,0.013763729546170632,-0.21003026955809245
2018-04-16,0.013351462283095958,0.6049027911938006
2018-04-17,0.012627548052627589,0.8398361716517133
2018-04-18,0.011975369683236158,0.06939413392106068
2018-04-19,0.011302752724359974,-0.5080693115983989
2018-04-20,0.011447065325535284,-0.7489410555933212
2018-04-23,0.011963925615878999,0.004699971647226943
2018-04-24,0.011313699180072483,-1.1906705129832695
2018-04-25,0.012536312212823428,0.1464046365203469
2018-04-26,0.01182947810405548,0.8774811615584032
2018-04-27,0.011233769449713153,0.09907674145763422
2018-04-30,0.010616091321764052,-0.7744086123360988
2018-05-01,0.011150254554751115,0.22831785216438266
2018-05-02,0.010547827969486995,-0.6856341630070909
2018-05-03,0.010950936471579993,-0.2060296478679302
2018-05-04,0.010664181571957951,1.1936977950383019
2018-05-07,0.010171484945359101,0.33937822978002047
2018-05-08,0.009644575373932651,-0.027546740155245247
2018-05-09,0.009197354348365225,1.0476543112184624
2018-05-10,0.008785709536501742,1.0616116507264126
2018-05-11,0.00840062864993487,0.20309661836732038
2018-05-14,0.007981782122667565,0.11063939062159744
2018-05-15,0.0075839739799546954,-0.9052846254664911
2018-05-16,0.008166652680006235,0.4962057291153351
2018-05-17,0.0077808910409311064,-0.11004379628318732
2018-05-18,0.007534819003282003,-0.34979808451970273
2018-05-21,0.0075373383702639915,0.9764195510935824
2018-05-22,0.007220192570970707,-0.4349868181497901
2018-05-23,0.007312147269149758,0.4435284311876704
2018-05-24,0.006976281286301435,-0.2903069521722968
2018-05-25,0.006935693136626266,-0.3402692431305688
2018-05-29,0.006942210869670115,-1.675485336034573
2018-05-30,0.00830330529199441,1.5193799226058968
2018-05-31,0.007972235757122999,-0.8659218635457486
2018-06-01,0.008531672383179706,1.2647930235241442
2018-06-04,0.008170218602401582,0.5470594014508121
2018-06-05,0.007788460619933496,0.09017780327200232
2018-06-06,0.007405686740562309,1.1519391700146302
2018-06-07,0.007104245574636395,-0.10056572713864359
2018-06-08,0.0068876231444972265,0.4531358412437684
2018-06-11,0.00658021367521125,0.1623255808491217
2018-06-12,0.006277355282377206,0.2774842589512096
2018-06-13,0.0059978017040155825,-0.6726221940133216
2018-06-14,0.006298893643858371,0.39189430113821166
2018-06-15,0.00602334129679249,-0.16894614888185008
2018-06-18,0.005914223721156234,-0.35987667718301974
2018-06-19,0.005959265281750337,-0.6765125834786255
2018-06-20,0.006263074367123887,0.273139056609698
2018-06-21,0.005983611390990601,-1.0638606733058977
2018-06-22,0.006622661342612662,0.28088455062090545
2018-06-25,0.00632167630869851,-2.1860851921119426
2018-06-26,0.008116976373185942,0.2713018252672267
2018-06-27,0.007719706929632069,-1.1194189613559422
2018-06-28,0.008554898694624535,0.7200178796859315
2018-06-29,0.008156252634689916,0.09294904430648768
2018-07-02,0.007746502815050798,0.3954379037134078
2018-07-03,0.007380990258944281,-0.6719463251592458
2018-07-05,0.00771268642304038,1.112952903140797
2018-07-06,0.0073903666758569,1.1427738258468694
2018-07-09,0.007088092190056346,1.2393025584042339
2018-07-10,0.0068081107875580275,0.5092821528636954
2018-07-11,0.006507989024383094,-1.0939610293198323
2018-07-12,0.007215401709284216,1.20727742281665
2018-07-13,0.0069264093312851405,0.15573083902745088
2018-07-16,0.0066016367289528765,-0.15581963430175935
2018-07-17,0.006457906700252678,0.6141036914156764
2018-07-18,0.0061834371650842405,0.349026280872363
2018-07-19,0.005913498998056967,-0.6697941185667458
2018-07-20,0.00621071700331163,-0.15278393312210753
2018-07-23,0.006081606231990158,0.30195350918501757
2018-07-24,0.005815467672837202,0.8201436504120032
2018-07-25,0.005587260063633338,1.6216240101915878
2018-07-26,0.005406550625286887,-0.5617080018937681
2018-07-27,0.005609249166051895,-1.1737461556693112
2018-07-30,0.006308276700431663,-0.9147964792337369
2018-07-31,0.006834141580748956,0.7130137943042855
2018-08-01,0.006541970121944237,-0.1591100307962508
2018-08-02,0.00640358373936104,0.7674373885363076
2018-08-03,0.006139760017004946,0.7546601255611043
2018-08-06,0.005890613968816254,0.5995949945963048
2018-08-07,0.005648985753629857,0.49924037154348083
2018-08-08,0.005416924545749688,-0.04844342783042819
2018-08-09,0.0052483496421411105,-0.27488920811524514
2018-08-10,0.005244472798065889,-1.361302181961533
2018-08-13,0.006057634113422937,-0.6626411550815869
2018-08-14,0.006351654012478313,1.0027199220715657
2018-08-15,0.006101600329297003,-1.2506896829569842
2018-08-16,0.006918148559642775,1.1402204628351484
2018-08-17,0.006642512256425611,0.49945054629799507
2018-08-20,0.006351212012905032,0.38182868044730495
2018-08-21,0.006072311193956037,0.34029875752803196
2018-08-22,0.005808510466695987,-0.06855992711507033
2018-08-23,0.0056333681029281935,-0.3004763567030081
2018-08-24,0.005638675298995913,1.0959499528879466
2018-08-27,0.005431988657976076,1.406693181490817
2018-08-28,0.0052492974605773506,0.05129106887545044
2018-08-29,0.005023072305476952,1.1318257279938504
2018-08-30,0.004850489872742567,-0.9154069302175112
2018-08-31,0.005289398366674831,0.02542226128253095
2018-09-04,0.005077939671768898,-0.3260558722436024
2018-09-05,0.00511320395467325,-0.548983147582166
2018-09-06,0.005302725595778249,-0.6900208148676967
2018-09-07,0.0055983327113749756,-0.39579603593609747
2018-09-10,0.005675509952296522,0.3340718685421205
2018-09-11,0.0054344323792425596,0.6868915517235821
2018-09-12,0.005221822162384259,0.06829193695312948
2018-09-13,0.004997056695530499,1.0542910517912583
2018-09-14,0.004823003432854477,0.05711045090487931
2018-09-17,0.004621055990043612,-1.208661181250108
2018-09-18,0.00524646133168146,1.0206218113703633
2018-09-19,0.005057778400022647,0.24763600421214418
2018-09-20,0.00484924062019289,1.6105643743077112
2018-09-21,0.004704308442868317,-0.07835390503900637
2018-09-24,0.0045917194015301175,-0.7670073029376073
2018-09-25,0.004915315207718011,-0.2656896735874648
2018-09-26,0.004913050678039735,-0.6706016072429476
2018-09-27,0.005182761348466309,0.5324335895434561
2018-09-28,0.004977795336164892,-0.0013801580165648305
2018-10-01,0.004801534192351198,0.756943967615125
2018-10-02,0.004625993650215806,-0.08576944550286844
2018-10-03,0.004520474258103604,0.15734338834996164
2018-10-04,0.00433824446448309,-1.8908651847925328
2018-10-05,0.005403856510214428,-1.0258071386878178
2018-10-08,0.005962511439773155,-0.066279907777273
2018-10-09,0.005774543479329957,-0.24571809689091503
2018-10-10,0.005731763480935098,-5.830036280064691
2018-10-11,0.011999721801496032,-1.7323384922098577
2018-10-12,0.014348649303017706,0.9831054554667787
2018-10-15,0.013578881627889386,-0.4361539082229081
2018-10-16,0.013558455787563513,1.568602528793058
2018-10-17,0.012919808936245569,-0.019558668701042857
2018-10-18,0.012211096070223238,-1.187157196370791
2018-10-19,0.013536982118793863,-0.0266850566920957
2018-10-22,0.0127974637226727,-0.33669148745808863
2018-10-23,0.012631590365293604,-0.43755980211965423
2018-10-24,0.012642578894151917,-2.4797768021556217
2018-10-25,0.01667406004893497,1.1067321291008845
2018-10-26,0.015744737422634873,-1.110157479341315
2018-10-29,0.017182950899310802,-0.38300803708041026
2018-10-30,0.01696090243757572,0.9165386705744147
2018-10-31,0.01598203797166855,0.6753130466654753
2018-11-01,0.015047761276765135,0.6979442772491308
2018-11-02,0.014187032837894553,-0.44665583905284106
2018-11-05,0.014185131284705561,0.3937005294562221
2018-11-06,0.013359923585295683,0.4670526522528835
2018-11-07,0.012603776194215783,1.6651421159323063
2018-11-08,0.012007637882312511,-0.20920592485479825
2018-11-09,0.011670393493500455,-0.7918829746845536
2018-11-12,0.012274626741824666,-1.6210799239757714
2018-11-13,0.014418204857424162,-0.10285738320674298
2018-11-14,0.013761384437066098,-0.5519930682258081
2018-11-15,0.013965150723745712,0.7545949879885152
2018-11-16,0.013191427069030686,0.1683546083271784
2018-11-19,0.012422356163944064,-1.3510449237024849
2018-11-20,0.0140653527669038,-1.3023488184163354
2018-11-21,0.015781298024893146,0.19254875650746572
2018-11-23,0.014813644250310131,-0.44394340789692716
2018-11-26,0.014792685157365433,1.0419322578289592
2018-11-27,0.013988002597424965,0.23279838146526824
2018-11-28,0.013164358003134768,1.7254203583422383
2018-11-29,0.012538036272338952,-0.17430915798316632
2018-11-30,0.012118645311758191,0.6714898825136745
2018-12-03,0.011470377674162167,0.9487047509233174
2018-12-04,0.010889877772620384,-3.021175216610274
2018-12-06,0.015470432107520353,-0.09847093497818099
2018-12-07,0.014737681153922592,-1.6010887472648425
2018-12-10,0.01719191730620058,0.10240877684316839
2018-12-11,0.016105129508566,-0.022130196166167602
2018-12-12,0.01517476602962634,0.3561749156329093
2018-12-13,0.014276272840719608,-0.014005778304018555
2018-12-14,0.013471499254855307,-1.4305172649402478
2018-12-17,0.015382446503418315,-1.3646909042662008
2018-12-18,0.01736425347195131,0.004975558202262271
2018-12-19,0.016276643198347963,-0.9532345820243131
2018-12-20,0.017366953464488865,-0.9154057743409919
2018-12-21,0.018412223706681847,-1.1298537770313584
2018-12-24,0.020066778575261207,-1.3697551291167527
2018-12-26,0.022550391850738646,2.1464450813620846
2018-12-27,0.02135284684965485,0.3993017431750052
2018-12-28,0.01996300586846471,-0.062232807945712704
2018-12-31,0.018827390939470737,0.44916610535122964
2019-01-02,0.017650839362709274,0.07182055405843989
2019-01-03,0.0165249810356894,-1.516996102130152
2019-01-04,0.01901870275913086,1.7750631832204982
2019-01-07,0.01799837652366627,0.3881447855057238
2019-01-08,0.01688037964970133,0.5715859202649934
2019-01-09,0.01587001322913132,0.25769804182107525
2019-01-10,0.014903655796076545,0.302492317062832
2019-01-11,0.014014803910191675,-0.010439571286181414
2019-01-14,0.013217677448551122,-0.3988139828474429
2019-01-15,0.013149547924440914,0.8110255151767457
2019-01-16,0.012437218127428196,0.17845795630082423
2019-01-17,0.011719691731488353,0.6453011631625539
2019-01-18,0.01109177864479447,1.1807766147588754
2019-01-22,0.010557870384283569,-1.3505069023386334
2019-01-23,0.012005353595164468,0.18329238718435717
2019-01-24,0.011323966986399566,0.12140446123067589
2019-01-25,0.010686540692575295,0.7909825961164881
2019-01-28,0.010144194831736826,-0.7765797068548334
2019-01-29,0.010680761374686192,-0.13644232690834895
2019-01-30,0.010303467242613105,1.4975162756616318
2019-01-31,0.009842613440322077,0.8697536342023173
2019-02-01,0.009363399006003175,0.09592740672810493
2019-02-04,0.008863964628538883,0.7618917042759807
2019-02-05,0.008440218511987419,0.5565460693557577
2019-02-06,0.008029676009400116,-0.2773356876294028
2019-02-07,0.007941768704250597,-1.1837656764290918
2019-02-08,0.00888844236878962,0.07605073397183429
2019-02-11,0.008423221507893049,0.08415447737587865
2019-02-12,0.00798943498246777,1.6030987086000943
2019-02-13,0.00767353089841826,0.3934866013680082
2019-02-14,0.007305310198275307,-0.36345662424098724
2019-02-15,0.007328262759561405,1.4764760789780382
2019-02-19,0.007042799417722261,0.21264574464848973
2019-02-20,0.0067065558518065805,0.26474595902491666
2019-02-21,0.006393370070103709,-0.5525519854326837
2019-02-22,0.006601380255013311,0.9680761367833239
2019-02-25,0.006328955898749958,0.1945193598196596
2019-02-26,0.006037077179845913,-0.1309855165476919
2019-02-27,0.005894618525345329,-0.09232106097419067
2019-02-28,0.005728544646007941,-0.4939313165556635
2019-03-01,0.005884748996888261,1.1677059790225541
2019-03-04,0.005662068421495565,-0.6866938203173824
2019-03-05,0.005973778316095238,-0.18952385405006883
2019-03-06,0.005882722055424353,-1.1126606938856365
2019-03-07,0.006571570806934505,-1.2415465613976628
2019-03-08,0.007449138335831128,-0.2864712716086519
2019-03-11,0.007395162946975198,1.968791718030352
2019-03-12,0.007119440683052577,0.4142131185705424
2019-03-13,0.006789709697065017,1.020006313379304
2019-03-14,0.006505881950851964,-0.13347910985106032
2019-03-15,0.006347159397317476,0.7834243788696964
2019-03-18,0.006080032556168367,0.6084008210047592
2019-03-19,0.005821912671004213,-0.022427351165365067
2019-03-20,0.005609595960910972,-0.5256522504146708
2019-03-21,0.005792725402567278,1.8633742745521824
2019-03-22,0.005599054105001695,-3.4214399030650195
2019-03-25,0.008560256888700525,-0.09805463132981043
2019-03-26,0.008256813058939298,0.8668057393143551
2019-03-27,0.007876513289433361,-0.5910157331727162
2019-03-28,0.008137939706886222,0.4402901525836526
2019-03-29,0.0077436975033261714,0.8667314342329879
2019-04-01,0.007396026166972961,1.5551858874442177
2019-04-02,0.00710210323285895,0.002457800779024976
2019-04-03,0.00678931446776877,0.3160955984992815
2019-04-04,0.006477531142786619,0.32149057983504004
2019-04-05,0.006185753447647155,0.7478018097955168
2019-04-08,0.005927663210716741,0.1766145803680053
2019-04-09,0.005664419092226167,-1.0744219904247687
2019-04-10,0.006298395920701076,0.5512257086107805
2019-04-11,0.006026217497438296,0.0063260810547394325
2019-04-12,0.005781328671563629,1.1394575129325784
2019-04-15,0.005560605711789195,-0.11321918456141153
2019-04-16,0.005432153787218742,0.09374335578227884
2019-04-17,0.005196301187634711,-0.43808100003046363
2019-04-18,0.005313042305774724,0.296976145387539
2019-04-22,0.005090419255863083,0.1987077617953295
2019-04-23,0.004877459503063614,1.8047000020125425
2019-04-24,0.004728164940912936,-0.46406346446366564
2019-04-25,0.004863145120676293,-0.07588540566136329
2019-04-26,0.0047425377491399625,0.9856221648740429
2019-04-29,0.004573481815163911,0.23416481086330018
2019-04-30,0.00439118449881683,0.21656222803840966
2019-05-01,0.004218267342608077,-1.785198812372064
2019-05-02,0.005207806566637963,-0.4082802656886801
2019-05-03,0.005302971917185546,1.8088210966818852
2019-05-06,0.005130892357343882,-0.873339933288309
2019-05-07,0.005566700156340907,-2.990908010365949
2019-05-08,0.008032315946631128,-0.2000313981790246
2019-05-09,0.007866070568258478,-0.38468999682496446
2019-05-10,0.007903075200762307,0.4698669790667077
2019-05-13,0.007524126734696843,-3.246419152651603
2019-05-14,0.01116911392709867,0.7148272974318429
2019-05-15,0.010578352690960637,0.5503687103094399
2019-05-16,0.010018449894183783,0.8839648059367679
2019-05-17,0.009521112892498825,-0.6148900070974054
2019-05-20,0.009827558875147342,-0.6891088683814846
2019-05-21,0.010239152496727102,0.8262352861621198
2019-05-22,0.009723389186202476,-0.29088544228108226
2019-05-23,0.009601028383178962,-1.248375878388317
2019-05-24,0.010796984618507931,0.1252797720688173
2019-05-28,0.010198564480624821,-0.8247190098409711
2019-05-29,0.010813195341347922,-0.6414302108007791
2019-05-30,0.011168897032620084,0.18768842338457306
2019-05-31,0.010548101391279515,-1.2592982146943612
2019-06-03,0.011851587948618007,-0.23364553900397766
2019-06-04,0.011560663014191081,1.8343175521202248
2019-06-05,0.0110265341782942,0.7371969149485473
2019-06-06,0.010451455167981284,0.5852621073038845
2019-06-07,0.009907582980956904,1.054039039322877
2019-06-10,0.009427379163881184,0.4931614602474469
2019-06-11,0.008949464467966158,-0.03910194394358294
2019-06-12,0.00855957335588396,-0.2382896602942147
2019-06-13,0.008418376349942967,0.4857243645180347
2019-06-14,0.008008062094240266,-0.20139851154658275
2019-06-17,0.007848599804962102,0.11866007383429035
2019-06-18,0.007459463157165217,1.2964055709131523
2019-06-19,0.00714642132620763,0.4170922279789188
2019-06-20,0.006815202005917284,1.3833200142399305
2019-06-21,0.006544933303173025,-0.19251781819031463
2019-06-24,0.006436482228583781,-0.2693068044046162
2019-06-25,0.0063987320674239265,-1.4911978716791834
2019-06-26,0.007507366574576014,-0.16446455178903138
2019-06-27,0.007332868322027002,0.5203810603182748
2019-06-28,0.006994767510699185,0.8207480565748848
2019-07-01,0.006689656794695257,1.142512814261897
2019-07-02,0.006415717076510352,0.45573195359470936
2019-07-03,0.00613212717581673,1.246402013778461
2019-07-05,0.005894544409551463,-0.3066452772193028
2019-07-08,0.005902854472555136,-0.8211574641827704
2019-07-09,0.006337359170296804,0.19500126555016176
2019-07-10,0.006049876574966449,0.7439072318772485
2019-07-11,0.00579857417253034,0.39365187217274605
2019-07-12,0.005549994467512905,0.8305475490197471
2019-07-15,0.00533034219537827,0.03299107673366184
2019-07-16,0.005110611350781006,-0.6671578644870043
2019-07-17,0.005393884036293745,-1.2148324698868163
2019-07-18,0.006123517151509831,0.5839124183619362
2019-07-19,0.005862127313595634,-1.0569353296838495
2019-07-22,0.006499735077705393,0.43458720278290286
2019-07-23,0.006210161294768884,1.0988676163733144
2019-07-24,0.005961328059413167,0.784589065869447
2019-07-25,0.005716276441270338,-0.9230303218904578
2019-07-26,0.006228142654849311,1.1818187505791304
2019-07-29,0.005980885076357686,-0.2704318689302584
2019-07-30,0.005958721233007028,-0.4333119928051272
2019-07-31,0.006069269820619563,-1.8033811769176034
2019-08-01,0.007438685064876553,-1.215205038251732
2019-08-02,0.008378374082702332,-0.8724113374999312
2019-08-05,0.008982755475779782,-3.365357350670904
2019-08-06,0.013515718719661033,0.9568876194762178
2019-08-07,0.0127728131734941,0.06001671859177406
2019-08-08,0.01201303443221189,1.5473577947151873
2019-08-09,0.011424258123617472,-0.5810962131478259
2019-08-12,0.011692370400573865,-1.059991147330289
2019-08-13,0.012770601382893085,1.1760093214889074
2019-08-14,0.012096713806123916,-2.457721405253435
2019-08-15,0.01600120905500292,0.15381567041091013
2019-08-16,0.014988149062822843,0.9556255487058265
2019-08-19,0.014131956471120321,0.8514868828663652
2019-08-20,0.013329896142421478,-0.5961198217311623
2019-08-21,0.013625911284855291,0.6027471767324091
2019-08-22,0.012842683437584976,-0.039415668986814936
2019-08-23,0.012177331169280138,-2.1588376596964856
2019-08-26,0.01544666531605096,0.7071502170405389
2019-08-27,0.014532540479294205,-0.2207681310179648
2019-08-28,0.014085817560076463,0.4631716620449743
2019-08-29,0.013258326533736566,0.9509105398040804
2019-08-30,0.012529748225728792,0.0512844111709375
2019-09-03,0.011793926298673478,-0.5869978459560126
2019-09-04,0.01207393388480805,0.8931409912712752
2019-09-05,0.011426939968902993,1.1311788595140762
2019-09-06,0.010841011967525934,0.08395810345965497
2019-09-09,0.010234083070788467,-0.00918642913580011
2019-09-10,0.009713451144056062,0.03317589404129504
2019-09-11,0.009185389344274495,0.7842533458722952
2019-09-12,0.008732349119078161,0.32923744104001235
2019-09-13,0.008286512076861327,-0.08745258200836233
2019-09-16,0.0079855202085588,-0.39327593373198527
2019-09-17,0.008031643102357183,0.32103336012348027
2019-09-18,0.007631810574697077,0.044895412551706294
2019-09-19,0.007246450320125651,0.0027564560643347537
2019-09-20,0.006916473969488933,-0.7095521687104865
2019-09-23,0.007291687437898513,-0.01329467543058948
2019-09-24,0.006974155517100011,-1.2119014184338694
2019-09-25,0.007880662423516392,0.779082380643852
2019-09-26,0.007511921890657359,-0.3237348637286869
2019-09-27,0.007494824553172782,-0.7112287340832584
2019-09-30,0.007888338387835658,0.6382725952797951
2019-10-01,0.0075125034008849245,-1.6418131596400234
2019-10-02,0.008988398385555431,-2.0098579761078272
2019-10-03,0.011264416081484175,0.7049015871242572
2019-10-04,0.010657592451629047,1.3245754426556255
2019-10-07,0.010131328185768755,-0.4430171633356312
2019-10-08,0.01020506096318776,-1.5368021424549474
2019-10-09,0.01194831673360069,0.7585417023101066
2019-10-10,0.011294705777857787,0.5662123952197139
2019-10-11,0.010677172821408409,1.018956970704338
2019-10-14,0.01013078718370275,-0.13701617140390498
2019-10-15,0.00978442125815967,1.0124712658121775
2019-10-16,0.009299113660517859,-0.21524035798074503
2019-10-17,0.009096540160302079,0.3033045444921092
2019-10-18,0.008623717296097273,-0.4553773709136678
2019-10-21,0.008734408357485714,0.7840386921531566
2019-10-22,0.008308789329724925,-0.4302731862013473
2019-10-23,0.008393767299303958,0.3387160073005313
2019-10-24,0.007971023074408758,0.24069741628652988
2019-10-25,0.007572573338814599,0.5367302934952018
2019-10-28,0.0072127093087039395,0.7716684089016793
2019-10-29,0.006885681318159732,-0.12093965985382858
2019-10-30,0.006695241168102991,0.48513404062751686
2019-10-31,0.006389351726460002,-0.47382563429747854
2019-11-01,0.006534709958302199,1.4715160460075785
2019-11-04,0.006277835757978456,0.5889363704066322
2019-11-05,0.006002154436658158,-0.19766280996937458
2019-11-06,0.005918208372616716,0.11865932188834072
2019-11-07,0.0056485345453474054,0.48266948221580147
2019-11-08,0.005406745988360055,0.47300227357127933
2019-11-11,0.005178780491088168,-0.3793162148345353
2019-11-12,0.005255874702854169,0.29746205715564206
2019-11-13,0.005031247025982727,0.14137281800000054
2019-11-14,0.004815016968572162,0.17376732416876853
2019-11-15,0.0046118434352004165,1.6622482713659723
2019-11-18,0.004470824632553618,0.11251309638673627
2019-11-19,0.0042868043226136025,-0.13827785340386067
2019-11-20,0.004227488810234646,-0.8901871985633291
2019-11-21,0.004635113938653228,-0.3417404851646099
2019-11-22,0.004693997925803332,0.4628408398804917
2019-11-25,0.004507031365296287,1.6594630215038724
2019-11-26,0.004368075321812129,0.5020892460319456
2019-11-27,0.004201030814441129,0.9915984455481496
2019-11-29,0.004056673708961939,-0.9907837105826769
2019-12-02,0.004516412956068122,-1.9193292947931775
2019-12-03,0.005703163011737646,-1.167812535664162
2019-12-04,0.006444419376229984,0.9781575718086911
2019-12-05,0.006171375878511271,0.24291615940133537
2019-12-06,0.0058892342915680875,1.5442153563912695
2019-12-09,0.005669044460150394,-0.5587949974185704
2019-12-10,0.005886930328717513,-0.18643607240069066
2019-12-11,0.005799249833712079,0.5007436500612357
2019-12-12,0.0055492480834899915,1.5387070909587675
2019-12-13,0.005347744625433016,0.01357191775202127
2019-12-16,0.005137029153824377,1.3864746975866191
2019-12-17,0.004953671982263706,0.06767424844858327
2019-12-18,0.004742526528187119,-0.0911736893727165
2019-12-19,0.004637206855136398,0.9594954378490037
2019-12-20,0.004468414609300304,1.1038805114609498
2019-12-23,0.004313088719207506,0.20073056008399884
2019-12-24,0.004142316539357483,-0.047187920240088416
2019-12-26,0.0040404284270220085,1.265970305486626
2019-12-27,0.003912043689017566,0.008687055247479883
2019-12-30,0.0037923006378593246,-1.5287807146591157
2019-12-31,0.004559678309015865,0.6451531105547262
2020-01-02,0.004386610720405847,1.902128065182822
2020-01-03,0.004258126321358377,-1.6638560790027612
2020-01-06,0.005198267264704158,0.6785232491260403
2020-01-07,0.0049897101212578775,-0.5625928192972716
2020-01-08,0.005201906124528206,0.940131053611612
2020-01-09,0.005001531739900617,1.3262365334980568
2020-01-10,0.00482515352777274,-0.5925744063994824
2020-01-13,0.005056024317019031,1.374992209300352
2020-01-14,0.004878613635208807,-0.3106785964678525
2020-01-15,0.004914049120786809,0.38022620404503293
2020-01-16,0.004713103003156294,1.7677838605803764
2020-01-17,0.004566326919366875,0.8441627845643082
2020-01-21,0.004398583833125682,-0.6037171213121274
2020-01-22,0.00462852404354484,0.0624463206763506
2020-01-23,0.004435615449095377,0.25708409722275727
2020-01-24,0.004259087875700203,-2.132684201708397
2020-01-27,0.005550376220589903,-2.8566986681054973
2020-01-28,0.007947396275607992,1.2586994725624425
2020-01-29,0.00759757268330194,-0.11414831811893758
2020-01-30,0.007357936083104577,0.4253172214143467
2020-01-31,0.00700164482813324,-2.5514638359805333
2020-02-03,0.009560168334489822,0.7560981677649241
2020-02-04,0.009068108004083182,1.6397374083779055
2020-02-05,0.008669391562680116,1.2904917926575499
2020-02-06,0.008272757402262779,0.4013359627944807
2020-02-07,0.007849629536283424,-0.689904024696684
2020-02-10,0.008235391945474006,0.8863804138169104
2020-02-11,0.007841978913089895,0.21513047978070493
2020-02-12,0.007442333840525577,0.8655689523258576
2020-02-13,0.007100143731464403,-0.22982300382991636
2020-02-14,0.007002880437034613,0.26301121589121834
2020-02-18,0.006664859647819805,-0.438751022627245
2020-02-19,0.00678019184940698,0.6924211568873998
2020-02-20,0.0064738937230701225,-0.590497402571493
2020-02-21,0.0067321365651575584,-1.5706468712392696
2020-02-24,0.008019815950389088,-4.250481511210577
2020-02-25,0.013867486167555797,-2.217265912786019
2020-02-26,0.017850576830031644,-0.21207703031535532
2020-02-27,0.017158270499385214,-2.632441093283883
2020-02-28,0.02333404777112534,-0.35452327820676444
2020-03-02,0.022748813969928627,1.9786028770076765
2020-03-03,0.021391562165632986,-1.3327911585961194
2020-03-04,0.024051190441624643,1.7186820528057718
2020-03-05,0.022525415645134435,-1.5320819372954189
2020-03-06,0.0260472375101808,-0.6603749685801519
2020-03-09,0.0264738652700043,-2.984468347729076
2020-03-10,0.03763937293600534,1.2809738490552056
2020-03-11,0.034794571169850415,-1.439962934563188
2020-03-12,0.03936321332235976,-2.5390420132621756
2020-03-13,0.052163441461808284,1.7025028345619586
2020-03-16,0.04805270078506478,-2.6565041170899697
2020-03-17,0.06466856128327572,0.9003805169042784
2020-03-18,0.05885656394862404,-0.9042708028035426
2020-03-19,0.0609195828636292,0.07709772046396275
2020-03-20,0.05515981634797489,-0.8036216758541587
2020-03-23,0.05632914969622146,-0.527817323178432
2020-03-24,0.05521221766550616,1.6243367194792577
2020-03-25,0.05073067154151716,0.22607606152890097
2020-03-26,0.04616032714416162,1.311598829990188
2020-03-27,0.04248052706703418,-0.8066718543193241
2020-03-30,0.04365617660348515,0.7551414973738978
2020-03-31,0.04001650518318869,-0.40339131852016996
2020-04-01,0.038790785509436494,-1.163842447114256
2020-04-02,0.04211292165496693,0.53600311186906
2020-04-03,0.03855628186025876,-0.3955998890460086
2020-04-06,0.03736327654774625,1.8191189431145016
2020-04-07,0.03473560294468371,-0.04618716568467238
2020-04-08,0.03204380164933669,1.0451122984022818
2020-04-09,0.029660331912372325,0.4849396273175105
2020-04-13,0.02732569686015729,-0.3716669879144133
2020-04-14,0.02656933010737913,1.1334331520817362
2020-04-15,0.024721709233531623,-0.9011000194983828
2020-04-16,0.02608013036465871,0.22238530860262815
2020-04-17,0.024039103640782978,1.099913391798135
2020-04-20,0.022401802548377408,-0.8054193664274871
2020-04-21,0.023348422949468622,-1.334356299085277
2020-04-22,0.026304328894748426,0.8618847746639546
2020-04-23,0.024397656567570234,-0.02211555272538766
2020-04-24,0.02261282734441948,0.6112499934799437
2020-04-27,0.02098498524202946,0.6960628284112754
2020-04-28,0.019518656734770535,-0.26928954496754165
2020-04-29,0.018844029893825304,1.392308555701813
2020-04-30,0.017708453196000097,-0.5226398498286292
2020-05-01,0.01779090780817197,-1.5997053844381937
2020-05-04,0.020977602706366415,0.20215954311894124
2020-05-05,0.019447370868952853,0.46278416030765
2020-05-06,0.01808921503157023,-0.3871854243989618
2020-05-07,0.017813994404800308,0.642133117085069
2020-05-08,0.01662205387547521,1.0065419827516762
2020-05-11,0.015585146962669924,0.008538217003024245
2020-05-12,0.014526435252081187,-1.4259083810035444
2020-05-13,0.01677134777871248,-1.0504222353936925
2020-05-14,0.01824567462839781,0.62803475549417
2020-05-15,0.01702004773618931,0.2302387904230443
2020-05-18,0.01585286347328913,1.9564420536599885
2020-05-19,0.014999284591396796,-0.7026833611547199
2020-05-20,0.015544878848395052,1.0623428316470929
2020-05-21,0.014602555923756082,-0.5344248192371077
2020-05-22,0.014773554944587059,0.15913202310684013
2020-05-26,0.013796154420750762,0.8853398308653624
2020-05-27,0.012972251709324254,1.1346100754224349
2020-05-28,0.012241852697008997,-0.17237091289582024
2020-05-29,0.011791490503483815,0.4071405180616732
2020-06-01,0.011078619715032238,0.3379677770943783
2020-06-02,0.010415114787338793,0.7851384693657915
2020-06-03,0.009840645692533992,1.3776200501606843
2020-06-04,0.009366637685546034,-0.3602561769647534
2020-06-05,0.00933335146454594,2.772210274082478
2020-06-08,0.009020396360888895,1.3269545956653923
2020-06-09,0.00860784969723552,-0.9096050343718228
2020-06-10,0.009319814476223433,-0.5716053413694567
2020-06-11,0.009582128506733751,-6.340208540680216
2020-06-12,0.0226836677822598,0.5720541638049845
2020-06-15,0.021070490573956078,0.3928651204925978
2020-06-16,0.019575707428905985,0.9596002052509486
2020-06-17,0.018317092184156513,-0.19690877767975212
2020-06-18,0.01755372506844168,0.03384144399473814
2020-06-19,0.016338936565090917,-0.34674922343346987
2020-06-22,0.016049098218758905,0.4033929637922578
2020-06-23,0.015012311849614492,0.2863096127059587
2020-06-24,0.014051299040173153,-1.8642593486032233
2020-06-25,0.01723562806688017,0.6324009595659477
2020-06-26,0.016127352539904192,-1.5207210367695105
2020-06-29,0.018770386709525008,0.7766962044599253
2020-06-30,0.01755195920797733,0.8712616782293545
2020-07-01,0.016447384683892015,0.3045811885690124
2020-07-02,0.015367959453306056,0.2948322768929071
2020-07-06,0.014379015447793362,1.0958282150382623
2020-07-07,0.013552068489160813,-0.8026433660915454
2020-07-08,0.014278115521017569,0.5460795055169246
2020-07-09,0.01340390520965685,-0.42223451954271835
2020-07-10,0.013373656319643205,0.77853128012206
2020-07-13,0.01259278311588655,-0.7469869948122551
2020-07-14,0.013184082208592922,1.0101044860159816
2020-07-15,0.012439233458627493,0.7268178514716664
2020-07-16,0.011725650258988626,-0.29097876354435875
2020-07-17,0.011515930301768444,0.2470110979350383
2020-07-20,0.010833429918137747,0.7727743954039906
2020-07-21,0.010243235737538683,0.16377923710300282
2020-07-22,0.009651756589488648,0.5937396515690632
2020-07-23,0.0091335668700631,-1.3572330053089716
2020-07-24,0.010525678174320586,-0.589951537699966
2020-07-27,0.010820316837471611,0.6809346650521805
2020-07-28,0.010224232275009449,-0.6352003010065514
2020-07-29,0.010586547960760561,1.1667432478958721
2020-07-30,0.010043225578566493,-0.37411305103749287
2020-07-31,0.010020115575139316,0.7625896313146427
2020-08-03,0.009488371787601146,0.7541191286064499
2020-08-04,0.008994134739223043,0.4008637996504991
2020-08-05,0.008512389841613085,0.7529213951392966
2020-08-06,0.008086171035109111,0.7923559856508459
2020-08-07,0.0076916301920808925,0.0822750514720072
2020-08-10,0.007284582525441501,0.3759261788617225
2020-08-11,0.0069199263797819896,-1.1562341797095639
2020-08-12,0.0078042246421336555,1.781022834551968
2020-08-13,0.007484631795096239,-0.2737973934134391
2020-08-14,0.007414306649626862,-0.023184554456842036
2020-08-17,0.007085999082717095,0.3819048627912083
2020-08-18,0.006737349366305845,0.3414904430104563
2020-08-19,0.006410056752070343,-0.6886246902191638
2020-08-20,0.006769848517362545,0.4658383064639277
2020-08-21,0.006446329698619949,0.5328923811807544
2020-08-24,0.006147009556299948,1.6257686397541944
2020-08-25,0.005917311395021342,0.6066775104248425
2020-08-26,0.005655137171505263,1.7937675138908624
2020-08-27,0.0054637107192164105,0.30595434453181347
2020-08-28,0.0052174979716827115,1.2860575866032078
2020-08-31,0.005028715229153908,-0.4369655220820315
2020-09-01,0.005153748283592551,1.4546367048179432
2020-09-02,0.004976108572699368,3.0644528593149474
2020-09-03,0.004885936031705288,-7.318473657893183
2020-09-04,0.013348837165172158,-0.6117597100952261
2020-09-08,0.013666668370973224,-2.05967016410908
2020-09-09,0.017297610439356733,1.1530356017731318
2020-09-10,0.016292753870305435,-1.088904065366809
2020-09-11,0.01781547302678753,0.0299138932368386
2020-09-14,0.016559937299350614,0.7645762659693588
2020-09-15,0.015532762759257421,0.3351487440569314
2020-09-16,0.014527975416248342,-0.3186711678334699
2020-09-17,0.014244637326696806,-0.5930617491200878
2020-09-18,0.014535908191482342,-0.7736411650163222
2020-09-21,0.015215777559510441,-0.7649010365575799
2020-09-22,0.015890342471798075,0.6584512836615696
2020-09-23,0.014907084229385043,-1.6104651013543823
2020-09-24,0.017586376432039988,0.16962024929674935
2020-09-25,0.01639137965805911,0.9669984805943318
2020-09-28,0.015411601626951757,1.037023421751643
2020-09-29,0.014516968398008947,-0.332320259449326
2020-09-30,0.014266812048945763,0.5761513181907587
2020-10-01,0.013405081216635044,0.393802132115655
2020-10-02,0.012591630609002641,-0.7643023501253492
2020-10-05,0.013206785689327864,1.3487845886145948
2020-10-06,0.012513667803932886,-1.1245355564817399
2020-10-07,0.013821284454389054,1.2478698218792632
2020-10-08,0.013072355191717656,0.6103118204685957
2020-10-09,0.012308352862548458,0.7113133071926041
2020-10-12,0.011613305570577343,1.4020581874274434
2020-10-13,0.011040595806551545,-0.5730570831520334
2020-10-14,0.011301906086706798,-0.587969147246374
2020-10-15,0.011588285211124282,-0.13193699381382984
2020-10-16,0.011125815638371655,0.012125893598740696
2020-10-19,0.010474410535807596,-1.5718940420232579
2020-10-20,0.012386229004394109,0.38076119199210623
2020-10-21,0.011652797034893532,-0.18863402537499732
2020-10-22,0.01127821370775759,0.4615406427270532
2020-10-23,0.010637542192647086,0.32336777218772356
2020-10-26,0.010032821081637475,-1.8703087429381842
2020-10-27,0.012393463037707789,-0.24450029351982852
2020-10-28,0.012073667386790714,-2.975528557949336
2020-10-29,0.01739258560837167,0.6828498768050626
2020-10-30,0.01629033541114878,-0.7491382551220843
2020-11-02,0.01694855570064071,0.7223595394697129
2020-11-03,0.015889417295580636,1.1103451659605366
2020-11-04,0.014967157444192178,1.4570252057817392
2020-11-05,0.014158675189111911,1.3612336973111179
2020-11-06,0.013399228461700387,-0.021475608554366206
2020-11-09,0.012618615814228032,0.9218106738163745
2020-11-10,0.011922216799930885,-0.11749284922208601
2020-11-11,0.011414167303797398,0.6678304391470223
2020-11-12,0.01078110736809375,-0.9302060729633385
2020-11-13,0.01162422512987899,1.1629632560664824
2020-11-16,0.011024034315732976,1.0504988093428491
2020-11-17,0.010456596966077186,-0.459369697448435
2020-11-18,0.010545584483092863,-1.1029460402245848
2020-11-19,0.01166093943919774,0.33776658486824945
2020-11-20,0.010979364519731905,-0.62077703683765
2020-11-23,0.01131972800066635,0.4964879175116898
2020-11-24,0.010679025208056452,1.501303583583436
2020-11-25,0.01017470282461875,-0.1558448224820675
2020-11-27,0.009832865946587742,0.24348049072435676
2020-11-30,0.00928200269360887,-0.49624426850733
2020-12-01,0.009439138119821226,1.1874114478797857
2020-12-02,0.008990517379938601,0.19905022736479283
2020-12-03,0.0084985153750262,-0.07346601762098656
2020-12-04,0.008152232009735003,1.0791478584860061
2020-12-07,0.007780559867579365,-0.2490197970248105
2020-12-08,0.007669984682599123,0.36287832184150265
2020-12-09,0.007282255028760487,-1.0959469171229288
2020-12-10,0.008121570003336647,-0.15833570691916585
2020-12-11,0.00789589164606352,-0.1603109744879365
2020-12-14,0.007683846158429818,-0.5685678962161256
2020-12-15,0.00793351702602192,1.618258583186726
2020-12-16,0.0076094450113366185,0.23276672841253374
2020-12-17,0.007219655858618994,0.7952100379035226
2020-12-18,0.006889031333878499,-0.5105648068185481
2020-12-21,0.0070740538114145764,-0.5532794337235531
2020-12-22,0.007303910953595839,-0.2841278740876108
2020-12-23,0.007249817564708416,0.1028347631045506
2020-12-24,0.006877465887652289,0.5133213362533784
2020-12-28,0.006552752140889207,1.3253526688763002
2020-12-29,0.006293837897914819,-0.35429333634705873
2020-12-30,0.006334585199845076,0.21163944485479302
2020-12-31,0.006030129601167311,1.064356014912377
2021-01-04,0.005788195804667512,-2.5681167696572023
2021-01-05,0.008022936179368721,0.8796818553175285
2021-01-06,0.007644799773759725,0.7447681497190182
2021-01-07,0.007283614950872641,2.0234815002110906
2021-01-08,0.007020640747416043,0.7801050631357056
2021-01-11,0.006702327392491106,-0.9812005936905637
2021-01-12,0.007368537325942048,0.05641581390996802
2021-01-13,0.006986006220822589,0.3253727974003367
2021-01-14,0.006645365509005237,-0.565885061347923
2021-01-15,0.0068852672243467136,-1.0480349655511108
2021-01-19,0.007636707602111405,1.0611192752125074
2021-01-20,0.007294675222557825,1.8971944540744485
2021-01-21,0.007023998262192378,0.0450844589494898
2021-01-22,0.006664649765787746,-0.45240976928986704
2021-01-25,0.0067935028248136764,0.5312896168725141
2021-01-26,0.006476406554108343,-0.23005707697716207
2021-01-27,0.006399760872759999,-4.064732361614231
2021-01-28,0.010959739405159832,0.8862709613502754
2021-01-29,0.010377966042658488,-1.879017292467104
2021-02-01,0.012852629300289957,1.2389916384127524
2021-02-02,0.012172125689953364,1.1339456366034601
2021-02-03,0.011526703801556485,0.08747172068468971
2021-02-04,0.010824605901835762,0.9972508691601591
2021-02-05,0.01026086230740114,0.3791026028053713
2021-02-08,0.00968457309758412,0.7612217288264694
2021-02-09,0.009181896810259977,-0.1213415315751576
2021-02-10,0.008851664316780208,-0.039003345589655465
2021-02-11,0.00844183043473419,0.19676713805504228
2021-02-12,0.007990477734852073,0.5881964861326543
2021-02-16,0.007595321183366163,-0.07497174927393035
2021-02-17,0.007310390114206326,-0.043835328062049796
2021-02-18,0.007011774496669857,-0.6311689329633436
2021-02-19,0.007325138774753775,-0.25345855590671834
2021-02-22,0.007240175964059245,-1.0721967162464088
2021-02-23,0.008051700663337887,0.1559334684712573
2021-02-24,0.007626360732800109,1.4800857271856191
2021-02-25,0.0073074392551274155,-3.3915293112813525
2021-02-26,0.011339053636699651,-0.41992325341751296
2021-03-01,0.01135160202667291,2.071264758088492
2021-03-02,0.010848974586024584,-0.7478751724573738
2021-03-03,0.011400887553044718,-1.1536238589853507
2021-03-04,0.01268948362885438,-1.0645065204761306
2021-03-05,0.013907323664596918,1.388358882296116
2021-03-08,0.013156236993049287,-0.40844834483177883
2021-03-09,0.013102885873480123,1.072695044408426
2021-03-10,0.012374306922964338,0.48586185944929194
2021-03-11,0.011643738816724465,0.8881876915516291
2021-03-12,0.011006126221235105,0.09221076581635915
2021-03-15,0.010350225496877006,0.6251979284283217
2021-03-16,0.009786768523169368,-0.1605143694650674
2021-03-17,0.009474669138978977,0.3034664966115161
2021-03-18,0.008953013261301275,-1.6609558851235455
2021-03-19,0.010785618935025379,-0.05589717914062216
2021-03-22,0.010261525538666492,0.6822140501393653
2021-03-23,0.009709209265599279,-0.7889538591443159
2021-03-24,0.01029288091658301,-0.5326338315558988
2021-03-25,0.010500686114016024,0.49773732649259955
2021-03-26,0.009917020642109612,1.6632433524114862
2021-03-29,0.009461395688753035,-0.09178240240169572
2021-03-30,0.009077902200145382,-0.3484097250573209
2021-03-31,0.009047107020747434,0.39968064754054006
2021-04-01,0.00856396226874498,1.3727092739044582
2021-04-05,0.00817710859724705,1.7530631508390995
2021-04-06,0.007840763299662578,-0.12422322975101362
2021-04-07,0.0075930712341572785,0.19414353594844272
2021-04-08,0.007201274112816433,0.5848619111853215
2021-04-09,0.006857422841401695,1.1214545629675599
2021-04-12,0.00656572630797788,-0.02986692797441545
2021-04-13,0.006300777115920555,0.5220105102198114
2021-04-14,0.006012364456545035,-0.6812801104017068
2021-04-15,0.006354568651966597,1.7362471011632241
2021-04-16,0.00612483325945477,0.5881504422926245
2021-04-19,0.005851385502887037,-0.9093042820597282
2021-04-20,0.0063961314603679055,-1.0671389491243184
2021-04-21,0.007134689499258281,1.2983075045965462
2021-04-22,0.0068339432621501665,-1.3540261464862409
2021-04-23,0.00793000080150624,1.3706694573684841
2021-04-26,0.007584596426241409,0.23477644221412167
2021-04-27,0.007195952972166636,-0.029866646193574257
2021-04-28,0.00689114154027632,-0.12275144581667978
2021-04-29,0.006695959067523435,1.0065834436464782
2021-04-30,0.0064074932781539974,-1.1269170490962095
2021-05-03,0.0072080360956610625,0.3807308416732496
2021-05-04,0.00685438934213381,-0.9775834367414737
2021-05-05,0.007532903974873296,0.09335263657412123
2021-05-06,0.007141568852868621,1.1387273113477472
2021-05-07,0.006831607293215379,1.0753386580758624
2021-05-10,0.006538080889656157,-1.6045198400245249
2021-05-11,0.007873276226219562,-1.1064961893207244
2021-05-12,0.008782412603493195,-2.468886778295795
2021-05-13,0.011894661099492212,1.0172332340439476
2021-05-14,0.011250470961273497,1.316191883397149
2021-05-17,0.010680513917096218,-0.23718504592798037
2021-05-18,0.010429864366894002,-0.8201230699781862
2021-05-19,0.011087416421379653,-0.26586462520647347
2021-05-20,0.010863350004813623,0.9665001431286144
2021-05-21,0.01028860259619097,-0.07621910438478018
2021-05-24,0.009828179677248024,1.0034917762082352
2021-05-25,0.009330132000780754,-0.22802950704772076
2021-05-26,0.009132382821311237,0.20531963971503522
2021-05-27,0.008630317690744215,0.1349470705014418
2021-05-28,0.008161157764431378,0.09417615429966518
2021-06-01,0.007723884792956951,-0.0637573930516476
2021-06-02,0.00741891822176109,0.19489216536451826
2021-06-03,0.007039572099609795,-0.5164096630603734
2021-06-04,0.007234288164272689,1.2157800716941651
2021-06-07,0.006923224192221797,-0.11512790100268429
2021-06-08,0.006717882973118024,0.026051294751800572
2021-06-09,0.006391781490387667,-0.28560622627050725
2021-06-10,0.006369124475012142,0.7287429841688173
2021-06-11,0.006087006349377145,0.3197859212036275
2021-06-14,0.005802980594968965,0.3125215319020034
2021-06-15,0.005536614258093526,-0.3637096356015062
2021-06-16,0.005600698857681291,-0.9650052403037193
2021-06-17,0.0061809992411293166,-0.07050810502815627
2021-06-18,0.005974942598879255,-2.211126796391686
2021-06-21,0.007885430369885505,1.7633994417633034
2021-06-22,0.007565473674330415,0.6756227830563017
2021-06-23,0.007201327804141808,-0.15050981542948472
2021-06-24,0.007016194260599311,0.8258650388938845
2021-06-25,0.006696822261543803,0.4965135753684436
2021-06-28,0.006381956956124507,0.3623165866473119
2021-06-29,0.006081562095045051,0.045596466557831936
2021-06-30,0.005786883870688214,0.22935978197705764
2021-07-01,0.005519325411518429,0.9436010823688341
2021-07-02,0.005298864804557291,1.4101314470723654
2021-07-06,0.005111331987160917,-0.3959638652127299
2021-07-07,0.005208185907931778,0.6438607632181178
2021-07-08,0.0049939021381124596,-1.721675910294216
2021-07-09,0.006170516591021954,1.8174857383466516
2021-07-12,0.0059519324234361334,0.5788427103150172
2021-07-13,0.005689164761128386,-0.6192492798304804
2021-07-14,0.005969686790050177,0.19502808211127504
2021-07-15,0.005689164301285801,-0.5743503596840048
2021-07-16,0.005931058084808769,-1.2758962901063362
2021-07-19,0.0068359610224712755,-2.3400925411071296
2021-07-20,0.009160182997589285,1.6428499309194415
2021-07-21,0.008755294843518816,0.9374946028482154
2021-07-22,0.00832435128535908,0.24201756271220312
2021-07-23,0.007878764854609805,1.281207470019845
2021-07-26,0.007528584144069749,0.31604440850970933
2021-07-27,0.0071449290576038925,-0.6611099066336412
2021-07-28,0.007497568012580463,-0.024845287330523016
2021-07-29,0.007164913345453555,0.585817530917661
2021-07-30,0.006822103063247181,-0.7945810196659725
2021-08-02,0.007307817424167595,-0.2524017176401613
2021-08-03,0.007223144396725485,1.1310809932890227
2021-08-04,0.006904910014539491,-0.6724418785356415
2021-08-05,0.00726420999604199,0.824244617609192
2021-08-06,0.006927170534141641,0.2416375546522346
2021-08-09,0.006583656078748941,-0.14283101269396656
2021-08-10,0.006423160680953742,0.15447020604763625
2021-08-11,0.006110362800798222,0.20865057600973388
2021-08-12,0.005820884568119356,0.7108554871781911
2021-08-13,0.0055713806463699115,0.288261819262038
2021-08-16,0.005320151729720279,0.4919826341364174
2021-08-17,0.005092348128996666,-1.3914491561936455
2021-08-18,0.005997695694622229,-1.8018007907512503
2021-08-19,0.007461654380651332,0.16831431638202884
2021-08-20,0.007076098407685839,1.1459145172337464
2021-08-23,0.006767894619165445,1.2541075861872717
2021-08-24,0.006484046915319025,0.23050709248117196
2021-08-25,0.006170211458711205,0.3594135173634568
2021-08-26,0.005883312650704305,-0.9929694671086444
2021-08-27,0.006512329145124466,1.3465338352896017
2021-08-30,0.006248426321388905,0.6877450234411643
2021-08-31,0.0059707506831284595,-0.22610673055012473
2021-09-01,0.005911529131429548,0.052717334893068186
2021-09-02,0.005628909782063913,0.5042905046107504
2021-09-03,0.005382726364133279,-0.062252330605896466
2021-09-07,0.005219143699335939,-0.651706994148192
2021-09-08,0.00551700297705875,-0.23915825662998358
2021-09-09,0.005484143099545607,-0.8417444742433111
2021-09-10,0.00595043151704569,-1.302855475954816
2021-09-13,0.00688763815894346,0.330142248169336
2021-09-14,0.006550023098517132,-0.8798768919704637
2021-09-15,0.007110980534692355,1.1866569147407418
2021-09-16,0.006802288205389004,-0.22820919459651529
2021-09-17,0.006712367859786155,-1.3635471814099276
2021-09-20,0.007812197966765431,-2.191838686017215
2021-09-21,0.010219302167209211,-0.07952486825905619
2021-09-22,0.009762480056830333,0.9705100721398651
2021-09-23,0.009260916833313875,1.3024283218426458
2021-09-24,0.008817076008747126,0.16558128907081437
2021-09-27,0.008331669625392678,-0.333695891123067
2021-09-28,0.008304303637354819,-2.4775488274952413
2021-09-29,0.01130531349168572,0.1386918051796991
2021-09-30,0.010622728029318306,-1.1278838083727887
2021-10-01,0.011810774020352004,0.9674177233131298
2021-10-04,0.011157677449512526,-1.1714760628086058
2021-10-05,0.012470059817628755,0.8395723558438978
2021-10-06,0.011754715279808028,0.3483197382634237
2021-10-07,0.011054407982075909,0.7475786345560945
2021-10-08,0.010440342134144796,-0.18347642039014556
2021-10-11,0.01012394690171713,-0.6805094605120239
2021-10-12,0.010559271387928316,-0.22915460713704944
2021-10-13,0.010304370033627774,0.2928811621071214
2021-10-14,0.009715693864649405,1.7414260392942236
2021-10-15,0.009267388920514943,0.8020080629978472
2021-10-18,0.008789006674219143,0.3833297580358848
2021-10-19,0.008320017402221335,0.8853518482147209
2021-10-20,0.007912881661780535,0.46219996139026515
2021-10-21,0.007510810993146998,0.3982783178925953
2021-10-22,0.00713318086228321,-0.15044189196673607
2021-10-25,0.00695147757008149,0.6814320255078763
2021-10-26,0.006625778121416202,0.2744042131998058
2021-10-27,0.006302660386424207,-0.8035289957894198
2021-10-28,0.006776847946147738,1.443338924218363
2021-10-29,0.0064988388407765515,0.29965925905068286
2021-11-01,0.006185885759518328,0.29073588097471414
2021-11-02,0.005893276735401536,0.6233556110339862
2021-11-03,0.005633262257229496,1.1432974924296018
2021-11-04,0.005411574565282402,0.7711660058406348
2021-11-05,0.005187279177223705,0.7182667286627746
2021-11-08,0.004974316632415307,0.1783951698848975
2021-11-09,0.004754559499276953,-0.7371683805685273
2021-11-10,0.00510517052060906,-1.6179365861565147
2021-11-11,0.006219992338442409,0.08855128801117247
2021-11-12,0.005917930223978664,1.2160835447111968
2021-11-15,0.005680608237730306,-0.0018906211389334918
2021-11-16,0.005452067179189347,0.7075809835673931
2021-11-17,0.005223104057465523,-0.4987485323353613
2021-11-18,0.005401653387028435,0.6255611935941148
2021-11-19,0.005172757830809537,-0.27057995962054454
2021-11-22,0.0051760808028700755,-0.618664669064862
2021-11-23,0.00544871686915971,0.3038809728884937
2021-11-24,0.005205150767563507,0.4401839406739039
2021-11-26,0.004981508088980053,-4.614468299303236
2021-11-29,0.009390630613505679,1.396480877861672
2021-11-30,0.008946449880991495,-2.1397740380262795
2021-12-01,0.011610553284620748,-1.023684329815746
2021-12-02,0.012700307698387736,1.1097871587667967
2021-12-03,0.011988449085174855,-0.7077191621250358
2021-12-06,0.012505804081845739,0.9325749254792748
2021-12-07,0.011788954993099314,1.738542830831947
2021-12-08,0.011200578220719279,0.27503362111135493
2021-12-09,0.010528698936934183,-0.6845089099510313
2021-12-10,0.010983116467287753,0.8653071417858257
2021-12-13,0.010375584807739669,-0.8845919061783343
2021-12-14,0.01115094796578828,-0.6724740244175287
2021-12-15,0.011594907888302369,1.3985680186602976
2021-12-16,0.010984229706623517,-0.7994974199981284
2021-12-17,0.011641702473281066,-0.8882691004849336
2021-12-20,0.012482287046012482,-0.9175720988498928
2021-12-21,0.013417960120569738,1.3132961513413683
2021-12-22,0.012663210224604508,0.7998546853029865
2021-12-23,0.011919645241053474,0.5205199114385091
2021-12-27,0.011211799715183317,1.225855966281135
2021-12-28,0.010614394347443112,-0.09521649241630616
2021-12-29,0.01015180835359611,0.13799643896560057
2021-12-30,0.009556585650468973,-0.3133162775303712
2021-12-31,0.009464237971185068,-0.277849561843195
2022-01-03,0.009326697726588668,0.6812512163092985
2022-01-04,0.00882910405344387,-0.07133455992720271
2022-01-05,0.008455767588900605,-2.315965298077328
2022-01-06,0.01127638623520145,-0.08550910904157004
2022-01-07,0.010755463062547009,-0.37733764308744855
2022-01-10,0.010720363721123245,-0.13451694131402145
2022-01-11,0.010312297872792715,0.88421480497142
2022-01-12,0.009755643325624312,0.2884271104168142
2022-01-13,0.00920283927645517,-1.5588699099747212
2022-01-14,0.010952611764348814,0.07483550839064475
2022-01-18,0.01029150603553849,-1.8033420311779682
2022-01-19,0.012660232189956521,-0.7690847051908168
2022-01-20,0.013310551207685284,-0.8338304050041125
2022-01-21,0.014110450240362234,-1.353322891853023
2022-01-24,0.0161239482155432,0.17166420539618135
2022-01-25,0.015031170884735942,-0.8147462796330148
2022-01-26,0.015842304099905898,-0.09454160937959123
2022-01-27,0.015002038128804757,-0.3598601172466505
2022-01-28,0.014789780300023042,1.6265263869199005
2022-01-31,0.013959426916760116,1.340300453202768
2022-02-01,0.013161083158217733,0.5196806574425147
2022-02-02,0.01235496512869194,0.7590794753878939
2022-02-03,0.011632550522644504,-2.1227908421330604
2022-02-04,0.01494900588699217,0.3440816385214321
2022-02-07,0.013978958866175742,-0.26529736322506725
2022-02-08,0.013617863023981493,0.6143484812485561
2022-02-09,0.012783610610161944,1.1274468942137479
2022-02-10,0.012058361586507811,-1.516111816178399
2022-02-11,0.01416129620632015,-1.3523961619797313
2022-02-14,0.016172827352433587,-0.23792937819558052
2022-02-15,0.015635769738085205,1.000508315747298
2022-02-16,0.014673841243014532,0.060026526503577475
2022-02-17,0.01370246854681554,-1.5617991797477973
2022-02-18,0.01614822017291624,-0.44537178629307034
2022-02-22,0.01609466160414965,-0.6334234099328758
2022-02-23,0.01649026269268175,-1.126952074392054
2022-02-24,0.018152078064357684,0.8178735900147492
2022-02-25,0.016959174754183386,1.304667289061773
2022-02-28,0.015921659036573835,-0.15360154727025005
2022-03-01,0.015210859733436452,-1.0252193537970506
2022-03-02,0.016528067416336844,1.1175563552211165
2022-03-03,0.015504826984480207,-0.33979874457926595
2022-03-04,0.015231449219725211,-0.5229761415405163
2022-03-07,0.015376008063559267,-1.9486583702713867
2022-03-08,0.01912479258523876,-0.37961425951891253
2022-03-09,0.018802765995811647,1.3494609318539792
2022-03-10,0.017618960379215537,-0.24411485284461482
2022-03-11,0.017015844945899118,-0.7667135528513677
2022-03-14,0.017754844158622114,-0.41952917350254926
2022-03-15,0.017589433513301663,1.2042815198185406
2022-03-16,0.016488226559382483,1.3425896089349874
2022-03-17,0.015492885713986375,0.7921187372874009
2022-03-18,0.014521416348596829,0.798463051643594
2022-03-21,0.013630087948348966,-0.03189670205719858
2022-03-22,0.012837252630774813,0.875631248942372
2022-03-23,0.012087115081527546,-1.0216358634135057
2022-03-24,0.01320258981129858,1.078728680143535
2022-03-25,0.012442892418767303,0.40612588569956715
2022-03-28,0.01168426934354079,0.6093278758572076
2022-03-29,0.011001728255894625,1.1072845845710624
2022-03-30,0.010412836763544965,-0.6063274727587769
2022-03-31,0.010739339518648236,-1.4690228574566355
2022-04-01,0.01256380195152046,0.2709706006668387
2022-04-04,0.011787636294773213,0.68363006209372
2022-04-05,0.011104769786655018,-1.1374534832037217
2022-04-06,0.012361692094524503,-0.7898946064837731
2022-04-07,0.01304263693322793,0.3254223493121539
2022-04-08,0.01223242829118303,-0.2170089709388169
2022-04-11,0.011871847955781674,-1.433756113462192
2022-04-12,0.013777088094819867,-0.24847779929204689
2022-04-13,0.013393798308365727,0.829682739209325
2022-04-14,0.012596329869129865,-0.9700032081131845
2022-04-18,0.013637986981234633,-0.015023424841864131
2022-04-19,0.012817002910614187,1.2428837584327221
2022-04-20,0.012099007793635713,-0.051133648042472474
2022-04-21,0.011464433538414526,-1.2964317427030991
2022-04-22,0.01304973834439299,-2.155757888391314
2022-04-25,0.0167911480192876,0.3383785991038843
2022-04-26,0.01566368111686558,-1.822688339706859
2022-04-27,0.019114867130995552,0.1096449695727256
2022-04-28,0.017754206042198704,1.3768937502881946
2022-04-29,0.016658810339794442,-2.2185953877154985
2022-05-02,0.02151931219913701,0.26298235006067483
2022-05-03,0.019954464634215036,0.24182383059707796
2022-05-04,0.018533627711891536,1.5876665925714644
2022-05-05,0.01739872195967509,-2.086399084268003
2022-05-06,0.022024860625179752,-0.25836188073068267
2022-05-09,0.02120348390892614,-1.5356683684371326
2022-05-10,0.024645058579702873,0.09960949179607902
2022-05-11,0.022763526837405942,-0.7292469314737087
2022-05-12,0.023463591371682906,-0.05526881940491226
2022-05-13,0.02189607646981922,1.077328533693382
2022-05-16,0.02041269366936478,-0.19371321501075808
2022-05-17,0.019502556422322518,1.0239129244925904
2022-05-18,0.018219619880405213,-2.2631542020036006
2022-05-19,0.023638279520290087,-0.2475165238792768
2022-05-20,0.022687421512798043,0.0064410621501860416
2022-05-23,0.02100176440725384,0.8754024212227411
2022-05-24,0.01957121011180004,-0.41662987914275934
2022-05-25,0.019338196473977373,0.48641483509537675
2022-05-26,0.01800396077578919,1.0935463730956105
2022-05-27,0.016859576425087255,1.4496882709018064
2022-05-31,0.015854487741281106,-0.39699391720352795
2022-06-01,0.015696735490061103,-0.4785010899820905
2022-06-02,0.01573100407143423,1.1609701029007427
2022-06-03,0.014782520945418192,-1.1149928804887832
2022-06-06,0.01628701610713674,0.1923304665772319
2022-06-07,0.01519055916176564,0.6239619905220992
2022-06-08,0.014228918949790597,-0.7627159223023133
2022-06-09,0.01490134441199273,-1.6163949372092232
2022-06-10,0.017663315515190472,-1.6725294175944991
2022-06-13,0.02102262536888884,-1.8808275035217499
2022-06-14,0.025698387462794806,-0.1471227735577974
2022-06-15,0.02425889259847518,0.5971854971419924
2022-06-16,0.022496803767925254,-1.4691956890767024
2022-06-17,0.025849208056302767,0.08504892437027899
2022-06-21,0.02385879133203639,1.013566639823958
2022-06-22,0.02219741627178072,-0.058674400633471444
2022-06-23,0.020757664951596717,0.4570394843388846
2022-06-24,0.019295517200659765,1.5602349196875227
2022-06-27,0.01810607631289187,-0.16444755003159706
2022-06-28,0.017274972218099677,-1.1779279811619834
2022-06-29,0.01913764316299985,-0.03720410157655972
2022-06-30,0.017901774294421066,-0.4914521936024006
2022-07-01,0.017920650580254868,0.585833156537746
2022-07-05,0.01672400019831019,0.09464691984114754
2022-07-06,0.015577593214962602,0.2289696268124089
2022-07-07,0.014541430866135607,1.0214760375144627
2022-07-08,0.01367436244855754,-0.06074260494792712
2022-07-11,0.01292908648044374,-0.8967700601324594
2022-07-12,0.013841332812859281,-0.6709518962556728
2022-07-13,0.014310119759742923,-0.31214722076483487
2022-07-14,0.01402518718810374,-0.2141246867145262
2022-07-15,0.013555370500268107,1.4030772274544268
2022-07-18,0.012803495528893247,-0.6559726183277701
2022-07-19,0.013233123811225362,2.0594923793134887
2022-07-20,0.012565714518317322,0.46782010943258245
2022-07-21,0.011804537865591198,0.8312961338460104
2022-07-22,0.011132882329122944,-0.8422156110718427
2022-07-25,0.011866459213244453,0.11075780480826776
2022-07-26,0.011135288549005622,-1.0426620332438983
2022-07-27,0.012223334059358677,2.1123572875650676
2022-07-28,0.011623465548125623,1.0375838205892753
2022-07-29,0.010983160997896296,1.2844913940947045
2022-08-01,0.010412105878163878,-0.27151822868464154
2022-08-02,0.010224307334656313,-0.6538035448341405
2022-08-03,0.010623337901650008,1.4606949730631125
2022-08-04,0.01008989793855305,-0.07707138905866064
2022-08-05,0.00963909389223874,-0.16879895943619685
2022-08-08,0.009343492013896835,-0.13253258206669588
2022-08-09,0.009016488793120211,-0.4722175487176069
2022-08-10,0.009152596354851687,2.301768552181408
2022-08-11,0.008772397376054907,-0.08044812517594536
2022-08-12,0.008414842618431739,2.0409231319281527
2022-08-15,0.00807182230226391,0.4908041713360146
2022-08-16,0.007654622172885392,0.24480931698822556
2022-08-17,0.007253792614464397,-1.0014230146533443
2022-08-18,0.00800119058074336,0.2833315346644677
2022-08-19,0.007580619696782961,-1.712779328390419
2022-08-22,0.00926469682337927,-2.334924377871273
2022-08-23,0.012326204250999307,-0.18175671835517973
2022-08-24,0.01190321864816621,0.24463271530106728
2022-08-25,0.011185999405709988,1.2509603593367555
2022-08-26,0.01059372016564613,-3.234800974653572
2022-08-29,0.016017216258340242,-0.4175928631695394
2022-08-30,0.015904292846209412,-0.6972593248469091
2022-08-31,0.016453457208668715,-0.4769659110924917
2022-09-01,0.016470559127094535,0.18164242295055322
2022-09-02,0.015364824926075993,-0.702549662795332
2022-09-06,0.015920108517247483,-0.25775356282593803
2022-09-07,0.0154500671257095,1.1763604985202076
2022-09-08,0.014530570194463799,0.45345549364275606
2022-09-09,0.013617650000792321,1.1129684622772704
2022-09-12,0.012834790781721218,0.8203212395943977
2022-09-13,0.012088744316094928,-3.6562244908371277
2022-09-14,0.019347835705974183,0.17476316887481283
2022-09-15,0.01798708989782198,-0.6328023172624859
2022-09-16,0.018381370699441537,-0.39213886132452547
2022-09-19,0.018130740989402566,0.37691221383059864
2022-09-20,0.016906812644395232,-0.6705057289646449
2022-09-21,0.017397132193108518,-0.9923862109495616
2022-09-22,0.018744155973900743,-0.4515164002176594
2022-09-23,0.01864017519463046,-0.9325464265130483
2022-09-26,0.019877429311835573,-0.5229227948551631
2022-09-27,0.019945063992289933,-0.1064228701218972
2022-09-28,0.018840515919941507,1.034002692067128
2022-09-29,0.017635364073392893,-1.2107941029305953
2022-09-30,0.019602991201975995,-0.7744405631666461
2022-10-03,0.02040581295389242,1.2523185226028817
2022-10-04,0.0190968330692392,1.5775045688243359
2022-10-05,0.017935798105181085,-0.11262323243674278
2022-10-06,0.017001118071923938,-0.6057203336762328
2022-10-07,0.017328386735954084,-1.6391137250269967
2022-10-10,0.020505966089229853,-0.3667553677270153
2022-10-11,0.020103835950687755,-0.3253368376247692
2022-10-12,0.01960054966858964,-0.16816873536192917
2022-10-13,0.018690580681320894,1.371506843190272
2022-10-14,0.017538291334565522,-1.3654192582222804
2022-10-17,0.01994013331262302,1.3106995900080975
2022-10-18,0.018676851150773815,0.6083877906055122
2022-10-19,0.017434447641093663,-0.38397862539139543
2022-10-20,0.017199002255692028,-0.4641366179322188
2022-10-21,0.017169888007529825,1.3656326616786565
2022-10-24,0.016139022849469623,0.7318869497418102
2022-10-25,0.01512303330858606,1.0669665064291343
2022-10-26,0.01422500593112009,-0.5212750303861858
2022-10-27,0.014380613557735164,-0.4242645857000061
2022-10-28,0.014331941850034233,1.697469681737314
2022-10-31,0.01355918892326239,-0.5518270357233303
2022-11-01,0.013784051613456118,-0.2981462806150848
2022-11-02,0.013502694250316654,-1.8751697452446736
2022-11-03,0.01662974335794878,-0.6399631252799685
2022-11-04,0.017043707524982202,0.7936549759338248
2022-11-07,0.015961773134691402,0.5994360149477832
2022-11-08,0.014949675472528958,0.3734049504297082
2022-11-09,0.013999660758520693,-1.4998066792099232
2022-11-10,0.016312441008717572,3.3074458712809385
2022-11-11,0.015556428100111439,0.5912869101811429
2022-11-14,0.01457528679778857,-0.6158328593767206
2022-11-15,0.014932081783657812,0.5809890770999615
2022-11-16,0.014001524501200551,-0.5918129208832222
2022-11-17,0.014308645703999192,-0.21624021645635644
2022-11-18,0.013842782469888888,0.34294374404024747
2022-11-21,0.012980751259433154,-0.2997707700043952
2022-11-22,0.012739819462385414,1.0587753075822617
2022-11-23,0.012022509592039144,0.4905187221178887
2022-11-25,0.011315829692915676,-0.02501665983708876
2022-11-28,0.01070643596281984,-1.4537701293051026
2022-11-29,0.012479811445011734,-0.12765687275351315
2022-11-30,0.011959802678910357,2.5484236102858655
2022-12-01,0.011411868755535846,-0.07606202351258486
2022-12-02,0.010877633259231937,-0.10989289997874084
2022-12-05,0.010431371722169796,-1.7309563988211205
2022-12-06,0.012661767984518922,-1.1454853256448663
2022-12-07,0.014052589543990968,-0.1326522238158953
2022-12-08,0.013442035169310848,0.55747766759617
2022-12-09,0.01263242720091745,-0.5839510766130325
2022-12-12,0.012928643585537039,1.0966585323390636
2022-12-13,0.01219899121784532,0.5953953999763341
2022-12-14,0.011489552615894507,-0.5284032221966233
2022-12-15,0.011691326065411194,-2.158649734052882
2022-12-16,0.015047107991707801,-0.744345023122334
2022-12-19,0.015695886956336228,-0.5764777082222107
2022-12-20,0.01596482092243759,0.06494283292787452
2022-12-21,0.014907072978542464,0.9900366551032015
2022-12-22,0.014016555205589046,-1.038567771084146
2022-12-23,0.015279093396475625,0.382938445370379
2022-12-27,0.014306936432198459,-0.28362773916616585
2022-12-28,0.013980584255247173,-0.865018959304923
2022-12-29,0.014863335381477017,1.1646534153139243
2022-12-30,0.013991382816094996,-0.18182446149527381
2023-01-03,0.013480345938796896,-0.2973642144996362
2023-01-04,0.013216942589946814,0.5682626304098536
2023-01-05,0.012426149726986684,-0.9426788984376652
2023-01-06,0.013396409881902084,1.685812526499461
2023-01-09,0.012678620573362531,-0.0605686810760073
2023-01-10,0.012031926799473666,0.5779621241461095
2023-01-11,0.011334516887289087,1.1264327645593424
2023-01-12,0.01072720311924847,0.31789133422145033
2023-01-13,0.010112462334361812,0.394453102792015
2023-01-17,0.009548109045474297,-0.2128751799248051
2023-01-18,0.009323030350923347,-1.682389350603248
2023-01-19,0.01126556086408252,-0.6806293973572584
2023-01-20,0.01172308234039396,1.59869844876669
2023-01-23,0.01111671122319371,1.0624829335033799
2023-01-24,0.010519911933480794,-0.06765801546565765
2023-01-25,0.010038201688615564,-0.0181049932152006
2023-01-26,0.009521185055638067,1.1498261996946908
2023-01-27,0.009043810990550594,0.27551814432081595
2023-01-30,0.008553275936031463,-1.5261485088191107
2023-01-31,0.010124804166455335,1.4357121557550003
2023-02-01,0.00962085344809588,1.080783150162592
2023-02-02,0.009133027387908855,1.5977598672453504
2023-02-03,0.008710370178832711,-1.1949655897035332
2023-02-06,0.009823157035097601,-0.6270278660854779
2023-02-07,0.010175873345753081,1.2569303491514447
2023-02-08,0.00966159453266244,-1.153285099549872
2023-02-09,0.010801061167342712,-0.8211239334384737
2023-02-10,0.011479096648714741,0.19103033769330827
2023-02-13,0.01080087693941112,1.0539486761132981
2023-02-14,0.01022941629252624,-0.027416408470784758
2023-02-15,0.009712003061269682,0.28514586698594546
2023-02-16,0.009175061134871244,-1.5133075410374959
2023-02-17,0.01081457119281823,-0.25625076786432677
2023-02-21,0.010597090367011968,-1.910409675894768
2023-02-22,0.01317811808627242,-0.11950078723939775
2023-02-23,0.012601313734022337,0.4218035020338363
2023-02-24,0.011851336971028682,-0.8938624094203018
2023-02-27,0.012698486879604958,0.24162662596284487
2023-02-28,0.011928251507385133,-0.2549090978728326
2023-03-01,0.011658339472318417,-0.4062726269670796
2023-03-02,0.011650740051976234,0.648335959561293
2023-03-03,0.010990700045484076,1.4574821540203144
2023-03-06,0.01043262741478724,0.06584446578376241
2023-03-07,0.009829770483774888,-1.5713073367031345
2023-03-08,0.011659417843344667,0.12125769524675799
2023-03-09,0.01096473850260847,-1.6992523753346649
2023-03-10,0.01321153912452919,-1.103881182850989
2023-03-13,0.014551145244424664,-0.10383387804595716
2023-03-14,0.013851513061419313,1.1798269375265749
2023-03-15,0.013063621904251328,-0.5362497461040132
2023-03-16,0.013265573811208811,1.312387726064363
2023-03-17,0.012531525726253885,-0.8842196485890542
2023-03-20,0.013389966167842557,0.6630987356237509
2023-03-21,0.012596711190733315,1.0239694570473683
2023-03-22,0.011891103737417719,-1.3960225229223695
2023-03-23,0.013690743161142448,0.21767144661955096
2023-03-24,0.012840103936125766,0.43799980999210775
2023-03-27,0.012074130891753417,0.13629134705598875
2023-03-28,0.011348081425635198,-0.13879731994435668
2023-03-29,0.01092162443407909,1.294392684932067
2023-03-30,0.010357609576762263,0.5502234040824291
2023-03-31,0.009788667528669907,1.4642777211562241
2023-04-03,0.009315203904973389,0.3963437197366478
2023-04-04,0.008813629543111429,-0.6596419462293023
2023-04-05,0.009195884474641045,-0.27136940051851943
2023-04-06,0.009065724009807095,0.39409683428894976
2023-04-10,0.008582369171176765,0.11602938502733515
2023-04-11,0.008119869195727561,-0.005092857038103578
2023-04-12,0.0077273805231971,-0.5362045147153307
2023-04-13,0.007947286829556779,1.6578627121937914
2023-04-14,0.007604683130803669,-0.27240024981286504
2023-04-17,0.0075334320734384164,0.43814075051571943
2023-04-18,0.007159451182534904,0.11940228121828282
2023-04-19,0.006797583276468195,-0.012396398030456815
2023-04-20,0.00650418837884776,-0.9179216284273836
2023-04-21,0.0071006274819914094,0.12714105332101017
2023-04-24,0.006743125516222448,0.1262347521523607
2023-04-25,0.0064093661427912976,-2.486546011496327
2023-04-26,0.008777085996376803,-0.4384807788067136
2023-04-27,0.008874103065507783,2.1835664133779273
2023-04-28,0.008492276929219712,0.9678595483577935
2023-05-01,0.008076096049623843,-0.047817787967998106
2023-05-02,0.00773665895939668,-1.5063229155808615
2023-05-03,0.009150302930167458,-0.7675055250617888
2023-05-04,0.009690360177843116,-0.7476412973408461
2023-05-05,0.010218271714799738,1.7915129772254712
2023-05-08,0.009727435129932946,0.046469236632772686
2023-05-09,0.0091771631268837,-0.5001479090650762
2023-05-10,0.00935205255309265,0.47839147786163827
2023-05-11,0.008851787035527973,-0.19183300308625395
2023-05-12,0.008637367584518078,-0.18345422652608
2023-05-15,0.008423095465191805,0.3506784046936998
2023-05-16,0.007984139868707088,-0.8013521540365471
2023-05-17,0.008525840644088433,1.3864543234534434
2023-05-18,0.008126012918938504,1.1568678462002016
2023-05-19,0.007742479396908439,-0.18687991359116182
2023-05-22,0.0075750389744143444,0.020464934943029176
2023-05-23,0.007197646944086125,-1.5679386410521696
2023-05-24,0.008604779337557423,-0.853654973608076
2023-05-25,0.009240435404213276,0.9436196128849373
2023-05-26,0.0087706801631822,1.4781842103949463
2023-05-30,0.008358290917196438,0.001986426511155705
2023-05-31,0.00794335295887083,-0.7713818355976996
2023-06-01,0.008447156863724504,1.1608894263543323
2023-06-02,0.00804187551382443,1.7943342153582522
2023-06-05,0.0076919559100870226,-0.26073881781195885
2023-06-06,0.007606650076673798,0.3090887854906153
2023-06-07,0.007223217990681779,-0.5287524108157793
2023-06-08,0.007436345724024376,0.8296509920984378
2023-06-09,0.00708503750793015,0.16194706404397088
2023-06-12,0.00673241807833084,1.3781044007972656
2023-06-13,0.006447339312800762,1.071538256438884
2023-06-14,0.006169449912220765,0.13276548019359138
2023-06-15,0.0058766915927567906,2.0597610581622456
2023-06-16,0.0056708322634646535,-0.6486484341020797
2023-06-20,0.005977063183286029,-0.7940946397401445
2023-06-21,0.006424284247939772,-0.8186260389414364
2023-06-22,0.00691589776103255,0.5355675452874104
2023-06-23,0.006588618853978933,-1.166904358393712
2023-06-26,0.007451640797006062,-0.6034824390540925
2023-06-27,0.0077474784529514016,1.4702504296533927
2023-06-28,0.0074028184036329745,-0.04783845409695639
2023-06-29,0.007108060890592579,0.6279586209506831
2023-06-30,0.006771512731932614,1.800831032094344
2023-07-03,0.006501196395289583,0.179965812680219
2023-07-05,0.006188415030746817,-0.31837846812527537
2023-07-06,0.006206291081099301,-1.2816126527029443
2023-07-07,0.007147447551952974,-0.40143180833127123
2023-07-10,0.007226848238896176,0.33239090281406003
2023-07-11,0.006871372160091434,0.9779100653696926
2023-07-12,0.006563210201710074,1.1250447583509804
2023-07-13,0.006280020411785294,1.3430661744025336
2023-07-14,0.006022757232983882,-0.17017657482427084
2023-07-17,0.0059171351913370005,0.6503095585942892
2023-07-18,0.005658380257432883,1.2533740432365281
2023-07-19,0.005435680552808608,0.43327322206535945
2023-07-20,0.00519972883063355,-1.3038809555443542
2023-07-21,0.006037348194782507,0.05367290475198002
2023-07-24,0.005752192286149194,0.6999137540253947
2023-07-25,0.005505433861161542,0.5105355266671193
2023-07-26,0.0052681301024804315,-0.029507809346395585
2023-07-27,0.005091377728823288,-1.2659428151849674
2023-07-28,0.005882229892221158,1.6710288428937414
2023-07-31,0.005658623282587791,0.2593626335022295
2023-08-01,0.005404269031822688,-0.4938031937286162
2023-08-02,0.005579130748291043,-2.497916121181464
2023-08-03,0.007673098183890145,-0.3324896136019814
2023-08-04,0.00766709969755711,-0.6931133784046526
2023-08-07,0.0080684580950526,1.1134245055279344
2023-08-08,0.00768795338505288,-0.5498479098841367
2023-08-09,0.007925388220547757,-0.8912647438182282
2023-08-10,0.00857369669416586,0.029238557185184987
2023-08-11,0.008111662574483173,-0.1319414965058986
2023-08-14,0.007865221994186431,0.7290328084390221
2023-08-15,0.007481976106722684,-1.5528169604361075
2023-08-16,0.008911062254654085,-0.8510861641284991
2023-08-17,0.009555287750458502,-0.8103169239625952
2023-08-18,0.010168676438748827,-0.014625097460186129
2023-08-21,0.009639998556517364,0.7111655483770976
2023-08-22,0.00913129763351193,-0.30459318688045983
2023-08-23,0.009048243728869296,1.2139737876140793
2023-08-24,0.008606925301196638,-1.5742385939057477
2023-08-25,0.0102440043956799,0.6536019315961663
2023-08-28,0.00968803936108574,0.6446173845329952
2023-08-29,0.009172811883526193,1.5703002410772235
2023-08-30,0.008738993371149056,0.43779117556297603
2023-08-31,0.008282544934812935,-0.192961582088416
2023-09-01,0.008098257955234198,0.2219628931870344
2023-09-05,0.0076788658703107115,-0.5473461696515001
2023-09-06,0.007913428727567921,-0.8840686802497082
2023-09-07,0.00855066647464496,-0.37616168579036435
2023-09-08,0.008575167003850321,0.16624819803712174
2023-09-11,0.008118964569608913,0.8253455770972137
2023-09-12,0.007722657521625501,-0.7396636464855268
2023-09-13,0.008178695189130884,0.15171883642062486
2023-09-14,0.007750405326092755,1.0831156798219737
2023-09-15,0.0073895230343991045,-1.6556069702390268
2023-09-18,0.008930991215618933,0.0807332217406544
2023-09-19,0.008445235671915133,-0.2549754021304758
2023-09-20,0.008326238519648895,-1.1336696857790038
2023-09-21,0.00931042199988353,-1.7761728006201083
2023-09-22,0.011383198918426096,-0.20189732422579565
2023-09-25,0.0110548241491868,0.3631893325143798
2023-09-26,0.010422351329734975,-1.4242626267945877
2023-09-27,0.01208238879587269,0.018977023183720427
2023-09-28,0.011353510694375478,0.5175383457305683
2023-09-29,0.010707634278428748,-0.2533948748843939
2023-10-02,0.010491864494783714,0.007564375825879824
2023-10-03,0.009909517787287126,-1.3965761160651224
2023-10-04,0.01145351380329541,0.7052025907983774
2023-10-05,0.010812000226129628,-0.12068822786766703
2023-10-06,0.010393094810265768,1.1301390306147938
2023-10-09,0.009854590192890093,0.6376792942564107
2023-10-10,0.00932853158485462,0.5568374885945624
2023-10-11,0.008836642137223322,0.4847791088031291
2023-10-12,0.008376625267294033,-0.7480369171008605
2023-10-13,0.008861416116007582,-0.567798148100756
2023-10-16,0.00912336712502355,1.155126408723018
2023-10-17,0.008674751986593563,-0.01132595832093686
2023-10-18,0.008254563076706738,-1.6342970700919606
2023-10-19,0.009912810670022762,-0.8593962511379771
2023-10-20,0.010609812526740195,-1.1937203569088224
2023-10-23,0.011891252342731697,-0.1418683261285378
2023-10-24,0.011438689031103193,0.6328980095485113
2023-10-25,0.010794627669935684,-1.338020643126467
2023-10-26,0.01234401190596813,-0.9642797897683211
2023-10-27,0.013340400760383085,-0.360696703573658
2023-10-30,0.013202701820804984,0.9042447873414822
2023-10-31,0.01244177184963438,0.5187432224033881
2023-11-01,0.0117140534337075,0.8921928732302866
2023-11-02,0.01106541592901781,1.6884081948598237
2023-11-03,0.01051074427065143,0.8895548501411704
2023-11-06,0.009950617838826564,0.17601497238360853
2023-11-07,0.009394361282243855,0.3018931587261775
2023-11-08,0.008885451466219598,0.11303995483392545
2023-11-09,0.008404870829835757,-0.9657127234193807
2023-11-10,0.009170944929293257,1.689657869526227
2023-11-13,0.008744201316218624,-0.09562776646273563
2023-11-14,0.00841966234543056,2.244195752675571
2023-11-15,0.008069928600891951,0.19773882604988932
2023-11-16,0.007651159572404797,0.15549530570553313
2023-11-17,0.00726022089972228,0.17647230778169712
2023-11-20,0.006896918659202814,1.0675932481775376
2023-11-21,0.006592223062879445,-0.30687310069166196
2023-11-22,0.006587790626739408,0.6152146180638051
2023-11-24,0.00628519765192835,0.09493664999719283
2023-11-27,0.005984641800606233,-0.3268481860853483
2023-11-28,0.006013476552600733,0.1629071834706368
2023-11-29,0.005733390229204973,-0.16511986403436812
2023-11-30,0.005635392105098467,0.6702162324387552
2023-12-01,0.005394049140698287,1.0857444567307444
2023-12-04,0.0051809372302566116,-1.0467581101262617
2023-12-05,0.005796709126454611,-0.09816459331003757
2023-12-06,0.0056430519500852636,-0.6935700715788313
2023-12-07,0.005987079977744273,1.325622960495818
2023-12-08,0.0057447941615002,0.7114500592370193
2023-12-11,0.005498673118733264,0.7123197657333777
2023-12-12,0.005267581516067453,0.8711422465309864
2023-12-13,0.005055033284374117,2.6821475571548907
2023-12-14,0.004909912965243154,0.5384138586301157
2023-12-15,0.004709136783200324,-0.016192436949586674
2023-12-18,0.004555886035529088,0.9917109928048492
2023-12-19,0.004388614704514718,1.3328277473989134
2023-12-20,0.00424136648486733,-3.487825920746726
2023-12-21,0.006761945544939524,1.5156539252142796
2023-12-22,0.0064881272158309015,0.2556488332585015
2023-12-26,0.00617940297647303,0.6833606843664519
2023-12-27,0.0059069068015338575,0.24199393429596958
2023-12-28,0.0056368082592151035,0.06565880784089956
2023-12-29,0.0053796148730182545,-0.5261486376898854
2024-01-02,0.005578472301265668,-1.0176013240101336
2024-01-03,0.006197805227674157,-1.2986239534052435
2024-01-04,0.007146481924530893,-0.4805541663135783
2024-01-05,0.0073063002947967755,0.2496505161077471
2024-01-08,0.006944039455872666,2.018413853409233
2024-01-09,0.006674676420353137,-0.22158285423520963
2024-01-10,0.006589184754826576,0.8574627758551301
2024-01-11,0.006297152735752209,-0.10660069163482248
2024-01-12,0.006125562889770668,0.12255098291249523
2024-01-16,0.0058395391319376435,-0.6401736451958447
2024-01-17,0.006140727337963552,-0.917274283827082
2024-01-18,0.006707691367902641,1.3069654289988415
2024-01-19,0.006424058874285582,1.905074108448254
2024-01-22,0.006179041883492933,0.3547348000807101
2024-01-23,0.005895811171414246,0.49477760666896714
2024-01-24,0.005635292418797641,0.14402073857062855
2024-01-25,0.005381250301230227,0.9749738148734802
2024-01-26,0.005166070596322194,-0.12620767433770017
2024-01-29,0.005066899125097962,1.485793444743317
2024-01-30,0.004885285432542068,-0.12298777733184706
2024-01-31,0.004796634186724918,-3.3850510813747543
2024-02-01,0.0074969961821585804,1.6561681255218046
2024-02-02,0.007183630427500106,1.479442856907973
2024-02-05,0.00688187239492677,-0.4637436625004233
2024-02-06,0.007025747666107946,0.3284698001439642
2024-02-07,0.0066834095127103,1.228068185616845
2024-02-08,0.006400210465415437,0.08912527848477153
2024-02-09,0.006091937411497942,0.9399172614589056
2024-02-12,0.0058335827889677665,-0.16274803615498085
2024-02-13,0.005731662955131064,-2.402201512480623
2024-02-14,0.007758331652445308,1.228894140045183
2024-02-15,0.0074075390329697835,0.7835763872732977
2024-02-16,0.007058524331600662,-0.6821600875418804
2024-02-20,0.0074307052735226005,-0.8106130231380627
2024-02-21,0.007956727183753523,0.1587840661023645
2024-02-22,0.007543448259535968,2.770999143525607
2024-02-23,0.007275440267311125,0.04781662878392004
2024-02-26,0.006904124267327247,-0.5495178096115622
2024-02-27,0.0071365539568129235,0.2388961884178033
2024-02-28,0.006784051772990721,-0.244622443436926
2024-02-29,0.006717322999594278,0.7764209724786958
2024-03-01,0.006413373964290327,1.2436412530748593
2024-03-04,0.006145488612906591,-0.19428472659671786
2024-03-05,0.006057549514822256,-1.6913450316583218
2024-03-06,0.007397441645021672,0.6932035559148741
2024-03-07,0.007045504066983998,1.4550275164872006
2024-03-08,0.006747392827566151,-0.9707339055895786
2024-03-11,0.0074124448674472085,-0.15148419827846996
2024-03-12,0.007225341150129151,1.5417282527163558
2024-03-13,0.006919813587321758,-0.27838669030783625
2024-03-14,0.0068808737346199,-0.41785697026071467
2024-03-15,0.00698116753998791,-0.9316525957132183
2024-03-18,0.00761904567163137,0.8266368925877364
2024-03-19,0.00725782163272025,0.7761630595805842
2024-03-20,0.006918624545990155,1.2812901549193436
2024-03-21,0.006621324116162862,0.48801554460100693
2024-03-22,0.006313033121867132,-0.22226587556871558
2024-03-25,0.006243213809519508,-0.49007457943646443
2024-03-26,0.006416835217303787,-0.4369322084577485
2024-03-27,0.0065406893236851175,1.3138669576594941
2024-03-28,0.00626711340863929,0.17805050395653763
2024-04-01,0.005972169197326207,-0.337501242908491
2024-04-02,0.006013545369685344,-1.2081705145682236
2024-04-03,0.006854817003994864,0.15908922480392404
2024-04-04,0.006519947598667908,-1.903548369284134
2024-04-05,0.008189645345221434,1.34780563387153
2024-04-08,0.007812687061486304,-0.04796060396288494
2024-04-09,0.00749431675796091,0.19273931437447178
2024-04-10,0.007116397758318116,-1.3352235435555235
2024-04-11,0.008223377350235673,0.9019678493933555
2024-04-12,0.007823755467628321,-1.8734721276623276
2024-04-15,0.009741271569697098,-1.2415417947162586
2024-04-16,0.011021956822769297,-0.18677486771228932
2024-04-17,0.010688661046369351,-0.5423855290063961
2024-04-18,0.010914932277670797,-0.202530042720204
2024-04-19,0.010612365519805544,-0.8289508722290028
2024-04-22,0.011291847049708226,0.7698785786389508
2024-04-23,0.01066527975193547,1.1151668633506524
2024-04-24,0.010105337292790926,0.0210767213167287
2024-04-25,0.009536886451164505,-0.48096769250709814
2024-04-26,0.009681854941469054,1.049115215393218
2024-04-29,0.009188319599849686,0.34537415053469783
2024-04-30,0.00869640172401157,-1.8232312193156575
2024-05-01,0.01071527893219031,-0.3211632200532043
2024-05-02,0.010602269595389107,0.8570829710871735
2024-05-03,0.010032554616758333,1.243806601228492
2024-05-06,0.009524079301935091,1.0786526829066312
2024-05-07,0.009042892969009522,0.14846224913047365
2024-05-08,0.00855259175898673,-0.0006823235995681485
2024-05-09,0.008131355028708626,0.6245001750851928
2024-05-10,0.007726796623838329,0.21328891653258333
2024-05-13,0.007333841750470691,-0.03290678774882361
2024-05-14,0.007031873179773034,0.6863247393791128
2024-05-15,0.006703619636918357,1.737543061535408
2024-05-16,0.00643613668020979,-0.32377147621748087
2024-05-17,0.006454393090165143,0.1803571105187235
2024-05-20,0.006146934669649784,0.1490125335173908
2024-05-21,0.005858519492308925,0.42651556765723203
2024-05-22,0.005596843388208785,-0.48416420138903365
2024-05-23,0.005764830774531018,-1.285061534885119
2024-05-24,0.006653917310521839,1.0485025213104056
2024-05-28,0.006362556768316685,0.03909920428917702
2024-05-29,0.006061170633791635,-1.2199486967944835
2024-05-30,0.006920433520135997,-0.8659800745597118
2024-05-31,0.007484720685532212,1.0682862551416166
2024-06-03,0.007140411801263582,0.15621791215695793
2024-06-04,0.006786144638056152,0.22128632439734544
2024-06-05,0.006458215356712444,1.8237260914060325
2024-06-06,0.006205142611210567,-0.03220499739605722
2024-06-07,0.005976107157525529,-0.18671720919087842
2024-06-10,0.0058896774241472116,0.43763516957204324
2024-06-11,0.005627364846892096,0.48099153491076296
2024-06-12,0.005382652728266904,1.573150019026663
2024-06-13,0.005185097403147218,0.4516619949503207
2024-06-14,0.004966826373101632,-0.0793138820257366
2024-06-17,0.0048449777068616485,1.5758925704668318
2024-06-18,0.004678309316652642,0.5382615836353579
2024-06-20,0.004492387509667365,-0.5629806845402049
2024-06-21,0.004709773782752753,-0.33193775135205267
2024-06-24,0.004770676633061675,-0.6434892557154613
2024-06-25,0.005050868279501638,0.7772670879412164
2024-06-26,0.004849355904285061,0.324001012862726
2024-06-27,0.004648147825255076,0.1951120942993313
2024-06-28,0.004455803353965561,-0.9183559365848368
2024-07-01,0.004917194578437751,0.5433974472245762
2024-07-02,0.004717150255945483,1.3093086791968154
2024-07-03,0.004548807187858392,1.1149213541233707
2024-07-05,0.00438465832388281,1.2393153490137345
2024-07-08,0.004233097254675345,0.24005649179995878
2024-07-09,0.00406576253542596,0.18220382317207526
2024-07-10,0.003906784070477755,2.5996611778096046
2024-07-11,0.003814734295694826,-2.3072773323162328
2024-07-12,0.005162365521319356,1.065764135112633
2024-07-15,0.0049640626459107095,0.5685295743958596
2024-07-16,0.004762396251505989,1.3373624610589778
2024-07-17,0.004595013210189831,-3.0523179982468376
2024-07-18,0.006875650923973332,-1.1412900730591446
2024-07-19,0.007737191660541837,-0.9261602323942008
2024-07-22,0.008415200195031555,1.2755747929274368
2024-07-23,0.008026661584858241,-0.19426727755504836
2024-07-24,0.007852702395119534,-2.9825709729493295
2024-07-25,0.011477819849698045,-0.44920456038106743
2024-07-26,0.011539182836247087,0.9558233512796928
2024-07-29,0.010906846817511799,0.07453846060463575
2024-07-30,0.010261117914284855,-0.4845977215059474
2024-07-31,0.010400320475374179,1.5066824853157355
2024-08-01,0.009888304085208306,-1.3943871136219652
2024-08-02,0.011433777848681582,-1.622640115462145
2024-08-05,0.01361696957218779,-2.234494336723732
2024-08-06,0.017653362358574,0.5835063759735729
2024-08-07,0.01648549850050772,-0.47100276576599504
2024-08-08,0.016482746715651888,1.3821203458320577
2024-08-09,0.015505089792136426,0.3005979647241305
2024-08-12,0.014496304913448879,0.0029685531573793887
2024-08-13,0.013583150128974254,1.2299969639157087
2024-08-14,0.012812555555835629,0.2978669278401731
2024-08-15,0.012030328285228105,1.3303452367926336
2024-08-16,0.01138420708302047,0.17461052437812774
2024-08-19,0.010707637069622305,0.903591275392245
2024-08-20,0.010130125411811707,-0.19610095204669561
2024-08-21,0.009855046226499018,0.4292942543110273
2024-08-22,0.009311898387511843,-0.9635996746581968
2024-08-23,0.01013959804167374,1.126073968093793
2024-08-26,0.009616558555959047,-0.32846575531413547
2024-08-27,0.009548382798411576,0.16693142141191258
2024-08-28,0.009014375985536898,-0.6649268684101711
2024-08-29,0.009410481631173244,-0.004184678848664302
2024-08-30,0.008923327551524142,1.1254161657922448
2024-09-03,0.008485429234308643,-2.519373243484458
2024-09-04,0.011584707719442356,-0.13844363329853626
2024-09-05,0.011141153185677162,-0.27129875734587044
2024-09-06,0.010931981663064314,-1.5926613347925143
2024-09-09,0.012975452554072217,0.8873320131099236
2024-09-10,0.012224267583281174,0.3650689047332802
2024-09-11,0.011495312618509286,0.9228592559336346
2024-09-12,0.010860219869878897,0.6875875669436672
2024-09-13,0.01025825040594049,0.5257370429593398
2024-09-16,0.009692129127718161,0.1295732703064043
2024-09-17,0.009146911133881797,0.02891851577262938
2024-09-18,0.008639711771004522,-0.3357355876208642
2024-09-19,0.008611673877430722,1.9548298196527505
2024-09-20,0.00823787482512684,-0.23585131739189602
2024-09-23,0.008104525988601759,0.34614417051137036
2024-09-24,0.007686766663653922,0.32627907325523026
2024-09-25,0.007297322065486705,-0.25529683211099247
2024-09-26,0.007221934448909402,0.5580973057444547
2024-09-27,0.006873955885362538,-0.18242812741098394
2024-09-30,0.006742462564704541,0.6270118102800258
2024-10-01,0.006429066103482122,-1.457108784335017
2024-10-02,0.007593138828436048,0.0182245221790581
2024-10-03,0.007217977248862811,-0.23314407851930108
2024-10-04,0.007123163668190716,1.253692336042306
2024-10-07,0.006811036610025375,-1.4142140735538513
2024-10-08,0.007979531656043802,1.2084301711355059
2024-10-09,0.007608586441037791,0.9316094483416796
2024-10-10,0.007250611922910012,-0.285806015825241
2024-10-11,0.007209671169600453,0.8368771009611209
2024-10-14,0.006874464282216567,1.1169036974206095
2024-10-15,0.006572318827344356,-1.1622330319297942
2024-10-16,0.007432619346454689,0.6280737066141987
2024-10-17,0.007074111122423776,-0.02419740453252181
2024-10-18,0.0067792849252870544,0.5846762581092675
2024-10-21,0.0064630695252949665,-0.2822858007759146
2024-10-22,0.006443436133565549,-0.07371325754627629
2024-10-23,0.0062346237495165095,-1.4810555758711144
2024-10-24,0.0073924895467379105,0.28995281183765115
2024-10-25,0.007023066412372138,-0.042644052554892814
2024-10-28,0.006749384747258007,0.39232237098479905
2024-10-29,0.00642789996907982,0.2509102432613591
2024-10-30,0.00612276740697652,-0.5399015596644201
2024-10-31,0.006343370928414698,-2.9621687176727396
2024-11-01,0.009303976356244317,0.4389690867802493
2024-11-04,0.00880205996721107,-0.31993020084852514
2024-11-05,0.008749385531165348,1.3933585377096478
2024-11-06,0.00833610942733274,2.9967554018997355
2024-11-07,0.008025442185285598,0.9225353573128539
2024-11-08,0.007637847434367795,0.4909490622770446
2024-11-11,0.0072574390353731125,0.13346225662182273
2024-11-12,0.006889962274037214,-0.42044518702992445
2024-11-13,0.006995428321904266,0.03319321612010904
2024-11-14,0.006651127068774569,-0.9123429036159452
2024-11-15,0.0072561494812300575,-1.8317471134208696
2024-11-18,0.00901608248708111,0.43368721967766566
2024-11-19,0.00853513185438181,0.4634668319230917
2024-11-20,0.008091171300831198,0.0027129102225971627
2024-11-21,0.007697154143493805,0.6919767676459924
2024-11-22,0.007322301893165382,0.4727966207959801
2024-11-25,0.00696503814015868,0.43300951975221924
2024-11-26,0.006630758886387327,0.8604893124640316
2024-11-27,0.006333335574623649,-0.6013389056530317
2024-11-29,0.006615524464970368,0.8453026553544682
2024-12-02,0.006318540603291622,0.38702985928550404
2024-12-03,0.0060258805145711036,0.07490145895364222
2024-12-04,0.005742889893230439,1.0505480237830518
2024-12-05,0.005507609949046599,-0.3398072588103616
2024-12-06,0.005562213020780113,0.44808520605486324
2024-12-09,0.005320050677474215,-1.1584790557206623
2024-12-10,0.006051560179634382,-0.49049901614942465
2024-12-11,0.00622914096909213,1.3055775189101388
2024-12-12,0.005971638796164369,-0.9090857044051154
2024-12-13,0.006531079006995101,-0.004052468105706733
2024-12-16,0.006255175422126899,0.6062427914284909
2024-12-17,0.005973487073159872,-0.6481104643302181
2024-12-18,0.006291913567167974,-4.757933335373534
2024-12-19,0.011964429520177552,-0.07233832161224985
2024-12-20,0.011381832009570199,0.9498013494934833
2024-12-23,0.010753037771819301,0.6752370576289756
2024-12-24,0.010153300642782932,1.0816416800316833
2024-12-26,0.0096229745177726,-0.042163791196645053
2024-12-27,0.009170978379078284,-1.2122267118494428
2024-12-30,0.01035844071675423,-1.038734905759126
2024-12-31,0.01137565816768119,-0.37747323237805136
2025-01-02,0.011329009811486155,-0.1965187767064386
2025-01-03,0.010994292118357576,1.1385323014043083
2025-01-06,0.010404856636954587,0.5307873706980135
2025-01-07,0.009826275000053529,-1.1363432752061051
2025-01-08,0.0109562792707141,0.14230598319979473
2025-01-10,0.01031522889550756,-1.5056997578596212
2025-01-13,0.012114070421066185,0.12994842553632366
2025-01-14,0.011379564208611288,0.10067374401711002
2025-01-15,0.010703206465272572,1.6954856064298538
2025-01-16,0.010164463683537921,-0.20807043113263043
2025-01-17,0.009910180882900656,1.0031581084000845
2025-01-21,0.00939182829087827,0.9295324797488731
2025-01-22,0.008907453399830728,0.6869731237786194
2025-01-23,0.008447314767409947,0.6273495904254162
2025-01-24,0.008017356890591111,-0.3566282533614258
2025-01-27,0.008034370698865374,-1.8281530169110032
2025-01-28,0.009945265192472682,0.922614329546608
2025-01-29,0.009420630047938965,-0.49783040338647483
2025-01-30,0.009593580007659055,0.5484447044773517
2025-01-31,0.009077597685908483,-0.5573725742572868
2025-02-03,0.009332504555415965,-0.8183966784204024
2025-02-04,0.009953392431206439,0.723261687187112
2025-02-05,0.009418825586923484,0.41417625579882084
2025-02-06,0.008910011163349114,0.4082682152217151
2025-02-07,0.00843836456767218,-1.1269773446495923
2025-02-10,0.00943153956827263,0.709334064393782
2025-02-11,0.008934711754877332,0.03800068239350397
2025-02-12,0.008445993834184026,-0.3229440185722459
2025-02-13,0.00841155271741549,1.2331032762548229
2025-02-14,0.008008794037615488,-0.008983424375218405
2025-02-18,0.0076358410572248195,0.31980807840941694
2025-02-19,0.007251641168008881,0.32739469753383865
2025-02-20,0.006894044624801706,-0.63005175055909
2025-02-21,0.007213992857254126,-2.3858350033203255
2025-02-24,0.00970166313745909,-0.513467999833725
2025-02-25,0.009893910175157545,-0.47410124565051526
2025-02-26,0.010027911801010337,0.013563644384107582
2025-02-27,0.00947421553841483,-1.6879226162507324
2025-02-28,0.011442546912542735,1.374674759115151
2025-03-03,0.010832586360965178,-1.6388886325692107
2025-03-04,0.012951447036631689,-0.9504951992381435
2025-03-05,0.013963820797130487,0.7947303742981354
2025-03-06,0.013121307546907691,-1.3702656570756306
2025-03-07,0.015024368475022937,0.3664337076534989
2025-03-10,0.014064159892500355,-1.9442001511238587
2025-03-11,0.017464235185620996,-0.43498308616403786
2025-03-12,0.017355316334453755,0.2808919092309207
2025-03-13,0.016188821691868846,-0.8640756611391571
2025-03-14,0.017144741381697148,1.227367942432922
2025-03-17,0.016076493958217006,0.3978252342350284
2025-03-18,0.015031418978250569,-0.7125519613163735
2025-03-19,0.015604045845062227,0.6883220082535632
2025-03-20,0.014620329203082115,-0.14960562675436873
2025-03-21,0.01400800738430223,0.05884588615768786
2025-03-24,0.01311563522268083,1.3336843265043719
2025-03-25,0.012375254511786149,0.12711621317814428
2025-03-26,0.011621236356882643,-0.9654429195869253
2025-03-27,0.012589235349153863,-0.26311852271113784
2025-03-28,0.012304644121388788,-1.6200875807696615
2025-03-31,0.014623360117787526,0.37769981133998426
2025-04-01,0.013700308772424927,0.27547587561009335
2025-04-02,0.012847266755303868,0.5219523776693928
2025-04-03,0.012078017414598446,-4.107123721235761
2025-04-04,0.020522377675132916,-3.0020430806554765
2025-04-07,0.029464923248320153,-0.07921943615094183
2025-04-08,0.027470436030712548,-0.576076887143801
2025-04-09,0.027568660660727943,3.2970364774563925
2025-04-10,0.02589889781569313,-1.3599268692727955
2025-04-11,0.029183740227446117,0.614396259562169
2025-04-14,0.02695057895452705,0.2936233518283715
2025-04-15,0.024892439354545624,-0.06946989809520279
2025-04-16,0.023273156995621682,-0.9737937130388274
2025-04-17,0.024845879203141026,0.05336734566455076
2025-04-21,0.022969048164718203,-1.038338557304867
2025-04-22,0.024757999664985347,1.001977238109999
2025-04-23,0.022993856801108072,0.7186208259800642
2025-04-24,0.021358917128732488,0.9390283206634518
2025-04-25,0.019894427404856724,0.36925339172656146
2025-04-28,0.018503564389892008,0.03461503554152996
2025-04-29,0.01720885403917667,0.3362014421405485
2025-04-30,0.016049457879956805,0.09214624338051974
2025-05-01,0.014971427871849447,0.4194219663081676
2025-05-02,0.014005966263358934,1.0437831160110194
2025-05-05,0.013172564749055187,-0.4860137073744725
2025-05-06,0.01327591097963525,-0.5817292154367614
2025-05-07,0.013567138071834522,0.3196649200255812
2025-05-08,0.012712674193837698,0.4549020181977246
2025-05-09,0.011935288989479199,-0.059632752546141476
2025-05-12,0.01133037142670858,2.8277957950692585
2025-05-13,0.010836697518022085,0.666444644065794
2025-05-14,0.010222903045339862,0.1001566030446844
2025-05-15,0.009624853194420118,0.42845510008892695
2025-05-16,0.009086851640383744,0.7682363093808576
2025-05-19,0.008608402079442364,0.10172963088472839
2025-05-20,0.00813142157363128,-0.4781177601440877
2025-05-21,0.008287070208156777,-1.9629035182722276
2025-05-22,0.01049869473276866,-0.042383366099068856
2025-05-23,0.009983751049931095,-0.6741854397019399
2025-05-27,0.010419934290764188,1.943638053469807
2025-05-28,0.009898643500927388,-0.5644008268326747
2025-05-29,0.010169840104600947,0.3936316431190616
2025-05-30,0.009598166718821285,-0.008458746276656963
2025-06-02,0.009104195518368698,0.44964450536751066
2025-06-03,0.008614037717135764,0.6714079651479367
2025-06-04,0.008167713748411617,0.00902146512328243
2025-06-05,0.007758670196609802,-0.6819928988615976
2025-06-06,0.008161634400323855,1.253204409029905
2025-06-09,0.0077690227993893425,0.11835789521226224
2025-06-10,0.007365208435899286,0.7424111061126758
2025-06-11,0.007009075180432858,-0.39201467348461416
2025-06-12,0.007087579499472973,0.5382843426249385
2025-06-13,0.006743789396635827,-1.6846120069777872
2025-06-16,0.008243837288229444,1.1340378056147538
2025-06-17,0.007839333649637157,-1.0698944704353033
2025-06-18,0.008723002226207003,-0.035456603896086215
2025-06-20,0.008328596775542178,-0.2618730711028831
2025-06-23,0.008227704183881962,1.1620076339143528
2025-06-24,0.007825223913437936,1.4134200809212183
2025-06-25,0.00745847042475983,-0.0004405874343992586
2025-06-26,0.007114694627558644,1.1227651291701848
2025-06-27,0.006787520216307203,0.7669073667941181
2025-06-30,0.006472178122564752,0.7958893294623266
2025-07-01,0.006178251540821577,-0.1811446333133558
2025-07-02,0.006081076668646909,0.7784598952513169
2025-07-03,0.005812075847417908,1.4288144939393093
2025-07-07,0.005578391688759161,-1.4149899370011383
2025-07-08,0.00658983074851001,-0.10867399752743623
2025-07-09,0.00640770543364254,0.9432085852524006
2025-07-10,0.006122559157621988,0.4479239811854213
2025-07-11,0.005843381439996965,-0.5652500708950492
2025-07-14,0.006091750229050081,0.2308736041456531
2025-07-15,0.005809767022957721,-0.6823242739350286
2025-07-16,0.006161847453609937,0.5174695656438018
2025-07-17,0.005881914330921856,0.9111625804948162
2025-07-18,0.005629148394052964,-0.016075309527081843
2025-07-21,0.005424702327713413,0.25773893592825814
2025-07-22,0.005186498135756104,0.12288223768434617
2025-07-23,0.004960565952913847,1.568678295897288
2025-07-24,0.0047792241659637335,0.14604462412602737
2025-07-25,0.004579082005761165,0.8662109559711129
2025-07-28,0.0044045489307078575,0.04014996178940837
2025-07-29,0.004239868254891952,-0.6990382764954401
2025-07-30,0.004551266610713096,-0.27469582545820476
2025-07-31,0.00458230281466064,-0.8078169854972015
2025-08-01,0.004985376373409324,-3.233735224396719
2025-08-04,0.007700786025938532,1.8997495115612857
2025-08-05,0.007359422685166575,-0.6616964385369146
2025-08-06,0.007732340900439419,0.9383344983459637
2025-08-07,0.007355468468674501,-0.10846327126888873
2025-08-08,0.007129419824762336,1.0897737834715884
2025-08-11,0.006798127252114841,-0.36881751413294145
2025-08-12,0.0068595020416198985,1.6446615230551362
2025-08-13,0.006561303631868174,0.49149887964065986
2025-08-14,0.006252185068829409,0.048470234840879214
2025-08-15,0.005954378803514405,-0.48726156197055615
2025-08-18,0.006136293115323984,-0.016421682576514215
2025-08-19,0.0058998213258074595,-0.9958486516374617
2025-08-20,0.006549179984066762,-0.3717458732523485
2025-08-21,0.006618505260080907,-0.6062123653735455
2025-08-22,0.006918601379207566,2.1785161960732347
2025-08-25,0.00662869465071703,-0.6450006773480681
2025-08-26,0.0069689962355506145,0.5919753104574105
2025-08-27,0.006634777399572336,0.3599413076702519
2025-08-28,0.006318288518572555,0.49882930040332374
2025-08-29,0.0060263237881551975,-1.0651170810648445
2025-09-02,0.006753750184651822,-1.0285174711995817
2025-09-03,0.007504368639734706,0.6778867813084192
2025-09-04,0.007135198190899949,1.1649076704659331
2025-09-05,0.006803898877503608,-0.4659347128773254
2025-09-08,0.00696380939599377,0.3020996600077223
2025-09-09,0.006623510833570692,0.4053057506098889
2025-09-10,0.00630899943135211,0.47218711331518554
2025-09-11,0.006017163286108546,1.404330782015272
2025-09-12,0.00576389177142039,-0.08377636162810963
2025-09-15,0.0056068039923295706,0.8374784873849024
2025-09-16,0.0053678919303321556,-0.2400868814159144
2025-09-17,0.005352735022997065,-0.18133516306615652
2025-09-18,0.005292590423450067,0.9027125574536675
2025-09-19,0.0050744978950033395,0.9603953018249292
2025-09-22,0.004870853404326576,0.9034044651916339
2025-09-23,0.004678565812751441,-1.1792827224321705
2025-09-24,0.005371802392034639,-0.5306742425078613
2025-09-25,0.005587885572259563,-0.8986670678184281
2025-09-26,0.006125349059686951,0.9606781708396287
2025-09-29,0.005855735553310263,0.4494870432501822
2025-09-30,0.005593048852390932,0.7299245404880204
2025-10-01,0.005352709249344329,0.6341002309511136
2025-10-02,0.005125769462223262,0.12059918533953659
2025-10-03,0.004904127973421539,0.013358268222660653
2025-10-06,0.004725729636263793,0.7702428117828354
2025-10-07,0.004539250823512936,-0.8412594622600982
2025-10-08,0.004965645487451076,1.170189959970446
2025-10-09,0.0047720965748353685,-0.5782309592873434
2025-10-10,0.005016272469834869,-5.479362535664796
2025-10-13,0.010749672636484313,1.439882269940127
2025-10-14,0.010185733299431,-0.15370042106157009
2025-10-15,0.009845604927587329,0.40809259897995864
2025-10-16,0.009290354337760154,-0.6796597896679938
2025-10-17,0.009726498585488573,0.5404693064336205
2025-10-20,0.009188101280749908,1.1553773529233422
2025-10-21,0.008713698651552833,0.0037522431890782376
2025-10-22,0.008272425533194456,-0.6469486794734618
2025-10-23,0.008647084378786666,0.6719582702659841
2025-10-24,0.008195511436789227,0.9604479276192529
2025-10-27,0.007784710893760574,1.5691194565966227
2025-10-28,0.0074194397041029035,0.3080192835810401
2025-10-29,0.007046596854516656,-0.0061844328025964495
2025-10-30,0.006740307931103181,-1.4768155292433511
2025-10-31,0.007995236828564728,0.3270073137225185
2025-11-03,0.007582330480827692,0.2267421607729405
2025-11-04,0.007197359336082007,-1.6403586150186873
2025-11-05,0.008726230607335506,0.417923596085407
2025-11-06,0.008262220677852926,-1.3605463897684338
2025-11-07,0.009581996727166737,0.13160580027322485
2025-11-10,0.00904545651270523,1.6896468057785974
2025-11-11,0.008595174969433616,0.24120509003766272
2025-11-12,0.008136507256672117,0.07734511948344228
2025-11-13,0.007708375430505608,-2.165884599348505
2025-11-14,0.010070049467745501,-0.04983604826167307
2025-11-17,0.009600587458141506,-0.9587431950842016
2025-11-18,0.010460023332338825,-0.7926091157500244
2025-11-19,0.011099135956114208,0.33757652416187284
2025-11-20,0.010451062273572202,-1.5012565905372515
2025-11-21,0.012294750795938385,0.7950631292845431
2025-11-24,0.011568284627520098,1.326801629912147
2025-11-25,0.010919169255695946,0.8261513114770509
2025-11-26,0.010301594232122955,0.6681460442974131
2025-11-28,0.009726633933079697,0.5490581199909174
2025-12-01,0.009192075339282936,-0.5806685159819389
2025-12-02,0.00949043609982825,0.2585994120945416
2025-12-03,0.008966254745259791,0.33183983788314625
2025-12-04,0.00848344949016192,0.1272759050697656
2025-12-05,0.008031493737594993,0.24089776421319364
2025-12-08,0.007614949715641715,-0.45743116655031774
2025-12-09,0.007761671061328346,-0.11295804139158568
2025-12-10,0.007520886593724646,0.8944265513528077
2025-12-11,0.007154856174707351,0.290319180846785
2025-12-12,0.006800986075298246,-1.5763763283526135
2025-12-15,0.008183772158195348,-0.19524479188195643
2025-12-16,0.00801404589282707,-0.297822603009581
2025-12-17,0.007969910599406316,-1.4629846176993064
2025-12-18,0.00939069821386725,0.8415723027716625
2025-12-19,0.008889055626135145,0.9876648083984688
2025-12-22,0.008427997187960588,0.761256848154338
2025-12-23,0.00799482147952618,0.5678759755194522
2025-12-24,0.007588360415822105,0.4238470721546708
2025-12-26,0.007207645234088975,-0.04223430360724136
2025-12-29,0.0069269124556677105,-0.5050104135607845
2025-12-30,0.007128008697931869,-0.19312746504556214
2025-12-31,0.007004107384089707,-1.0543623947034442
2026-01-02,0.0078044738844655175,0.24254216929144543
2026-01-05,0.007403932780013821,0.8554945998631522
2026-01-06,0.007045129654197827,0.8768599453966461
2026-01-07,0.006711461373865706,-0.5134282057297809
2026-01-08,0.006920652247817473,0.011060421284223953
2026-01-09,0.006606621750019969,0.9769911737872068
2026-01-12,0.006304677890505137,0.25003498775971533
2026-01-13,0.0060084942949276895,-0.3230435934417342
2026-01-14,0.006044996882292386,-0.8846379391525787
2026-01-15,0.006599076821159024,0.3904491477023236
2026-01-16,0.006285409471786926,-0.102222245238676
2026-01-20,0.006115358825528051,-3.4082155353265944
2026-01-21,0.009637834132343412,1.1954052617378332
2026-01-22,0.009128735605995029,0.5994806886847391
2026-01-23,0.008638488347962112,0.03783259458334497
2026-01-26,0.00817157058219283,0.611093572518574
2026-01-27,0.007752682734439321,0.525442350729164
2026-01-28,0.0073621500481002725,-0.011100886448440653
2026-01-29,0.007039671423648628,-0.1837397464485071
2026-01-30,0.006910769907651407,-0.6238348942401751
2026-02-02,0.007235620938035012,0.7430993584944875
2026-02-03,0.006886080134268735,-1.225587769254014
2026-02-04,0.007869367083223788,-0.6462146321596604
2026-02-05,0.008236311248993064,-1.4966260357558132
2026-02-06,0.009743894968989864,2.001698945265046
2026-02-09,0.009251005080404781,0.5059037174280008
2026-02-10,0.008749269898000622,-0.378223820168722
2026-02-11,0.008783038631715876,-0.005574069749987939
2026-02-12,0.008351227935665815,-1.8901341823882358
2026-02-13,0.010460809935239367,0.04769847148886015
2026-02-17,0.009854265752995054,0.10460349421191598
2026-02-18,0.009297384789170521,0.5970105515694062
2026-02-19,0.008795541402340424,-0.32131227200899687
2026-02-20,0.008755548886639626,0.7898711767490528
2026-02-23,0.00829872334573936,-1.2580199431295622
2026-02-24,0.009480387011182678,0.8040271935514681
2026-02-25,0.008970375717343293,0.9033550238550375
2026-02-26,0.008500495238788376,-0.6329074770864815
2026-02-27,0.00886187392757774,-0.49073087290299305
2026-03-02,0.00903956479827665,0.04405913581265874
2026-03-03,0.008544474853047357,-1.110531529966106
2026-03-04,0.009545974258004335,0.8093595825141069
2026-03-05,0.009031381606162509,-0.6270034884629042
2026-03-06,0.00939153627213159,-1.423166566705118
2026-03-09,0.010952802846360727,0.7550461540661092
2026-03-10,0.010329172069370385,-0.2069287346103612
2026-03-11,0.010069789369523458,-0.0832144700237613
2026-03-12,0.009648676940210942,-1.590353608539144
2026-03-13,0.011520460612391313,-0.5275436983800579
2026-03-16,0.011732621146104816,0.8591353646636575
2026-03-17,0.011051947271549465,0.22540366179326196
2026-03-18,0.010405980832526111,-1.3166466096983291
2026-03-19,0.011915631080656934,-0.23100602941348738
2026-03-20,0.011613824349176214,-1.313429052235682
2026-03-23,0.013255291111013187,0.8591368533287711
2026-03-24,0.012452882386372844,-0.3011026156822273
2026-03-25,0.01224807205981773,0.4412526096804518
2026-03-26,0.011513207205051133,-1.5251563398863728
2026-03-27,0.013552453426603628,-1.2442936651564411
2026-03-30,0.015254022736157535,-0.25918106336538044
2026-03-31,0.014835498163589438,1.9355530224306707
2026-04-01,0.013949737572673832,0.512048701027253
2026-04-02,0.013076851529083933,0.08566650265513692
2026-04-06,0.0122631242074363,0.360186609618277
2026-04-07,0.01152456061903856,0.06585587583045022
2026-04-08,0.010836921317321615,2.2858926102553827
2026-04-09,0.010267264411476337,0.5990950094397183
2026-04-10,0.00969250008670739,-0.1175310486406386
2026-04-13,0.009342951121253256,1.083370271596108
2026-04-14,0.00885016494792121,1.3235898974849465
2026-04-15,0.008401084682090717,0.945609431660734
2026-04-16,0.007974340296217273,0.32686789357633156
2026-04-17,0.00756152917863143,1.582821893031854
2026-04-20,0.007213822166217449,-0.3295334782971476
2026-04-21,0.007225034733315098,-0.8814426249728119
2026-04-22,0.007842636877334596,1.3268185400256487
2026-04-23,0.007465689529571919,-0.5547286897660568
2026-04-24,0.007720416064822095,1.028709832598292
2026-04-27,0.007344157944003556,0.16770036945576663
2026-04-28,0.006974646580328156,-0.7034317527477163
2026-04-29,0.007384497636303599,-0.05406620235750395
2026-04-30,0.007104951530594242,1.4336739841564616
2026-05-01,0.006778769731820284,0.431354036529061
2026-05-04,0.006453970952895866,-0.6306911694444183
2026-05-05,0.006776362460950242,1.193446694621208
2026-05-06,0.006466868495524141,2.2395606680064324
2026-05-07,0.006203183174925301,-0.6142564833617676
2026-05-08,0.006503320340392888,1.2901725564584454
2026-05-11,0.006217198943712355,0.3020961300544956
2026-05-12,0.005927067150343812,-0.27060506836254805
2026-05-13,0.0059194529199430405,0.9852609931817684
2026-05-14,0.0056632065870046815,1.3466662440391202
2026-05-15,0.005432119680084275,-2.2901523752026565
2026-05-18,0.007290682361711102,-0.10094234751344694
2026-05-19,0.007064671062455044,-0.9484830217052076
2026-05-20,0.00774410555063336,1.3861133472603806
2026-05-21,0.007378028794644703,0.23229252411023327
2026-05-22,0.007009049768192395,0.5307488757210643
2026-05-26,0.006672602861911565,0.9126394525751724
2026-05-27,0.006366997862870887,0.0258937661313054
2026-05-28,0.006081003609273997,0.9434671611553046
2026-05-29,0.005814446950179239,0.3731919389890571
2026-06-01,0.005554365250475273,0.4720352267555603
2026-06-02,0.005312562773832241,0.24305687623102615
2026-06-03,0.0050823994330813395,-1.4558770890587889
2026-06-04,0.006054046024335429,0.668439313629322
2026-06-05,0.005783774166839937,-4.633882572563022
2026-06-08,0.010858932759868933,0.2738487541473636
2026-06-09,0.010225674433808823,-0.25227857676473237
2026-06-10,0.010034616541189485,-1.6275754834444351
2026-06-11,0.012027565811285178,1.4439496059267762
2026-06-12,0.011358612912975767,0.44133277237001967
2026-06-15,0.0106942376093027,1.5329081639556628
2026-06-16,0.010124870784817355,-0.5630092630733984
2026-06-17,0.010397833282008837,-1.1755021716407061
2026-06-18,0.011663157124860182,0.9249480091399631
2026-06-22,0.010994205887864407,-0.33762626631128445
2026-06-23,0.010905009806472306,-1.3266313962882486
2026-06-24,0.01248710179990754,-0.07875449271504151
2026-06-25,0.011891652807293328,-0.008342914282323394
2026-06-26,0.011225198980313583,-0.042027645456136124
2026-06-29,0.01066433465098861,1.0953858577818534
2026-06-30,0.01007798556408058,0.7827952112042261
2026-07-01,0.009526503632997575,-0.2260169174861793
2026-07-02,0.009334432233616019,0.00014679526444935612
2026-07-06,0.0088572107286259,0.814637254494169
2026-07-07,0.008396983311198645,-0.5317461149685345
2026-07-08,0.008627529761996837,-0.3270014291971369
2026-07-09,0.008599875286136765,0.94301619352908
2026-07-10,0.0081614331805541,0.5146168448181856
2026-07-13,0.007743967597735053,-1.0277172428213963
2026-07-14,0.008566286816436145,0.43798802880189175
2026-07-15,0.008117900267146552,0.4695635344870867
2026-07-16,0.007702554980646819,-0.6639955372752193
2026-07-17,0.0080853131278208,-1.2553473231838153
2026-07-20,0.00923216437404595,-0.20949842403342955
2026-07-21,0.009031162645792718,0.9763281626114869
2026-07-22,0.008562477832736122,-0.15937237480274302
2026-07-23,0.008332365880311584,-1.4597741272999953
2026-07-24,0.009791149557497122,0.05072341447459767
2026-07-27,0.009240778176496465,0.01752160896877925
2026-07-28,0.008747621639998952,0.24030490366060825
2026-07-29,0.008280471241148578,-1.844991270684443
2026-07-30,0.010289089696903357,1.6005316759957757
2026-07-31,0.009747148181874292,0.7160256777831357
2026-08-03,0.009218327978453436,1.5927608887766873
2026-08-04,0.008751410878808725,2.026866554527566
2026-08-05,0.00833069561860618,-0.20141163255715394
2026-08-06,0.00816130083758125,-0.2157846180963633
2026-08-07,0.008017051599421657,0.7690093232225487
2026-08-10,0.0076154106652841815,-0.07670581664805093
2026-08-11,0.007345934661220277,-0.4380700266938712
2026-08-12,0.007473513230133792,0.35100954520968153
2026-08-13,0.0071012346276519474,0.9146285511106814
2026-08-14,0.006765854917946683,-0.2509474635777403
2026-08-17,0.006714884893521222,-0.78052949510199
2026-08-18,0.007196564698047768,-0.9595735057749859
2026-08-19,0.00789978959244082,0.2666599866503952
2026-08-20,0.007495663042000269,-1.161566187943976
2026-08-21,0.008462389715922794,0.5124765304946476
2026-08-24,0.008022758547642303,-0.349855271246952
