date,spx_close,spx_log_ret,vix_close,dix,gex,gex_price
1990-01-02,359.69000244140625,,17.239999771118164,,,
1990-01-03,358.760009765625,-0.002588887687124064,18.190000534057617,,,
1990-01-04,355.6700134277344,-0.008650296055993323,19.219999313354492,,,
1990-01-05,352.20001220703125,-0.009804141692825397,20.110000610351562,,,
1990-01-08,353.7900085449219,0.004504310201034478,20.260000228881836,,,
1990-01-09,349.6199951171875,-0.011856704505531113,22.200000762939453,,,
1990-01-10,347.30999755859375,-0.006629090560708484,22.440000534057617,,,
1990-01-11,348.5299987792969,0.0035065603506980736,20.049999237060547,,,
1990-01-12,339.92999267578125,-0.024984613692642377,24.639999389648438,,,
1990-01-15,337.0,-0.008656762161967535,26.34000015258789,,,
1990-01-16,340.75,0.011066140224280652,24.18000030517578,,,
1990-01-17,337.3999938964844,-0.009879918554625,24.15999984741211,,,
1990-01-18,338.19000244140625,0.002338722921569669,24.34000015258789,,,
1990-01-19,339.1499938964844,0.0028345944519934108,22.5,,,
1990-01-22,330.3800048828125,-0.026198947489202595,26.700000762939453,,,
1990-01-23,331.6099853515625,0.003716013541803065,24.719999313354492,,,
1990-01-24,330.260009765625,-0.004079282843832743,25.389999389648438,,,
1990-01-25,326.0799865722656,-0.012737543749253177,25.6299991607666,,,
1990-01-26,325.79998779296875,-0.0008590501550180818,26.280000686645508,,,
1990-01-29,325.20001220703125,-0.001843243489425106,26.440000534057617,,,
1990-01-30,322.9800109863281,-0.0068499793942251586,27.25,,,
1990-01-31,329.0799865722656,0.01871040568044169,25.360000610351562,,,
1990-02-01,328.7900085449219,-0.0008815664136561097,24.8700008392334,,,
1990-02-02,330.9200134277344,0.006457419815749432,24.31999969482422,,,
1990-02-05,331.8500061035156,0.002806383085365738,24.540000915527344,,,
1990-02-06,329.6600036621094,-0.006621246572370509,24.690000534057617,,,
1990-02-07,333.75,0.01233037830250261,24.290000915527344,,,
1990-02-08,332.9599914550781,-0.002369872732644218,23.770000457763672,,,
1990-02-09,333.6199951171875,0.0019802691082437818,23.690000534057617,,,
1990-02-12,330.0799865722656,-0.010667597447360677,24.3799991607666,,,
1990-02-13,331.0199890136719,0.0028437546803772307,23.760000228881836,,,
1990-02-14,332.010009765625,0.0029863550353752544,22.049999237060547,,,
1990-02-15,334.8900146484375,0.00863704507734031,19.709999084472656,,,
1990-02-16,332.7200012207031,-0.006500864332275036,20.780000686645508,,,
1990-02-20,327.989990234375,-0.014318208763167917,22.780000686645508,,,
1990-02-21,327.6700134277344,-0.0009760449936129234,23.889999389648438,,,
1990-02-22,325.70001220703125,-0.006030295585176759,22.540000915527344,,,
1990-02-23,324.1499938964844,-0.004770396969847823,23.690000534057617,,,
1990-02-26,328.6700134277344,0.013847895933975174,23.559999465942383,,,
1990-02-27,330.260009765625,0.004826003878662277,22.690000534057617,,,
1990-02-28,331.8900146484375,0.0049233802470034504,21.989999771118164,,,
1990-03-01,332.739990234375,0.0025577420311284627,21.899999618530273,,,
1990-03-02,335.5400085449219,0.008379824925953905,21.34000015258789,,,
1990-03-05,333.739990234375,-0.005378982350854322,22.030000686645508,,,
1990-03-06,337.92999267578125,0.012476534311659293,20.549999237060547,,,
1990-03-07,336.95001220703125,-0.0029041641489939707,19.100000381469727,,,
1990-03-08,340.2699890136719,0.009804800205341913,19.739999771118164,,,
1990-03-09,337.92999267578125,-0.006900636056347942,20.299999237060547,,,
1990-03-12,338.6700134277344,0.0021874698207575705,20.06999969482422,,,
1990-03-13,336.0,-0.00791506162679223,21.049999237060547,,,
1990-03-14,336.8699951171875,0.0025859247947037645,19.649999618530273,,,
1990-03-15,338.07000732421875,0.003555911539258716,18.809999465942383,,,
1990-03-16,341.9100036621094,0.01129455894932807,17.6200008392334,,,
1990-03-19,343.5299987792969,0.004726885293452554,18.290000915527344,,,
1990-03-20,341.57000732421875,-0.005721783053358465,19.059999465942383,,,
1990-03-21,339.739990234375,-0.00537206703983184,20.100000381469727,,,
1990-03-22,335.69000244140625,-0.011992468133292356,22.739999771118164,,,
1990-03-23,337.2200012207031,0.00454741765627098,20.459999084472656,,,
1990-03-26,337.6300048828125,0.0012150958252865607,19.59000015258789,,,
1990-03-27,341.5,0.011397043215822578,21.010000228881836,,,
1990-03-28,342.0,0.0014630580517600578,19.770000457763672,,,
1990-03-29,340.7900085449219,-0.0035442601870920853,18.459999084472656,,,
1990-03-30,339.94000244140625,-0.0024973382444333225,19.729999542236328,,,
1990-04-02,338.70001220703125,-0.0036543427665174377,22.84000015258789,,,
1990-04-03,343.6400146484375,0.014479844532569786,20.440000534057617,,,
1990-04-04,341.0899963378906,-0.0074482790546310795,22.030000686645508,,,
1990-04-05,340.7300109863281,-0.001055954302148443,21.209999084472656,,,
1990-04-06,340.0799865722656,-0.0019095624738643124,21.760000228881836,,,
1990-04-09,341.3699951171875,0.003786074166960418,22.299999237060547,,,
1990-04-10,342.07000732421875,0.002048497159433005,21.690000534057617,,,
1990-04-11,341.9200134277344,-0.00043858505047733587,17.729999542236328,,,
1990-04-12,344.3399963378906,0.00705269987076651,19.799999237060547,,,
1990-04-16,344.739990234375,0.0011609506855663199,20.75,,,
1990-04-17,344.67999267578125,-0.00017405227649991417,20.3799991607666,,,
1990-04-18,340.7200012207031,-0.011555399924562337,22.670000076293945,,,
1990-04-19,338.0899963378906,-0.0077489078012131785,22.459999084472656,,,
1990-04-20,335.1199951171875,-0.00882345932802231,23.329999923706055,,,
1990-04-23,331.04998779296875,-0.012219277571262843,24.15999984741211,,,
1990-04-24,330.3599853515625,-0.0020864598954934976,21.700000762939453,,,
1990-04-25,332.0299987792969,0.0050423980017546555,20.860000610351562,,,
1990-04-26,332.9200134277344,0.0026769386076725965,20.25,,,
1990-04-27,329.1099853515625,-0.011510264331761277,22.190000534057617,,,
1990-04-30,330.79998779296875,0.005121929368641531,19.520000457763672,,,
1990-05-01,332.25,0.004373771345364652,18.43000030517578,,,
1990-05-02,334.4800109863281,0.0066894223009486,19.31999969482422,,,
1990-05-03,335.57000732421875,0.0032534803957426917,17.809999465942383,,,
1990-05-04,338.3900146484375,0.008368519466587898,17.280000686645508,,,
1990-05-07,340.5299987792969,0.006304104094008167,17.649999618530273,,,
1990-05-08,342.010009765625,0.004336781104194998,18.489999771118164,,,
1990-05-09,342.8599853515625,0.0024821529002432285,18.639999389648438,,,
1990-05-10,343.82000732421875,0.0027961280607469163,18.59000015258789,,,
1990-05-11,352.0,0.02351288968226939,19.809999465942383,,,
1990-05-14,354.75,0.007782140442055052,20.139999389648438,,,
1990-05-15,354.2799987792969,-0.0013257585443584574,19.489999771118164,,,
1990-05-16,354.0,-0.0007906443620191439,17.709999084472656,,,
1990-05-17,354.4700012207031,0.001326806467015551,17.270000457763672,,,
1990-05-18,354.6400146484375,0.00047951214109875906,17.200000762939453,,,
1990-05-21,358.0,0.009429754658811795,16.719999313354492,,,
1990-05-22,358.42999267578125,0.0012003761199519403,17.84000015258789,,,
1990-05-23,359.2900085449219,0.002396523098952663,17.18000030517578,,,
1990-05-24,358.4100036621094,-0.0024522929047092745,17.700000762939453,,,
1990-05-25,354.5799865722656,-0.01074364011406903,17.31999969482422,,,
1990-05-29,360.6499938964844,0.016973989425201452,18.75,,,
1990-05-30,360.8599853515625,0.0005820888609919805,17.440000534057617,,,
1990-05-31,361.2300109863281,0.001024874098881412,17.3700008392334,,,
1990-06-01,363.1600036621094,0.005328613601665921,17.09000015258789,,,
1990-06-04,367.3999938964844,0.011607637580731911,18.389999389648438,,,
1990-06-05,366.6400146484375,-0.0020706760142417124,18.969999313354492,,,
1990-06-06,364.9599914550781,-0.00459274503129059,17.420000076293945,,,
1990-06-07,363.1499938964844,-0.004971779877737781,16.8799991607666,,,
1990-06-08,358.7099914550781,-0.012301716466684987,17.579999923706055,,,
1990-06-11,361.6300048828125,0.008107364402307304,16.34000015258789,,,
1990-06-12,366.25,0.01269455715062584,16.600000381469727,,,
1990-06-13,364.8999938964844,-0.0036928336154185004,17.3799991607666,,,
1990-06-14,362.8999938964844,-0.005496029315560591,17.399999618530273,,,
1990-06-15,362.9100036621094,2.7582330525355303e-05,15.899999618530273,,,
1990-06-18,356.8800048828125,-0.01675527522886977,17.709999084472656,,,
1990-06-19,358.4700012207031,0.004445373433132893,15.229999542236328,,,
1990-06-20,359.1000061035156,0.001755940293652003,15.270000457763672,,,
1990-06-21,360.4700012207031,0.003807820666775541,14.720000267028809,,,
1990-06-22,355.42999267578125,-0.014080435413872827,19.360000610351562,,,
1990-06-25,352.30999755859375,-0.008816840567769546,17.059999465942383,,,
1990-06-26,352.05999755859375,-0.0007098542306769318,16.290000915527344,,,
1990-06-27,355.1400146484375,0.008710510494430501,16.0,,,
1990-06-28,357.6300048828125,0.006986826873646379,16.18000030517578,,,
1990-06-29,358.0199890136719,0.0010898740244202898,15.5,,,
1990-07-02,359.5400085449219,0.004236640308839412,16.260000228881836,,,
1990-07-03,360.1600036621094,0.0017229269418974624,16.110000610351562,,,
1990-07-05,355.67999267578125,-0.012516957702700893,17.25,,,
1990-07-06,358.4200134277344,0.007674090955199553,16.40999984741211,,,
1990-07-09,359.5199890136719,0.003064257299768336,16.65999984741211,,,
1990-07-10,356.489990234375,-0.008463616302477384,16.920000076293945,,,
1990-07-11,361.2300109863281,0.01320874340968281,16.68000030517578,,,
1990-07-12,365.44000244140625,0.01158720872242025,17.059999465942383,,,
1990-07-13,367.30999755859375,0.00510405780102996,17.09000015258789,,,
1990-07-16,368.95001220703125,0.00445499508089231,16.75,,,
1990-07-17,367.5199890136719,-0.0038834575425994444,16.65999984741211,,,
1990-07-18,364.2200012207031,-0.009019625028416911,18.899999618530273,,,
1990-07-19,365.32000732421875,0.0030156178530260647,18.559999465942383,,,
1990-07-20,361.6099853515625,-0.010207459378304584,15.630000114440918,,,
1990-07-23,355.30999755859375,-0.01757560150485382,23.68000030517578,,,
1990-07-24,355.7900085449219,0.0013500521870772886,21.790000915527344,,,
1990-07-25,357.0899963378906,0.003647147416301344,20.190000534057617,,,
1990-07-26,355.9100036621094,-0.0033099404013618994,20.260000228881836,,,
1990-07-27,353.44000244140625,-0.006964153611749957,21.1200008392334,,,
1990-07-30,355.54998779296875,0.005952105417352804,21.15999984741211,,,
1990-07-31,356.1499938964844,0.0016861212901622125,21.110000610351562,,,
1990-08-01,355.5199890136719,-0.0017704977377501763,21.639999389648438,,,
1990-08-02,351.4800109863281,-0.011428633664150034,20.43000030517578,,,
1990-08-03,344.8599853515625,-0.01901434678946856,28.739999771118164,,,
1990-08-06,334.42999267578125,-0.030710926890868073,35.90999984741211,,,
1990-08-07,334.8299865722656,0.0011953320279518564,32.75,,,
1990-08-08,338.3500061035156,0.010457980484701146,28.270000457763672,,,
1990-08-09,339.94000244140625,0.004688257913786131,24.389999389648438,,,
1990-08-10,335.5199890136719,-0.013087604221652782,25.75,,,
1990-08-13,338.8399963378906,0.009846474346139722,25.739999771118164,,,
1990-08-14,339.3900146484375,0.001621923011994042,24.18000030517578,,,
1990-08-15,340.05999755859375,0.0019721336824396474,23.309999465942383,,,
1990-08-16,332.3900146484375,-0.02281304308707721,27.15999984741211,,,
1990-08-17,327.8299865722656,-0.013813881981230125,27.530000686645508,,,
1990-08-20,328.510009765625,0.0020721682069719805,26.459999084472656,,,
1990-08-21,321.8599853515625,-0.020450685710146743,28.899999618530273,,,
1990-08-22,316.54998779296875,-0.016635454451110476,30.549999237060547,,,
1990-08-23,307.05999755859375,-0.0304380081475637,36.470001220703125,,,
1990-08-24,311.510009765625,0.014388311510428409,33.93000030517578,,,
1990-08-27,321.44000244140625,0.03137943687156852,29.6299991607666,,,
1990-08-28,321.3399963378906,-0.0003111674430211764,29.1200008392334,,,
1990-08-29,324.19000244140625,0.008830029980512855,27.3799991607666,,,
1990-08-30,318.7099914550781,-0.017048199608291625,29.889999389648438,,,
1990-08-31,322.55999755859375,0.01200758628306442,29.899999618530273,,,
1990-09-04,323.0899963378906,0.0016417529725130109,29.579999923706055,,,
1990-09-05,324.3900146484375,0.004015629935807397,28.520000457763672,,,
1990-09-06,320.4599914550781,-0.012189103867242146,30.190000534057617,,,
1990-09-07,323.3999938964844,0.009132491354861827,28.729999542236328,,,
1990-09-10,321.6300048828125,-0.005488096552328514,29.34000015258789,,,
1990-09-11,321.0400085449219,-0.0018360791426781375,28.3799991607666,,,
1990-09-12,322.5400085449219,0.004661433469926202,28.1200008392334,,,
1990-09-13,318.6499938964844,-0.012133883438955273,29.329999923706055,,,
1990-09-14,316.8299865722656,-0.005727992561029183,30.559999465942383,,,
1990-09-17,317.7699890136719,0.0029625060354847577,29.549999237060547,,,
1990-09-18,318.6000061035156,0.0026086005527821143,28.81999969482422,,,
1990-09-19,316.6000061035156,-0.006297249908016944,27.8799991607666,,,
1990-09-20,311.4800109863281,-0.016304000745069658,28.65999984741211,,,
1990-09-21,311.32000732421875,-0.0005138203626380289,30.040000915527344,,,
1990-09-24,304.5899963378906,-0.021854747659359575,30.559999465942383,,,
1990-09-25,308.260009765625,0.011977016440241961,28.809999465942383,,,
1990-09-26,305.05999755859375,-0.010435143829654159,28.190000534057617,,,
1990-09-27,300.9700012207031,-0.013497874505227436,28.670000076293945,,,
1990-09-28,306.04998779296875,0.016737851347812693,29.110000610351562,,,
1990-10-01,314.94000244140625,0.02863370483289973,28.059999465942383,,,
1990-10-02,315.2099914550781,0.000856904015893889,27.280000686645508,,,
1990-10-03,311.3999938964844,-0.012160816460474955,27.899999618530273,,,
1990-10-04,312.69000244140625,0.004134052427438917,27.510000228881836,,,
1990-10-05,311.5,-0.003812953999585922,27.850000381469727,,,
1990-10-08,313.4800109863281,0.006336259003500544,28.040000915527344,,,
1990-10-09,305.1000061035156,-0.027095985503416742,30.709999084472656,,,
1990-10-10,300.3900146484375,-0.015557932575040567,31.190000534057617,,,
1990-10-11,295.4599914550781,-0.016548244179829474,33.97999954223633,,,
1990-10-12,300.0299987792969,0.015349030615209536,31.940000534057617,,,
1990-10-15,303.2300109863281,0.010609164107627578,31.639999389648438,,,
1990-10-16,298.9200134277344,-0.014315605712640789,31.450000762939453,,,
1990-10-17,298.760009765625,-0.0005354158068620052,31.3700008392334,,,
1990-10-18,305.739990234375,0.023094427455885302,29.600000381469727,,,
1990-10-19,312.4800109863281,0.021805466654927663,27.860000610351562,,,
1990-10-22,314.760009765625,0.007269972405536507,27.270000457763672,,,
1990-10-23,312.3599853515625,-0.007654152793941549,27.56999969482422,,,
1990-10-24,312.6000061035156,0.000768115613914766,28.280000686645508,,,
1990-10-25,310.1700134277344,-0.00780385995413635,29.040000915527344,,,
1990-10-26,304.7099914550781,-0.017760100981523586,30.75,,,
1990-10-29,301.8800048828125,-0.009330872985370497,31.540000915527344,,,
1990-10-30,304.05999755859375,0.007195438731985249,30.520000457763672,,,
1990-10-31,304.0,-0.00019734091711143265,30.040000915527344,,,
1990-11-01,307.0199890136719,0.009885154855078682,30.25,,,
1990-11-02,311.8500061035156,0.015609466282790585,30.030000686645508,,,
1990-11-05,314.5899963378906,0.008747869538569653,29.850000381469727,,,
1990-11-06,311.6199951171875,-0.009485710962576555,29.110000610351562,,,
1990-11-07,306.010009765625,-0.018166668050348278,30.8700008392334,,,
1990-11-08,307.6099853515625,0.005214886166086785,30.790000915527344,,,
1990-11-09,313.739990234375,0.019731887065780995,26.959999084472656,,,
1990-11-12,319.4800109863281,0.018130122135739946,25.600000381469727,,,
1990-11-13,317.6700134277344,-0.005681558057427871,24.579999923706055,,,
1990-11-14,320.3999938964844,0.008557045764614024,22.889999389648438,,,
1990-11-15,317.0199890136719,-0.010605367429784351,22.56999969482422,,,
1990-11-16,317.1199951171875,0.0003154070295119382,21.34000015258789,,,
1990-11-19,319.3399963378906,0.006976118699554057,20.950000762939453,,,
1990-11-20,315.30999755859375,-0.012700080312411544,20.09000015258789,,,
1990-11-21,316.0299987792969,0.0022808677955508116,21.09000015258789,,,
1990-11-23,315.1000061035156,-0.0029470737936314606,20.979999542236328,,,
1990-11-26,316.510009765625,0.004464799382481566,22.760000228881836,,,
1990-11-27,318.1000061035156,0.005010950426709293,22.860000610351562,,,
1990-11-28,317.95001220703125,-0.00047164183616654753,22.959999084472656,,,
1990-11-29,316.4200134277344,-0.00482368864899918,23.90999984741211,,,
1990-11-30,322.2200012207031,0.018164058393911553,22.15999984741211,,,
1990-12-03,324.1000061035156,0.005817583128444603,22.290000915527344,,,
1990-12-04,326.3500061035156,0.006918314803886716,22.030000686645508,,,
1990-12-05,329.9200134277344,0.010879797744977715,20.940000534057617,,,
1990-12-06,329.07000732421875,-0.0025797251798849175,22.6200008392334,,,
1990-12-07,327.75,-0.004019393704870922,22.59000015258789,,,
1990-12-10,328.8900146484375,0.0034722702497660407,23.579999923706055,,,
1990-12-11,326.44000244140625,-0.0074772208136506535,23.75,,,
1990-12-12,330.19000244140625,0.011422081665502404,21.280000686645508,,,
1990-12-13,329.3399963378906,-0.0025776130751147264,23.049999237060547,,,
1990-12-14,326.82000732421875,-0.007681057636116151,23.850000381469727,,,
1990-12-17,326.0199890136719,-0.0024508875543789443,24.850000381469727,,,
1990-12-18,330.04998779296875,0.012285425669562144,23.110000610351562,,,
1990-12-19,330.20001220703125,0.00045444730524657473,23.079999923706055,,,
1990-12-20,330.1199951171875,-0.00024235852116571976,23.1299991607666,,,
1990-12-21,331.75,0.004925463278857123,22.65999984741211,,,
1990-12-24,329.8999938964844,-0.005592113478890326,24.030000686645508,,,
1990-12-26,330.8500061035156,0.002875559172625941,24.18000030517578,,,
1990-12-27,328.2900085449219,-0.007767728779013439,24.809999465942383,,,
1990-12-28,328.7200012207031,0.0013089381616193663,25.049999237060547,,,
1990-12-31,330.2200012207031,0.004552774411664018,26.3799991607666,,,
1991-01-02,326.45001220703125,-0.011482267674415958,26.6200008392334,,,
1991-01-03,321.9100036621094,-0.014004820279171604,27.93000030517578,,,
1991-01-04,321.0,-0.0028308916167194553,27.190000534057617,,,
1991-01-07,315.44000244140625,-0.01747262582095921,28.950000762939453,,,
1991-01-08,314.8999938964844,-0.0017133885844708985,30.3799991607666,,,
1991-01-09,311.489990234375,-0.010887905092441308,33.29999923706055,,,
1991-01-10,314.5299987792969,0.009712253585176356,31.329999923706055,,,
1991-01-11,315.2300109863281,0.002223108754055403,32.630001068115234,,,
1991-01-14,312.489990234375,-0.008730128557931316,36.20000076293945,,,
1991-01-15,313.7300109863281,0.003960340999245027,36.15999984741211,,,
1991-01-16,316.1700134277344,0.0077473076712468725,33.20000076293945,,,
1991-01-17,327.9700012207031,0.03664205842453594,27.450000762939453,,,
1991-01-18,332.2300109863281,0.012905388705675591,25.389999389648438,,,
1991-01-21,331.05999755859375,-0.003527912756641882,24.329999923706055,,,
1991-01-22,328.30999755859375,-0.008341343904965548,24.899999618530273,,,
1991-01-23,330.2099914550781,0.005770513273633426,23.920000076293945,,,
1991-01-24,334.7799987792969,0.013744806202015347,22.860000610351562,,,
1991-01-25,336.07000732421875,0.003845897363702555,22.200000762939453,,,
1991-01-28,336.0299987792969,-0.00011905533285538894,23.049999237060547,,,
1991-01-29,335.8399963378906,-0.0005655928910419661,23.170000076293945,,,
1991-01-30,340.9100036621094,0.014983678403361012,21.3700008392334,,,
1991-01-31,343.92999267578125,0.008819603427714817,20.90999984741211,,,
1991-02-01,343.04998779296875,-0.0025619534459968563,21.040000915527344,,,
1991-02-04,348.3399963378906,0.015302830237533982,21.860000610351562,,,
1991-02-05,351.260009765625,0.008347714004680817,21.459999084472656,,,
1991-02-06,358.07000732421875,0.019201800672739466,22.68000030517578,,,
1991-02-07,356.5199890136719,-0.004338210020972788,23.600000381469727,,,
1991-02-08,359.3500061035156,0.007906552452273452,23.3799991607666,,,
1991-02-11,368.5799865722656,0.025360887073571092,22.559999465942383,,,
1991-02-12,365.5,-0.00839146878306618,22.260000228881836,,,
1991-02-13,369.0199890136719,0.009584534152269342,20.860000610351562,,,
1991-02-14,364.2200012207031,-0.013092729322875307,21.479999542236328,,,
1991-02-15,369.05999755859375,0.013201141813902417,19.56999969482422,,,
1991-02-19,369.3900146484375,0.0008938102955093896,19.84000015258789,,,
1991-02-20,365.1400146484375,-0.011572154325958373,22.260000228881836,,,
1991-02-21,364.9700012207031,-0.0004657200342741419,20.780000686645508,,,
1991-02-22,365.6499938964844,0.0018614132563188335,21.010000228881836,,,
1991-02-25,367.260009765625,0.004393495656802138,22.860000610351562,,,
1991-02-26,362.80999755859375,-0.012190796153758399,20.3799991607666,,,
1991-02-27,367.739990234375,0.013496865642139255,21.260000228881836,,,
1991-02-28,367.07000732421875,-0.0018235546550622317,21.229999542236328,,,
1991-03-01,370.4700012207031,0.009219887578006514,21.229999542236328,,,
1991-03-04,369.3299865722656,-0.0030819561222301672,20.860000610351562,,,
1991-03-05,376.7200012207031,0.01981169220502199,20.450000762939453,,,
1991-03-06,376.1700134277344,-0.001461004609168981,20.549999237060547,,,
1991-03-07,375.9100036621094,-0.000691441788308822,21.049999237060547,,,
1991-03-08,374.95001220703125,-0.0025570464743447374,20.809999465942383,,,
1991-03-11,372.9599914550781,-0.005321563927470407,20.8799991607666,,,
1991-03-12,370.0299987792969,-0.007887072242824367,18.81999969482422,,,
1991-03-13,374.57000732421875,0.012194640798670164,16.09000015258789,,,
1991-03-14,373.5,-0.002860716359325721,14.9399995803833,,,
1991-03-15,373.5899963378906,0.00024092502581218866,14.899999618530273,,,
1991-03-18,372.1099853515625,-0.00396945947699745,15.789999961853027,,,
1991-03-19,366.5899963378906,-0.014945422764636618,16.110000610351562,,,
1991-03-20,367.9200134277344,0.0036215123709606445,16.040000915527344,,,
1991-03-21,366.5799865722656,-0.0036488178140610117,16.860000610351562,,,
1991-03-22,367.4800109863281,0.002452183385712736,16.489999771118164,,,
1991-03-25,369.8299865722656,0.006374478987451582,16.760000228881836,,,
1991-03-26,376.29998779296875,0.017343260872650923,16.309999465942383,,,
1991-03-27,375.3500061035156,-0.0025277248798891705,16.549999237060547,,,
1991-03-28,375.2200012207031,-0.0003464164111113277,16.8799991607666,,,
1991-04-01,371.29998779296875,-0.010502195562194672,17.420000076293945,,,
1991-04-02,379.5,0.02184426852911514,17.399999618530273,,,
1991-04-03,378.94000244140625,-0.0014767091887435413,17.610000610351562,,,
1991-04-04,379.7699890136719,0.0021878897410054776,18.010000228881836,,,
1991-04-05,375.3599853515625,-0.011680250947873283,17.6299991607666,,,
1991-04-08,378.6600036621094,0.008753188055362848,17.40999984741211,,,
1991-04-09,373.55999755859375,-0.013560086789432546,20.1200008392334,,,
1991-04-10,373.1499938964844,-0.00109816048534217,19.729999542236328,,,
1991-04-11,377.6300048828125,0.01193442597745964,17.239999771118164,,,
1991-04-12,380.3999938964844,0.007308421428120049,18.450000762939453,,,
1991-04-15,381.19000244140625,0.0020746302658292137,16.5,,,
1991-04-16,387.6199951171875,0.016727520783625494,15.819999694824219,,,
1991-04-17,390.45001220703125,0.007274485696993516,15.470000267028809,,,
1991-04-18,388.4599914550781,-0.00510976896561921,16.260000228881836,,,
1991-04-19,384.20001220703125,-0.011026900300018738,15.680000305175781,,,
1991-04-22,380.95001220703125,-0.008495117144375897,16.780000686645508,,,
1991-04-23,381.760009765625,0.0021239995274102696,17.020000457763672,,,
1991-04-24,382.760009765625,0.0026160219346786917,16.719999313354492,,,
1991-04-25,379.25,-0.009212568196122817,17.149999618530273,,,
1991-04-26,379.0199890136719,-0.0006066730761222772,17.270000457763672,,,
1991-04-29,373.6600036621094,-0.014242642320182242,18.270000457763672,,,
1991-04-30,375.3399963378906,0.0044859692740102375,18.239999771118164,,,
1991-05-01,380.2900085449219,0.01310186992139517,17.770000457763672,,,
1991-05-02,380.5199890136719,0.0006045674386321309,17.520000457763672,,,
1991-05-03,380.79998779296875,0.0007355613945554396,17.239999771118164,,,
1991-05-06,380.0799865722656,-0.0018925493109707148,17.920000076293945,,,
1991-05-07,377.32000732421875,-0.007288068357147459,17.459999084472656,,,
1991-05-08,378.510009765625,0.0031488652151239194,17.780000686645508,,,
1991-05-09,383.25,0.012444999343987462,17.170000076293945,,,
1991-05-10,375.739990234375,-0.019790128903149906,17.540000915527344,,,
1991-05-13,376.760009765625,0.0027110170258577426,17.65999984741211,,,
1991-05-14,371.6199951171875,-0.013736592209284915,18.0,,,
1991-05-15,368.57000732421875,-0.008241140909512445,18.3799991607666,,,
1991-05-16,372.19000244140625,0.009773810375295788,17.239999771118164,,,
1991-05-17,372.3900146484375,0.0005372484011161305,16.639999389648438,,,
1991-05-20,372.2799987792969,-0.0002954754937283255,17.100000381469727,,,
1991-05-21,375.3500061035156,0.008212684241358126,16.06999969482422,,,
1991-05-22,376.19000244140625,0.0022354011180505395,16.15999984741211,,,
1991-05-23,374.9599914550781,-0.0032750105723646783,16.110000610351562,,,
1991-05-24,377.489990234375,0.00672472157653381,15.229999542236328,,,
1991-05-28,381.94000244140625,0.01171948219729213,15.670000076293945,,,
1991-05-29,382.7900085449219,0.002223023658947554,15.899999618530273,,,
1991-05-30,386.9599914550781,0.01083474817420882,16.020000457763672,,,
1991-05-31,389.8299865722656,0.0073894057792429635,15.930000305175781,,,
1991-06-03,388.05999755859375,-0.004550751659971652,16.8700008392334,,,
1991-06-04,387.739990234375,-0.0008249738267682716,16.170000076293945,,,
1991-06-05,385.0899963378906,-0.0068579230323146945,16.399999618530273,,,
1991-06-06,383.6300048828125,-0.003798504548425896,16.93000030517578,,,
1991-06-07,379.42999267578125,-0.01100845185335686,16.979999542236328,,,
1991-06-10,378.57000732421875,-0.0022690916109544546,17.469999313354492,,,
1991-06-11,381.04998779296875,0.006529552396882465,17.31999969482422,,,
1991-06-12,376.6499938964844,-0.011614210009915027,17.719999313354492,,,
1991-06-13,377.6300048828125,0.002598535131158819,16.989999771118164,,,
1991-06-14,382.2900085449219,0.01226461204611251,15.979999542236328,,,
1991-06-17,380.1300048828125,-0.005666192920195101,15.5,,,
1991-06-18,378.5899963378906,-0.004059496671568574,16.139999389648438,,,
1991-06-19,375.0899963378906,-0.009287828240734264,17.440000534057617,,,
1991-06-20,375.4200134277344,0.0008794475938227464,16.75,,,
1991-06-21,377.75,0.006187166147290313,16.510000228881836,,,
1991-06-24,370.94000244140625,-0.01819227011003388,18.280000686645508,,,
1991-06-25,370.6499938964844,-0.0007821264071461442,17.850000381469727,,,
1991-06-26,371.5899963378906,0.0025328814300538127,17.979999542236328,,,
1991-06-27,374.3999938964844,0.007533642235588722,17.8700008392334,,,
1991-06-28,371.1600036621094,-0.00869148194967373,19.549999237060547,,,
1991-07-01,377.9200134277344,0.018049322187985162,18.639999389648438,,,
1991-07-02,377.4700012207031,-0.0011914699732349376,17.6299991607666,,,
1991-07-03,373.3299865722656,-0.011028387524113725,19.469999313354492,,,
1991-07-05,374.0799865722656,0.0020069313460737703,18.350000381469727,,,
1991-07-08,377.94000244140625,0.010265816933316962,20.290000915527344,,,
1991-07-09,376.1099853515625,-0.004853844472838986,19.760000228881836,,,
1991-07-10,375.739990234375,-0.000984226000052324,19.190000534057617,,,
1991-07-11,376.9700012207031,0.003268223074311294,17.389999389648438,,,
1991-07-12,380.25,0.0086633192163168,18.290000915527344,,,
1991-07-15,382.3900146484375,0.0056121373758806214,17.780000686645508,,,
1991-07-16,381.5400085449219,-0.0022253516120374073,17.489999771118164,,,
1991-07-17,381.17999267578125,-0.0009440316113416003,17.520000457763672,,,
1991-07-18,385.3699951171875,0.010932213784181855,15.770000457763672,,,
1991-07-19,384.2200012207031,-0.0029885906986946154,15.5,,,
1991-07-22,382.8800048828125,-0.003493671464473991,16.899999618530273,,,
1991-07-23,379.4200134277344,-0.009077830598358538,16.579999923706055,,,
1991-07-24,378.6400146484375,-0.0020578820295877875,16.40999984741211,,,
1991-07-25,380.9599914550781,0.006108436023610331,15.739999771118164,,,
1991-07-26,380.92999267578125,-7.87483230837438e-05,15.449999809265137,,,
1991-07-29,383.1499938964844,0.00581092950108264,15.670000076293945,,,
1991-07-30,386.69000244140625,0.0091968032662324,15.470000267028809,,,
1991-07-31,387.80999755859375,0.0028921779157871086,15.180000305175781,,,
1991-08-01,387.1199951171875,-0.0017808127967118281,15.470000267028809,,,
1991-08-02,387.17999267578125,0.00015497238708483962,15.260000228881836,,,
1991-08-05,385.05999755859375,-0.005490522298109646,15.920000076293945,,,
1991-08-06,390.6199951171875,0.014336047947722363,15.539999961853027,,,
1991-08-07,390.55999755859375,-0.0001536075149752847,15.5600004196167,,,
1991-08-08,389.32000732421875,-0.0031799540224666245,15.979999542236328,,,
1991-08-09,387.1199951171875,-0.005666936499255648,15.449999809265137,,,
1991-08-12,388.0199890136719,0.002322146500849165,15.260000228881836,,,
1991-08-13,389.6199951171875,0.004115036248078852,14.729999542236328,,,
1991-08-14,389.8999938964844,0.000718387713682489,15.09000015258789,,,
1991-08-15,389.3299865722656,-0.0014630017842618415,15.1899995803833,,,
1991-08-16,385.5799865722656,-0.009678619203682182,16.010000228881836,,,
1991-08-19,376.4700012207031,-0.023910293313729625,21.190000534057617,,,
1991-08-20,379.42999267578125,0.007831741258125469,18.860000610351562,,,
1991-08-21,390.5899963378906,0.02898829980955675,15.619999885559082,,,
1991-08-22,391.3299865722656,0.0018927523825125192,14.59000015258789,,,
1991-08-23,394.1700134277344,0.007231162904666633,14.40999984741211,,,
1991-08-26,393.8500061035156,-0.0008121807412964088,14.8100004196167,,,
1991-08-27,393.05999755859375,-0.0020078758858304013,15.460000038146973,,,
1991-08-28,396.6400146484375,0.009066839457637421,15.3100004196167,,,
1991-08-29,396.4700012207031,-0.00042872596975573884,14.819999694824219,,,
1991-08-30,395.42999267578125,-0.0026266173781186453,14.460000038146973,,,
1991-09-03,392.1499938964844,-0.008329357775883395,16.56999969482422,,,
1991-09-04,389.9700012207031,-0.005574587876152393,17.18000030517578,,,
1991-09-05,389.1400146484375,-0.002130602531952519,17.309999465942383,,,
1991-09-06,389.1000061035156,-0.00010281800958633625,16.760000228881836,,,
1991-09-09,388.57000732421875,-0.0013630430702020746,17.729999542236328,,,
1991-09-10,384.55999755859375,-0.010373535369410547,18.219999313354492,,,
1991-09-11,385.0899963378906,0.0013772464555978914,17.959999084472656,,,
1991-09-12,387.3399963378906,0.00582578715234483,16.209999084472656,,,
1991-09-13,383.5899963378906,-0.009728586544217599,17.8799991607666,,,
1991-09-16,385.7799987792969,0.005692991330987773,17.81999969482422,,,
1991-09-17,385.5,-0.0007260626284635308,17.68000030517578,,,
1991-09-18,386.94000244140625,0.003728455556478494,17.559999465942383,,,
1991-09-19,387.55999755859375,0.001601020657512997,17.559999465942383,,,
1991-09-20,387.9200134277344,0.0009284981944208681,17.079999923706055,,,
1991-09-23,385.9200134277344,-0.005169038518943125,16.3799991607666,,,
1991-09-24,387.7099914550781,0.004627486550950799,16.040000915527344,,,
1991-09-25,386.8800048828125,-0.0021430353963758364,15.680000305175781,,,
1991-09-26,386.489990234375,-0.0010086108433569052,15.350000381469727,,,
1991-09-27,385.8999938964844,-0.0015277164768123797,16.309999465942383,,,
1991-09-30,387.8599853515625,0.005066159273503068,15.850000381469727,,,
1991-10-01,389.20001220703125,0.003448969675504898,14.8100004196167,,,
1991-10-02,388.260009765625,-0.0024181382267549623,15.8100004196167,,,
1991-10-03,384.4700012207031,-0.009809477779791465,17.040000915527344,,,
1991-10-04,381.25,-0.008410437748098687,15.630000114440918,,,
1991-10-07,379.5,-0.004600731085936616,18.579999923706055,,,
1991-10-08,380.6700134277344,0.0030782965151967545,17.809999465942383,,,
1991-10-09,376.79998779296875,-0.010218383045254242,18.540000915527344,,,
1991-10-10,380.54998779296875,0.00990303233043388,17.799999237060547,,,
1991-10-11,381.45001220703125,0.0023622699018313043,17.600000381469727,,,
1991-10-14,386.4700012207031,0.013074435971970999,16.709999084472656,,,
1991-10-15,391.010009765625,0.011678911571410211,16.219999313354492,,,
1991-10-16,392.79998779296875,0.004567385322072681,14.850000381469727,,,
1991-10-17,391.9200134277344,-0.0022427738116110874,16.31999969482422,,,
1991-10-18,392.5,0.0014787656307273522,15.869999885559082,,,
1991-10-21,390.0199890136719,-0.006338545530995887,16.65999984741211,,,
1991-10-22,387.8299865722656,-0.005630927034096622,16.549999237060547,,,
1991-10-23,387.94000244140625,0.000283630126032719,16.260000228881836,,,
1991-10-24,385.07000732421875,-0.0074255398202369705,15.619999885559082,,,
1991-10-25,384.20001220703125,-0.002261872856114344,15.75,,,
1991-10-28,389.5199890136719,0.013751901562607749,15.449999809265137,,,
1991-10-29,391.4800109863281,0.00501927295153326,15.550000190734863,,,
1991-10-30,392.9599914550781,0.0037733471525127626,15.460000038146973,,,
1991-10-31,392.45001220703125,-0.0012986320962040665,15.479999542236328,,,
1991-11-01,391.32000732421875,-0.002883513371574331,15.600000381469727,,,
1991-11-04,390.2799987792969,-0.002661231193940239,16.350000381469727,,,
1991-11-05,388.7099914550781,-0.004030884785926503,16.479999542236328,,,
1991-11-06,389.9700012207031,0.003236273892225583,16.469999313354492,,,
1991-11-07,393.7200012207031,0.009570183643159424,15.970000267028809,,,
1991-11-08,392.8900146484375,-0.00211028810601821,15.430000305175781,,,
1991-11-11,393.1199951171875,0.0005851845967752567,14.890000343322754,,,
1991-11-12,396.739990234375,0.009166233333087526,14.039999961853027,,,
1991-11-13,397.4100036621094,0.0016873728939303945,13.949999809265137,,,
1991-11-14,397.1499938964844,-0.0006544748683676715,13.960000038146973,,,
1991-11-15,382.6199951171875,-0.037271710917136325,21.18000030517578,,,
1991-11-18,385.239990234375,0.00682417454948947,18.280000686645508,,,
1991-11-19,379.4200134277344,-0.015222685028647653,20.34000015258789,,,
1991-11-20,378.5299987792969,-0.0023484795650521306,20.399999618530273,,,
1991-11-21,380.05999755859375,0.004033801819966598,19.110000610351562,,,
1991-11-22,376.1400146484375,-0.010367675111431218,21.200000762939453,,,
1991-11-25,375.3399963378906,-0.0021291813516937097,21.920000076293945,,,
1991-11-26,377.9599914550781,0.0069560752000716874,19.799999237060547,,,
1991-11-27,376.54998779296875,-0.0037375391771474753,19.84000015258789,,,
1991-11-29,375.2200012207031,-0.003538284260507396,20.260000228881836,,,
1991-12-02,381.3999938964844,0.01633615329462934,20.18000030517578,,,
1991-12-03,380.9599914550781,-0.0011543168548131533,19.700000762939453,,,
1991-12-04,380.07000732421875,-0.0023388947557991813,19.540000915527344,,,
1991-12-05,377.3900146484375,-0.007076291239588528,20.190000534057617,,,
1991-12-06,379.1000061035156,0.004520864309110806,19.040000915527344,,,
1991-12-09,378.260009765625,-0.0022182229447667012,19.739999771118164,,,
1991-12-10,377.8999938964844,-0.0009522214732333723,19.889999389648438,,,
1991-12-11,377.70001220703125,-0.0005293321665096329,20.56999969482422,,,
1991-12-12,381.54998779296875,0.010141609704580112,19.079999923706055,,,
1991-12-13,384.4700012207031,0.0076238939273460815,17.8799991607666,,,
1991-12-16,384.4599914550781,-2.6035570781957063e-05,17.6200008392334,,,
1991-12-17,382.739990234375,-0.004483848132055712,18.1200008392334,,,
1991-12-18,383.4800109863281,0.0019316148909380715,17.780000686645508,,,
1991-12-19,382.5199890136719,-0.00250658609740384,17.959999084472656,,,
1991-12-20,387.0400085449219,0.01174715817891947,17.649999618530273,,,
1991-12-23,396.82000732421875,0.02495472688427025,16.610000610351562,,,
1991-12-24,399.3299865722656,0.006305313277771063,15.670000076293945,,,
1991-12-26,404.8399963378906,0.013703809173503778,15.4399995803833,,,
1991-12-27,406.4599914550781,0.003993583864493111,15.699999809265137,,,
1991-12-30,415.1400146484375,0.02113034588493612,17.6299991607666,,,
1991-12-31,417.0899963378906,0.00468616904510899,19.309999465942383,,,
1992-01-02,417.260009765625,0.0004075350364809438,18.950000762939453,,,
1992-01-03,419.3399963378906,0.004972485878160349,18.75,,,
1992-01-06,417.9599914550781,-0.0032963242625045908,18.959999084472656,,,
1992-01-07,417.3999938964844,-0.0013407337011575038,19.229999542236328,,,
1992-01-08,418.1000061035156,0.0016756729403404336,18.719999313354492,,,
1992-01-09,417.6099853515625,-0.001172705395703133,18.959999084472656,,,
1992-01-10,415.1000061035156,-0.006028477802319188,18.450000762939453,,,
1992-01-13,414.3399963378906,-0.0018325857833900727,18.010000228881836,,,
1992-01-14,420.44000244140625,0.014614903782615762,17.010000228881836,,,
1992-01-15,420.7699890136719,0.0007845522343856715,17.389999389648438,,,
1992-01-16,418.2099914550781,-0.006102661715988944,17.639999389648438,,,
1992-01-17,418.8599853515625,0.001553021957868772,16.31999969482422,,,
1992-01-20,416.3599853515625,-0.005986464773084954,16.420000076293945,,,
1992-01-21,412.6400146484375,-0.008974657832773403,17.920000076293945,,,
1992-01-22,418.1300048828125,0.013216823002870193,16.75,,,
1992-01-23,414.9599914550781,-0.007610291184233731,16.459999084472656,,,
1992-01-24,415.4800109863281,0.0012523953511198727,16.239999771118164,,,
1992-01-27,414.989990234375,-0.0011801047794666175,16.670000076293945,,,
1992-01-28,414.9599914550781,-7.229057165325514e-05,17.670000076293945,,,
1992-01-29,410.3399963378906,-0.011196034037499913,17.6200008392334,,,
1992-01-30,411.6199951171875,0.0031145063683997165,17.489999771118164,,,
1992-01-31,408.7799987792969,-0.0069234707544643115,17.399999618530273,,,
1992-02-03,409.5299987792969,0.001833046674832417,18.200000762939453,,,
1992-02-04,413.8500061035156,0.010493446377285665,17.959999084472656,,,
1992-02-05,413.8399963378906,-2.41872333752724e-05,18.219999313354492,,,
1992-02-06,413.82000732421875,-4.830247586529168e-05,18.790000915527344,,,
1992-02-07,411.0899963378906,-0.006618954652370945,18.510000228881836,,,
1992-02-10,413.7699890136719,0.006498077621887255,18.559999465942383,,,
1992-02-11,413.760009765625,-2.4118154174246342e-05,17.700000762939453,,,
1992-02-12,417.1300048828125,0.008111816334293032,17.3700008392334,,,
1992-02-13,413.69000244140625,-0.008281028548573488,17.450000762939453,,,
1992-02-14,412.4800109863281,-0.002929160585724233,17.030000686645508,,,
1992-02-18,407.3800048828125,-0.012441323613750832,18.219999313354492,,,
1992-02-19,408.260009765625,0.0021578274936642217,17.15999984741211,,,
1992-02-20,413.8999938964844,0.013720133742783247,16.719999313354492,,,
1992-02-21,411.42999267578125,-0.005985505519319645,16.8700008392334,,,
1992-02-24,412.2699890136719,0.0020395693765964396,17.1299991607666,,,
1992-02-25,410.45001220703125,-0.004424299330730186,16.350000381469727,,,
1992-02-26,415.3500061035156,0.011867404445073504,16.639999389648438,,,
1992-02-27,413.8599853515625,-0.0035938359909399864,16.510000228881836,,,
1992-02-28,412.70001220703125,-0.0028067506520157437,16.68000030517578,,,
1992-03-02,412.45001220703125,-0.0006059504338669086,16.8799991607666,,,
1992-03-03,412.8500061035156,0.0009693297441639714,17.260000228881836,,,
1992-03-04,409.3299865722656,-0.008562701768128456,17.889999389648438,,,
1992-03-05,406.510009765625,-0.006913090924792975,18.469999313354492,,,
1992-03-06,404.44000244140625,-0.005105152694664383,19.75,,,
1992-03-09,405.2099914550781,0.001902029893435575,19.68000030517578,,,
1992-03-10,406.8900146484375,0.004137484490565058,18.68000030517578,,,
1992-03-11,404.0299987792969,-0.007053785035081361,19.790000915527344,,,
1992-03-12,403.8900146484375,-0.00034652968099191384,19.719999313354492,,,
1992-03-13,405.8399963378906,0.004816384307268606,18.350000381469727,,,
1992-03-16,406.3900146484375,0.0013543414726848724,18.459999084472656,,,
1992-03-17,409.5799865722656,0.007818885916420548,16.790000915527344,,,
1992-03-18,409.1499938964844,-0.0010503895681699404,16.690000534057617,,,
1992-03-19,409.79998779296875,0.001587383961180855,16.520000457763672,,,
1992-03-20,411.29998779296875,0.0036536395402144706,16.81999969482422,,,
1992-03-23,409.9100036621094,-0.003385213216397176,16.729999542236328,,,
1992-03-24,408.8800048828125,-0.0025159059388935034,16.31999969482422,,,
1992-03-25,407.5199890136719,-0.0033317421297898164,16.190000534057617,,,
1992-03-26,407.8599853515625,0.0008339580766882904,16.290000915527344,,,
1992-03-27,403.5,-0.010747454638839748,16.020000457763672,,,
1992-03-30,403.0,-0.0012399257633211036,15.970000267028809,,,
1992-03-31,403.69000244140625,0.0017107007836774102,16.18000030517578,,,
1992-04-01,404.2300109863281,0.0013367873461804791,16.479999542236328,,,
1992-04-02,400.5,-0.009270283568126203,17.059999465942383,,,
1992-04-03,401.54998779296875,0.0026182617262771046,16.719999313354492,,,
1992-04-06,405.5899963378906,0.010010759876907471,16.719999313354492,,,
1992-04-07,398.05999755859375,-0.018740046553786804,18.809999465942383,,,
1992-04-08,394.5,-0.00898360127188269,20.149999618530273,,,
1992-04-09,400.6400146484375,0.015444164748342537,17.889999389648438,,,
1992-04-10,404.2900085449219,0.009069158333849359,16.850000381469727,,,
1992-04-13,406.0799865722656,0.004417688091179706,16.989999771118164,,,
1992-04-14,412.3900146484375,0.015419387607725099,15.979999542236328,,,
1992-04-15,416.2799987792969,0.009388568770224204,15.149999618530273,,,
1992-04-16,416.0400085449219,-0.0005766778136155892,14.850000381469727,,,
1992-04-20,410.17999267578125,-0.01418536013415661,15.930000305175781,,,
1992-04-21,410.260009765625,0.0001950589680150827,16.530000686645508,,,
1992-04-22,409.80999755859375,-0.0010974971604422734,15.960000038146973,,,
1992-04-23,411.6000061035156,0.004358387091598637,15.829999923706055,,,
1992-04-24,409.0199890136719,-0.0062879910460251764,15.710000038146973,,,
1992-04-27,408.45001220703125,-0.0013944900685149975,16.489999771118164,,,
1992-04-28,409.1099853515625,0.0016144950581216122,16.239999771118164,,,
1992-04-29,412.0199890136719,0.007087832463858135,15.949999809265137,,,
1992-04-30,414.95001220703125,0.007086195266444939,15.529999732971191,,,
1992-05-01,412.5299987792969,-0.005849133018635655,16.610000610351562,,,
1992-05-04,416.9100036621094,0.010561452506634872,16.920000076293945,,,
1992-05-05,416.8399963378906,-0.00016793361171441035,16.65999984741211,,,
1992-05-06,416.7900085449219,-0.00011992800819538019,16.809999465942383,,,
1992-05-07,415.8500061035156,-0.0022578853387225095,16.540000915527344,,,
1992-05-08,416.04998779296875,0.000480783014238817,15.649999618530273,,,
1992-05-11,418.489990234375,0.0058475554399146645,15.170000076293945,,,
1992-05-12,416.2900085449219,-0.005270818145870493,15.680000305175781,,,
1992-05-13,416.45001220703125,0.0003842823932824757,15.1899995803833,,,
1992-05-14,413.1400146484375,-0.007979881667007582,15.489999771118164,,,
1992-05-15,410.0899963378906,-0.00740991515227396,14.819999694824219,,,
1992-05-18,412.80999755859375,0.0066107938918378295,14.619999885559082,,,
1992-05-19,416.3699951171875,0.008586843542735423,13.569999694824219,,,
1992-05-20,415.3900146484375,-0.0023564030746854314,13.619999885559082,,,
1992-05-21,412.6000061035156,-0.0067392578041056694,13.920000076293945,,,
1992-05-22,414.0199890136719,0.003435639871497642,13.729999542236328,,,
1992-05-26,411.4100036621094,-0.006323962233103053,14.920000076293945,,,
1992-05-27,412.1700134277344,0.0018456251137504154,13.989999771118164,,,
1992-05-28,416.739990234375,0.011026584526566019,13.770000457763672,,,
1992-05-29,415.3500061035156,-0.0033409497287246737,13.859999656677246,,,
1992-06-01,417.29998779296875,0.00468380536514168,14.430000305175781,,,
1992-06-02,413.5,-0.00914784388134926,14.569999694824219,,,
1992-06-03,414.5899963378906,0.0026325567805818295,14.350000381469727,,,
1992-06-04,413.260009765625,-0.003213112778164273,13.65999984741211,,,
1992-06-05,413.4800109863281,0.0005322138045178448,14.649999618530273,,,
1992-06-08,413.3599853515625,-0.0002903237292342098,15.1899995803833,,,
1992-06-09,410.05999755859375,-0.008015364040324435,15.970000267028809,,,
1992-06-10,407.25,-0.006876237018968112,16.6200008392334,,,
1992-06-11,409.04998779296875,0.004410120635158776,16.290000915527344,,,
1992-06-12,409.760009765625,0.0017342781664497764,14.949999809265137,,,
1992-06-15,410.2900085449219,0.0012926012834757472,14.760000228881836,,,
1992-06-16,408.32000732421875,-0.004813048913420381,15.220000267028809,,,
1992-06-17,402.260009765625,-0.014952528651845931,18.079999923706055,,,
1992-06-18,400.9599914550781,-0.003237019605426994,18.200000762939453,,,
1992-06-19,403.6700134277344,0.006736095356795424,16.309999465942383,,,
1992-06-22,403.3999938964844,-0.0006691353634122876,16.65999984741211,,,
1992-06-23,404.0400085449219,0.0015852937197573524,14.529999732971191,,,
1992-06-24,403.8399963378906,-0.0004951532651107371,14.399999618530273,,,
1992-06-25,403.1199951171875,-0.0017844785847858091,14.399999618530273,,,
1992-06-26,403.45001220703125,0.0008183222913409338,14.670000076293945,,,
1992-06-29,408.94000244140625,0.013515857433862521,13.210000038146973,,,
1992-06-30,408.1400146484375,-0.0019581632933363124,13.350000381469727,,,
1992-07-01,412.8800048828125,0.01154671697504206,13.34000015258789,,,
1992-07-02,411.7699890136719,-0.0026920913059997886,13.880000114440918,,,
1992-07-06,413.8399963378906,0.005014502485465755,14.869999885559082,,,
1992-07-07,409.1600036621094,-0.011373130307046786,15.829999923706055,,,
1992-07-08,410.2799987792969,0.002733563924799398,15.529999732971191,,,
1992-07-09,414.2300109863281,0.009581551175386949,14.600000381469727,,,
1992-07-10,414.6199951171875,0.0009410246890659835,13.699999809265137,,,
1992-07-13,414.8699951171875,0.0006027800468064726,14.010000228881836,,,
1992-07-14,417.67999267578125,0.006750365191641627,13.5,,,
1992-07-15,417.1000061035156,-0.0013895557306993211,12.520000457763672,,,
1992-07-16,417.5400085449219,0.0010543527136128716,12.270000457763672,,,
1992-07-17,415.6199951171875,-0.004608999035424333,12.600000381469727,,,
1992-07-20,413.75,-0.004509442823034782,12.65999984741211,,,
1992-07-21,413.760009765625,2.4192494368691086e-05,12.600000381469727,,,
1992-07-22,410.92999267578125,-0.006863253320097407,13.569999694824219,,,
1992-07-23,412.0799865722656,0.0027946068065247687,13.329999923706055,,,
1992-07-24,411.6000061035156,-0.0011654538834191541,13.369999885559082,,,
1992-07-27,411.5400085449219,-0.00014577728608067275,13.899999618530273,,,
1992-07-28,417.5199890136719,0.014426179519290372,13.050000190734863,,,
1992-07-29,422.2300109863281,0.011217794259136049,13.4399995803833,,,
1992-07-30,423.9200134277344,0.00399457457867225,13.5,,,
1992-07-31,424.2099914550781,0.0006838056358660083,13.170000076293945,,,
1992-08-03,425.0899963378906,0.0020723071008816873,13.829999923706055,,,
1992-08-04,424.3599853515625,-0.0017187855242379868,13.579999923706055,,,
1992-08-05,422.19000244140625,-0.005126661612871786,13.819999694824219,,,
1992-08-06,420.5899963378906,-0.0037969767391512477,14.229999542236328,,,
1992-08-07,418.8800048828125,-0.004073984341790293,13.9399995803833,,,
1992-08-10,419.4200134277344,0.0012883421396159278,14.510000228881836,,,
1992-08-11,418.8999938964844,-0.0012406231353310204,15.09000015258789,,,
1992-08-12,417.7799987792969,-0.002677238122018366,14.880000114440918,,,
1992-08-13,417.7300109863281,-0.00011965815476600028,15.34000015258789,,,
1992-08-14,419.9100036621094,0.00520509421597648,14.65999984741211,,,
1992-08-17,420.739990234375,0.001974631173449204,14.609999656677246,,,
1992-08-18,421.3399963378906,0.0014250575114562736,13.84000015258789,,,
1992-08-19,418.19000244140625,-0.007504219463904782,14.350000381469727,,,
1992-08-20,418.260009765625,0.00016739153173706,14.479999542236328,,,
1992-08-21,414.8500061035156,-0.008186248251700334,15.010000228881836,,,
1992-08-24,410.7200012207031,-0.010005303727942838,16.190000534057617,,,
1992-08-25,411.6099853515625,0.0021645434141399633,15.619999885559082,,,
1992-08-26,413.510009765625,0.004605458075521263,14.5,,,
1992-08-27,413.5299987792969,4.833868608322689e-05,13.65999984741211,,,
1992-08-28,414.8399963378906,0.003162834623090305,13.140000343322754,,,
1992-08-31,414.0299987792969,-0.0019544628740568726,13.579999923706055,,,
1992-09-01,416.07000732421875,0.00491510091997327,13.399999618530273,,,
1992-09-02,417.9800109863281,0.0045800778347571125,12.729999542236328,,,
1992-09-03,417.9800109863281,0.0,12.880000114440918,,,
1992-09-04,417.0799865722656,-0.0021555930476768737,12.979999542236328,,,
1992-09-08,414.44000244140625,-0.0063498004523605545,13.649999618530273,,,
1992-09-09,416.3599853515625,0.004622018190716837,13.359999656677246,,,
1992-09-10,419.95001220703125,0.008585450174333431,12.920000076293945,,,
1992-09-11,419.5799865722656,-0.0008815066984251274,12.470000267028809,,,
1992-09-14,425.2699890136719,0.013470056553379628,13.0,,,
1992-09-15,419.7699890136719,-0.013017319434947439,13.630000114440918,,,
1992-09-16,419.9200134277344,0.0003573328614674409,14.720000267028809,,,
1992-09-17,419.92999267578125,2.3764357861111307e-05,14.3100004196167,,,
1992-09-18,422.92999267578125,0.00711865012201951,13.739999771118164,,,
1992-09-21,422.1400146484375,-0.0018696161279150303,13.449999809265137,,,
1992-09-22,417.1400146484375,-0.011915115288050337,13.880000114440918,,,
1992-09-23,417.44000244140625,0.0007188952520920111,13.829999923706055,,,
1992-09-24,418.4700012207031,0.00246437845237768,13.4399995803833,,,
1992-09-25,414.3500061035156,-0.009894163663926037,14.800000190734863,,,
1992-09-28,416.6199951171875,0.005463481610315846,15.1899995803833,,,
1992-09-29,416.79998779296875,0.00043193751594827745,14.970000267028809,,,
1992-09-30,417.79998779296875,0.0023963587534074904,14.279999732971191,,,
1992-10-01,416.2900085449219,-0.003620666604877698,16.309999465942383,,,
1992-10-02,410.4700012207031,-0.014079305712171752,17.790000915527344,,,
1992-10-05,407.57000732421875,-0.007090132547881822,20.010000228881836,,,
1992-10-06,407.17999267578125,-0.0009573849112678445,19.950000762939453,,,
1992-10-07,404.25,-0.007221831671646584,21.020000457763672,,,
1992-10-08,407.75,0.00862074304390692,19.260000228881836,,,
1992-10-09,402.6600036621094,-0.012561699008126759,20.510000228881836,,,
1992-10-12,407.44000244140625,0.011801146075415936,19.489999771118164,,,
1992-10-13,409.29998779296875,0.004554665105778177,17.899999618530273,,,
1992-10-14,409.3699951171875,0.0001710269726533653,18.420000076293945,,,
1992-10-15,409.6000061035156,0.0005617079796156332,17.110000610351562,,,
1992-10-16,411.7300109863281,0.005186732771580438,17.010000228881836,,,
1992-10-19,414.9800109863281,0.007862531374621007,17.309999465942383,,,
1992-10-20,415.4800109863281,0.00120415202944546,16.8700008392334,,,
1992-10-21,415.6700134277344,0.0004572037276906471,16.6200008392334,,,
1992-10-22,414.8999938964844,-0.0018541959017861487,15.84000015258789,,,
1992-10-23,414.1000061035156,-0.0019300073372576776,16.459999084472656,,,
1992-10-26,418.1600036621094,0.009756637871588758,16.31999969482422,,,
1992-10-27,418.489990234375,0.0007888282837127392,16.239999771118164,,,
1992-10-28,420.1300048828125,0.003911227370418047,15.949999809265137,,,
1992-10-29,420.8599853515625,0.0017360031880411242,15.470000267028809,,,
1992-10-30,418.67999267578125,-0.005193314511426905,16.149999618530273,,,
1992-11-02,422.75,0.009674100285603338,16.670000076293945,,,
1992-11-03,419.9200134277344,-0.006716738857758919,17.329999923706055,,,
1992-11-04,417.1099853515625,-0.006714308058381135,16.280000686645508,,,
1992-11-05,418.3399963378906,0.002944549409317432,15.380000114440918,,,
1992-11-06,417.5799865722656,-0.001818379726715058,14.6899995803833,,,
1992-11-09,418.5899963378906,0.0024158012783939142,14.229999542236328,,,
1992-11-10,418.6199951171875,7.166369158539965e-05,14.369999885559082,,,
1992-11-11,422.20001220703125,0.008515588812000097,13.989999771118164,,,
1992-11-12,422.8699951171875,0.0015856273319911907,14.369999885559082,,,
1992-11-13,422.42999267578125,-0.0010410564000951084,14.609999656677246,,,
1992-11-16,420.67999267578125,-0.004151303017628116,14.859999656677246,,,
1992-11-17,419.2699890136719,-0.0033573546456100445,15.010000228881836,,,
1992-11-18,422.8500061035156,0.008502443066674914,14.550000190734863,,,
1992-11-19,423.6099853515625,0.001795665382713807,14.329999923706055,,,
1992-11-20,426.6499938964844,0.007150804631741892,13.670000076293945,,,
1992-11-23,425.1199951171875,-0.0035925201511446403,13.399999618530273,,,
1992-11-24,427.5899963378906,0.005793313444739212,12.65999984741211,,,
1992-11-25,429.19000244140625,0.003734933041773303,12.5,,,
1992-11-27,430.1600036621094,0.002257524002500233,12.579999923706055,,,
1992-11-30,431.3500061035156,0.00276259865759787,13.010000228881836,,,
1992-12-01,430.7799987792969,-0.001322323556881777,12.800000190734863,,,
1992-12-02,429.8900146484375,-0.0020681200325052274,12.5600004196167,,,
1992-12-03,429.9100036621094,4.6496890555580705e-05,12.029999732971191,,,
1992-12-04,432.05999755859375,0.004988568864656706,11.8100004196167,,,
1992-12-07,435.30999755859375,0.007493953510272711,12.0,,,
1992-12-08,436.989990234375,0.0038518738426054355,11.729999542236328,,,
1992-12-09,435.6499938964844,-0.0030711345239300414,12.579999923706055,,,
1992-12-10,434.6400146484375,-0.0023210187214317557,12.75,,,
1992-12-11,433.7300109863281,-0.0020958899279435173,12.34000015258789,,,
1992-12-14,432.8399963378906,-0.0020541097749902093,12.65999984741211,,,
1992-12-15,432.57000732421875,-0.0006239563242598223,12.40999984741211,,,
1992-12-16,431.5199890136719,-0.0024303459867187627,12.579999923706055,,,
1992-12-17,435.42999267578125,0.009020197833264021,12.140000343322754,,,
1992-12-18,441.2799987792969,0.013345560073579676,11.65999984741211,,,
1992-12-21,440.70001220703125,-0.0013151922915319858,11.649999618530273,,,
1992-12-22,440.30999755859375,-0.0008853808006543673,11.75,,,
1992-12-23,439.0299987792969,-0.0029112736567915576,11.510000228881836,,,
1992-12-24,439.7699890136719,0.0016840928983814507,11.569999694824219,,,
1992-12-28,439.1499938964844,-0.0014108115234119367,12.220000267028809,,,
1992-12-29,437.9800109863281,-0.0026677541471205046,12.289999961853027,,,
1992-12-30,438.82000732421875,0.0019160505869866284,12.600000381469727,,,
1992-12-31,435.7099914550781,-0.007112458083810225,12.569999694824219,,,
1993-01-04,435.3800048828125,-0.0007576406328571039,13.359999656677246,,,
1993-01-05,434.3399963378906,-0.0023915950861796986,13.350000381469727,,,
1993-01-06,434.5199890136719,0.0004143191800540791,13.369999885559082,,,
1993-01-07,430.7300109863281,-0.008760479089547246,14.720000267028809,,,
1993-01-08,429.04998779296875,-0.00390803539034934,13.770000457763672,,,
1993-01-11,430.95001220703125,0.004418668617444332,12.859999656677246,,,
1993-01-12,431.0400085449219,0.00020881062669175776,12.779999732971191,,,
1993-01-13,433.0299987792969,0.004606093802181022,12.420000076293945,,,
1993-01-14,435.94000244140625,0.00669761795254864,11.989999771118164,,,
1993-01-15,437.1499938964844,0.0027717468641439424,11.569999694824219,,,
1993-01-18,436.8399963378906,-0.0007093847184922453,11.489999771118164,,,
1993-01-19,435.1300048828125,-0.003922138708383649,12.0600004196167,,,
1993-01-20,433.3699951171875,-0.004052992918582632,12.149999618530273,,,
1993-01-21,435.489990234375,0.004879956172578304,11.6899995803833,,,
1993-01-22,436.1099853515625,0.0014226600255264898,11.300000190734863,,,
1993-01-25,440.010009765625,0.008903004603387998,11.380000114440918,,,
1993-01-26,439.95001220703125,-0.00013636428289665048,11.449999809265137,,,
1993-01-27,438.1099853515625,-0.004191124875302599,12.010000228881836,,,
1993-01-28,438.6600036621094,0.0012546469190075626,12.039999961853027,,,
1993-01-29,438.7799987792969,0.00027351184719570654,12.420000076293945,,,
1993-02-01,442.5199890136719,0.008487490611096327,12.329999923706055,,,
1993-02-02,442.54998779296875,6.778849151967137e-05,12.25,,,
1993-02-03,447.20001220703125,0.010452524305978983,12.119999885559082,,,
1993-02-04,449.55999755859375,0.005263372081938833,12.289999961853027,,,
1993-02-05,448.92999267578125,-0.001402363950425034,12.899999618530273,,,
1993-02-08,447.8500061035156,-0.002408588719298166,13.220000267028809,,,
1993-02-09,445.3299865722656,-0.005642818331482502,13.479999542236328,,,
1993-02-10,446.2300109863281,0.002018988564446822,13.430000305175781,,,
1993-02-11,447.6600036621094,0.003199485109387723,12.6899995803833,,,
1993-02-12,444.5799865722656,-0.006904037832465626,12.380000114440918,,,
1993-02-16,433.9100036621094,-0.02429283829607698,15.760000228881836,,,
1993-02-17,433.29998779296875,-0.0014068471898713852,15.899999618530273,,,
1993-02-18,431.8999938964844,-0.003236234738748678,15.5600004196167,,,
1993-02-19,434.2200012207031,0.005357255082470758,15.020000457763672,,,
1993-02-22,435.239990234375,0.0023462597281316278,14.699999809265137,,,
1993-02-23,434.79998779296875,-0.0010114534734730896,15.039999961853027,,,
1993-02-24,440.8699951171875,0.013863909161424992,14.720000267028809,,,
1993-02-25,442.3399963378906,0.0033287725281985203,13.760000228881836,,,
1993-02-26,443.3800048828125,0.0023483923168825527,13.15999984741211,,,
1993-03-01,442.010009765625,-0.0030946728286780356,13.600000381469727,,,
1993-03-02,447.8999938964844,0.013237451236460807,12.489999771118164,,,
1993-03-03,449.260009765625,0.0030318268878648524,13.130000114440918,,,
1993-03-04,447.3399963378906,-0.004282882778445796,13.4399995803833,,,
1993-03-05,446.1099853515625,-0.002753398150129094,14.079999923706055,,,
1993-03-08,454.7099914550781,0.019094308774065816,16.219999313354492,,,
1993-03-09,454.3999938964844,-0.0006819803447406514,14.170000076293945,,,
1993-03-10,456.3299865722656,0.004238348591361074,13.90999984741211,,,
1993-03-11,453.7200012207031,-0.0057359321849954625,14.260000228881836,,,
1993-03-12,449.8299865722656,-0.008610566621374716,15.65999984741211,,,
1993-03-15,451.42999267578125,0.0035506020932158933,14.739999771118164,,,
1993-03-16,451.3699951171875,-0.00013291439852292086,14.510000228881836,,,
1993-03-17,448.30999755859375,-0.006802439496595092,14.529999732971191,,,
1993-03-18,451.8900146484375,0.007953867840772233,14.170000076293945,,,
1993-03-19,450.17999267578125,-0.0037913332826109425,13.229999542236328,,,
1993-03-22,448.8800048828125,-0.0028918841956739882,13.65999984741211,,,
1993-03-23,448.760009765625,-0.0002673568823672312,13.020000457763672,,,
1993-03-24,448.07000732421875,-0.00153875888274424,12.4399995803833,,,
1993-03-25,450.8800048828125,0.0062517529844585695,12.079999923706055,,,
1993-03-26,447.7799987792969,-0.006899201894603024,12.210000038146973,,,
1993-03-29,450.7699890136719,0.006655169575119579,12.630000114440918,,,
1993-03-30,451.9700012207031,0.0026586014286191784,12.229999542236328,,,
1993-03-31,451.6700134277344,-0.0006639542276261068,12.529999732971191,,,
1993-04-01,450.29998779296875,-0.0030378542224793748,13.020000457763672,,,
1993-04-02,441.3900146484375,-0.01998512863383528,14.5,,,
1993-04-05,442.2900085449219,0.0020369232845371954,14.119999885559082,,,
1993-04-06,441.1600036621094,-0.0025581651105266445,14.239999771118164,,,
1993-04-07,442.7300109863281,0.003552498499486134,13.640000343322754,,,
1993-04-08,441.8399963378906,-0.002012310933906747,12.829999923706055,,,
1993-04-12,448.3699951171875,0.014670956215528719,11.930000305175781,,,
1993-04-13,449.2200012207031,0.0018939746678867664,11.699999809265137,,,
1993-04-14,448.6600036621094,-0.0012473774405465932,11.760000228881836,,,
1993-04-15,448.3999938964844,-0.0005796931612467304,10.960000038146973,,,
1993-04-16,448.94000244140625,0.0012035763753175388,11.289999961853027,,,
1993-04-19,447.4599914550781,-0.00330212481313108,12.0600004196167,,,
1993-04-20,445.1000061035156,-0.005288139413933024,11.9399995803833,,,
1993-04-21,443.6300048828125,-0.0033080970443473134,12.109999656677246,,,
1993-04-22,439.4599914550781,-0.009444211665164737,12.680000305175781,,,
1993-04-23,437.0299987792969,-0.005544841193281691,13.359999656677246,,,
1993-04-26,433.5400085449219,-0.008017755955270545,15.25,,,
1993-04-27,438.010009765625,0.010257679585060409,13.930000305175781,,,
1993-04-28,438.0199890136719,2.2782891136330363e-05,13.119999885559082,,,
1993-04-29,438.8900146484375,0.0019842992247900426,12.800000190734863,,,
1993-04-30,440.19000244140625,0.0029576118563259257,12.420000076293945,,,
1993-05-03,442.4599914550781,0.005143588135795518,12.899999618530273,,,
1993-05-04,444.04998779296875,0.0035870956447583424,12.140000343322754,,,
1993-05-05,444.5199890136719,0.0010578823881139954,12.380000114440918,,,
1993-05-06,443.260009765625,-0.002838496239511379,13.220000267028809,,,
1993-05-07,442.30999755859375,-0.0021455391750162534,13.010000228881836,,,
1993-05-10,442.79998779296875,0.0011071850787791604,13.720000267028809,,,
1993-05-11,444.3599853515625,0.003516838481613327,13.350000381469727,,,
1993-05-12,444.79998779296875,0.000989703744233239,13.5600004196167,,,
1993-05-13,439.2300109863281,-0.012601496606306384,14.760000228881836,,,
1993-05-14,439.55999755859375,0.0007510021383181353,14.390000343322754,,,
1993-05-17,440.3699951171875,0.001841050524755694,14.130000114440918,,,
1993-05-18,440.32000732421875,-0.00011351961049577142,14.1899995803833,,,
1993-05-19,447.57000732421875,0.01633121448849728,14.289999961853027,,,
1993-05-20,450.5899963378906,0.006724860565197055,13.979999542236328,,,
1993-05-21,445.8399963378906,-0.01059769194514626,14.510000228881836,,,
1993-05-24,448.0,0.004833097367658468,14.100000381469727,,,
1993-05-25,448.8500061035156,0.0018955373858311475,14.039999961853027,,,
1993-05-26,453.44000244140625,0.010174192085687928,12.880000114440918,,,
1993-05-27,452.4100036621094,-0.0022741054617174683,13.100000381469727,,,
1993-05-28,450.19000244140625,-0.004919135125861729,13.470000267028809,,,
1993-06-01,453.8299865722656,0.008052927691969636,13.670000076293945,,,
1993-06-02,453.8500061035156,4.4111430051785305e-05,13.479999542236328,,,
1993-06-03,452.489990234375,-0.0030011185546445773,13.539999961853027,,,
1993-06-04,450.05999755859375,-0.00538474008132539,12.859999656677246,,,
1993-06-07,447.69000244140625,-0.005279867720148879,14.069999694824219,,,
1993-06-08,444.7099914550781,-0.006678668945665933,14.739999771118164,,,
1993-06-09,445.7799987792969,0.002403188920531818,13.960000038146973,,,
1993-06-10,445.3800048828125,-0.0008976927189321415,13.3100004196167,,,
1993-06-11,447.260009765625,0.004212241512145276,12.710000038146973,,,
1993-06-14,447.7099914550781,0.0010055794646914862,12.329999923706055,,,
1993-06-15,446.2699890136719,-0.0032215568989908405,11.989999771118164,,,
1993-06-16,447.42999267578125,0.0025959591301667473,11.869999885559082,,,
1993-06-17,448.5400085449219,0.0024777982198926907,11.65999984741211,,,
1993-06-18,443.67999267578125,-0.010894317389084307,12.239999771118164,,,
1993-06-21,446.2200012207031,0.005708541319334515,12.25,,,
1993-06-22,445.92999267578125,-0.0006501340741369432,11.649999618530273,,,
1993-06-23,443.19000244140625,-0.006163395094440638,12.039999961853027,,,
1993-06-24,446.6199951171875,0.007709532763589877,12.25,,,
1993-06-25,447.6000061035156,0.0021918797999349593,11.25,,,
1993-06-28,451.8500061035156,0.009450289781936405,11.109999656677246,,,
1993-06-29,450.69000244140625,-0.0025705326963176844,11.289999961853027,,,
1993-06-30,450.5299987792969,-0.0003550823629607791,11.260000228881836,,,
1993-07-01,449.0199890136719,-0.003357259083800024,11.510000228881836,,,
1993-07-02,445.8399963378906,-0.007107270665395404,11.329999923706055,,,
1993-07-06,441.42999267578125,-0.009940694562158292,13.869999885559082,,,
1993-07-07,442.8299865722656,0.003166478409297291,13.050000190734863,,,
1993-07-08,448.6400146484375,0.013034898162465502,12.239999771118164,,,
1993-07-09,448.1099853515625,-0.0011821117559991379,10.800000190734863,,,
1993-07-12,448.9800109863281,0.0019396624889171932,10.850000381469727,,,
1993-07-13,448.0899963378906,-0.001984270866698168,11.020000457763672,,,
1993-07-14,450.0799865722656,0.004431217984289582,10.779999732971191,,,
1993-07-15,449.2200012207031,-0.001912566719408204,10.600000381469727,,,
1993-07-16,445.75,-0.007754491444782019,10.960000038146973,,,
1993-07-19,446.0299987792969,0.0006279548518266509,11.460000038146973,,,
1993-07-20,447.30999755859375,0.0028656494962362444,11.050000190734863,,,
1993-07-21,447.17999267578125,-0.00029067934833726383,11.970000267028809,,,
1993-07-22,444.510009765625,-0.005988607884807706,11.6899995803833,,,
1993-07-23,447.1000061035156,0.005809723033110004,11.319999694824219,,,
1993-07-26,449.0899963378906,0.004441008044261174,11.319999694824219,,,
1993-07-27,448.239990234375,-0.0018945234651095433,11.34000015258789,,,
1993-07-28,447.19000244140625,-0.0023452157796919337,11.369999885559082,,,
1993-07-29,450.239990234375,0.006797186545465017,11.25,,,
1993-07-30,448.1300048828125,-0.004697372447474812,11.729999542236328,,,
1993-08-02,450.1499938964844,0.004497467206909356,11.470000267028809,,,
1993-08-03,449.2699890136719,-0.00195682813444531,11.489999771118164,,,
1993-08-04,448.5400085449219,-0.0016261361125256002,11.710000038146973,,,
1993-08-05,448.1300048828125,-0.0009145029599384458,12.029999732971191,,,
1993-08-06,448.67999267578125,0.00122654266436939,12.329999923706055,,,
1993-08-09,450.7200012207031,0.004536384383305503,12.390000343322754,,,
1993-08-10,449.45001220703125,-0.002821666657063737,12.3100004196167,,,
1993-08-11,450.4599914550781,0.002244623724568129,12.069999694824219,,,
1993-08-12,448.9599914550781,-0.0033354860225136562,12.380000114440918,,,
1993-08-13,450.1400146484375,0.0026249001510150194,12.1899995803833,,,
1993-08-16,452.3800048828125,0.004963867361034602,12.010000228881836,,,
1993-08-17,453.1300048828125,0.001656525413118004,11.59000015258789,,,
1993-08-18,456.0400085449219,0.006401472896177651,11.520000457763672,,,
1993-08-19,456.42999267578125,0.0008547878923872432,11.630000114440918,,,
1993-08-20,456.1600036621094,-0.0005916984026397287,11.619999885559082,,,
1993-08-23,455.2300109863281,-0.002040823321773466,12.149999618530273,,,
1993-08-24,459.7699890136719,0.009923530675475689,11.800000190734863,,,
1993-08-25,460.1300048828125,0.0007827283180992239,12.100000381469727,,,
1993-08-26,461.0400085449219,0.001975756798136885,12.140000343322754,,,
1993-08-27,460.5400085449219,-0.0010850930788155466,11.90999984741211,,,
1993-08-30,461.8999938964844,0.002948671639017242,11.739999771118164,,,
1993-08-31,463.55999755859375,0.003587416976918334,11.850000381469727,,,
1993-09-01,463.1499938964844,-0.0008848586777778777,11.479999542236328,,,
1993-09-02,461.29998779296875,-0.004002398420232645,11.869999885559082,,,
1993-09-03,461.3399963378906,8.672623262651058e-05,11.15999984741211,,,
1993-09-07,458.5199890136719,-0.006131403047763939,12.899999618530273,,,
1993-09-08,456.6499938964844,-0.004086667514559217,13.239999771118164,,,
1993-09-09,457.5,0.0018596649437379043,12.670000076293945,,,
1993-09-10,461.7200012207031,0.009181764674952575,11.699999809265137,,,
1993-09-13,462.05999755859375,0.000736098104942684,12.15999984741211,,,
1993-09-14,459.8999938964844,-0.004685686220990526,13.149999618530273,,,
1993-09-15,461.6000061035156,0.0036896671419306415,12.699999809265137,,,
1993-09-16,459.42999267578125,-0.004712153666933894,13.359999656677246,,,
1993-09-17,458.8299865722656,-0.0013068329285106373,13.390000343322754,,,
1993-09-20,455.04998779296875,-0.008272465623294423,14.600000381469727,,,
1993-09-21,452.95001220703125,-0.004625505132311858,17.299999237060547,,,
1993-09-22,456.20001220703125,0.0071495655429965055,13.75,,,
1993-09-23,457.739990234375,0.003369979387399802,13.359999656677246,,,
1993-09-24,457.6300048828125,-0.0002403079687525178,12.470000267028809,,,
1993-09-27,461.79998779296875,0.00907086245980171,12.489999771118164,,,
1993-09-28,461.5299987792969,-0.0005848158844461437,12.1899995803833,,,
1993-09-29,460.1099853515625,-0.003081495108378185,12.630000114440918,,,
1993-09-30,458.92999267578125,-0.0025678824695347657,12.989999771118164,,,
1993-10-01,461.2799987792969,0.0051075542193066426,11.829999923706055,,,
1993-10-04,461.3399963378906,0.00013005909040764152,12.850000381469727,,,
1993-10-05,461.20001220703125,-0.000303475471279846,12.970000267028809,,,
1993-10-06,460.739990234375,-0.0009979434878966131,12.680000305175781,,,
1993-10-07,459.17999267578125,-0.003391597275748559,13.140000343322754,,,
1993-10-08,460.30999755859375,0.0024578961461267923,12.039999961853027,,,
1993-10-11,460.8800048828125,0.001237545773307147,12.260000228881836,,,
1993-10-12,461.1199951171875,0.0005205862034598496,12.40999984741211,,,
1993-10-13,461.489990234375,0.0008020618525632628,11.380000114440918,,,
1993-10-14,466.8299865722656,0.011504772861186119,11.0,,,
1993-10-15,469.5,0.005703161712438565,10.869999885559082,,,
1993-10-18,468.45001220703125,-0.002238900192776505,11.329999923706055,,,
1993-10-19,466.2099914550781,-0.004793240390965181,11.609999656677246,,,
1993-10-20,466.07000732421875,-0.00030030491289068095,11.319999694824219,,,
1993-10-21,465.3599853515625,-0.001524585026825953,11.199999809265137,,,
1993-10-22,463.2699890136719,-0.004501254373472818,11.479999542236328,,,
1993-10-25,464.20001220703125,0.00200550638587238,11.829999923706055,,,
1993-10-26,464.29998779296875,0.00021534859735883316,11.829999923706055,,,
1993-10-27,464.6099853515625,0.000667443733115114,12.010000228881836,,,
1993-10-28,467.7300109863281,0.006692917377447927,11.880000114440918,,,
1993-10-29,467.8299865722656,0.00021372351656534505,11.460000038146973,,,
1993-11-01,469.1000061035156,0.0027110249837845046,11.779999732971191,,,
1993-11-02,468.44000244140625,-0.0014079479598141376,11.739999771118164,,,
1993-11-03,463.0199890136719,-0.011637804415695285,13.260000228881836,,,
1993-11-04,457.489990234375,-0.01201522076292516,14.680000305175781,,,
1993-11-05,459.57000732421875,0.0045362804227311315,14.970000267028809,,,
1993-11-08,460.2099914550781,0.0013916028506582023,14.3100004196167,,,
1993-11-09,460.3299865722656,0.0002607059350623331,13.9399995803833,,,
1993-11-10,463.7200012207031,0.00733733001906689,13.720000267028809,,,
1993-11-11,462.6400146484375,-0.0023316789219389733,13.880000114440918,,,
1993-11-12,465.3900146484375,0.005926549707290896,13.329999923706055,,,
1993-11-15,463.75,-0.003530181298321722,14.460000038146973,,,
1993-11-16,466.739990234375,0.006426722602041579,15.109999656677246,,,
1993-11-17,464.80999755859375,-0.004143621839954648,15.569999694824219,,,
1993-11-18,463.6199951171875,-0.0025634740421125457,14.649999618530273,,,
1993-11-19,462.6000061035156,-0.002202477650342871,15.029999732971191,,,
1993-11-22,459.1300048828125,-0.007529357995395003,15.899999618530273,,,
1993-11-23,461.0299987792969,0.004129709157556505,14.270000457763672,,,
1993-11-24,462.3599853515625,0.0028806625907407124,13.510000228881836,,,
1993-11-26,463.05999755859375,0.0015128533065418281,13.770000457763672,,,
1993-11-29,461.8999938964844,-0.0025082258280937353,14.119999885559082,,,
1993-11-30,461.7900085449219,-0.0002381434286213846,13.760000228881836,,,
1993-12-01,461.8900146484375,0.0002165384145929039,13.829999923706055,,,
1993-12-02,463.1099853515625,0.0026377760226816704,13.510000228881836,,,
1993-12-03,464.8900146484375,0.003836274741234824,12.6899995803833,,,
1993-12-06,466.42999267578125,0.0033070897624316586,12.84000015258789,,,
1993-12-07,466.760009765625,0.0007072881251151131,12.40999984741211,,,
1993-12-08,466.2900085449219,-0.0010074513718070222,12.460000038146973,,,
1993-12-09,464.17999267578125,-0.004535384232139172,12.430000305175781,,,
1993-12-10,463.92999267578125,-0.0005387292669878363,12.600000381469727,,,
1993-12-13,465.70001220703125,0.0038080132114250986,10.979999542236328,,,
1993-12-14,463.05999755859375,-0.005685046149832118,11.130000114440918,,,
1993-12-15,461.8399963378906,-0.0026381272274322853,11.029999732971191,,,
1993-12-16,463.3399963378906,0.003242615115315317,10.899999618530273,,,
1993-12-17,466.3800048828125,0.0065396450011805385,11.079999923706055,,,
1993-12-20,465.8500061035156,-0.0011370559414594084,10.75,,,
1993-12-21,465.29998779296875,-0.0011813743824760081,10.079999923706055,,,
1993-12-22,467.32000732421875,0.004331930905911996,9.3100004196167,,,
1993-12-23,467.3800048828125,0.0001283782131000777,9.479999542236328,,,
1993-12-27,470.5400085449219,0.006738347777232256,9.699999809265137,,,
1993-12-28,470.94000244140625,0.0008497130387974394,9.819999694824219,,,
1993-12-29,470.5799865722656,-0.0007647546326952082,10.460000038146973,,,
1993-12-30,468.6400146484375,-0.004131033581437293,10.6899995803833,,,
1993-12-31,466.45001220703125,-0.004684054759713341,11.65999984741211,,,
1994-01-03,465.44000244140625,-0.0021676595847806013,12.569999694824219,,,
1994-01-04,466.8900146484375,0.0031105152672576963,11.90999984741211,,,
1994-01-05,467.54998779296875,0.0014125535134299483,10.9399995803833,,,
1994-01-06,467.1199951171875,-0.0009200952506844828,11.270000457763672,,,
1994-01-07,469.8999938964844,0.005933719597535969,10.960000038146973,,,
1994-01-10,475.2699890136719,0.01136314736144417,10.739999771118164,,,
1994-01-11,474.1300048828125,-0.002401484487165817,11.289999961853027,,,
1994-01-12,474.1700134277344,8.437950895956448e-05,11.649999618530273,,,
1994-01-13,472.4700012207031,-0.003591680064778835,12.079999923706055,,,
1994-01-14,474.9100036621094,0.005151064670927852,11.149999618530273,,,
1994-01-17,473.29998779296875,-0.003395908988307106,11.880000114440918,,,
1994-01-18,474.25,0.002005197694241012,11.630000114440918,,,
1994-01-19,474.29998779296875,0.00010539833147049649,11.760000228881836,,,
1994-01-20,474.9800109863281,0.001432713868522839,11.15999984741211,,,
1994-01-21,474.7200012207031,-0.0005475619011878763,11.09000015258789,,,
1994-01-24,471.9700012207031,-0.005809732283987401,11.600000381469727,,,
1994-01-25,470.9200134277344,-0.0022271701061127303,11.380000114440918,,,
1994-01-26,473.20001220703125,0.004829901177171969,11.170000076293945,,,
1994-01-27,477.04998779296875,0.008103123708274929,10.300000190734863,,,
1994-01-28,478.70001220703125,0.0034528402895661614,9.9399995803833,,,
1994-01-31,481.6099853515625,0.006060505584239095,10.630000114440918,,,
1994-02-01,479.6199951171875,-0.004140513961939263,10.649999618530273,,,
1994-02-02,482.0,0.004950000529458265,10.609999656677246,,,
1994-02-03,480.7099914550781,-0.0026799541470605703,10.75,,,
1994-02-04,469.80999755859375,-0.02293580744837609,15.25,,,
1994-02-07,471.760009765625,0.004142049937494008,13.960000038146973,,,
1994-02-08,471.04998779296875,-0.001506182812494039,13.65999984741211,,,
1994-02-09,472.7699890136719,0.0036447694837162814,13.300000190734863,,,
1994-02-10,468.92999267578125,-0.008155501107392382,14.239999771118164,,,
1994-02-11,470.17999267578125,0.002662096575909878,14.460000038146973,,,
1994-02-14,470.2300109863281,0.00010637553917813847,14.279999732971191,,,
1994-02-15,472.5199890136719,0.004858090758239619,13.399999618530273,,,
1994-02-16,472.7900085449219,0.0005712825195773874,13.130000114440918,,,
1994-02-17,470.3399963378906,-0.00519550370679589,13.789999961853027,,,
1994-02-18,467.69000244140625,-0.005650141146482213,14.699999809265137,,,
1994-02-22,471.4599914550781,0.00802855622330334,13.520000457763672,,,
1994-02-23,470.69000244140625,-0.001634536305455292,13.90999984741211,,,
1994-02-24,464.260009765625,-0.01375494725984261,15.960000038146973,,,
1994-02-25,466.07000732421875,0.0038910919975654323,14.800000190734863,,,
1994-02-28,467.1400146484375,0.002293176815348019,14.869999885559082,,,
1994-03-01,464.44000244140625,-0.005796645951560819,15.829999923706055,,,
1994-03-02,464.80999755859375,0.0007963306682592375,16.079999923706055,,,
1994-03-03,463.010009765625,-0.003880041466992168,16.360000610351562,,,
1994-03-04,464.739990234375,0.0037294151956341892,16.0,,,
1994-03-07,466.9100036621094,0.0046584390409432075,14.260000228881836,,,
1994-03-08,465.8800048828125,-0.0022084267380284572,16.229999542236328,,,
1994-03-09,467.05999755859375,0.0025296231310134587,14.40999984741211,,,
1994-03-10,463.8999938964844,-0.006788725245567839,16.549999237060547,,,
1994-03-11,466.44000244140625,0.005460401285525052,14.869999885559082,,,
1994-03-14,467.3900146484375,0.002034658379761467,16.610000610351562,,,
1994-03-15,467.010009765625,-0.0008133666391980654,14.779999732971191,,,
1994-03-16,469.4200134277344,0.005147227071519822,14.510000228881836,,,
1994-03-17,470.8999938964844,0.003147825589782549,12.760000228881836,,,
1994-03-18,471.05999755859375,0.0003397249673016134,13.319999694824219,,,
1994-03-21,468.5400085449219,-0.005363974115450532,14.34000015258789,,,
1994-03-22,468.79998779296875,0.0005547170839372839,13.390000343322754,,,
1994-03-23,468.5400085449219,-0.0005547170839372839,12.3100004196167,,,
1994-03-24,464.3500061035156,-0.008982903773745221,13.430000305175781,,,
1994-03-25,460.5799865722656,-0.00815205570032873,13.670000076293945,,,
1994-03-28,460.0,-0.0012600461827609877,14.899999618530273,,,
1994-03-29,452.4800109863281,-0.01648290193473656,16.489999771118164,,,
1994-03-30,445.54998779296875,-0.015434140887344405,18.59000015258789,,,
1994-03-31,445.7699890136719,0.0004936526295731269,20.450000762939453,,,
1994-04-04,438.9200134277344,-0.015485904575365694,23.8700008392334,,,
1994-04-05,448.2900085449219,0.021123168767291034,18.1299991607666,,,
1994-04-06,448.04998779296875,-0.0005355573971268512,17.3799991607666,,,
1994-04-07,450.8800048828125,0.00629643345440023,16.979999542236328,,,
1994-04-08,447.1000061035156,-0.008418942648553696,16.920000076293945,,,
1994-04-11,449.8699951171875,0.006176344393934663,16.610000610351562,,,
1994-04-12,447.57000732421875,-0.005125674857937135,16.420000076293945,,,
1994-04-13,446.260009765625,-0.0029312027376553473,17.020000457763672,,,
1994-04-14,446.3800048828125,0.0002688544451086017,16.270000457763672,,,
1994-04-15,446.17999267578125,-0.00044817650561590483,15.979999542236328,,,
1994-04-18,442.4599914550781,-0.008372396059576737,17.219999313354492,,,
1994-04-19,442.5400085449219,0.000180829582061115,16.93000030517578,,,
1994-04-20,441.9599914550781,-0.0013115142407755798,17.010000228881836,,,
1994-04-21,448.7300109863281,0.015202034136506448,14.930000305175781,,,
1994-04-22,447.6300048828125,-0.0024543858187442424,14.9399995803833,,,
1994-04-25,452.7099914550781,0.01128471577842749,14.260000228881836,,,
1994-04-26,451.8699951171875,-0.001857207967906227,13.800000190734863,,,
1994-04-28,449.1000061035156,-0.006148923354864166,14.510000228881836,,,
1994-04-29,450.9100036621094,0.004022177484958256,13.770000457763672,,,
1994-05-02,453.0199890136719,0.004668479198312703,14.109999656677246,,,
1994-05-03,453.0299987792969,2.20953937652979e-05,13.8100004196167,,,
1994-05-04,451.7200012207031,-0.0028958242034633486,14.289999961853027,,,
1994-05-05,451.3800048828125,-0.0007529539401085472,14.5600004196167,,,
1994-05-06,447.82000732421875,-0.007918185299239155,15.079999923706055,,,
1994-05-09,442.32000732421875,-0.01235776373014641,16.15999984741211,,,
1994-05-10,446.010009765625,0.00830777660057791,15.1899995803833,,,
1994-05-11,441.489990234375,-0.010186047577722235,15.550000190734863,,,
1994-05-12,443.75,0.005105993178450063,15.460000038146973,,,
1994-05-13,444.1400146484375,0.0008785202380643398,14.539999961853027,,,
1994-05-16,444.489990234375,0.0007876745149477671,14.670000076293945,,,
1994-05-17,449.3699951171875,0.010919055440192338,14.079999923706055,,,
1994-05-18,453.69000244140625,0.009567559829149808,12.550000190734863,,,
1994-05-19,456.4800109863281,0.006130760720700401,12.329999923706055,,,
1994-05-20,454.9200134277344,-0.0034233026997432248,12.789999961853027,,,
1994-05-23,453.20001220703125,-0.0037880527438893807,13.489999771118164,,,
1994-05-24,454.80999755859375,0.0035461878645337563,12.729999542236328,,,
1994-05-25,456.3399963378906,0.0033583937388845797,12.430000305175781,,,
1994-05-26,457.05999755859375,0.001576530270727794,12.5,,,
1994-05-27,457.3299865722656,0.0005905336370775061,12.489999771118164,,,
1994-05-31,456.5,-0.001816501565247819,13.029999732971191,,,
1994-06-01,457.6300048828125,0.0024723079919803936,12.720000267028809,,,
1994-06-02,457.6499938964844,4.367846713915213e-05,12.729999542236328,,,
1994-06-03,460.1300048828125,0.005404382370144845,12.1899995803833,,,
1994-06-06,458.8800048828125,-0.002720320252369568,13.029999732971191,,,
1994-06-07,458.2099914550781,-0.0014611729483862135,13.050000190734863,,,
1994-06-08,457.05999755859375,-0.002512907700338296,13.319999694824219,,,
1994-06-09,457.8599853515625,0.0017487605731352218,13.210000038146973,,,
1994-06-10,458.6700134277344,0.0017675979796738517,12.6899995803833,,,
1994-06-13,459.1000061035156,0.0009370380336966022,11.920000076293945,,,
1994-06-14,462.3699951171875,0.007097361250607115,11.600000381469727,,,
1994-06-15,460.6099853515625,-0.0038137596396712325,11.520000457763672,,,
1994-06-16,461.92999267578125,0.002861682434318169,11.220000267028809,,,
1994-06-17,458.45001220703125,-0.007562087472298806,12.3100004196167,,,
1994-06-20,455.4800109863281,-0.006499429059920736,13.960000038146973,,,
1994-06-21,451.3399963378906,-0.009130904432829823,14.699999809265137,,,
1994-06-22,453.0899963378906,0.0038698455339352122,14.020000457763672,,,
1994-06-23,449.6300048828125,-0.007665739972166463,14.119999885559082,,,
1994-06-24,442.79998779296875,-0.015306859925012795,16.719999313354492,,,
1994-06-27,447.30999755859375,0.01013368782465296,15.529999732971191,,,
1994-06-28,446.07000732421875,-0.002775954294633287,15.039999961853027,,,
1994-06-29,447.6300048828125,0.0034911024319042028,14.420000076293945,,,
1994-06-30,444.2699890136719,-0.0075345482400068775,14.970000267028809,,,
1994-07-01,446.20001220703125,0.004334848367611777,14.359999656677246,,,
1994-07-05,446.3699951171875,0.0003808842125918588,14.920000076293945,,,
1994-07-06,446.1300048828125,-0.0005377932552592668,14.699999809265137,,,
1994-07-07,448.3800048828125,0.0050306977466298974,14.010000228881836,,,
1994-07-08,449.54998779296875,0.0026059572167405065,13.260000228881836,,,
1994-07-11,448.05999755859375,-0.0033199087069464284,13.829999923706055,,,
1994-07-12,447.95001220703125,-0.00024550027547931563,13.399999618530273,,,
1994-07-13,448.7300109863281,0.0017397487528620914,12.420000076293945,,,
1994-07-14,453.4100036621094,0.010375406439758095,11.640000343322754,,,
1994-07-15,454.1600036621094,0.0016527654388625024,11.279999732971191,,,
1994-07-18,455.2200012207031,0.0023312543336571068,11.4399995803833,,,
1994-07-19,453.8599853515625,-0.0029920730933641337,11.649999618530273,,,
1994-07-20,451.6000061035156,-0.00499190237542102,11.699999809265137,,,
1994-07-21,452.6099853515625,0.002233949364901733,11.649999618530273,,,
1994-07-22,453.1099853515625,0.0011040941283528838,11.220000267028809,,,
1994-07-25,454.25,0.00251281799220493,11.460000038146973,,,
1994-07-26,453.3599853515625,-0.0019612277257463617,11.65999984741211,,,
1994-07-27,452.57000732421875,-0.0017440160585540099,11.930000305175781,,,
1994-07-28,454.239990234375,0.003683207733858218,12.029999732971191,,,
1994-07-29,458.260009765625,0.008811058715585851,11.130000114440918,,,
1994-08-01,461.010009765625,0.005983025977035261,11.170000076293945,,,
1994-08-02,460.55999755859375,-0.00097662085185668,11.270000457763672,,,
1994-08-03,461.45001220703125,0.0019305970986209786,11.350000381469727,,,
1994-08-04,458.3999938964844,-0.006631580079518251,12.180000305175781,,,
1994-08-05,457.0899963378906,-0.0028618520500769407,12.34000015258789,,,
1994-08-08,457.8900146484375,0.0017487125506825407,12.40999984741211,,,
1994-08-09,457.9200134277344,6.551310509372854e-05,12.539999961853027,,,
1994-08-10,460.29998779296875,0.00518389861206181,11.90999984741211,,,
1994-08-11,458.8800048828125,-0.003089675691548166,12.130000114440918,,,
1994-08-12,461.94000244140625,0.006646269191210585,11.09000015258789,,,
1994-08-15,461.2300109863281,-0.0015381600024566566,12.0600004196167,,,
1994-08-16,465.010009765625,0.008162073932682645,11.390000343322754,,,
1994-08-17,465.1700134277344,0.00034402730589366826,11.539999961853027,,,
1994-08-18,463.1700134277344,-0.004308772726362875,12.069999694824219,,,
1994-08-19,463.67999267578125,0.0011004570235835232,12.829999923706055,,,
1994-08-22,462.32000732421875,-0.002937335484632264,12.619999885559082,,,
1994-08-23,464.510009765625,0.004725799719114576,11.75,,,
1994-08-24,469.0299987792969,0.009683622111847257,11.569999694824219,,,
1994-08-25,468.0799865722656,-0.002027536889654513,12.020000457763672,,,
1994-08-26,473.79998779296875,0.012146073167438765,12.1899995803833,,,
1994-08-29,474.5899963378906,0.0016659997276793348,11.819999694824219,,,
1994-08-30,476.07000732421875,0.0031136519393495377,11.229999542236328,,,
1994-08-31,475.489990234375,-0.0012190868955519463,11.970000267028809,,,
1994-09-01,473.1700134277344,-0.004891070399651198,11.859999656677246,,,
1994-09-02,470.989990234375,-0.004617918698137657,11.399999618530273,,,
1994-09-06,471.8599853515625,0.0018454587402620959,11.6899995803833,,,
1994-09-07,470.989990234375,-0.0018454587402620959,11.8100004196167,,,
1994-09-08,473.1400146484375,0.00455451711003807,11.859999656677246,,,
1994-09-09,468.17999267578125,-0.010538537031608008,13.119999885559082,,,
1994-09-12,466.2099914550781,-0.0042166636481253406,14.010000228881836,,,
1994-09-13,467.510009765625,0.0027846016983170685,13.770000457763672,,,
1994-09-14,468.79998779296875,0.002755452461020269,13.09000015258789,,,
1994-09-15,474.80999755859375,0.012738506647528958,11.880000114440918,,,
1994-09-16,471.19000244140625,-0.007653303988766957,12.800000190734863,,,
1994-09-19,470.8500061035156,-0.0007218299638429571,13.0600004196167,,,
1994-09-20,463.3599853515625,-0.016035326775049263,14.449999809265137,,,
1994-09-21,461.4599914550781,-0.004108900363910983,14.489999771118164,,,
1994-09-22,461.2699890136719,-0.0004118267491319827,13.890000343322754,,,
1994-09-23,459.6700134277344,-0.003474661088540998,14.529999732971191,,,
1994-09-26,460.82000732421875,0.002498657169269336,14.5600004196167,,,
1994-09-27,462.04998779296875,0.0026655568032945,14.130000114440918,,,
1994-09-28,464.8399963378906,0.006020168561695627,13.25,,,
1994-09-29,462.239990234375,-0.005609036885275032,13.970000267028809,,,
1994-09-30,462.7099914550781,0.001016273896879305,14.279999732971191,,,
1994-10-03,461.739990234375,-0.0020985485335032195,15.4399995803833,,,
1994-10-04,454.5899963378906,-0.015606035194229761,16.65999984741211,,,
1994-10-05,453.5199890136719,-0.0023565599688541994,15.920000076293945,,,
1994-10-06,452.3599853515625,-0.002561055170605897,16.239999771118164,,,
1994-10-07,455.1000061035156,0.0060388978130987425,14.920000076293945,,,
1994-10-10,459.0400085449219,0.008620182413851651,14.720000267028809,,,
1994-10-11,465.7900085449219,0.014597536275588574,13.550000190734863,,,
1994-10-12,465.4700012207031,-0.0006872566919202683,14.510000228881836,,,
1994-10-13,467.7900085449219,0.004971845099992045,14.899999618530273,,,
1994-10-14,469.1000061035156,0.002796482814050094,13.319999694824219,,,
1994-10-17,468.9599914550781,-0.00029851960395177457,14.760000228881836,,,
1994-10-18,467.6600036621094,-0.0027759147456229982,14.59000015258789,,,
1994-10-19,470.2799987792969,0.0055867154078903525,15.130000114440918,,,
1994-10-20,466.8500061035156,-0.007320239400085526,15.989999771118164,,,
1994-10-21,464.8900146484375,-0.004207170031246044,15.90999984741211,,,
1994-10-24,460.8299865722656,-0.008771667681502393,16.969999313354492,,,
1994-10-25,461.5299987792969,0.001517872311347368,16.1299991607666,,,
1994-10-26,462.6199951171875,0.0023589176011009627,15.699999809265137,,,
1994-10-27,465.8500061035156,0.006957734794863946,15.670000076293945,,,
1994-10-28,473.7699890136719,0.016858241676905195,14.5600004196167,,,
1994-10-31,472.3500061035156,-0.0030016995384904988,14.5600004196167,,,
1994-11-01,468.4200134277344,-0.008354891110470497,14.84000015258789,,,
1994-11-02,466.510009765625,-0.004085880808031739,15.34000015258789,,,
1994-11-03,467.9100036621094,0.0029965003401324353,15.579999923706055,,,
1994-11-04,462.2799987792969,-0.012105212091743311,16.75,,,
1994-11-07,463.07000732421875,0.0017074809134918212,17.3700008392334,,,
1994-11-08,465.6499938964844,0.00555601948003126,16.299999237060547,,,
1994-11-09,465.3999938964844,-0.0005370281065166793,16.420000076293945,,,
1994-11-10,464.3699951171875,-0.002215600014654484,16.0,,,
1994-11-11,462.3500061035156,-0.004359444514258293,16.5,,,
1994-11-14,466.0400085449219,0.007949292462188673,16.68000030517578,,,
1994-11-15,465.0299987792969,-0.0021695686765941247,16.65999984741211,,,
1994-11-16,465.6199951171875,0.0012679233241312815,15.5600004196167,,,
1994-11-17,463.57000732421875,-0.0044124261208198234,15.90999984741211,,,
1994-11-18,461.4700012207031,-0.004540365155531134,16.0,,,
1994-11-21,458.29998779296875,-0.00689308417847645,16.1299991607666,,,
1994-11-22,450.0899963378906,-0.018076410248980324,17.239999771118164,,,
1994-11-23,449.92999267578125,-0.00035555580042245793,18.40999984741211,,,
1994-11-25,452.2900085449219,0.005231587082198175,17.440000534057617,,,
1994-11-28,454.1600036621094,0.004125981013535451,16.829999923706055,,,
1994-11-29,455.1700134277344,0.002221438118156449,16.149999618530273,,,
1994-11-30,453.69000244140625,-0.0032568542321254057,15.949999809265137,,,
1994-12-01,448.9200134277344,-0.010569422752729096,16.690000534057617,,,
1994-12-02,453.29998779296875,0.009709402958297808,16.549999237060547,,,
1994-12-05,453.32000732421875,4.416300403864426e-05,16.100000381469727,,,
1994-12-06,453.1099853515625,-0.00046340473751183,16.049999237060547,,,
1994-12-07,451.2300109863281,-0.004157677601331677,16.280000686645508,,,
1994-12-08,445.45001220703125,-0.012892177112272307,18.149999618530273,,,
1994-12-09,446.9599914550781,0.003384051462554716,16.040000915527344,,,
1994-12-12,449.4700012207031,0.0056000275441165925,15.460000038146973,,,
1994-12-13,450.1499938964844,0.001511733418494643,14.479999542236328,,,
1994-12-14,454.9700012207031,0.010650638398673529,13.029999732971191,,,
1994-12-15,455.3399963378906,0.0008128992069833529,12.869999885559082,,,
1994-12-16,458.79998779296875,0.007569974047488159,12.789999961853027,,,
1994-12-19,457.9100036621094,-0.001941692397314121,13.020000457763672,,,
1994-12-20,457.1000061035156,-0.00177046756107746,12.979999542236328,,,
1994-12-21,459.6099853515625,0.005476073226533984,12.050000190734863,,,
1994-12-22,459.67999267578125,0.00015230738075544537,12.420000076293945,,,
1994-12-23,459.8299865722656,0.0003262474604950327,11.819999694824219,,,
1994-12-27,462.4700012207031,0.005724865865152751,12.069999694824219,,,
1994-12-28,460.8599853515625,-0.0034874151696886457,12.8100004196167,,,
1994-12-29,461.1700134277344,0.0006724902405919053,12.859999656677246,,,
1994-12-30,459.2699890136719,-0.004128519203415948,13.199999809265137,,,
1995-01-03,459.1099853515625,-0.0003484476321231611,14.25,,,
1995-01-04,460.7099914550781,0.003478958399728782,13.529999732971191,,,
1995-01-05,460.3399963378906,-0.0008034203181006561,13.5,,,
1995-01-06,460.67999267578125,0.0007383039616737364,13.130000114440918,,,
1995-01-09,460.8299865722656,0.0003255393890180258,13.329999923706055,,,
1995-01-10,461.67999267578125,0.001842812247422998,12.520000457763672,,,
1995-01-11,461.6600036621094,-4.329719010165434e-05,12.149999618530273,,,
1995-01-12,461.6400146484375,-4.329906482958279e-05,12.829999923706055,,,
1995-01-13,465.9700012207031,0.009335858707109956,11.100000381469727,,,
1995-01-16,469.3800048828125,0.007291428337115491,11.140000343322754,,,
1995-01-17,470.04998779296875,0.001426360727186271,11.789999961853027,,,
1995-01-18,469.7099914550781,-0.0007235812552845999,11.569999694824219,,,
1995-01-19,466.95001220703125,-0.005893253101852736,11.859999656677246,,,
1995-01-20,464.7799987792969,-0.0046580389721695425,12.149999618530273,,,
1995-01-23,465.82000732421875,0.002235136408933691,12.789999961853027,,,
1995-01-24,465.8599853515625,8.581922480388471e-05,11.9399995803833,,,
1995-01-25,467.44000244140625,0.0033858751097648465,11.460000038146973,,,
1995-01-26,468.32000732421875,0.0018808351138108748,11.25,,,
1995-01-27,470.3900146484375,0.004410330413175956,11.25,,,
1995-01-30,468.510009765625,-0.004004701984228198,12.260000228881836,,,
1995-01-31,470.4200134277344,0.004068474219667273,11.960000038146973,,,
1995-02-01,470.3999938964844,-4.2557622280448015e-05,11.729999542236328,,,
1995-02-02,472.7900085449219,0.005067949740135802,11.130000114440918,,,
1995-02-03,478.6499938964844,0.012318295291448678,10.979999542236328,,,
1995-02-06,481.1400146484375,0.005188689851421735,11.220000267028809,,,
1995-02-07,480.80999755859375,-0.0006861418963639565,11.170000076293945,,,
1995-02-08,481.19000244140625,0.0007900309824897533,11.420000076293945,,,
1995-02-09,480.19000244140625,-0.002080343580214361,11.630000114440918,,,
1995-02-10,481.4599914550781,0.0026412723133217852,11.279999732971191,,,
1995-02-13,481.6499938964844,0.00039456022003925284,11.40999984741211,,,
1995-02-14,482.54998779296875,0.0018668205246843428,11.430000305175781,,,
1995-02-15,484.5400085449219,0.004115487841413135,11.520000457763672,,,
1995-02-16,485.2200012207031,0.0014023939539251629,11.609999656677246,,,
1995-02-17,481.9700012207031,-0.0067205248691522,11.710000038146973,,,
1995-02-21,482.7200012207031,0.0015549039571469692,12.050000190734863,,,
1995-02-22,485.07000732421875,0.004856447579582479,11.390000343322754,,,
1995-02-23,486.9100036621094,0.00378608307790973,11.149999618530273,,,
1995-02-24,488.1099853515625,0.00246145168066203,10.84000015258789,,,
1995-02-27,483.80999755859375,-0.008848497663382027,12.510000228881836,,,
1995-02-28,487.3900146484375,0.007372391392027389,11.75,,,
1995-03-01,485.6499938964844,-0.003576466725737859,11.649999618530273,,,
1995-03-02,485.1300048828125,-0.0010712809576958193,12.020000457763672,,,
1995-03-03,485.4200134277344,0.0005976169142893895,11.449999809265137,,,
1995-03-06,485.6300048828125,0.0004325038965902195,12.170000076293945,,,
1995-03-07,482.1199951171875,-0.007253991541450233,14.220000267028809,,,
1995-03-08,483.1400146484375,0.0021134614520619266,13.720000267028809,,,
1995-03-09,483.1600036621094,4.137227216371997e-05,13.359999656677246,,,
1995-03-10,489.57000732421875,0.01317960045489297,12.380000114440918,,,
1995-03-13,490.04998779296875,0.0009799320339549666,12.149999618530273,,,
1995-03-14,492.8900146484375,0.005778653328698979,12.100000381469727,,,
1995-03-15,491.8800048828125,-0.002051260903037644,12.420000076293945,,,
1995-03-16,495.4100036621094,0.007150915721044093,11.949999809265137,,,
1995-03-17,495.5199890136719,0.00022198410145435332,11.800000190734863,,,
1995-03-20,496.1400146484375,0.0012504804333550723,11.34000015258789,,,
1995-03-21,495.07000732421875,-0.0021589929805596597,11.529999732971191,,,
1995-03-22,495.6700134277344,0.0012112283026874948,11.289999961853027,,,
1995-03-23,495.95001220703125,0.000564729996369806,11.430000305175781,,,
1995-03-24,500.9700012207031,0.010071081683695304,11.1899995803833,,,
1995-03-27,503.20001220703125,0.004441508155907492,11.829999923706055,,,
1995-03-28,503.8999938964844,0.001390093928962166,11.329999923706055,,,
1995-03-29,503.1199951171875,-0.0015491230438167136,12.510000228881836,,,
1995-03-30,502.2200012207031,-0.0017904273980606789,12.619999885559082,,,
1995-03-31,500.7099914550781,-0.003011199022126654,13.369999885559082,,,
1995-04-03,501.8500061035156,0.0022742083118458822,13.5,,,
1995-04-04,505.239990234375,0.0067322621552481365,12.619999885559082,,,
1995-04-05,505.57000732421875,0.0006529755391548875,12.960000038146973,,,
1995-04-06,506.0799865722656,0.001008212908264916,12.8100004196167,,,
1995-04-07,506.4200134277344,0.0006716580113614867,12.850000381469727,,,
1995-04-10,507.010009765625,0.0011643554878855156,12.789999961853027,,,
1995-04-11,505.5299987792969,-0.002923365057895033,12.729999542236328,,,
1995-04-12,507.1700134277344,0.0032388981186493027,12.039999961853027,,,
1995-04-13,509.2300109863281,0.004053522884240657,11.479999542236328,,,
1995-04-17,506.1300048828125,-0.00610623953540923,12.329999923706055,,,
1995-04-18,505.3699951171875,-0.0015027383265397987,12.960000038146973,,,
1995-04-19,504.9200134277344,-0.0008907971283553806,13.09000015258789,,,
1995-04-20,505.2900085449219,0.0007325113108835879,12.100000381469727,,,
1995-04-21,508.489990234375,0.00631299161738319,11.859999656677246,,,
1995-04-24,512.8900146484375,0.008615895381055338,11.920000076293945,,,
1995-04-25,512.0999755859375,-0.0015415549936692585,12.40999984741211,,,
1995-04-26,512.6599731445312,0.001092934233096976,12.279999732971191,,,
1995-04-27,513.5499877929688,0.0017345668147186188,11.930000305175781,,,
1995-04-28,514.7100219726562,0.002256306110918871,11.75,,,
1995-05-01,514.260009765625,-0.0008746848243230687,12.140000343322754,,,
1995-05-02,514.8599853515625,0.0011659974672708628,11.880000114440918,,,
1995-05-03,520.47998046875,0.010856434603802256,11.6899995803833,,,
1995-05-04,520.5399780273438,0.00011526687489560317,12.640000343322754,,,
1995-05-05,520.1199951171875,-0.0008071472792181567,12.0600004196167,,,
1995-05-08,523.9600219726562,0.007355842669937829,12.220000267028809,,,
1995-05-09,523.5599975585938,-0.000763755204768124,12.75,,,
1995-05-10,524.3599853515625,0.0015268111333366363,13.079999923706055,,,
1995-05-11,524.3699951171875,1.908930956773247e-05,12.979999542236328,,,
1995-05-12,525.5499877929688,0.002247777338872936,11.84000015258789,,,
1995-05-15,527.739990234375,0.004158409636382032,12.380000114440918,,,
1995-05-16,528.1900024414062,0.0008523524047943098,12.199999809265137,,,
1995-05-17,527.0700073242188,-0.0021226911422091987,12.359999656677246,,,
1995-05-18,519.5800170898438,-0.014312555140920225,13.130000114440918,,,
1995-05-19,519.1900024414062,-0.0007509162941383707,12.8100004196167,,,
1995-05-22,523.6500244140625,0.008553659335900576,11.680000305175781,,,
1995-05-23,528.5900268554688,0.009389566058753296,11.550000190734863,,,
1995-05-24,528.6099853515625,3.775727556831754e-05,11.260000228881836,,,
1995-05-25,528.5900268554688,-3.775727556831754e-05,11.630000114440918,,,
1995-05-26,523.6500244140625,-0.009389566058753296,12.199999809265137,,,
1995-05-30,523.5800170898438,-0.00013369999245327335,12.520000457763672,,,
1995-05-31,533.4000244140625,0.018581788668994292,12.850000381469727,,,
1995-06-01,533.489990234375,0.00016865059995030407,12.210000038146973,,,
1995-06-02,532.510009765625,-0.0018386130296779157,12.979999542236328,,,
1995-06-05,535.5999755859375,0.005785873145544684,13.449999809265137,,,
1995-06-06,535.5499877929688,-9.333481718520886e-05,13.0,,,
1995-06-07,533.1300048828125,-0.004528927392920323,12.84000015258789,,,
1995-06-08,532.3499755859375,-0.0014641841245790488,12.890000343322754,,,
1995-06-09,527.9400024414062,-0.008318476389765905,12.760000228881836,,,
1995-06-12,530.8800048828125,0.005553370689736603,11.90999984741211,,,
1995-06-13,536.0499877929688,0.009691401330399252,11.289999961853027,,,
1995-06-14,536.469970703125,0.0007831703798064638,11.289999961853027,,,
1995-06-15,537.1199951171875,0.0012109362311285565,11.229999542236328,,,
1995-06-16,539.8300170898438,0.005032782695747251,10.75,,,
1995-06-19,545.219970703125,0.00993502236452315,11.210000038146973,,,
1995-06-20,544.97998046875,-0.00044026829756038666,11.15999984741211,,,
1995-06-21,543.97998046875,-0.0018366153338380542,11.319999694824219,,,
1995-06-22,551.0700073242188,0.012949410547118845,11.4399995803833,,,
1995-06-23,549.7100219726562,-0.0024709497035306782,11.119999885559082,,,
1995-06-26,544.1300048828125,-0.010202708544587047,11.800000190734863,,,
1995-06-27,542.4299926757812,-0.003129166540302819,12.369999885559082,,,
1995-06-28,544.72998046875,0.004231191878233176,11.739999771118164,,,
1995-06-29,543.8699951171875,-0.0015799844750166159,11.59000015258789,,,
1995-06-30,544.75,0.0016167350929467972,11.380000114440918,,,
1995-07-03,547.0900268554688,0.0042863979717315814,11.569999694824219,,,
1995-07-05,547.260009765625,0.0003106554682412721,12.100000381469727,,,
1995-07-06,553.989990234375,0.01222259115035218,11.520000457763672,,,
1995-07-07,556.3699951171875,0.004286913359834443,11.770000457763672,,,
1995-07-10,557.1900024414062,0.0014727674741115138,12.1899995803833,,,
1995-07-11,554.780029296875,-0.004334607676688584,12.25,,,
1995-07-12,560.8900146484375,0.010953142409540817,12.3100004196167,,,
1995-07-13,561.0,0.00019607154084333445,12.5600004196167,,,
1995-07-14,559.8900146484375,-0.001980543496484799,12.079999923706055,,,
1995-07-17,562.719970703125,0.0050417546364887045,12.260000228881836,,,
1995-07-18,558.4600219726562,-0.007599081785041761,12.680000305175781,,,
1995-07-19,550.97998046875,-0.013484559472374258,13.489999771118164,,,
1995-07-20,553.5399780273438,0.004635501826791177,12.779999732971191,,,
1995-07-21,553.6199951171875,0.0001445447666537092,12.369999885559082,,,
1995-07-24,556.6300048828125,0.005422233083177019,12.550000190734863,,,
1995-07-25,561.0999755859375,0.007998344163947735,12.770000457763672,,,
1995-07-26,561.6099853515625,0.0009085334920886368,13.180000305175781,,,
1995-07-27,565.219970703125,0.0064073513178515284,13.180000305175781,,,
1995-07-28,562.9299926757812,-0.0040597105824931035,13.180000305175781,,,
1995-07-31,562.0599975585938,-0.001546672056059073,13.489999771118164,,,
1995-08-01,559.6400146484375,-0.004314855377406168,13.5600004196167,,,
1995-08-02,558.7999877929688,-0.0015021405021098388,13.65999984741211,,,
1995-08-03,558.75,-8.945960994655167e-05,13.779999732971191,,,
1995-08-04,558.9400024414062,0.0003399913085404549,13.210000038146973,,,
1995-08-07,560.030029296875,0.0019482687995937553,13.100000381469727,,,
1995-08-08,560.3900146484375,0.0006425900105853088,13.0600004196167,,,
1995-08-09,559.7100219726562,-0.00121416433726651,12.75,,,
1995-08-10,557.4500122070312,-0.004045996597667134,13.0,,,
1995-08-11,555.1099853515625,-0.004206569193951459,12.899999618530273,,,
1995-08-14,559.739990234375,0.008306106836594829,13.239999771118164,,,
1995-08-15,558.5700073242188,-0.0020924132656920946,12.350000381469727,,,
1995-08-16,559.969970703125,0.0025031990584549746,12.449999809265137,,,
1995-08-17,559.0399780273438,-0.0016621709055453238,12.130000114440918,,,
1995-08-18,559.2100219726562,0.0003041251001532075,12.029999732971191,,,
1995-08-21,558.1099853515625,-0.001969063418368222,13.420000076293945,,,
1995-08-22,559.52001953125,0.0025232588990071747,12.600000381469727,,,
1995-08-23,557.1400146484375,-0.0042627270858695,13.170000076293945,,,
1995-08-24,557.4600219726562,0.0005742101605914485,12.9399995803833,,,
1995-08-25,560.0999755859375,0.0047245043300891965,12.329999923706055,,,
1995-08-28,559.0499877929688,-0.0018764028689641776,12.479999542236328,,,
1995-08-29,560.0,0.001697890971129823,12.649999618530273,,,
1995-08-30,560.9199829101562,0.0016414786617309218,12.029999732971191,,,
1995-08-31,561.8800048828125,0.0017100502619173952,11.520000457763672,,,
1995-09-01,563.8400268554688,0.0034822582845075445,11.289999961853027,,,
1995-09-05,569.1699829101562,0.009408558311804427,11.649999618530273,,,
1995-09-06,570.1699829101562,0.0017554027538508876,11.649999618530273,,,
1995-09-07,570.2899780273438,0.00021043284593957878,11.850000381469727,,,
1995-09-08,572.6799926757812,0.0041821188538069265,11.15999984741211,,,
1995-09-11,573.9099731445312,0.002145459104326619,11.510000228881836,,,
1995-09-12,576.510009765625,0.004520159744577867,11.460000038146973,,,
1995-09-13,578.77001953125,0.003912493233253933,11.350000381469727,,,
1995-09-14,583.6099853515625,0.008327730641203068,11.100000381469727,,,
1995-09-15,583.3499755859375,-0.0004456190077313238,11.579999923706055,,,
1995-09-18,582.77001953125,-0.000994676542607209,12.34000015258789,,,
1995-09-19,584.2000122070312,0.002450779973160344,12.670000076293945,,,
1995-09-20,586.77001953125,0.004389542654640088,12.350000381469727,,,
1995-09-21,583.0,-0.006445767153083537,12.5,,,
1995-09-22,581.72998046875,-0.0021807973622811616,12.460000038146973,,,
1995-09-25,581.8099975585938,0.00013754076607774834,13.220000267028809,,,
1995-09-26,581.4099731445312,-0.0006877881052718138,12.899999618530273,,,
1995-09-27,581.0399780273438,-0.0006365781671870963,12.899999618530273,,,
1995-09-28,585.8699951171875,0.00827835014667766,12.460000038146973,,,
1995-09-29,584.4099731445312,-0.0024951682840761436,12.739999771118164,,,
1995-10-02,581.719970703125,-0.00461356339742558,13.949999809265137,,,
1995-10-03,582.3400268554688,0.0010653337667951845,14.5,,,
1995-10-04,581.469970703125,-0.0014951861837566582,14.859999656677246,,,
1995-10-05,582.6300048828125,0.0019930153560654418,15.739999771118164,,,
1995-10-06,582.489990234375,-0.00024034374089865196,13.979999542236328,,,
1995-10-09,578.3699951171875,-0.007098207308092519,14.850000381469727,,,
1995-10-10,577.52001953125,-0.0014706861870381616,14.970000267028809,,,
1995-10-11,579.4600219726562,0.003353565645012324,14.569999694824219,,,
1995-10-12,583.0999755859375,0.006261983063589938,14.239999771118164,,,
1995-10-13,584.5,0.0023981245534407947,13.670000076293945,,,
1995-10-16,583.030029296875,-0.0025180876602179936,14.619999885559082,,,
1995-10-17,586.780029296875,0.006411319201368393,14.029999732971191,,,
1995-10-18,587.4400024414062,0.0011241048460908232,14.050000190734863,,,
1995-10-19,590.6500244140625,0.005449549429392242,13.550000190734863,,,
1995-10-20,587.4600219726562,-0.00541547073191051,13.460000038146973,,,
1995-10-23,585.0599975585938,-0.0040937940946799145,14.170000076293945,,,
1995-10-24,586.5399780273438,0.0025264275978083006,13.850000381469727,,,
1995-10-25,582.469970703125,-0.0069631978299788955,14.489999771118164,,,
1995-10-26,576.719970703125,-0.009920802372805682,15.59000015258789,,,
1995-10-27,579.7000122070312,0.005153920105994025,14.630000114440918,,,
1995-10-30,583.25,0.0061051614983549385,14.260000228881836,,,
1995-10-31,581.5,-0.003004938942820168,13.829999923706055,,,
1995-11-01,584.219970703125,0.004666602113008622,13.40999984741211,,,
1995-11-02,589.719970703125,0.00937022423059286,13.1899995803833,,,
1995-11-03,590.5700073242188,0.0014403863184195842,12.260000228881836,,,
1995-11-06,588.4600219726562,-0.0035791923049464103,12.739999771118164,,,
1995-11-07,586.3200073242188,-0.003643264206353969,13.050000190734863,,,
1995-11-08,591.7100219726562,0.009150959020873373,12.15999984741211,,,
1995-11-09,593.260009765625,0.0026160808044890516,12.460000038146973,,,
1995-11-10,592.719970703125,-0.0009107052542516314,12.970000267028809,,,
1995-11-13,592.2999877929688,-0.0007088200071727613,13.199999809265137,,,
1995-11-14,589.2899780273438,-0.005094857545744347,13.380000114440918,,,
1995-11-15,593.9600219726562,0.00789362889372125,12.949999809265137,,,
1995-11-16,597.3400268554688,0.0056744964558461675,12.569999694824219,,,
1995-11-17,600.0700073242188,0.0045598168061928845,12.489999771118164,,,
1995-11-20,596.8499755859375,-0.005380542647201558,12.369999885559082,,,
1995-11-21,600.239990234375,0.005663774331747362,11.739999771118164,,,
1995-11-22,598.4000244140625,-0.0030700915087713554,11.8100004196167,,,
1995-11-24,599.969970703125,0.0026201376763683726,11.869999885559082,,,
1995-11-27,601.3200073242188,0.002247645804331455,12.430000305175781,,,
1995-11-28,606.4500122070312,0.008495053943690323,11.569999694824219,,,
1995-11-29,607.6400146484375,0.001960320563002327,11.649999618530273,,,
1995-11-30,605.3699951171875,-0.00374279216648965,11.579999923706055,,,
1995-12-01,606.97998046875,0.0026559761296898188,11.109999656677246,,,
1995-12-04,613.6799926757812,0.010977798306364583,10.65999984741211,,,
1995-12-05,617.6799926757812,0.006496904426808392,11.649999618530273,,,
1995-12-06,620.1799926757812,0.004039234531576064,12.699999809265137,,,
1995-12-07,616.1699829101562,-0.006486874924441999,12.739999771118164,,,
1995-12-08,617.47998046875,0.002123775932992622,11.119999885559082,,,
1995-12-11,619.52001953125,0.0032983684915199873,11.0600004196167,,,
1995-12-12,618.780029296875,-0.0011951712723599073,10.630000114440918,,,
1995-12-13,621.6900024414062,0.004691735242333017,10.359999656677246,,,
1995-12-14,616.9199829101562,-0.007702251991020148,11.069999694824219,,,
1995-12-15,616.3400268554688,-0.0009405252628758021,11.4399995803833,,,
1995-12-18,606.8099975585938,-0.0155830796808889,14.550000190734863,,,
1995-12-19,611.9299926757812,0.008402161706756672,13.15999984741211,,,
1995-12-20,605.9400024414062,-0.009836909620882572,12.199999809265137,,,
1995-12-21,610.489990234375,0.007480922108210386,10.770000457763672,,,
1995-12-22,611.9500122070312,0.002388702372253526,11.510000228881836,,,
1995-12-26,614.2999877929688,0.003832788522325714,11.489999771118164,,,
1995-12-27,614.530029296875,0.0003744073686258176,11.979999542236328,,,
1995-12-28,614.1199951171875,-0.0006674548272691538,12.25,,,
1995-12-29,615.9299926757812,0.002942967981677036,12.520000457763672,,,
1996-01-02,620.72998046875,0.007762864492984356,12.1899995803833,,,
1996-01-03,621.3200073242188,0.0009500855934145847,12.100000381469727,,,
1996-01-04,617.7000122070312,-0.00584333644394075,13.779999732971191,,,
1996-01-05,616.7100219726562,-0.001603989629402669,13.579999923706055,,,
1996-01-08,618.4600219726562,0.0028336198396852197,13.109999656677246,,,
1996-01-09,609.4500122070312,-0.014675621542775907,15.210000038146973,,,
1996-01-10,598.47998046875,-0.018163856202040307,16.399999618530273,,,
1996-01-11,602.6900024414062,0.007009897470153348,14.6899995803833,,,
1996-01-12,601.8099975585938,-0.001461195582211694,14.229999542236328,,,
1996-01-15,599.8200073242188,-0.0033121543994933944,14.989999771118164,,,
1996-01-16,608.4400024414062,0.01426868603827014,14.09000015258789,,,
1996-01-17,606.3699951171875,-0.003407955699786136,14.25,,,
1996-01-18,608.239990234375,0.0030791721083129886,13.579999923706055,,,
1996-01-19,611.8300170898438,0.005884969214859481,12.699999809265137,,,
1996-01-22,613.4000244140625,0.002562797401865602,13.34000015258789,,,
1996-01-23,612.7899780273438,-0.0009950275827357302,13.5600004196167,,,
1996-01-24,619.9600219726562,0.011632731372278826,12.539999961853027,,,
1996-01-25,617.030029296875,-0.00473730270078665,12.9399995803833,,,
1996-01-26,621.6199951171875,0.007411273142910346,12.0,,,
1996-01-29,624.219970703125,0.004173857689270477,12.1899995803833,,,
1996-01-30,630.1500244140625,0.009455101624457285,12.420000076293945,,,
1996-01-31,636.02001953125,0.00927211506836123,12.529999732971191,,,
1996-02-01,638.4600219726562,0.003829021001664046,12.649999618530273,,,
1996-02-02,635.8400268554688,-0.004112059497124676,13.229999542236328,,,
1996-02-05,641.4299926757812,0.008753045831763728,13.460000038146973,,,
1996-02-06,646.3300170898438,0.0076101882736061555,14.59000015258789,,,
1996-02-07,649.9299926757812,0.005554417808489198,14.109999656677246,,,
1996-02-08,656.0700073242188,0.0094028482186026,13.890000343322754,,,
1996-02-09,656.3699951171875,0.00045714516112749237,14.630000114440918,,,
1996-02-12,661.4500122070312,0.007709766470100909,14.6899995803833,,,
1996-02-13,660.510009765625,-0.0014221346851783778,14.9399995803833,,,
1996-02-14,655.5800170898438,-0.007491912611887308,15.59000015258789,,,
1996-02-15,651.3200073242188,-0.006519281925069009,16.1299991607666,,,
1996-02-16,647.97998046875,-0.005141282604525621,15.369999885559082,,,
1996-02-20,640.6500244140625,-0.011376477472832214,16.799999237060547,,,
1996-02-21,648.0999755859375,0.011561643699606883,14.470000267028809,,,
1996-02-22,658.8599853515625,0.016466078841211207,14.5600004196167,,,
1996-02-23,659.0800170898438,0.00033390251440579277,14.779999732971191,,,
1996-02-26,650.4600219726562,-0.013165110437642014,16.3799991607666,,,
1996-02-27,647.239990234375,-0.004962685237932973,16.6299991607666,,,
1996-02-28,644.75,-0.0038545086820480634,16.719999313354492,,,
1996-02-29,640.4299926757812,-0.006722830451105111,17.040000915527344,,,
1996-03-01,644.3699951171875,0.006133273396279115,16.719999313354492,,,
1996-03-04,650.8099975585938,0.009944649472616973,16.670000076293945,,,
1996-03-05,655.7899780273438,0.007622845058024907,16.100000381469727,,,
1996-03-06,652.0,-0.0057960203106173225,16.559999465942383,,,
1996-03-07,653.6500244140625,0.0025275154315744786,16.489999771118164,,,
1996-03-08,633.5,-0.03131207759703347,20.700000762939453,,,
1996-03-11,640.02001953125,0.010239456620876553,19.399999618530273,,,
1996-03-12,637.0900268554688,-0.004588481352536533,19.09000015258789,,,
1996-03-13,638.5499877929688,0.002288986795939252,18.1299991607666,,,
1996-03-14,640.8699951171875,0.003626658795488069,16.93000030517578,,,
1996-03-15,641.4299926757812,0.0008734268104584331,16.540000915527344,,,
1996-03-18,652.6500244140625,0.01734098781096627,17.309999465942383,,,
1996-03-19,651.6900024414062,-0.001472042759168346,18.350000381469727,,,
1996-03-20,649.97998046875,-0.002627429346688359,18.65999984741211,,,
1996-03-21,649.1900024414062,-0.0012161274276625278,17.739999771118164,,,
1996-03-22,650.6199951171875,0.002200311207628758,17.049999237060547,,,
1996-03-25,650.0399780273438,-0.0008918812606948379,17.84000015258789,,,
1996-03-26,652.969970703125,0.004497275891120367,17.799999237060547,,,
1996-03-27,648.9099731445312,-0.006237150729026197,17.889999389648438,,,
1996-03-28,648.9400024414062,4.6275451623500885e-05,18.15999984741211,,,
1996-03-29,645.5,-0.005315055982821448,18.8799991607666,,,
1996-04-01,653.72998046875,0.012669182013611113,17.899999618530273,,,
1996-04-02,655.260009765625,0.002337726040819277,16.450000762939453,,,
1996-04-03,655.8800048828125,0.0009457344852137339,16.329999923706055,,,
1996-04-04,655.8599853515625,-3.052362724442759e-05,16.18000030517578,,,
1996-04-08,644.239990234375,-0.01787601687017215,18.719999313354492,,,
1996-04-09,642.1900024414062,-0.0031870984661210855,17.31999969482422,,,
1996-04-10,633.5,-0.013624214101609411,20.219999313354492,,,
1996-04-11,631.1799926757812,-0.003668928013614625,19.649999618530273,,,
1996-04-12,636.7100219726562,0.00872325564571863,17.3799991607666,,,
1996-04-15,642.489990234375,0.009036909852965458,16.829999923706055,,,
1996-04-16,645.0,0.003899079549508855,16.450000762939453,,,
1996-04-17,641.6099853515625,-0.00526969716076664,17.06999969482422,,,
1996-04-18,643.6099853515625,0.003112310203705171,16.40999984741211,,,
1996-04-19,645.0700073242188,0.0022659195543468513,15.119999885559082,,,
1996-04-22,647.8900146484375,0.004362102072562379,15.380000114440918,,,
1996-04-23,651.5800170898438,0.005679257342419142,15.010000228881836,,,
1996-04-24,650.1699829101562,-0.0021663679372325717,14.90999984741211,,,
1996-04-25,652.8699951171875,0.004144179943483373,14.720000267028809,,,
1996-04-26,653.4600219726562,0.0009033351264573497,14.75,,,
1996-04-29,654.1599731445312,0.001070572859608987,15.449999809265137,,,
1996-04-30,654.1699829101562,1.5301592047656243e-05,15.829999923706055,,,
1996-05-01,654.5800170898438,0.0006266043065572546,16.06999969482422,,,
1996-05-02,643.3800048828125,-0.01725829764953879,18.6200008392334,,,
1996-05-03,641.6300048828125,-0.0027237158754926938,16.700000762939453,,,
1996-05-06,640.8099975585938,-0.001278823858286593,16.920000076293945,,,
1996-05-07,638.260009765625,-0.003987258174647401,16.8700008392334,,,
1996-05-08,644.77001953125,0.010147955206270431,15.779999732971191,,,
1996-05-09,645.4400024414062,0.0010385642011261353,16.989999771118164,,,
1996-05-10,652.0900268554688,0.010250371845556216,15.609999656677246,,,
1996-05-13,661.510009765625,0.014342484967398761,15.15999984741211,,,
1996-05-14,665.5999755859375,0.006163737465869623,14.899999618530273,,,
1996-05-15,665.4199829101562,-0.00027045826883309587,15.59000015258789,,,
1996-05-16,664.8499755859375,-0.0008569799768283204,15.710000038146973,,,
1996-05-17,668.9099731445312,0.0060880672007277425,15.130000114440918,,,
1996-05-20,673.1500244140625,0.006318741911343295,15.800000190734863,,,
1996-05-21,672.760009765625,-0.0005795553186311864,16.0,,,
1996-05-22,678.4199829101562,0.008377871609558163,15.5,,,
1996-05-23,676.0,-0.0035734639415894165,16.170000076293945,,,
1996-05-24,678.510009765625,0.0037061559096160934,15.539999961853027,,,
1996-05-28,672.22998046875,-0.009298717137330215,16.920000076293945,,,
1996-05-29,667.9299926757812,-0.006417148154214125,17.149999618530273,,,
1996-05-30,671.7000122070312,0.005628463785121163,16.020000457763672,,,
1996-05-31,669.1199951171875,-0.003848421503253263,16.06999969482422,,,
1996-06-03,667.6799926757812,-0.0021544030693156913,16.860000610351562,,,
1996-06-04,672.5599975585938,0.007282317323433318,16.18000030517578,,,
1996-06-05,678.4400024414062,0.00870472540517575,16.040000915527344,,,
1996-06-06,673.030029296875,-0.00800609989812262,16.84000015258789,,,
1996-06-07,673.3099975585938,0.0004158953312973779,16.100000381469727,,,
1996-06-10,672.1599731445312,-0.0017094765682834634,16.780000686645508,,,
1996-06-11,670.969970703125,-0.001771984547338512,16.68000030517578,,,
1996-06-12,669.0399780273438,-0.0028805666885469705,17.0,,,
1996-06-13,667.9199829101562,-0.001675435932121161,17.1200008392334,,,
1996-06-14,665.8499755859375,-0.003103997016938642,18.639999389648438,,,
1996-06-17,665.1599731445312,-0.0010368104368803088,17.459999084472656,,,
1996-06-18,662.0599975585938,-0.004671390261810515,17.450000762939453,,,
1996-06-19,661.9600219726562,-0.00015101823938135084,17.540000915527344,,,
1996-06-20,662.0999755859375,0.00021140071305048025,16.969999313354492,,,
1996-06-21,666.8400268554688,0.00713361229543974,15.800000190734863,,,
1996-06-24,668.8499755859375,0.003009605887482003,15.90999984741211,,,
1996-06-25,668.47998046875,-0.0005533340892460714,15.430000305175781,,,
1996-06-26,664.3900146484375,-0.006137100650969174,15.229999542236328,,,
1996-06-27,668.5499877929688,0.00624182130188089,14.1899995803833,,,
1996-06-28,670.6300048828125,0.003106406567987108,13.680000305175781,,,
1996-07-01,675.8800048828125,0.007797976347130309,13.779999732971191,,,
1996-07-02,673.6099853515625,-0.0033642660393740087,14.1899995803833,,,
1996-07-03,672.4000244140625,-0.0017978488341547916,14.210000038146973,,,
1996-07-05,657.4400024414062,-0.02249992899469344,16.09000015258789,,,
1996-07-08,652.5399780273438,-0.007481102521201599,16.420000076293945,,,
1996-07-09,654.75,0.003381077060418569,15.489999771118164,,,
1996-07-10,656.0599975585938,0.001998761067063093,15.510000228881836,,,
1996-07-11,645.6699829101562,-0.015963733575099504,17.809999465942383,,,
1996-07-12,646.1900024414062,0.0008050710839153652,17.09000015258789,,,
1996-07-15,629.7999877929688,-0.02569129267916903,20.110000610351562,,,
1996-07-16,628.3699951171875,-0.002273132106076936,20.100000381469727,,,
1996-07-17,634.0700073242188,0.009030212809783222,19.219999313354492,,,
1996-07-18,643.5599975585938,0.014855889001001543,17.93000030517578,,,
1996-07-19,638.72998046875,-0.007533459694385236,17.260000228881836,,,
1996-07-22,633.77001953125,-0.007795655884438091,20.40999984741211,,,
1996-07-23,626.8699951171875,-0.010946968587004058,21.549999237060547,,,
1996-07-24,626.6500244140625,-0.00035096480623408866,21.440000534057617,,,
1996-07-25,631.1699829101562,0.0071870027914098245,19.389999389648438,,,
1996-07-26,635.9000244140625,0.007466143857701724,17.450000762939453,,,
1996-07-29,630.9099731445312,-0.007878177608901638,20.09000015258789,,,
1996-07-30,635.260009765625,0.0068712002255510995,20.530000686645508,,,
1996-07-31,639.9500122070312,0.007355688093838353,19.459999084472656,,,
1996-08-01,650.02001953125,0.01561309431746416,18.760000228881836,,,
1996-08-02,662.489990234375,0.01900228697180406,16.190000534057617,,,
1996-08-05,660.22998046875,-0.003417219086324863,17.360000610351562,,,
1996-08-06,662.3800048828125,0.003251187170407732,16.93000030517578,,,
1996-08-07,664.1599731445312,0.00268362711936021,16.239999771118164,,,
1996-08-08,662.5900268554688,-0.002366605648104425,16.040000915527344,,,
1996-08-09,662.0999755859375,-0.0007398731642620504,15.770000457763672,,,
1996-08-12,665.77001953125,0.005527729828817662,15.569999694824219,,,
1996-08-13,660.2000122070312,-0.00840145697694794,16.40999984741211,,,
1996-08-14,662.0499877929688,0.0027982254385428007,15.960000038146973,,,
1996-08-15,662.280029296875,0.0003474081282632824,15.460000038146973,,,
1996-08-16,665.2100219726562,0.004414341833896884,14.8100004196167,,,
1996-08-19,666.5800170898438,0.0020573747516445806,15.270000457763672,,,
1996-08-20,665.6900024414062,-0.0013360876816097544,14.729999542236328,,,
1996-08-21,665.0700073242188,-0.0009317910930546347,14.520000457763672,,,
1996-08-22,670.6799926757812,0.008399802862346206,13.710000038146973,,,
1996-08-23,667.030029296875,-0.005457045812236494,14.180000305175781,,,
1996-08-26,663.8800048828125,-0.00473364872930393,15.380000114440918,,,
1996-08-27,666.4000244140625,0.0037887098808999653,15.109999656677246,,,
1996-08-28,664.8099975585938,-0.002388845614680335,15.100000381469727,,,
1996-08-29,657.4000244140625,-0.011208583506279624,16.219999313354492,,,
1996-08-30,651.989990234375,-0.008263488959881826,17.010000228881836,,,
1996-09-03,654.719970703125,0.004178409168485331,18.469999313354492,,,
1996-09-04,655.6099853515625,0.0013584590372754946,18.639999389648438,,,
1996-09-05,649.4400024414062,-0.009455620763463735,20.510000228881836,,,
1996-09-06,655.6799926757812,0.009562397030283165,17.100000381469727,,,
1996-09-09,663.760009765625,0.012247799188495279,16.360000610351562,,,
1996-09-10,663.8099975585938,7.530720446613515e-05,16.25,,,
1996-09-11,667.280029296875,0.0052138315651948375,16.059999465942383,,,
1996-09-12,671.1500244140625,0.005782903471831524,15.970000267028809,,,
1996-09-13,680.5399780273438,0.013893873075425667,15.199999809265137,,,
1996-09-16,683.97998046875,0.00504208048815169,15.430000305175781,,,
1996-09-17,682.9400024414062,-0.0015216373174844477,15.739999771118164,,,
1996-09-18,681.469970703125,-0.0021548249221696736,15.859999656677246,,,
1996-09-19,683.0,0.0022426729367603926,16.030000686645508,,,
1996-09-20,687.030029296875,0.005883142463193103,15.649999618530273,,,
1996-09-23,686.47998046875,-0.0008009389864200855,16.459999084472656,,,
1996-09-24,685.6099853515625,-0.0012681314716243008,16.450000762939453,,,
1996-09-25,685.8300170898438,0.00032087694653437637,16.219999313354492,,,
1996-09-26,685.8599853515625,4.3695385502751094e-05,16.110000610351562,,,
1996-09-27,686.1900024414062,0.0004810569573177048,16.100000381469727,,,
1996-09-30,687.3300170898438,0.0016599902353204854,16.950000762939453,,,
1996-10-01,689.0800170898438,0.002542848278511478,17.049999237060547,,,
1996-10-02,694.010009765625,0.007128984317072096,16.780000686645508,,,
1996-10-03,692.780029296875,-0.0017738529360915578,16.770000457763672,,,
1996-10-04,701.4600219726562,0.012451377810851483,14.800000190734863,,,
1996-10-07,703.3400268554688,0.002676546041876726,15.109999656677246,,,
1996-10-08,700.6400146484375,-0.003846230652522209,15.579999923706055,,,
1996-10-09,696.739990234375,-0.005581924067616484,16.09000015258789,,,
1996-10-10,694.6099853515625,-0.0030617839999544927,16.260000228881836,,,
1996-10-11,700.6599731445312,0.008672193754103219,15.069999694824219,,,
1996-10-14,703.5399780273438,0.004101992623966488,15.130000114440918,,,
1996-10-15,702.5700073242188,-0.0013796514740471721,15.829999923706055,,,
1996-10-16,704.4099731445312,0.0026154840790217904,15.600000381469727,,,
1996-10-17,706.989990234375,0.0036559728362250965,15.40999984741211,,,
1996-10-18,710.8200073242188,0.0054027357866131,15.079999923706055,,,
1996-10-21,709.8499755859375,-0.0013655977823106014,15.979999542236328,,,
1996-10-22,706.5700073242188,-0.0046313581622570155,16.399999618530273,,,
1996-10-23,707.27001953125,0.0009902283864287043,16.450000762939453,,,
1996-10-24,702.2899780273438,-0.0070661230932724806,16.889999389648438,,,
1996-10-25,700.9199829101562,-0.0019526593890120125,17.290000915527344,,,
1996-10-28,697.260009765625,-0.005235350989647891,18.34000015258789,,,
1996-10-29,701.5,0.006062517073963214,18.280000686645508,,,
1996-10-30,700.9000244140625,-0.0008556412037892258,18.479999542236328,,,
1996-10-31,705.27001953125,0.006215477572608208,18.110000610351562,,,
1996-11-01,703.77001953125,-0.0021291099259839186,17.889999389648438,,,
1996-11-04,706.72998046875,0.004197044002153483,18.040000915527344,,,
1996-11-05,714.1400146484375,0.010430372074586636,17.649999618530273,,,
1996-11-06,724.5900268554688,0.014526972649003156,16.969999313354492,,,
1996-11-07,727.6500244140625,0.004214182200171557,17.209999084472656,,,
1996-11-08,730.8200073242188,0.004347004508774788,15.779999732971191,,,
1996-11-11,731.8699951171875,0.0014356944691913398,14.039999961853027,,,
1996-11-12,729.5599975585938,-0.0031612865398438217,15.359999656677246,,,
1996-11-13,731.1300048828125,0.002149679844722918,14.890000343322754,,,
1996-11-14,735.8800048828125,0.0064757793988095,13.789999961853027,,,
1996-11-15,737.6199951171875,0.002361711629635721,14.359999656677246,,,
1996-11-18,737.02001953125,-0.0008137248590616153,15.119999885559082,,,
1996-11-19,742.1599731445312,0.006949761795969955,15.229999542236328,,,
1996-11-20,743.9500122070312,0.0024090275226447133,15.9399995803833,,,
1996-11-21,742.75,-0.0016143303393922892,15.770000457763672,,,
1996-11-22,748.72998046875,0.008018897459044716,14.920000076293945,,,
1996-11-25,757.030029296875,0.01102450966907842,15.90999984741211,,,
1996-11-26,755.9600219726562,-0.0014144276781058451,16.969999313354492,,,
1996-11-27,755.0,-0.0012707445437092346,16.959999084472656,,,
1996-11-29,757.02001953125,0.0026719497188567587,17.139999389648438,,,
1996-12-02,756.5599975585938,-0.0006078594876077759,17.93000030517578,,,
1996-12-03,748.280029296875,-0.011004560847281297,18.68000030517578,,,
1996-12-04,745.0999755859375,-0.004258873839466659,17.93000030517578,,,
1996-12-05,744.3800048828125,-0.0009667411024505412,18.139999389648438,,,
1996-12-06,739.5999755859375,-0.00644219718792538,18.81999969482422,,,
1996-12-09,749.760009765625,0.013643701841282052,17.75,,,
1996-12-10,747.5399780273438,-0.0029653821988908646,17.8799991607666,,,
1996-12-11,740.72998046875,-0.009151626086437936,19.68000030517578,,,
1996-12-12,729.2999877929688,-0.015551006806926893,20.450000762939453,,,
1996-12-13,728.6400146484375,-0.0009053502729949869,21.09000015258789,,,
1996-12-16,720.97998046875,-0.010568432419876927,21.989999771118164,,,
1996-12-17,726.0399780273438,0.006993708902772511,20.770000457763672,,,
1996-12-18,731.5399780273438,0.007546791626866778,19.420000076293945,,,
1996-12-19,745.760009765625,0.019251974630350333,18.770000457763672,,,
1996-12-20,748.8699951171875,0.00416155146057573,18.850000381469727,,,
1996-12-23,746.9199829101562,-0.002607335709411629,19.5,,,
1996-12-24,751.030029296875,0.005487575242437259,18.68000030517578,,,
1996-12-26,755.8200073242188,0.006357625569798131,18.59000015258789,,,
1996-12-27,756.7899780273438,0.0012825128029998467,19.1299991607666,,,
1996-12-30,753.8499755859375,-0.0038923982466023688,19.510000228881836,,,
1996-12-31,740.739990234375,-0.01754370349139922,20.920000076293945,,,
1997-01-02,737.010009765625,-0.0050481994790461115,21.139999389648438,,,
1997-01-03,748.030029296875,0.014841649418814384,19.1299991607666,,,
1997-01-06,747.6500244140625,-0.0005081366032078094,19.889999389648438,,,
1997-01-07,753.22998046875,0.007435613433972144,19.350000381469727,,,
1997-01-08,748.4099731445312,-0.006419679852334603,20.239999771118164,,,
1997-01-09,754.8499755859375,0.008568101404922146,20.90999984741211,,,
1997-01-10,759.5,0.006141300365015923,19.6299991607666,,,
1997-01-13,759.510009765625,1.31793280635506e-05,19.84000015258789,,,
1997-01-14,768.8599853515625,0.012235377899262545,19.270000457763672,,,
1997-01-15,767.2000122070312,-0.00216133978277977,19.399999618530273,,,
1997-01-16,769.75,0.0033182473242359123,19.610000610351562,,,
1997-01-17,776.1699829101562,0.008305759532583501,18.6299991607666,,,
1997-01-20,776.7000122070312,0.0006826448049412903,18.600000381469727,,,
1997-01-21,782.719970703125,0.00772080448704493,17.809999465942383,,,
1997-01-22,786.22998046875,0.004474350018382367,17.09000015258789,,,
1997-01-23,777.5599975585938,-0.011088537293479916,18.469999313354492,,,
1997-01-24,770.52001953125,-0.009095171411983571,19.329999923706055,,,
1997-01-27,765.02001953125,-0.007163634136078123,20.15999984741211,,,
1997-01-28,765.02001953125,0.0,20.739999771118164,,,
1997-01-29,772.5,0.009730005965880473,20.229999542236328,,,
1997-01-30,784.1699829101562,0.014993803013969575,19.469999313354492,,,
1997-01-31,786.1599731445312,0.002534488107991173,19.469999313354492,,,
1997-02-03,786.72998046875,0.0007247898657656293,19.579999923706055,,,
1997-02-04,789.260009765625,0.0032107202279201275,19.43000030517578,,,
1997-02-05,778.280029296875,-0.014009415741268683,21.059999465942383,,,
1997-02-06,780.1500244140625,0.0023998459349741097,20.15999984741211,,,
1997-02-07,789.5599975585938,0.011989585001423997,18.899999618530273,,,
1997-02-10,785.4299926757812,-0.005244495996344689,20.649999618530273,,,
1997-02-11,789.5900268554688,0.005282528224333838,19.969999313354492,,,
1997-02-12,802.77001953125,0.016554413935318202,19.479999542236328,,,
1997-02-13,811.8200073242188,0.011210378387312758,19.229999542236328,,,
1997-02-14,808.47998046875,-0.004122732347687119,19.18000030517578,,,
1997-02-18,816.2899780273438,0.009613739680816913,19.700000762939453,,,
1997-02-19,812.489990234375,-0.004666062649961056,20.610000610351562,,,
1997-02-20,802.7999877929688,-0.011997992699852134,21.40999984741211,,,
1997-02-21,801.77001953125,-0.0012837936624485735,20.549999237060547,,,
1997-02-24,810.280029296875,0.010558095047922933,19.84000015258789,,,
1997-02-25,812.030029296875,0.002157418268479816,19.979999542236328,,,
1997-02-26,805.6799926757812,-0.007850689121408294,20.739999771118164,,,
1997-02-27,795.0700073242188,-0.013256461944521014,21.079999923706055,,,
1997-02-28,790.8200073242188,-0.005359779221720373,21.100000381469727,,,
1997-03-03,795.3099975585938,0.005661581602861787,20.889999389648438,,,
1997-03-04,790.9500122070312,-0.00549720260781239,20.6200008392334,,,
1997-03-05,801.989990234375,0.01386135670613875,19.489999771118164,,,
1997-03-06,798.5599975585938,-0.004286024120068177,20.479999542236328,,,
1997-03-07,804.969970703125,0.007994870584354885,19.31999969482422,,,
1997-03-10,813.6500244140625,0.010725354863837744,19.0,,,
1997-03-11,811.3400268554688,-0.002843093239616401,19.25,,,
1997-03-12,804.260009765625,-0.008764622743737682,19.610000610351562,,,
1997-03-13,789.5599975585938,-0.018446786946199722,19.790000915527344,,,
1997-03-14,793.1699829101562,0.004561727718855657,19.809999465942383,,,
1997-03-17,795.7100219726562,0.003197272567469156,20.950000762939453,,,
1997-03-18,789.6599731445312,-0.007632386403615854,21.260000228881836,,,
1997-03-19,785.77001953125,-0.004938285466966619,21.739999771118164,,,
1997-03-20,782.6500244140625,-0.0039785250700878905,21.219999313354492,,,
1997-03-21,784.0999755859375,0.001850903572130136,19.690000534057617,,,
1997-03-24,790.8900146484375,0.00862238004294369,20.059999465942383,,,
1997-03-25,789.0700073242188,-0.0023038660522125554,19.260000228881836,,,
1997-03-26,790.5,0.0018106105583344245,18.31999969482422,,,
1997-03-27,773.8800048828125,-0.02124882752971935,20.5,,,
1997-03-31,757.1199951171875,-0.021895074219032473,22.139999389648438,,,
1997-04-01,759.6400146484375,0.0033229012286630777,20.84000015258789,,,
1997-04-02,750.1099853515625,-0.012624813215305508,21.299999237060547,,,
1997-04-03,750.3200073242188,0.0002799490480107636,21.190000534057617,,,
1997-04-04,757.9000244140625,0.010051691068614588,19.229999542236328,,,
1997-04-07,762.1300048828125,0.005565668186074291,18.510000228881836,,,
1997-04-08,766.1199951171875,0.00522165784419748,18.440000534057617,,,
1997-04-09,760.5999755859375,-0.007231245665296981,18.559999465942383,,,
1997-04-10,758.3400268554688,-0.0029756940951504163,19.010000228881836,,,
1997-04-11,737.6500244140625,-0.02766237883992506,19.760000228881836,,,
1997-04-14,743.72998046875,0.008208549020105593,19.09000015258789,,,
1997-04-15,754.719970703125,0.014668741236983251,18.25,,,
1997-04-16,763.530029296875,0.011605674270145805,17.639999389648438,,,
1997-04-17,761.77001953125,-0.0023077564943241313,18.709999084472656,,,
1997-04-18,766.3400268554688,0.005981272042004271,18.75,,,
1997-04-21,760.3699951171875,-0.007820820040728371,20.100000381469727,,,
1997-04-22,774.6099853515625,0.018554507480724958,19.520000457763672,,,
1997-04-23,773.6400146484375,-0.0012529899306032988,20.479999542236328,,,
1997-04-24,771.1799926757812,-0.003184868192287915,20.829999923706055,,,
1997-04-25,765.3699951171875,-0.007562429200959286,21.149999618530273,,,
1997-04-28,772.9600219726562,0.009867958581018854,21.34000015258789,,,
1997-04-29,794.0499877929688,0.026919086950791815,19.809999465942383,,,
1997-04-30,801.3400268554688,0.009138943749607442,20.059999465942383,,,
1997-05-01,798.530029296875,-0.0035127858507291165,19.8700008392334,,,
1997-05-02,812.969970703125,0.01792159837871754,17.510000228881836,,,
1997-05-05,830.2899780273438,0.021080838430922455,20.1299991607666,,,
1997-05-06,827.760009765625,-0.0030517417976998473,20.850000381469727,,,
1997-05-07,815.6199951171875,-0.014774714856905291,21.34000015258789,,,
1997-05-08,820.260009765625,0.005672820840037396,21.260000228881836,,,
1997-05-09,824.780029296875,0.005495344549491854,20.110000610351562,,,
1997-05-12,837.6599731445312,0.015495538541533627,20.25,,,
1997-05-13,833.1300048828125,-0.005422559892361178,20.809999465942383,,,
1997-05-14,836.0399780273438,0.0034867342720596994,21.09000015258789,,,
1997-05-15,841.8800048828125,0.006961059522659241,19.90999984741211,,,
1997-05-16,829.75,-0.014513041470778809,21.56999969482422,,,
1997-05-19,833.27001953125,0.004233292139232958,21.479999542236328,,,
1997-05-20,841.6599731445312,0.010018357570843683,19.260000228881836,,,
1997-05-21,839.3499755859375,-0.0027483466286062352,19.280000686645508,,,
1997-05-22,835.6599731445312,-0.0044059540225740434,18.770000457763672,,,
1997-05-23,847.030029296875,0.013514348079924687,18.079999923706055,,,
1997-05-27,849.7100219726562,0.0031589929199418165,19.360000610351562,,,
1997-05-28,847.2100219726562,-0.0029465169177091965,19.280000686645508,,,
1997-05-29,844.0800170898438,-0.0037013266605905315,19.020000457763672,,,
1997-05-30,848.280029296875,0.004963507427112823,19.190000534057617,,,
1997-06-02,846.3599853515625,-0.002266020807144997,20.850000381469727,,,
1997-06-03,845.47998046875,-0.00104029338466205,20.010000228881836,,,
1997-06-04,840.1099853515625,-0.0063716721073889815,20.100000381469727,,,
1997-06-05,843.4299926757812,0.00394408409818503,20.360000610351562,,,
1997-06-06,858.010009765625,0.01713886350676397,18.940000534057617,,,
1997-06-09,862.9099731445312,0.0056946013400871465,19.459999084472656,,,
1997-06-10,865.27001953125,0.002731252373978421,19.040000915527344,,,
1997-06-11,869.5700073242188,0.004957225487180139,18.850000381469727,,,
1997-06-12,883.4600219726562,0.015847196114797235,18.510000228881836,,,
1997-06-13,893.27001953125,0.01104286753663164,19.270000457763672,,,
1997-06-16,893.9000244140625,0.000705030739569068,19.770000457763672,,,
1997-06-17,894.4199829101562,0.0005815049975570474,20.170000076293945,,,
1997-06-18,889.0599975585938,-0.006010722349261144,20.450000762939453,,,
1997-06-19,897.989990234375,0.009994199453799979,20.100000381469727,,,
1997-06-20,898.7000122070312,0.0007903667395634528,20.200000762939453,,,
1997-06-23,878.6199951171875,-0.022596799034720227,21.190000534057617,,,
1997-06-24,896.3400268554688,0.01996734603093664,20.739999771118164,,,
1997-06-25,888.989990234375,-0.0082338593718978,21.5,,,
1997-06-26,883.6799926757812,-0.005990978007072378,21.81999969482422,,,
1997-06-27,887.2999877929688,0.00408813221922788,21.219999313354492,,,
1997-06-30,885.1400146484375,-0.002437288947225724,21.530000686645508,,,
1997-07-01,891.030029296875,0.006632288680877174,21.0,,,
1997-07-02,904.030029296875,0.014484448271776529,19.700000762939453,,,
1997-07-03,916.9199829101562,0.014157630719942915,17.81999969482422,,,
1997-07-07,912.2000122070312,-0.00516093114959304,19.1299991607666,,,
1997-07-08,918.75,0.007154772867478343,18.760000228881836,,,
1997-07-09,907.5399780273438,-0.01227643243564902,20.399999618530273,,,
1997-07-10,913.780029296875,0.006852256232178,19.920000076293945,,,
1997-07-11,916.6799926757812,0.0031685650277530897,19.059999465942383,,,
1997-07-14,918.3800048828125,0.001852814290134397,19.579999923706055,,,
1997-07-15,925.760009765625,0.008003778695073294,19.0,,,
1997-07-16,936.5900268554688,0.011630616113065706,19.360000610351562,,,
1997-07-17,931.6099853515625,-0.005331392000118562,20.540000915527344,,,
1997-07-18,915.2999877929688,-0.017662389395394662,22.280000686645508,,,
1997-07-21,912.9400024414062,-0.0025817033594943695,23.510000228881836,,,
1997-07-22,933.97998046875,0.022784840116899296,21.770000457763672,,,
1997-07-23,936.5599975585938,0.002758581753143474,21.299999237060547,,,
1997-07-24,940.2999877929688,0.003985374736333647,20.959999084472656,,,
1997-07-25,938.7899780273438,-0.0016071716821661752,20.81999969482422,,,
1997-07-28,936.4500122070312,-0.002495645407508462,21.84000015258789,,,
1997-07-29,942.2899780273438,0.006216916295215036,22.020000457763672,,,
1997-07-30,952.2899780273438,0.010556527672285654,21.389999389648438,,,
1997-07-31,954.3099975585938,0.0021189765162601404,21.479999542236328,,,
1997-08-01,947.1400146484375,-0.007541630700295343,22.290000915527344,,,
1997-08-04,950.2999877929688,0.0033307783770579746,21.940000534057617,,,
1997-08-05,952.3699951171875,0.0021758982477484423,20.639999389648438,,,
1997-08-06,960.3200073242188,0.008312960259286406,20.049999237060547,,,
1997-08-07,951.1900024414062,-0.009552735027023473,19.770000457763672,,,
1997-08-08,933.5399780273438,-0.01873004683382451,22.459999084472656,,,
1997-08-11,937.0,0.003699494220415822,22.770000457763672,,,
1997-08-12,926.530029296875,-0.011236825492783709,23.75,,,
1997-08-13,922.02001953125,-0.004879520267233595,24.520000457763672,,,
1997-08-14,924.77001953125,0.002978142587287458,23.110000610351562,,,
1997-08-15,900.8099975585938,-0.02625072320878008,24.450000762939453,,,
1997-08-18,912.489990234375,0.012882759933403598,24.3700008392334,,,
1997-08-19,926.010009765625,0.014707928479539945,22.639999389648438,,,
1997-08-20,939.3499755859375,0.01430307645307316,21.09000015258789,,,
1997-08-21,925.0499877929688,-0.015340343813394774,23.829999923706055,,,
1997-08-22,923.5399780273438,-0.0016336885186953864,24.739999771118164,,,
1997-08-25,920.1599731445312,-0.003666549611046399,24.100000381469727,,,
1997-08-26,913.02001953125,-0.007789731227795471,24.729999542236328,,,
1997-08-27,913.7000122070312,0.0007444958125768508,24.260000228881836,,,
1997-08-28,903.6699829101562,-0.01103807277665414,24.510000228881836,,,
1997-08-29,899.469970703125,-0.004658562186928172,24.760000228881836,,,
1997-09-02,927.5800170898438,0.030773394154381073,24.530000686645508,,,
1997-09-03,927.8599853515625,0.00030178099370026246,24.950000762939453,,,
1997-09-04,930.8699951171875,0.003238783931429623,25.270000457763672,,,
1997-09-05,929.0499877929688,-0.001957081941000638,24.309999465942383,,,
1997-09-08,931.2000122070312,0.0023115445465968776,24.399999618530273,,,
1997-09-09,933.6199951171875,0.00259540787754009,23.889999389648438,,,
1997-09-10,919.030029296875,-0.01575070008426671,24.639999389648438,,,
1997-09-11,912.5900268554688,-0.00703205772162363,25.989999771118164,,,
1997-09-12,923.9099731445312,0.012327895075400441,25.170000076293945,,,
1997-09-15,919.77001953125,-0.004490975210344139,25.739999771118164,,,
1997-09-16,945.6400146484375,0.027738302409293425,23.770000457763672,,,
1997-09-17,943.0,-0.0027956797986403714,24.100000381469727,,,
1997-09-18,947.2899780273438,0.004538970679076826,23.479999542236328,,,
1997-09-19,950.510009765625,0.003393439613233795,22.739999771118164,,,
1997-09-22,955.4299926757812,0.005162800331762085,22.079999923706055,,,
1997-09-23,951.9299926757812,-0.0036699982754226923,22.0,,,
1997-09-24,944.47998046875,-0.007857004169097515,22.639999389648438,,,
1997-09-25,937.9099731445312,-0.006980523870772082,22.959999084472656,,,
1997-09-26,945.219970703125,0.007763706694840167,22.260000228881836,,,
1997-09-29,953.3400268554688,0.008553962661126846,22.229999542236328,,,
1997-09-30,947.280029296875,-0.006376885348138295,22.90999984741211,,,
1997-10-01,955.4099731445312,0.008545788662355669,22.31999969482422,,,
1997-10-02,960.4600219726562,0.005271819629659724,22.270000457763672,,,
1997-10-03,965.030029296875,0.004746860055092839,21.540000915527344,,,
1997-10-06,972.6900024414062,0.00790621237325162,21.610000610351562,,,
1997-10-07,983.1199951171875,0.010665751339265839,20.290000915527344,,,
1997-10-08,973.8400268554688,-0.009484136331471937,20.770000457763672,,,
1997-10-09,970.6199951171875,-0.003312009139174954,22.309999465942383,,,
1997-10-10,966.97998046875,-0.003757245021099642,19.75,,,
1997-10-13,968.0999755859375,0.0011575699895463032,20.260000228881836,,,
1997-10-14,970.280029296875,0.002249357323775847,19.989999771118164,,,
1997-10-15,965.719970703125,-0.004710813044136231,20.049999237060547,,,
1997-10-16,955.25,-0.010900820460122418,20.530000686645508,,,
1997-10-17,944.1599731445312,-0.011677471461919886,21.690000534057617,,,
1997-10-20,955.6099853515625,0.012054249832476494,20.719999313354492,,,
1997-10-21,972.280029296875,0.01729399425563294,19.530000686645508,,,
1997-10-22,968.489990234375,-0.0039057114880298727,19.860000610351562,,,
1997-10-23,950.6900024414062,-0.018550108152736833,22.989999771118164,,,
1997-10-24,941.6400146484375,-0.00956498782874693,23.170000076293945,,,
1997-10-27,876.989990234375,-0.07112747282045273,31.1200008392334,,,
1997-10-28,921.8499755859375,0.04988691536939793,31.219999313354492,,,
1997-10-29,919.1599731445312,-0.0029223137632987672,33.75,,,
1997-10-30,903.6799926757812,-0.016984872949445062,38.20000076293945,,,
1997-10-31,914.6199951171875,0.012033365809406504,35.09000015258789,,,
1997-11-03,938.989990234375,0.026296145994861853,32.09000015258789,,,
1997-11-04,940.760009765625,0.0018832504901009628,32.2400016784668,,,
1997-11-05,942.760009765625,0.0021236840924796496,32.18000030517578,,,
1997-11-06,938.030029296875,-0.005029791037181042,32.56999969482422,,,
1997-11-07,927.510009765625,-0.011278376046065297,36.27000045776367,,,
1997-11-10,921.1300048828125,-0.006902404105233018,36.630001068115234,,,
1997-11-11,923.780029296875,0.0028727972502862187,36.380001068115234,,,
1997-11-12,905.9600219726562,-0.019478800557132914,37.84000015258789,,,
1997-11-13,916.6599731445312,0.011741420730290386,36.63999938964844,,,
1997-11-14,928.3499755859375,0.012672190613441714,33.65999984741211,,,
1997-11-17,946.2000122070312,0.019045185543016707,31.579999923706055,,,
1997-11-18,938.22998046875,-0.008458875407656663,31.549999237060547,,,
1997-11-19,944.5900268554688,0.0067558986546609745,29.93000030517578,,,
1997-11-20,958.97998046875,0.01511919989676258,27.31999969482422,,,
1997-11-21,963.0900268554688,0.004276694017896432,26.649999618530273,,,
1997-11-24,946.6699829101562,-0.017196347704707016,29.799999237060547,,,
1997-11-25,950.8200073242188,0.004374232330712324,28.950000762939453,,,
1997-11-26,951.6400146484375,0.0008620495206512757,28.950000762939453,,,
1997-11-28,955.4000244140625,0.003943299103142728,27.43000030517578,,,
1997-12-01,974.77001953125,0.02007143926092958,26.010000228881836,,,
1997-12-02,971.6799926757812,-0.003175041158971048,25.65999984741211,,,
1997-12-03,976.77001953125,0.005224705178314082,23.920000076293945,,,
1997-12-04,973.0999755859375,-0.0037644030509058624,23.84000015258789,,,
1997-12-05,983.7899780273438,0.01092561056827357,22.649999618530273,,,
1997-12-08,982.3699951171875,-0.0014444228103860368,23.219999313354492,,,
1997-12-09,975.780029296875,-0.006730833304406936,23.360000610351562,,,
1997-12-10,969.7899780273438,-0.006157650635921108,24.549999237060547,,,
1997-12-11,954.9400024414062,-0.015431016718054025,27.6299991607666,,,
1997-12-12,953.3900146484375,-0.0016244445352038284,27.920000076293945,,,
1997-12-15,963.3900146484375,0.010434260139550844,27.3700008392334,,,
1997-12-16,968.0399780273438,0.004815056595955269,26.110000610351562,,,
1997-12-17,965.5399780273438,-0.0025858784740169227,26.329999923706055,,,
1997-12-18,955.2999877929688,-0.010662093067034029,27.190000534057617,,,
1997-12-19,946.780029296875,-0.008958629922710237,29.18000030517578,,,
1997-12-22,953.7000122070312,0.007282384809487397,28.559999465942383,,,
1997-12-23,939.1300048828125,-0.015395249405191436,29.860000610351562,,,
1997-12-24,932.7000122070312,-0.006870301158669712,30.270000457763672,,,
1997-12-26,936.4600219726562,0.0040232133884430255,29.270000457763672,,,
1997-12-29,953.3499755859375,0.017875239692640932,26.790000915527344,,,
1997-12-30,970.8400268554688,0.018179631895408832,24.3799991607666,,,
1997-12-31,970.4299926757812,-0.00042243910600792134,24.010000228881836,,,
1998-01-02,975.0399780273438,0.004739208571065134,23.420000076293945,,,
1998-01-05,977.0700073242188,0.0020798316118284532,24.360000610351562,,,
1998-01-06,966.5800170898438,-0.0107942190785284,25.65999984741211,,,
1998-01-07,964.0,-0.0026727911849651065,25.06999969482422,,,
1998-01-08,956.0499877929688,-0.008281094439770875,26.010000228881836,,,
1998-01-09,927.6900024414062,-0.03011257228471287,28.690000534057617,,,
1998-01-12,939.2100219726562,0.012341491885369926,28.020000457763672,,,
1998-01-13,952.1199951171875,0.013651952368056719,25.170000076293945,,,
1998-01-14,957.9400024414062,0.0060940759384351395,23.75,,,
1998-01-15,950.72998046875,-0.00755505805843093,23.450000762939453,,,
1998-01-16,961.510009765625,0.01127488552782463,21.649999618530273,,,
1998-01-20,978.5999755859375,0.017617978359757203,21.649999618530273,,,
1998-01-21,970.8099975585938,-0.007992181839634682,22.530000686645508,,,
1998-01-22,963.0399780273438,-0.008035847083912806,23.15999984741211,,,
1998-01-23,957.5900268554688,-0.005675185523039694,23.31999969482422,,,
1998-01-26,956.9500122070312,-0.0006685832202206754,23.969999313354492,,,
1998-01-27,969.02001953125,0.01253411542805516,22.270000457763672,,,
1998-01-28,977.4600219726562,0.008672121117151654,22.059999465942383,,,
1998-01-29,985.489990234375,0.008181576712973815,21.649999618530273,,,
1998-01-30,980.280029296875,-0.0053006944704376835,21.469999313354492,,,
1998-02-02,1001.27001953125,0.02118621769274842,21.360000610351562,,,
1998-02-03,1006.0,0.004712857938926618,20.670000076293945,,,
1998-02-04,1006.9000244140625,0.0008942565086442755,20.549999237060547,,,
1998-02-05,1003.5399780273438,-0.003342601133200951,21.290000915527344,,,
1998-02-06,1012.4600219726562,0.008849307694583253,20.510000228881836,,,
1998-02-09,1010.739990234375,-0.0017003085629641035,21.549999237060547,,,
1998-02-10,1019.010009765625,0.008148851133957358,20.65999984741211,,,
1998-02-11,1020.010009765625,0.000980863425170675,20.3799991607666,,,
1998-02-12,1024.1400146484375,0.0040408095815802625,19.729999542236328,,,
1998-02-13,1020.0900268554688,-0.0039623653009579485,19.84000015258789,,,
1998-02-17,1022.760009765625,0.0026139798640150147,20.760000228881836,,,
1998-02-18,1032.0799560546875,0.009071275967001746,19.65999984741211,,,
1998-02-19,1028.280029296875,-0.0036886088773417924,19.8799991607666,,,
1998-02-20,1034.2099609375,0.005750280494436488,19.0,,,
1998-02-23,1038.1400146484375,0.003792852045866546,18.989999771118164,,,
1998-02-24,1030.56005859375,-0.0073282638456726445,19.350000381469727,,,
1998-02-25,1042.9000244140625,0.011902916882147174,18.6200008392334,,,
1998-02-26,1048.6700439453125,0.005517418953412623,18.6299991607666,,,
1998-02-27,1049.3399658203125,0.0006386260262338794,18.549999237060547,,,
1998-03-02,1047.699951171875,-0.0015641237627415094,19.190000534057617,,,
1998-03-03,1052.02001953125,0.004114905335403485,19.040000915527344,,,
1998-03-04,1047.3299560546875,-0.004468117592430154,19.579999923706055,,,
1998-03-05,1035.050048828125,-0.011794244610813465,20.93000030517578,,,
1998-03-06,1055.68994140625,0.01974474417398131,19.139999389648438,,,
1998-03-09,1052.31005859375,-0.00320672268386879,20.229999542236328,,,
1998-03-10,1064.25,0.011282522332134448,19.43000030517578,,,
1998-03-11,1068.469970703125,0.0039573654942186565,18.889999389648438,,,
1998-03-12,1069.9200439453125,0.0013562291766433532,18.25,,,
1998-03-13,1068.6099853515625,-0.0012251955686197746,18.709999084472656,,,
1998-03-16,1079.27001953125,0.009926179937639112,18.510000228881836,,,
1998-03-17,1080.449951171875,0.0010926710629410863,18.65999984741211,,,
1998-03-18,1085.52001953125,0.004681577019141514,18.290000915527344,,,
1998-03-19,1089.739990234375,0.0038799738681367657,17.760000228881836,,,
1998-03-20,1099.1600341796875,0.008607156101883007,18.690000534057617,,,
1998-03-23,1095.550048828125,-0.0032897179770490226,19.979999542236328,,,
1998-03-24,1105.6500244140625,0.009176854561395942,20.510000228881836,,,
1998-03-25,1101.9300537109375,-0.0033701828178092086,22.540000915527344,,,
1998-03-26,1100.800048828125,-0.0010260040307601415,22.809999465942383,,,
1998-03-27,1095.43994140625,-0.0048811770008274635,23.469999313354492,,,
1998-03-30,1093.5999755859375,-0.0016810714499460033,24.65999984741211,,,
1998-03-31,1101.75,0.007424840636846675,24.219999313354492,,,
1998-04-01,1108.1500244140625,0.005792155514956043,23.3700008392334,,,
1998-04-02,1120.010009765625,0.010645642302887559,21.979999542236328,,,
1998-04-03,1122.699951171875,0.0023988324330987965,21.81999969482422,,,
1998-04-06,1121.3800048828125,-0.0011763809375162637,22.469999313354492,,,
1998-04-07,1109.550048828125,-0.010605502326394678,23.65999984741211,,,
1998-04-08,1101.6500244140625,-0.007145493637570333,23.170000076293945,,,
1998-04-09,1110.6700439453125,0.008154398309531352,21.510000228881836,,,
1998-04-13,1109.68994140625,-0.0008828321616185519,22.770000457763672,,,
1998-04-14,1115.75,0.005446180289909286,21.610000610351562,,,
1998-04-15,1119.3199462890625,0.0031944855514280945,20.889999389648438,,,
1998-04-16,1108.1700439453125,-0.010011264264059072,22.059999465942383,,,
1998-04-17,1122.719970703125,0.01304424061267806,20.760000228881836,,,
1998-04-20,1123.6500244140625,0.0008280503800364158,20.389999389648438,,,
1998-04-21,1126.6700439453125,0.0026840815995958778,19.90999984741211,,,
1998-04-22,1130.5400390625,0.0034290108291710197,19.440000534057617,,,
1998-04-23,1119.5799560546875,-0.009741853510779386,20.600000381469727,,,
1998-04-24,1107.9000244140625,-0.010487222144482722,21.969999313354492,,,
1998-04-27,1086.5400390625,-0.019467982130385586,26.09000015258789,,,
1998-04-28,1085.1099853515625,-0.001317020607896069,24.170000076293945,,,
1998-04-29,1094.6199951171875,0.008725915772180848,22.780000686645508,,,
1998-04-30,1111.75,0.015528083793938663,21.18000030517578,,,
1998-05-01,1121.0,0.008285793681354292,19.34000015258789,,,
1998-05-04,1122.0699462890625,0.0009540017884690499,20.31999969482422,,,
1998-05-05,1115.5,-0.005872410988041921,21.459999084472656,,,
1998-05-06,1104.9200439453125,-0.00952976095926239,22.790000915527344,,,
1998-05-07,1095.1400146484375,-0.008890751578197964,23.389999389648438,,,
1998-05-08,1108.1400146484375,0.011800724999689649,20.56999969482422,,,
1998-05-11,1106.6400146484375,-0.001354536531398054,21.049999237060547,,,
1998-05-12,1115.7900390625,0.008234298397074014,20.979999542236328,,,
1998-05-13,1118.8599853515625,0.002747587485140812,20.440000534057617,,,
1998-05-14,1117.3699951171875,-0.0013325914310087228,19.639999389648438,,,
1998-05-15,1108.72998046875,-0.007762506740857766,20.440000534057617,,,
1998-05-18,1105.8199462890625,-0.0026281058913859567,21.690000534057617,,,
1998-05-19,1109.52001953125,0.003340414329032093,20.389999389648438,,,
1998-05-20,1119.06005859375,0.00856159258578959,19.889999389648438,,,
1998-05-21,1114.6400146484375,-0.003957603590010628,19.3799991607666,,,
1998-05-22,1110.469970703125,-0.0037481732181996463,18.989999771118164,,,
1998-05-26,1094.02001953125,-0.01492431952578599,22.06999969482422,,,
1998-05-27,1092.22998046875,-0.0016375432475763674,22.59000015258789,,,
1998-05-28,1097.5999755859375,0.0049044957728581196,20.739999771118164,,,
1998-05-29,1090.8199462890625,-0.006196297997339784,21.31999969482422,,,
1998-06-01,1090.97998046875,0.00014669922572796423,22.829999923706055,,,
1998-06-02,1093.219970703125,0.002051086045000261,22.0,,,
1998-06-03,1082.72998046875,-0.009641831601278739,22.850000381469727,,,
1998-06-04,1094.8299560546875,0.011113448516807622,21.219999313354492,,,
1998-06-05,1113.8599853515625,0.017232387271670646,19.780000686645508,,,
1998-06-08,1115.719970703125,0.0016684629568830545,20.579999923706055,,,
1998-06-09,1118.4100341796875,0.002408154199354584,20.520000457763672,,,
1998-06-10,1112.280029296875,-0.005496075330094108,21.479999542236328,,,
1998-06-11,1094.5799560546875,-0.016041301135142128,23.56999969482422,,,
1998-06-12,1098.8399658203125,0.0038843589223178654,22.780000686645508,,,
1998-06-15,1077.010009765625,-0.020066354570696276,25.940000534057617,,,
1998-06-16,1087.5899658203125,0.009775515500527021,24.799999237060547,,,
1998-06-17,1107.1099853515625,0.017788795468876017,22.889999389648438,,,
1998-06-18,1106.3699951171875,-0.0006686215989955002,22.399999618530273,,,
1998-06-19,1100.6500244140625,-0.005183445061271108,21.920000076293945,,,
1998-06-22,1103.2099609375,0.0023231400286585213,21.940000534057617,,,
1998-06-23,1119.489990234375,0.014649139146961865,20.170000076293945,,,
1998-06-24,1132.8800048828125,0.011889851508435356,20.020000457763672,,,
1998-06-25,1129.280029296875,-0.0031827797950176873,20.25,,,
1998-06-26,1133.199951171875,0.0034651584377778377,19.360000610351562,,,
1998-06-29,1138.489990234375,0.004657368532824613,19.56999969482422,,,
1998-06-30,1133.8399658203125,-0.0040927426868977435,19.709999084472656,,,
1998-07-01,1148.56005859375,0.012898963120825613,18.0,,,
1998-07-02,1146.4200439453125,-0.0018649532223191656,17.670000076293945,,,
1998-07-06,1157.3299560546875,0.00947150834027699,18.6299991607666,,,
1998-07-07,1154.6600341796875,-0.0023096320253523928,18.6200008392334,,,
1998-07-08,1166.3800048828125,0.010098981590267009,17.81999969482422,,,
1998-07-09,1158.56005859375,-0.006727034302130619,18.15999984741211,,,
1998-07-10,1164.3299560546875,0.004967871307878902,17.920000076293945,,,
1998-07-13,1165.18994140625,0.0007383370209179674,18.260000228881836,,,
1998-07-14,1177.5799560546875,0.010577334272467098,17.8799991607666,,,
1998-07-15,1174.81005859375,-0.002354965565923628,17.889999389648438,,,
1998-07-16,1183.989990234375,0.007783599963787857,16.969999313354492,,,
1998-07-17,1186.75,0.0023283962171536388,16.229999542236328,,,
1998-07-20,1184.0999755859375,-0.0022355067127604045,17.34000015258789,,,
1998-07-21,1165.0699462890625,-0.016201846788077567,20.100000381469727,,,
1998-07-22,1164.0799560546875,-0.0008500872296774986,20.31999969482422,,,
1998-07-23,1139.75,-0.02112209760736139,23.010000228881836,,,
1998-07-24,1140.800048828125,0.0009208733681322911,23.010000228881836,,,
1998-07-27,1147.27001953125,0.005655410677353423,23.1299991607666,,,
1998-07-28,1130.239990234375,-0.014955233243861166,25.25,,,
1998-07-29,1125.2099609375,-0.004460340725784384,24.790000915527344,,,
1998-07-30,1142.949951171875,0.015642946415526993,22.65999984741211,,,
1998-07-31,1120.6700439453125,-0.01968583665547463,24.799999237060547,,,
1998-08-03,1112.43994140625,-0.007371011599112798,25.979999542236328,,,
1998-08-04,1072.1199951171875,-0.0369177562202756,31.059999465942383,,,
1998-08-05,1081.4300537109375,0.008646296935802766,29.829999923706055,,,
1998-08-06,1089.6300048828125,0.007553904491176766,28.200000762939453,,,
1998-08-07,1089.449951171875,-0.00016525663580857497,27.020000457763672,,,
1998-08-10,1083.1400146484375,-0.005808693186120983,28.75,,,
1998-08-11,1068.97998046875,-0.013159339209899201,31.90999984741211,,,
1998-08-12,1084.219970703125,0.014155902910775175,28.549999237060547,,,
1998-08-13,1074.9100341796875,-0.008623838491522484,29.920000076293945,,,
1998-08-14,1062.75,-0.011377080685558205,34.34000015258789,,,
1998-08-17,1083.6700439453125,0.019493580921087883,31.860000610351562,,,
1998-08-18,1101.199951171875,0.016046980767630892,28.399999618530273,,,
1998-08-19,1098.06005859375,-0.0028554101812190424,28.690000534057617,,,
1998-08-20,1091.5999755859375,-0.005900552277608995,30.0,,,
1998-08-21,1081.239990234375,-0.009535965852258244,33.13999938964844,,,
1998-08-24,1088.1400146484375,0.006361308453741721,31.799999237060547,,,
1998-08-25,1092.8499755859375,0.004319110386110658,30.329999923706055,,,
1998-08-26,1084.18994140625,-0.007955830107004402,31.139999389648438,,,
1998-08-27,1042.5899658203125,-0.039125141250914375,38.54999923706055,,,
1998-08-28,1027.1400146484375,-0.014929713822340318,39.599998474121094,,,
1998-08-31,957.280029296875,-0.07043757403011419,44.279998779296875,,,
1998-09-01,994.260009765625,0.03790279144574882,36.47999954223633,,,
1998-09-02,990.47998046875,-0.0038090972982987026,36.7599983215332,,,
1998-09-03,982.260009765625,-0.008333605357160323,41.43000030517578,,,
1998-09-04,973.8900146484375,-0.00855767307536226,43.310001373291016,,,
1998-09-08,1023.4600219726562,0.04964596826288936,37.900001525878906,,,
1998-09-09,1006.2000122070312,-0.01700819403479592,39.65999984741211,,,
1998-09-10,980.1900024414062,-0.026189717274469615,45.290000915527344,,,
1998-09-11,1009.0599975585938,0.029028048068248324,43.7400016784668,,,
1998-09-14,1029.719970703125,0.020267690172915742,38.56999969482422,,,
1998-09-15,1037.6800537109375,0.007700611637287302,36.58000183105469,,,
1998-09-16,1045.47998046875,0.007488587608029285,35.939998626708984,,,
1998-09-17,1018.8699951171875,-0.025781926164172297,39.22999954223633,,,
1998-09-18,1020.0900268554688,0.0011967197696263199,38.630001068115234,,,
1998-09-21,1023.8900146484375,0.0037182282544643286,38.58000183105469,,,
1998-09-22,1029.6300048828125,0.0055904058679017155,36.619998931884766,,,
1998-09-23,1066.0899658203125,0.03479819873966683,32.470001220703125,,,
1998-09-24,1042.719970703125,-0.022165062381048983,34.65999984741211,,,
1998-09-25,1044.75,0.0019449668405435716,34.54999923706055,,,
1998-09-28,1048.68994140625,0.0037640879780642678,34.869998931884766,,,
1998-09-29,1049.02001953125,0.0003147033039567759,36.08000183105469,,,
1998-09-30,1017.010009765625,-0.030989454165847086,40.95000076293945,,,
1998-10-01,986.3900146484375,-0.03057040967000102,43.47999954223633,,,
1998-10-02,1002.5999755859375,0.016300051704454255,40.470001220703125,,,
1998-10-05,988.5599975585938,-0.014102544152375884,42.810001373291016,,,
1998-10-06,984.5900268554688,-0.0040239981866578844,41.20000076293945,,,
1998-10-07,970.6799926757812,-0.014228488867208178,43.5099983215332,,,
1998-10-08,959.4400024414062,-0.01164706580432906,45.7400016784668,,,
1998-10-09,984.3900146484375,0.025672391405781703,42.20000076293945,,,
1998-10-12,997.7100219726562,0.013440500071479455,40.06999969482422,,,
1998-10-13,994.7999877929688,-0.002920975286932581,40.22999954223633,,,
1998-10-14,1005.530029296875,0.01072837414750527,38.959999084472656,,,
1998-10-15,1047.489990234375,0.0408820220825481,33.34000015258789,,,
1998-10-16,1056.4200439453125,0.008489058176277986,34.81999969482422,,,
1998-10-19,1062.3900146484375,0.005635225750718398,33.130001068115234,,,
1998-10-20,1063.9300537109375,0.0014485489317479505,33.11000061035156,,,
1998-10-21,1069.9200439453125,0.00561427063191644,33.209999084472656,,,
1998-10-22,1078.47998046875,0.007968703893705964,31.530000686645508,,,
1998-10-23,1070.6700439453125,-0.007267962509418524,32.27000045776367,,,
1998-10-26,1072.3199462890625,0.0015398136969979603,32.380001068115234,,,
1998-10-27,1065.3399658203125,-0.006530510523017341,32.95000076293945,,,
1998-10-28,1068.0899658203125,0.0025780096944245656,32.41999816894531,,,
1998-10-29,1085.9300537109375,0.016564837523497467,29.5,,,
1998-10-30,1098.6700439453125,0.011663585180563985,28.049999237060547,,,
1998-11-02,1111.5999755859375,0.011699999569477981,27.260000228881836,,,
1998-11-03,1110.8399658203125,-0.0006839418074626735,27.760000228881836,,,
1998-11-04,1118.6700439453125,0.007024063837971717,27.3700008392334,,,
1998-11-05,1133.8499755859375,0.013478380938426682,26.010000228881836,,,
1998-11-06,1141.010009765625,0.00629494375002615,25.700000762939453,,,
1998-11-09,1130.199951171875,-0.009519278631659134,28.09000015258789,,,
1998-11-10,1128.260009765625,-0.0017179333855059653,28.170000076293945,,,
1998-11-11,1120.969970703125,-0.0064822758481897225,28.469999313354492,,,
1998-11-12,1117.68994140625,-0.0029303527760138337,29.280000686645508,,,
1998-11-13,1125.719970703125,0.007158801917899638,29.030000686645508,,,
1998-11-16,1135.8699951171875,0.008976067913417651,28.899999618530273,,,
1998-11-17,1139.3199462890625,0.0030326732315568705,27.950000762939453,,,
1998-11-18,1144.47998046875,0.004518822248639864,27.1299991607666,,,
1998-11-19,1152.6099853515625,0.007078554998324549,25.5,,,
1998-11-20,1163.550048828125,0.009446795276986109,22.469999313354492,,,
1998-11-23,1188.2099609375,0.02097222153293732,21.84000015258789,,,
1998-11-24,1182.989990234375,-0.004402816500464368,23.280000686645508,,,
1998-11-25,1186.8699951171875,0.003274462097856201,22.149999618530273,,,
1998-11-27,1192.3299560546875,0.0045897533914240896,22.09000015258789,,,
1998-11-30,1163.6300048828125,-0.02436490555095272,26.010000228881836,,,
1998-12-01,1175.280029296875,0.009962008449167392,24.969999313354492,,,
1998-12-02,1171.25,-0.003434887437109957,25.43000030517578,,,
1998-12-03,1150.1400146484375,-0.018187867738286734,28.700000762939453,,,
1998-12-04,1176.739990234375,0.02286420815018886,25.309999465942383,,,
1998-12-07,1187.699951171875,0.009270727704162596,24.899999618530273,,,
1998-12-08,1181.3800048828125,-0.005335371872924988,25.579999923706055,,,
1998-12-09,1183.489990234375,0.0017844413568681716,25.65999984741211,,,
1998-12-10,1165.02001953125,-0.01572942115348841,26.809999465942383,,,
1998-12-11,1166.4599609375,0.0012352167733764574,27.719999313354492,,,
1998-12-14,1141.199951171875,-0.021893190219834047,31.309999465942383,,,
1998-12-15,1162.8299560546875,0.018776353801127854,29.420000076293945,,,
1998-12-16,1161.93994140625,-0.0007656798144983767,29.959999084472656,,,
1998-12-17,1179.97998046875,0.015406501072019019,27.959999084472656,,,
1998-12-18,1188.030029296875,0.00679902517770703,25.040000915527344,,,
1998-12-21,1202.8399658203125,0.012388901093157045,23.860000610351562,,,
1998-12-22,1203.5699462890625,0.0006066967123663503,22.780000686645508,,,
1998-12-23,1228.5400390625,0.02053440866502587,20.209999084472656,,,
1998-12-24,1226.27001953125,-0.0018494466977960755,21.479999542236328,,,
1998-12-28,1225.489990234375,-0.0006363015303989528,23.5,,,
1998-12-29,1241.81005859375,0.013229283877656428,22.18000030517578,,,
1998-12-30,1231.9300537109375,-0.00798795101261085,23.34000015258789,,,
1998-12-31,1229.22998046875,-0.0021941477091553807,24.420000076293945,,,
1999-01-04,1228.0999755859375,-0.0009197014504946921,26.170000076293945,,,
1999-01-05,1244.780029296875,0.013490591255994389,24.459999084472656,,,
1999-01-06,1272.3399658203125,0.021898866924010996,23.34000015258789,,,
1999-01-07,1269.72998046875,-0.0020534338738205093,24.3700008392334,,,
1999-01-08,1275.0899658203125,0.004212473487898549,23.280000686645508,,,
1999-01-11,1263.8800048828125,-0.008830379176363756,25.459999084472656,,,
1999-01-12,1239.510009765625,-0.019470210263938803,28.100000381469727,,,
1999-01-13,1234.4000244140625,-0.00413110626354829,30.110000610351562,,,
1999-01-14,1212.18994140625,-0.018156449144760778,32.97999954223633,,,
1999-01-15,1243.260009765625,0.02530837716962875,29.239999771118164,,,
1999-01-19,1252.0,0.007005302808144265,29.239999771118164,,,
1999-01-20,1256.6199951171875,0.0036833002601852627,28.600000381469727,,,
1999-01-21,1235.1600341796875,-0.017225028921485475,30.920000076293945,,,
1999-01-22,1225.18994140625,-0.008104657830394046,31.950000762939453,,,
1999-01-25,1233.97998046875,0.0071488158823624914,31.1299991607666,,,
1999-01-26,1252.31005859375,0.01474519058296142,29.229999542236328,,,
1999-01-27,1243.1700439453125,-0.007325288236186722,29.729999542236328,,,
1999-01-28,1265.3699951171875,0.017699961257013008,28.110000610351562,,,
1999-01-29,1279.6400146484375,0.011214234148275715,26.25,,,
1999-02-01,1273.0,-0.005202480245368513,27.670000076293945,,,
1999-02-02,1261.989990234375,-0.008686487156186473,28.15999984741211,,,
1999-02-03,1272.0699462890625,0.007955620207956038,27.8799991607666,,,
1999-02-04,1248.489990234375,-0.018710639354908132,29.479999542236328,,,
1999-02-05,1239.4000244140625,-0.007307402027969978,29.670000076293945,,,
1999-02-08,1243.77001953125,0.0035196942224908767,30.270000457763672,,,
1999-02-09,1216.1400146484375,-0.022465184925835935,31.360000610351562,,,
1999-02-10,1223.550048828125,0.0060745887986755065,30.450000762939453,,,
1999-02-11,1254.0400390625,0.024613861438468554,27.420000076293945,,,
1999-02-12,1230.1300048828125,-0.01925051195228278,29.760000228881836,,,
1999-02-16,1241.8699951171875,0.009498445388233634,29.649999618530273,,,
1999-02-17,1224.030029296875,-0.014469586685446956,30.649999618530273,,,
1999-02-18,1237.280029296875,0.010766728028575479,30.450000762939453,,,
1999-02-19,1239.219970703125,0.0015666802366620658,29.299999237060547,,,
1999-02-22,1272.1400146484375,0.026218407475634642,25.8700008392334,,,
1999-02-23,1271.1800537109375,-0.00075488806543067,26.489999771118164,,,
1999-02-24,1253.4100341796875,-0.01407778085890854,27.209999084472656,,,
1999-02-25,1245.02001953125,-0.006716254612827655,28.010000228881836,,,
1999-02-26,1238.3299560546875,-0.00538794751178262,27.8799991607666,,,
1999-03-01,1236.1600341796875,-0.0017538340747185188,28.3700008392334,,,
1999-03-02,1225.5,-0.008660904159637717,29.219999313354492,,,
1999-03-03,1227.699951171875,0.0017935364465930803,29.040000915527344,,,
1999-03-04,1246.6400146484375,0.015309483472933039,26.670000076293945,,,
1999-03-05,1275.469970703125,0.022862771259932302,24.079999923706055,,,
1999-03-08,1282.72998046875,0.0056758888239540894,24.540000915527344,,,
1999-03-09,1279.8399658203125,-0.0022555605772875964,25.020000457763672,,,
1999-03-10,1286.8399658203125,0.005454530788180811,24.790000915527344,,,
1999-03-11,1297.6800537109375,0.008388521949355798,24.3700008392334,,,
1999-03-12,1294.5899658203125,-0.002384079845827891,24.84000015258789,,,
1999-03-15,1307.260009765625,0.00973933486948475,25.239999771118164,,,
1999-03-16,1306.3800048828125,-0.0006733941255374631,25.149999618530273,,,
1999-03-17,1297.8199462890625,-0.0065740646521090795,25.56999969482422,,,
1999-03-18,1316.550048828125,0.014328823416334124,24.1299991607666,,,
1999-03-19,1299.2900390625,-0.013196724322540376,24.31999969482422,,,
1999-03-22,1297.010009765625,-0.0017563685553438901,25.0,,,
1999-03-23,1262.1400146484375,-0.02725291833816179,27.270000457763672,,,
1999-03-24,1268.5899658203125,0.005097315942202307,26.600000381469727,,,
1999-03-25,1289.989990234375,0.01672843829704629,24.329999923706055,,,
1999-03-26,1282.800048828125,-0.005589231934668426,24.040000915527344,,,
1999-03-29,1310.1700439453125,0.021111706427015875,23.540000915527344,,,
1999-03-30,1300.75,-0.007215912139311165,22.729999542236328,,,
1999-03-31,1286.3699951171875,-0.011116726708976898,23.260000228881836,,,
1999-04-01,1293.719970703125,0.005697472232138345,22.059999465942383,,,
1999-04-05,1321.1199951171875,0.020958091279579705,22.190000534057617,,,
1999-04-06,1317.8900146484375,-0.002447874066151101,22.649999618530273,,,
1999-04-07,1326.8900146484375,0.006805885283715618,22.809999465942383,,,
1999-04-08,1343.97998046875,0.012797477296876636,22.59000015258789,,,
1999-04-09,1348.3499755859375,0.0032462580933021457,21.770000457763672,,,
1999-04-12,1358.6300048828125,0.007595238080975619,21.93000030517578,,,
1999-04-13,1349.8199462890625,-0.006505632243595905,22.729999542236328,,,
1999-04-14,1328.43994140625,-0.015965933063986526,24.940000534057617,,,
1999-04-15,1322.8499755859375,-0.004216795807645113,23.93000030517578,,,
1999-04-16,1319.0,-0.0029146078293305067,23.899999618530273,,,
1999-04-19,1289.47998046875,-0.022634852550357465,26.420000076293945,,,
1999-04-20,1306.1700439453125,0.012860203295938177,25.020000457763672,,,
1999-04-21,1336.1199951171875,0.022670663304898753,23.309999465942383,,,
1999-04-22,1358.8199462890625,0.01684674875227099,22.6200008392334,,,
1999-04-23,1356.8499755859375,-0.0014508177395207156,22.760000228881836,,,
1999-04-26,1360.0400390625,0.0023483210033230506,23.530000686645508,,,
1999-04-27,1362.800048828125,0.0020273028322108644,23.360000610351562,,,
1999-04-28,1350.9100341796875,-0.008762977894183344,24.399999618530273,,,
1999-04-29,1342.8299560546875,-0.005999170215245542,25.059999465942383,,,
1999-04-30,1335.1800537109375,-0.005713140073082101,25.06999969482422,,,
1999-05-03,1354.6300048828125,0.014462203465726908,24.149999618530273,,,
1999-05-04,1332.0,-0.016846785798959374,25.6200008392334,,,
1999-05-05,1347.31005859375,0.011428483375267362,25.190000534057617,,,
1999-05-06,1332.050048828125,-0.011390909885871103,27.440000534057617,,,
1999-05-07,1345.0,0.009674867446208602,25.360000610351562,,,
1999-05-10,1340.300048828125,-0.0035005071207461214,26.6200008392334,,,
1999-05-11,1355.6099853515625,0.011358020792021861,25.6200008392334,,,
1999-05-12,1364.0,0.006170032696192429,26.1299991607666,,,
1999-05-13,1367.56005859375,0.002606613461244578,25.020000457763672,,,
1999-05-14,1337.800048828125,-0.022001662681522483,26.860000610351562,,,
1999-05-17,1339.489990234375,0.0012624270109213853,27.280000686645508,,,
1999-05-18,1333.3199462890625,-0.004616905093739909,27.260000228881836,,,
1999-05-19,1344.22998046875,0.00814931176423972,25.079999923706055,,,
1999-05-20,1338.8299560546875,-0.004025278475426219,24.459999084472656,,,
1999-05-21,1330.2900390625,-0.006399072465026023,24.399999618530273,,,
1999-05-24,1306.6500244140625,-0.01793036430661843,27.6200008392334,,,
1999-05-25,1284.4000244140625,-0.017174926393975554,28.899999618530273,,,
1999-05-26,1304.760009765625,0.015727421058767455,27.56999969482422,,,
1999-05-27,1281.4100341796875,-0.018058062469889613,28.1200008392334,,,
1999-05-28,1301.8399658203125,0.01581756128506928,25.389999389648438,,,
1999-06-01,1294.260009765625,-0.005839511317436319,26.6200008392334,,,
1999-06-02,1294.81005859375,0.0004249006955214796,26.209999084472656,,,
1999-06-03,1299.5400390625,0.003646374260635632,26.200000762939453,,,
1999-06-04,1327.75,0.021475394566335737,23.43000030517578,,,
1999-06-07,1334.52001953125,0.005085910951653894,23.780000686645508,,,
1999-06-08,1317.3299560546875,-0.012964763781468491,24.020000457763672,,,
1999-06-09,1318.6400146484375,0.000993986059152796,23.899999618530273,,,
1999-06-10,1302.8199462890625,-0.012069808923771852,25.31999969482422,,,
1999-06-11,1293.6400146484375,-0.007071143040317196,25.899999618530273,,,
1999-06-14,1294.0,0.00027823449308783665,26.510000228881836,,,
1999-06-15,1301.1600341796875,0.005518004479872829,25.90999984741211,,,
1999-06-16,1330.4100341796875,0.022230990537223327,22.399999618530273,,,
1999-06-17,1339.9000244140625,0.0071078114374296675,21.950000762939453,,,
1999-06-18,1342.8399658203125,0.002191746195194355,21.75,,,
1999-06-21,1349.0,0.0045768284971901,21.809999465942383,,,
1999-06-22,1335.8800048828125,-0.009773322849407684,21.700000762939453,,,
1999-06-23,1333.06005859375,-0.002113158985480368,21.31999969482422,,,
1999-06-24,1315.780029296875,-0.013047427449105697,23.059999465942383,,,
1999-06-25,1315.31005859375,-0.0003572441021963968,21.760000228881836,,,
1999-06-28,1331.3499755859375,0.012121022848068819,22.6299991607666,,,
1999-06-29,1351.449951171875,0.014984607301878228,22.510000228881836,,,
1999-06-30,1372.7099609375,0.015608805716027518,21.09000015258789,,,
1999-07-01,1380.9599609375,0.0059920214973248065,19.690000534057617,,,
1999-07-02,1391.219970703125,0.007402157771673856,18.65999984741211,,,
1999-07-06,1388.1199951171875,-0.002230728812995686,20.729999542236328,,,
1999-07-07,1395.8599853515625,0.005560392122590407,20.350000381469727,,,
1999-07-08,1394.4200439453125,-0.001032112561432541,20.239999771118164,,,
1999-07-09,1403.280029296875,0.006333784708250079,17.959999084472656,,,
1999-07-12,1399.0999755859375,-0.0029832191235446004,19.729999542236328,,,
1999-07-13,1393.56005859375,-0.003967489197649776,19.950000762939453,,,
1999-07-14,1398.1700439453125,0.00330260402861704,19.709999084472656,,,
1999-07-15,1409.6199951171875,0.008155890919212538,18.68000030517578,,,
1999-07-16,1418.780029296875,0.006477206990358475,17.420000076293945,,,
1999-07-19,1407.6500244140625,-0.007875703414583768,19.06999969482422,,,
1999-07-20,1377.0999755859375,-0.021941843610886025,21.790000915527344,,,
1999-07-21,1379.2900390625,0.0015890813170722495,21.459999084472656,,,
1999-07-22,1360.969970703125,-0.013371243055213533,23.049999237060547,,,
1999-07-23,1356.93994140625,-0.0029655377703274866,23.31999969482422,,,
1999-07-26,1347.760009765625,-0.006788159172238295,24.979999542236328,,,
1999-07-27,1362.8399658203125,0.011126770288035992,23.229999542236328,,,
1999-07-28,1365.4000244140625,0.0018767112528959018,22.850000381469727,,,
1999-07-29,1341.030029296875,-0.018009446622056835,24.520000457763672,,,
1999-07-30,1328.719970703125,-0.009221946500845846,24.639999389648438,,,
1999-08-02,1328.050048828125,-0.0005043130449928768,25.59000015258789,,,
1999-08-03,1322.1800537109375,-0.004429807593360202,26.270000457763672,,,
1999-08-04,1305.3299560546875,-0.012826081416618784,27.399999618530273,,,
1999-08-05,1313.7099609375,0.006399317113168657,27.010000228881836,,,
1999-08-06,1300.2900390625,-0.01026781926387077,26.600000381469727,,,
1999-08-09,1297.800048828125,-0.001916785725288861,27.65999984741211,,,
1999-08-10,1281.4300537109375,-0.012693877071883186,28.450000762939453,,,
1999-08-11,1301.9300537109375,0.015871136398255103,25.389999389648438,,,
1999-08-12,1298.1600341796875,-0.002899916576591721,25.030000686645508,,,
1999-08-13,1327.6800537109375,0.022485195038618677,22.309999465942383,,,
1999-08-16,1330.77001953125,0.0023246381362689306,23.06999969482422,,,
1999-08-17,1344.1600341796875,0.010011571309322953,21.670000076293945,,,
1999-08-18,1332.8399658203125,-0.008457329722050488,23.299999237060547,,,
1999-08-19,1323.5899658203125,-0.0069642622799426235,24.389999389648438,,,
1999-08-20,1336.6099853515625,0.00978883071666381,22.950000762939453,,,
1999-08-23,1360.219970703125,0.01750988305564949,22.549999237060547,,,
1999-08-24,1363.5,0.0024084934704982075,22.399999618530273,,,
1999-08-25,1381.7900390625,0.013324865075026615,20.959999084472656,,,
1999-08-26,1362.010009765625,-0.014418231364249579,21.209999084472656,,,
1999-08-27,1348.27001953125,-0.010139253358819822,21.829999923706055,,,
1999-08-30,1324.02001953125,-0.01814972576308005,24.6299991607666,,,
1999-08-31,1320.4100341796875,-0.002730257575912276,24.450000762939453,,,
1999-09-01,1331.0699462890625,0.00804076939795273,22.93000030517578,,,
1999-09-02,1319.1099853515625,-0.009025834048821402,24.530000686645508,,,
1999-09-03,1357.239990234375,0.028495963076088593,20.979999542236328,,,
1999-09-07,1350.449951171875,-0.005015384658162425,23.440000534057617,,,
1999-09-08,1344.1500244140625,-0.004675972904129466,23.81999969482422,,,
1999-09-09,1347.6600341796875,0.002607919339470577,23.010000228881836,,,
1999-09-10,1351.6600341796875,0.002963711472935948,22.030000686645508,,,
1999-09-13,1344.1300048828125,-0.005586524745354815,22.889999389648438,,,
1999-09-14,1336.2900390625,-0.005849820587068066,23.770000457763672,,,
1999-09-15,1317.969970703125,-0.013804494827150293,24.559999465942383,,,
1999-09-16,1318.47998046875,0.00038689129809554856,25.25,,,
1999-09-17,1335.4200439453125,0.012766338892618023,23.299999237060547,,,
1999-09-20,1335.530029296875,8.2356725965127e-05,24.030000686645508,,,
1999-09-21,1307.5799560546875,-0.02115017180339951,25.649999618530273,,,
1999-09-22,1310.510009765625,0.0022383149337876773,25.190000534057617,,,
1999-09-23,1280.4100341796875,-0.02323601604254044,27.84000015258789,,,
1999-09-24,1277.3599853515625,-0.002384929255193846,27.790000915527344,,,
1999-09-27,1283.31005859375,0.004647286724841493,26.399999618530273,,,
1999-09-28,1282.199951171875,-0.0008654088169075536,26.059999465942383,,,
1999-09-29,1268.3699951171875,-0.010844706781671931,26.489999771118164,,,
1999-09-30,1282.7099609375,0.011242389187543722,25.40999984741211,,,
1999-10-01,1282.81005859375,7.803303465880873e-05,24.93000030517578,,,
1999-10-04,1304.5999755859375,0.01684343173599867,24.459999084472656,,,
1999-10-05,1301.3499755859375,-0.0024942932488229985,24.790000915527344,,,
1999-10-06,1325.4000244140625,0.018312150674930194,22.059999465942383,,,
1999-10-07,1317.6400146484375,-0.005872050327386802,23.579999923706055,,,
1999-10-08,1336.02001953125,0.013852790916515367,20.489999771118164,,,
1999-10-11,1335.2099609375,-0.0006065060848410297,20.6299991607666,,,
1999-10-12,1313.0400390625,-0.01674346440521557,22.84000015258789,,,
1999-10-13,1285.550048828125,-0.02115840887007181,25.959999084472656,,,
1999-10-14,1283.4200439453125,-0.0016582562614466667,26.049999237060547,,,
1999-10-15,1247.4100341796875,-0.028458994906729984,28.75,,,
1999-10-18,1254.1300048828125,0.005372679839536154,28.190000534057617,,,
1999-10-19,1261.3199462890625,0.00571664006551309,26.559999465942383,,,
1999-10-20,1289.4300537109375,0.022041552856145508,23.899999618530273,,,
1999-10-21,1283.6099853515625,-0.004523892513874195,24.020000457763672,,,
1999-10-22,1301.6500244140625,0.013956299800217842,21.639999389648438,,,
1999-10-25,1293.6300048828125,-0.006180485319521978,23.600000381469727,,,
1999-10-26,1281.9100341796875,-0.009101043991847746,24.260000228881836,,,
1999-10-27,1296.7099609375,0.011479077413535599,24.200000762939453,,,
1999-10-28,1342.43994140625,0.03465855271483598,21.34000015258789,,,
1999-10-29,1362.9300537109375,0.015148023486425188,22.200000762939453,,,
1999-11-01,1354.1199951171875,-0.006485040254346153,22.09000015258789,,,
1999-11-02,1347.739990234375,-0.0047226849470876076,23.100000381469727,,,
1999-11-03,1354.9300537109375,0.0053207238192332085,23.15999984741211,,,
1999-11-04,1362.6400146484375,0.005674173198502608,23.0,,,
1999-11-05,1370.22998046875,0.005554589386682629,21.65999984741211,,,
1999-11-08,1377.010009765625,0.00493589426926988,21.8700008392334,,,
1999-11-09,1365.280029296875,-0.00855493171153121,22.700000762939453,,,
1999-11-10,1373.4599609375,0.005973517744238599,22.260000228881836,,,
1999-11-11,1381.4599609375,0.00580780764155886,22.06999969482422,,,
1999-11-12,1396.06005859375,0.010513142679612564,21.649999618530273,,,
1999-11-15,1394.3900146484375,-0.0011969711701498298,22.739999771118164,,,
1999-11-16,1420.0699462890625,0.018249074190172188,20.729999542236328,,,
1999-11-17,1410.7099609375,-0.006613032287464016,20.959999084472656,,,
1999-11-18,1424.93994140625,0.0100365703882348,19.760000228881836,,,
1999-11-19,1422.0,-0.00206533506980211,19.110000610351562,,,
1999-11-22,1420.93994140625,-0.0007457481795087872,19.979999542236328,,,
1999-11-23,1404.6400146484375,-0.011537530577172106,21.0,,,
1999-11-24,1417.0799560546875,0.008817332783512377,20.260000228881836,,,
1999-11-26,1416.6199951171875,-0.0003246363055122714,22.329999923706055,,,
1999-11-29,1407.8299560546875,-0.00622426850730573,23.56999969482422,,,
1999-11-30,1388.9100341796875,-0.01353018912954429,24.18000030517578,,,
1999-12-01,1397.719970703125,0.006323025202648047,22.229999542236328,,,
1999-12-02,1409.0400390625,0.008066332496512452,21.770000457763672,,,
1999-12-03,1433.300048828125,0.0170708628492795,19.31999969482422,,,
1999-12-06,1423.3299560546875,-0.0069803462396516025,20.579999923706055,,,
1999-12-07,1409.1700439453125,-0.009998256005148143,21.09000015258789,,,
1999-12-08,1403.8800048828125,-0.003761074425701061,21.25,,,
1999-12-09,1408.1099853515625,0.0030085339378871367,21.190000534057617,,,
1999-12-10,1417.0400390625,0.006321847247124701,21.479999542236328,,,
1999-12-13,1415.219970703125,-0.0012852411880537318,21.719999313354492,,,
1999-12-14,1403.1700439453125,-0.008550981318123263,23.059999465942383,,,
1999-12-15,1413.3299560546875,0.007214596966662157,22.030000686645508,,,
1999-12-16,1418.780029296875,0.0038487770588533365,21.90999984741211,,,
1999-12-17,1421.030029296875,0.0015846133539838547,21.350000381469727,,,
1999-12-20,1418.0899658203125,-0.0020711097329932926,23.780000686645508,,,
1999-12-21,1433.4300537109375,0.010759339419193381,22.65999984741211,,,
1999-12-22,1436.1300048828125,0.0018817880884061111,22.43000030517578,,,
1999-12-23,1458.3399658203125,0.015346779945799582,21.1200008392334,,,
1999-12-27,1457.0999755859375,-0.0008506368397673825,23.06999969482422,,,
1999-12-28,1457.6600341796875,0.0003842913987881502,22.969999313354492,,,
1999-12-29,1463.4599609375,0.0039710346642038985,23.09000015258789,,,
1999-12-30,1464.469970703125,0.0006899139182063863,24.760000228881836,,,
1999-12-31,1469.25,0.003258684246994825,24.639999389648438,,,
2000-01-03,1455.219970703125,-0.009594994700275805,24.209999084472656,,,
2000-01-04,1399.4200439453125,-0.03909917534093754,27.010000228881836,,,
2000-01-05,1402.1099853515625,0.0019203379615859717,26.40999984741211,,,
2000-01-06,1403.449951171875,0.0009552217400567997,25.729999542236328,,,
2000-01-07,1441.469970703125,0.026729949729870306,21.719999313354492,,,
2000-01-10,1457.5999755859375,0.01112782487313968,21.709999084472656,,,
2000-01-11,1438.56005859375,-0.013148576788903021,22.5,,,
2000-01-12,1432.25,-0.004396019678609697,22.84000015258789,,,
2000-01-13,1449.6800537109375,0.012096245165417407,21.709999084472656,,,
2000-01-14,1465.1500244140625,0.010614763497340363,19.65999984741211,,,
2000-01-18,1455.1400146484375,-0.006855516976735032,21.5,,,
2000-01-19,1455.9000244140625,0.0005221568736217819,21.719999313354492,,,
2000-01-20,1445.5699462890625,-0.007120612569861073,21.75,,,
2000-01-21,1441.3599853515625,-0.0029165681339531346,20.81999969482422,,,
2000-01-24,1401.530029296875,-0.02802258422845938,24.06999969482422,,,
2000-01-25,1410.030029296875,0.00604648360304072,23.020000457763672,,,
2000-01-26,1404.0899658203125,-0.0042216197666675725,23.030000686645508,,,
2000-01-27,1398.56005859375,-0.003946204024482647,23.540000915527344,,,
2000-01-28,1360.1600341796875,-0.0278408127297336,26.139999389648438,,,
2000-01-31,1394.4599609375,0.024904850529124722,24.950000762939453,,,
2000-02-01,1409.280029296875,0.010571740915406913,23.450000762939453,,,
2000-02-02,1409.1199951171875,-0.00011356385074723363,23.1200008392334,,,
2000-02-03,1424.969970703125,0.011185347697919568,22.010000228881836,,,
2000-02-04,1424.3699951171875,-0.00042113303572222094,21.540000915527344,,,
2000-02-07,1424.239990234375,-9.127601431657695e-05,22.790000915527344,,,
2000-02-08,1441.719970703125,0.012198493672594068,21.25,,,
2000-02-09,1411.7099609375,-0.021035117059751585,22.899999618530273,,,
2000-02-10,1416.8299560546875,0.003620242852776734,23.06999969482422,,,
2000-02-11,1387.1199951171875,-0.02119229898918995,24.420000076293945,,,
2000-02-14,1389.93994140625,0.002030886853549241,24.3799991607666,,,
2000-02-15,1402.050048828125,0.008674947553079626,22.920000076293945,,,
2000-02-16,1387.6700439453125,-0.010309372816680096,23.510000228881836,,,
2000-02-17,1388.260009765625,0.0004250581374742879,23.170000076293945,,,
2000-02-18,1346.0899658203125,-0.03084710308169214,26.0,,,
2000-02-22,1352.1700439453125,0.004506673481115442,25.860000610351562,,,
2000-02-23,1360.68994140625,0.006281139106337541,23.889999389648438,,,
2000-02-24,1353.4300537109375,-0.005349730316245527,24.3799991607666,,,
2000-02-25,1333.3599853515625,-0.014940089385435229,25.200000762939453,,,
2000-02-28,1348.050048828125,0.010957078745979842,24.68000030517578,,,
2000-02-29,1366.4200439453125,0.013535073096646144,23.3700008392334,,,
2000-03-01,1379.18994140625,0.009302114728481747,21.639999389648438,,,
2000-03-02,1381.760009765625,0.0018617281349939674,21.059999465942383,,,
2000-03-03,1409.1700439453125,0.0196428537973814,19.209999084472656,,,
2000-03-06,1391.280029296875,-0.012776701994210882,21.5,,,
2000-03-07,1355.6199951171875,-0.0259652971202895,24.309999465942383,,,
2000-03-08,1366.699951171875,0.008140128606934027,23.81999969482422,,,
2000-03-09,1401.68994140625,0.025279570403423435,22.209999084472656,,,
2000-03-10,1395.0699462890625,-0.0047340549396848175,21.239999771118164,,,
2000-03-13,1383.6199951171875,-0.008241305233129381,22.850000381469727,,,
2000-03-14,1359.1500244140625,-0.017843727175415935,24.40999984741211,,,
2000-03-15,1392.1400146484375,0.023982619773033065,22.34000015258789,,,
2000-03-16,1458.469970703125,0.04654577885905109,20.770000457763672,,,
2000-03-17,1464.469970703125,0.0041054613147588626,22.3700008392334,,,
2000-03-20,1456.6300048828125,-0.005367830413634422,22.959999084472656,,,
2000-03-21,1493.8699951171875,0.025244513080496134,21.700000762939453,,,
2000-03-22,1500.6400146484375,0.004521628609460926,21.489999771118164,,,
2000-03-23,1527.3499755859375,0.01764249804450202,22.260000228881836,,,
2000-03-24,1527.4599609375,7.200798340623038e-05,23.309999465942383,,,
2000-03-27,1523.8599853515625,-0.0023596196528954394,24.530000686645508,,,
2000-03-28,1507.72998046875,-0.010641384406600451,24.860000610351562,,,
2000-03-29,1508.52001953125,0.0005238551715320838,24.100000381469727,,,
2000-03-30,1487.9200439453125,-0.013749849620433352,25.469999313354492,,,
2000-03-31,1498.5799560546875,0.0071387626855159425,24.110000610351562,,,
2000-04-03,1505.969970703125,0.004919225661762283,24.030000686645508,,,
2000-04-04,1494.72998046875,-0.007491613948027442,27.1200008392334,,,
2000-04-05,1487.3699951171875,-0.004936119081060397,28.40999984741211,,,
2000-04-06,1501.3399658203125,0.009348563512983077,27.149999618530273,,,
2000-04-07,1516.3499755859375,0.00994809529485785,24.389999389648438,,,
2000-04-10,1504.4599609375,-0.007872111321383102,25.989999771118164,,,
2000-04-11,1500.5899658203125,-0.0025756625353894336,27.25,,,
2000-04-12,1467.1700439453125,-0.022522936175410457,28.979999542236328,,,
2000-04-13,1440.510009765625,-0.01833818082166072,29.399999618530273,,,
2000-04-14,1356.56005859375,-0.06004509752202303,33.4900016784668,,,
2000-04-17,1401.43994140625,0.03254811081334008,28.950000762939453,,,
2000-04-18,1441.6099853515625,0.02826029680070441,26.1200008392334,,,
2000-04-19,1427.469970703125,-0.009856908381935092,27.020000457763672,,,
2000-04-20,1434.5400390625,0.004940641519007194,25.850000381469727,,,
2000-04-24,1429.8599853515625,-0.0032677404242180685,27.3700008392334,,,
2000-04-25,1477.43994140625,0.03273429354099022,25.239999771118164,,,
2000-04-26,1460.989990234375,-0.011196539243597314,26.969999313354492,,,
2000-04-27,1464.9200439453125,0.0026863820339739775,26.190000534057617,,,
2000-04-28,1452.4300537109375,-0.008562610676304594,26.200000762939453,,,
2000-05-01,1468.25,0.010833162628903992,25.8799991607666,,,
2000-05-02,1446.2900390625,-0.01506953153292745,28.5,,,
2000-05-03,1415.0999755859375,-0.02180150116391033,31.6299991607666,,,
2000-05-04,1409.5699462890625,-0.003915527488209669,30.770000457763672,,,
2000-05-05,1432.6300048828125,0.016227264098327865,27.530000686645508,,,
2000-05-08,1424.1700439453125,-0.005922700590194729,28.200000762939453,,,
2000-05-09,1412.1400146484375,-0.008482924072715115,28.93000030517578,,,
2000-05-10,1383.050048828125,-0.02081505404713546,29.8700008392334,,,
2000-05-11,1407.81005859375,0.01774410644515001,27.760000228881836,,,
2000-05-12,1420.9599609375,0.009297324968962073,26.049999237060547,,,
2000-05-15,1452.3599853515625,0.02185713743258244,24.860000610351562,,,
2000-05-16,1466.0400390625,0.009375105396317807,24.34000015258789,,,
2000-05-17,1447.800048828125,-0.012519718264096369,23.979999542236328,,,
2000-05-18,1437.2099609375,-0.00734148957518066,23.959999084472656,,,
2000-05-19,1406.949951171875,-0.021279500834298304,25.440000534057617,,,
2000-05-22,1400.719970703125,-0.004437836972821962,26.0,,,
2000-05-23,1373.8599853515625,-0.01936208355910285,25.8700008392334,,,
2000-05-24,1399.050048828125,0.018169184098520752,24.31999969482422,,,
2000-05-25,1381.52001953125,-0.012609113327973986,24.579999923706055,,,
2000-05-26,1378.02001953125,-0.002536655984128444,24.469999313354492,,,
2000-05-30,1422.449951171875,0.031733002241273844,23.6200008392334,,,
2000-05-31,1420.5999755859375,-0.001301402293099052,23.649999618530273,,,
2000-06-01,1448.81005859375,0.019663269874029332,22.360000610351562,,,
2000-06-02,1477.260009765625,0.01944645689642055,21.479999542236328,,,
2000-06-05,1467.6300048828125,-0.006540169012008157,22.709999084472656,,,
2000-06-06,1457.8399658203125,-0.006692993404042724,23.049999237060547,,,
2000-06-07,1471.3599853515625,0.00923126844668154,22.479999542236328,,,
2000-06-08,1461.6700439453125,-0.006607485476626707,22.770000457763672,,,
2000-06-09,1456.949951171875,-0.0032344716999075374,22.139999389648438,,,
2000-06-12,1446.0,-0.007544052283805058,22.31999969482422,,,
2000-06-13,1469.43994140625,0.01608021221744238,21.670000076293945,,,
2000-06-14,1470.5400390625,0.0007483708834081781,21.479999542236328,,,
2000-06-15,1478.72998046875,0.0055538912368469084,20.68000030517578,,,
2000-06-16,1464.4599609375,-0.009697050911418259,20.5,,,
2000-06-19,1486.0,0.014601399132715187,20.6299991607666,,,
2000-06-20,1475.949951171875,-0.006786129112328787,20.8799991607666,,,
2000-06-21,1479.1300048828125,0.002152263211684158,20.610000610351562,,,
2000-06-22,1452.1800537109375,-0.018388167747017903,22.0,,,
2000-06-23,1441.47998046875,-0.007395562633629282,22.34000015258789,,,
2000-06-26,1455.31005859375,0.00954862659674216,22.450000762939453,,,
2000-06-27,1450.550048828125,-0.0032761480918894748,21.799999237060547,,,
2000-06-28,1454.8199462890625,0.002939316191940655,20.290000915527344,,,
2000-06-29,1442.3900146484375,-0.008580674562089108,19.700000762939453,,,
2000-06-30,1454.5999755859375,0.008429461805284255,19.540000915527344,,,
2000-07-03,1469.5400390625,0.010218521276462056,19.829999923706055,,,
2000-07-05,1446.22998046875,-0.015989296173298584,21.15999984741211,,,
2000-07-06,1456.6700439453125,0.007192881877199575,20.940000534057617,,,
2000-07-07,1478.9000244140625,0.01514554576421645,19.219999313354492,,,
2000-07-10,1475.6199951171875,-0.0022203475506827886,20.329999923706055,,,
2000-07-11,1480.8800048828125,0.0035582718183686524,20.110000610351562,,,
2000-07-12,1492.9200439453125,0.008097454201545062,20.030000686645508,,,
2000-07-13,1495.8399658203125,0.0019539359429652237,20.030000686645508,,,
2000-07-14,1509.97998046875,0.009408493660190587,19.31999969482422,,,
2000-07-17,1510.489990234375,0.00033770226184515195,19.450000762939453,,,
2000-07-18,1493.739990234375,-0.011151059456170564,19.75,,,
2000-07-19,1481.9599609375,-0.007917525979241447,19.649999618530273,,,
2000-07-20,1495.5699462890625,0.009141859569358424,18.940000534057617,,,
2000-07-21,1480.18994140625,-0.01033695083770958,18.940000534057617,,,
2000-07-24,1464.2900390625,-0.010799908298472438,19.920000076293945,,,
2000-07-25,1474.469970703125,0.006928073285986436,19.389999389648438,,,
2000-07-26,1452.4200439453125,-0.015067422285769183,19.670000076293945,,,
2000-07-27,1449.6199951171875,-0.0019297112785032766,19.600000381469727,,,
2000-07-28,1419.8900146484375,-0.02072203561206809,20.84000015258789,,,
2000-07-31,1430.8299560546875,0.0076752506202932835,20.739999771118164,,,
2000-08-01,1438.0999755859375,0.0050681161728078905,20.549999237060547,,,
2000-08-02,1438.699951171875,0.0004171131882033663,20.0,,,
2000-08-03,1452.56005859375,0.009587663196747975,19.989999771118164,,,
2000-08-04,1462.9300537109375,0.007113753399429434,18.6200008392334,,,
2000-08-07,1479.3199462890625,0.011141175706899986,19.030000686645508,,,
2000-08-08,1482.800048828125,0.002349738799249046,18.790000915527344,,,
2000-08-09,1472.8699951171875,-0.006719350214888564,19.18000030517578,,,
2000-08-10,1460.25,-0.008605221070946634,19.190000534057617,,,
2000-08-11,1471.8399658203125,0.007905641586007484,18.549999237060547,,,
2000-08-14,1491.56005859375,0.013309295881220429,17.8799991607666,,,
2000-08-15,1484.4300537109375,-0.0047916950366238,17.979999542236328,,,
2000-08-16,1479.8499755859375,-0.0030901815782691244,18.020000457763672,,,
2000-08-17,1496.0699462890625,0.010900919209479554,17.479999542236328,,,
2000-08-18,1491.719970703125,-0.0029118370302700924,17.049999237060547,,,
2000-08-21,1499.47998046875,0.0051885713435426695,17.350000381469727,,,
2000-08-22,1498.1300048828125,-0.0009007013479402914,17.469999313354492,,,
2000-08-23,1505.969970703125,0.005219522441311852,17.3799991607666,,,
2000-08-24,1508.31005859375,0.00155266819140909,17.040000915527344,,,
2000-08-25,1506.449951171875,-0.0012340004855380116,16.530000686645508,,,
2000-08-28,1514.0899658203125,0.005058718739777035,16.540000915527344,,,
2000-08-29,1509.8399658203125,-0.00281091354259555,16.889999389648438,,,
2000-08-30,1502.5899658203125,-0.004813399257303175,17.690000534057617,,,
2000-08-31,1517.6800537109375,0.009992625399822153,16.84000015258789,,,
2000-09-01,1520.77001953125,0.0020339099284436557,17.530000686645508,,,
2000-09-05,1507.0799560546875,-0.009042823704100478,19.81999969482422,,,
2000-09-06,1492.25,-0.009888926610033266,20.790000915527344,,,
2000-09-07,1502.510009765625,0.006852001412039677,19.420000076293945,,,
2000-09-08,1494.5,-0.005345346736805645,18.459999084472656,,,
2000-09-11,1489.260009765625,-0.0035123438910495963,18.399999618530273,,,
2000-09-12,1481.989990234375,-0.004893586227538549,18.59000015258789,,,
2000-09-13,1484.9100341796875,0.001968414752187009,18.31999969482422,,,
2000-09-14,1480.8699951171875,-0.0027244377678341536,18.260000228881836,,,
2000-09-15,1465.81005859375,-0.010221718934521284,18.520000457763672,,,
2000-09-18,1444.510009765625,-0.014637860201736963,20.25,,,
2000-09-19,1459.9000244140625,0.010597786475540438,19.540000915527344,,,
2000-09-20,1451.3399658203125,-0.005880712886378703,19.93000030517578,,,
2000-09-21,1449.050048828125,-0.0015790410644251907,20.18000030517578,,,
2000-09-22,1448.719970703125,-0.00022781526774195981,20.739999771118164,,,
2000-09-25,1439.030029296875,-0.006711091870693409,21.40999984741211,,,
2000-09-26,1427.2099609375,-0.008247833681979344,21.8799991607666,,,
2000-09-27,1426.5699462890625,-0.0004485382054495446,21.670000076293945,,,
2000-09-28,1458.2900390625,0.02199161923055115,19.469999313354492,,,
2000-09-29,1436.510009765625,-0.015047975625221532,20.56999969482422,,,
2000-10-02,1436.22998046875,-0.00019495624296883562,21.229999542236328,,,
2000-10-03,1426.4599609375,-0.006825788097503782,21.850000381469727,,,
2000-10-04,1434.3199462890625,0.005495008622973252,21.540000915527344,,,
2000-10-05,1436.280029296875,0.0013656262308234801,21.030000686645508,,,
2000-10-06,1408.989990234375,-0.01918332936055034,22.709999084472656,,,
2000-10-09,1402.030029296875,-0.004951921445981,24.020000457763672,,,
2000-10-10,1387.02001953125,-0.010763632361505238,24.860000610351562,,,
2000-10-11,1364.5899658203125,-0.016303582750874845,26.56999969482422,,,
2000-10-12,1329.780029296875,-0.025840455121106665,30.510000228881836,,,
2000-10-13,1374.1700439453125,0.0328364074237788,27.600000381469727,,,
2000-10-16,1374.6199951171875,0.0003273812619370986,26.790000915527344,,,
2000-10-17,1349.969970703125,-0.018094977455258565,27.84000015258789,,,
2000-10-18,1342.1300048828125,-0.005824440440587608,28.719999313354492,,,
2000-10-19,1388.760009765625,0.034153361859011966,25.09000015258789,,,
2000-10-20,1396.9300537109375,0.0058657403979829326,24.239999771118164,,,
2000-10-23,1395.780029296875,-0.0008235903082569607,24.690000534057617,,,
2000-10-24,1398.1300048828125,0.0016822131789222539,24.280000686645508,,,
2000-10-25,1364.9000244140625,-0.024054449199317318,26.649999618530273,,,
2000-10-26,1364.43994140625,-0.0003371386620436567,28.6200008392334,,,
2000-10-27,1379.5799560546875,0.011035028060663699,26.469999313354492,,,
2000-10-30,1398.6600341796875,0.013735586682098067,25.459999084472656,,,
2000-10-31,1429.4000244140625,0.02174013303587774,23.6299991607666,,,
2000-11-01,1421.219970703125,-0.0057391558171620005,24.280000686645508,,,
2000-11-02,1428.3199462890625,0.004983253778123142,23.920000076293945,,,
2000-11-03,1426.68994140625,-0.0011418559823157537,23.670000076293945,,,
2000-11-06,1432.18994140625,0.003847665526959254,24.520000457763672,,,
2000-11-07,1431.8699951171875,-0.0002234215047760557,24.90999984741211,,,
2000-11-08,1409.280029296875,-0.015902322423897886,25.65999984741211,,,
2000-11-09,1400.1400146484375,-0.006506714376939726,27.200000762939453,,,
2000-11-10,1365.97998046875,-0.02470013662903181,28.530000686645508,,,
2000-11-13,1351.260009765625,-0.01083460772864786,29.059999465942383,,,
2000-11-14,1382.949951171875,0.023181365705911894,26.809999465942383,,,
2000-11-15,1389.81005859375,0.004948225879737755,26.149999618530273,,,
2000-11-16,1372.3199462890625,-0.012664390190451513,25.049999237060547,,,
2000-11-17,1367.719970703125,-0.0033576006531061964,24.809999465942383,,,
2000-11-20,1342.6199951171875,-0.018522173223761484,27.43000030517578,,,
2000-11-21,1347.3499755859375,0.0035167569862348813,26.6200008392334,,,
2000-11-22,1322.3599853515625,-0.018721674274733147,27.709999084472656,,,
2000-11-24,1341.77001953125,0.01457164447068493,26.0,,,
2000-11-27,1348.969970703125,0.005351664138538936,26.93000030517578,,,
2000-11-28,1336.0899658203125,-0.009593904031944156,27.639999389648438,,,
2000-11-29,1341.9300537109375,0.004361503727298377,27.489999771118164,,,
2000-11-30,1314.949951171875,-0.02031031130031291,29.649999618530273,,,
2000-12-01,1315.22998046875,0.00021293546845591038,27.479999542236328,,,
2000-12-04,1324.969970703125,0.007378255132535649,27.780000686645508,,,
2000-12-05,1376.5400390625,0.03818333720268008,24.989999771118164,,,
2000-12-06,1351.4599609375,-0.018387672115670384,25.06999969482422,,,
2000-12-07,1343.550048828125,-0.005870059698294128,25.34000015258789,,,
2000-12-08,1369.8900146484375,0.01941505438901192,22.40999984741211,,,
2000-12-11,1380.199951171875,0.007497925487985668,23.510000228881836,,,
2000-12-12,1371.1800537109375,-0.006556658664757187,24.8799991607666,,,
2000-12-13,1359.989990234375,-0.008194382562942693,23.6299991607666,,,
2000-12-14,1340.9300537109375,-0.014113896457878639,24.860000610351562,,,
2000-12-15,1312.1500244140625,-0.021696411279964245,26.549999237060547,,,
2000-12-18,1322.739990234375,0.008038303521842316,27.700000762939453,,,
2000-12-19,1305.5999755859375,-0.013042648854882266,27.170000076293945,,,
2000-12-20,1264.739990234375,-0.031796126791936885,31.739999771118164,,,
2000-12-21,1274.8599853515625,0.007969797433424297,29.65999984741211,,,
2000-12-22,1305.949951171875,0.024094350723485647,27.549999237060547,,,
2000-12-26,1315.18994140625,0.0070503894398150635,28.729999542236328,,,
2000-12-27,1328.9200439453125,0.010385518018904527,28.139999389648438,,,
2000-12-28,1334.219970703125,0.003980214127301984,26.56999969482422,,,
2000-12-29,1320.280029296875,-0.010502971973431308,26.850000381469727,,,
2001-01-02,1283.27001953125,-0.028432334521416358,29.989999771118164,,,
2001-01-03,1347.56005859375,0.04888407020840102,26.600000381469727,,,
2001-01-04,1333.3399658203125,-0.010608546388113815,26.969999313354492,,,
2001-01-05,1298.3499755859375,-0.026592838065874425,28.670000076293945,,,
2001-01-08,1295.8599853515625,-0.001919652639159608,29.84000015258789,,,
2001-01-09,1300.800048828125,0.0038049412487950462,27.989999771118164,,,
2001-01-10,1313.27001953125,0.009540727652518122,26.799999237060547,,,
2001-01-11,1326.8199462890625,0.010264836357197993,25.790000915527344,,,
2001-01-12,1318.550048828125,-0.006252376353325317,24.559999465942383,,,
2001-01-16,1326.6500244140625,0.0061243011332487995,25.280000686645508,,,
2001-01-17,1329.469970703125,0.0021233583977826598,24.93000030517578,,,
2001-01-18,1347.969970703125,0.0138193907796893,23.3700008392334,,,
2001-01-19,1342.5400390625,-0.004036364104246459,23.239999771118164,,,
2001-01-22,1342.9000244140625,0.00026810157382772815,23.25,,,
2001-01-23,1360.4000244140625,0.012947319312043959,21.56999969482422,,,
2001-01-24,1364.300048828125,0.0028627202794231366,22.030000686645508,,,
2001-01-25,1357.510009765625,-0.004989365901461262,22.639999389648438,,,
2001-01-26,1354.949951171875,-0.0018876292301248654,22.56999969482422,,,
2001-01-29,1364.1700439453125,0.00678170005523171,22.610000610351562,,,
2001-01-30,1373.72998046875,0.006983436422109968,22.56999969482422,,,
2001-01-31,1366.010009765625,-0.005635564807286109,22.020000457763672,,,
2001-02-01,1373.469970703125,0.005446274059599077,21.65999984741211,,,
2001-02-02,1349.469970703125,-0.017628461911447957,21.950000762939453,,,
2001-02-05,1354.31005859375,0.0035802417417487575,22.190000534057617,,,
2001-02-06,1352.260009765625,-0.0015148687589014997,21.979999542236328,,,
2001-02-07,1340.8900146484375,-0.008443690523646907,21.670000076293945,,,
2001-02-08,1332.530029296875,-0.006254170660763947,21.459999084472656,,,
2001-02-09,1314.760009765625,-0.013425265966796829,22.030000686645508,,,
2001-02-12,1330.31005859375,0.011757894931235136,21.920000076293945,,,
2001-02-13,1318.800048828125,-0.008689772585959155,21.3700008392334,,,
2001-02-14,1315.9200439453125,-0.0021861950632109384,21.520000457763672,,,
2001-02-15,1326.6099853515625,0.008090730929249723,20.270000457763672,,,
2001-02-16,1301.530029296875,-0.019086287083199593,22.1200008392334,,,
2001-02-20,1278.93994140625,-0.017508953990654774,24.690000534057617,,,
2001-02-21,1255.27001953125,-0.018680859586075904,25.75,,,
2001-02-22,1252.8199462890625,-0.0019537369511644087,26.760000228881836,,,
2001-02-23,1245.8599853515625,-0.005570924750843531,27.209999084472656,,,
2001-02-26,1267.6500244140625,0.0173387691915714,25.43000030517578,,,
2001-02-27,1257.93994140625,-0.007689396127662285,26.489999771118164,,,
2001-02-28,1239.93994140625,-0.014412471713944441,28.350000381469727,,,
2001-03-01,1241.22998046875,0.0010398636283408536,28.079999923706055,,,
2001-03-02,1234.1800537109375,-0.005695982258483667,27.43000030517578,,,
2001-03-05,1241.4100341796875,0.0058410324552022885,27.1200008392334,,,
2001-03-06,1253.800048828125,0.009931120882614941,25.889999389648438,,,
2001-03-07,1261.8900146484375,0.006431629893613788,24.1200008392334,,,
2001-03-08,1264.739990234375,0.002255951040818438,24.290000915527344,,,
2001-03-09,1233.4200439453125,-0.02507572532394242,25.6200008392334,,,
2001-03-12,1180.1600341796875,-0.044140782944437795,30.31999969482422,,,
2001-03-13,1197.6600341796875,0.01471963013954003,27.549999237060547,,,
2001-03-14,1166.7099609375,-0.02618189309370944,29.610000610351562,,,
2001-03-15,1173.56005859375,0.005854125517359421,28.559999465942383,,,
2001-03-16,1150.530029296875,-0.019819182794658552,29.90999984741211,,,
2001-03-19,1170.81005859375,0.017473135776606696,29.780000686645508,,,
2001-03-20,1142.6199951171875,-0.024372000192959042,30.959999084472656,,,
2001-03-21,1122.1400146484375,-0.018086277265972228,31.93000030517578,,,
2001-03-22,1117.5799560546875,-0.004071995565796627,32.84000015258789,,,
2001-03-23,1139.8299560546875,0.019713495936903414,30.450000762939453,,,
2001-03-26,1152.68994140625,0.011219200545692587,29.040000915527344,,,
2001-03-27,1182.1700439453125,0.025253479371825094,27.040000915527344,,,
2001-03-28,1153.2900390625,-0.024733008530898992,28.579999923706055,,,
2001-03-29,1147.949951171875,-0.004641060904985395,29.170000076293945,,,
2001-03-30,1160.3299560546875,0.010726709139390778,28.639999389648438,,,
2001-04-02,1145.8699951171875,-0.012540239994866198,31.209999084472656,,,
2001-04-03,1106.4599609375,-0.03499847502245146,34.720001220703125,,,
2001-04-04,1103.25,-0.0029053253613930963,34.06999969482422,,,
2001-04-05,1151.43994140625,0.042752912917390695,29.940000534057617,,,
2001-04-06,1128.4300537109375,-0.020185948377773322,31.690000534057617,,,
2001-04-09,1137.5899658203125,0.008084625839360982,31.90999984741211,,,
2001-04-10,1168.3800048828125,0.0267062185920377,29.440000534057617,,,
2001-04-11,1165.8900146484375,-0.002133421718970574,28.459999084472656,,,
2001-04-12,1183.5,0.014991393552336696,26.1200008392334,,,
2001-04-16,1179.6800537109375,-0.003232889182608112,26.329999923706055,,,
2001-04-17,1191.81005859375,0.010229948339487649,25.610000610351562,,,
2001-04-18,1238.1600341796875,0.038153225098812804,24.1299991607666,,,
2001-04-19,1253.68994140625,0.012464721753517871,24.15999984741211,,,
2001-04-20,1242.97998046875,-0.008579449399816141,25.3799991607666,,,
2001-04-23,1224.3599853515625,-0.015093460052377772,28.15999984741211,,,
2001-04-24,1209.469970703125,-0.012236023629358606,28.489999771118164,,,
2001-04-25,1228.75,0.01581516957967999,27.399999618530273,,,
2001-04-26,1234.52001953125,0.0046848539046004944,25.959999084472656,,,
2001-04-27,1253.050048828125,0.014898371931206356,24.020000457763672,,,
2001-04-30,1249.4599609375,-0.002869191603225296,25.479999542236328,,,
2001-05-01,1266.43994140625,0.013498341704494266,24.200000762939453,,,
2001-05-02,1267.4300537109375,0.0007815020952044449,24.229999542236328,,,
2001-05-03,1248.5799560546875,-0.014984400130627407,25.780000686645508,,,
2001-05-04,1266.6099853515625,0.014337158275437467,23.90999984741211,,,
2001-05-07,1263.510009765625,-0.0024504585894220554,24.860000610351562,,,
2001-05-08,1261.199951171875,-0.0018299600937474736,24.440000534057617,,,
2001-05-09,1255.5400390625,-0.004497819936253755,24.350000381469727,,,
2001-05-10,1255.1800537109375,-0.0002867586514847531,24.0,,,
2001-05-11,1245.6700439453125,-0.007605458332040627,23.540000915527344,,,
2001-05-14,1248.9200439453125,0.0026056399843490397,24.260000228881836,,,
2001-05-15,1249.43994140625,0.0004161909984876644,23.709999084472656,,,
2001-05-16,1284.989990234375,0.028055524579750468,21.889999389648438,,,
2001-05-17,1288.489990234375,0.0027200539227152376,21.469999313354492,,,
2001-05-18,1291.9599609375,0.002689432355071908,21.229999542236328,,,
2001-05-21,1312.8299560546875,0.01602466408472214,20.760000228881836,,,
2001-05-22,1309.3800048828125,-0.0026313325125482123,21.350000381469727,,,
2001-05-23,1289.050048828125,-0.015648195622524064,22.079999923706055,,,
2001-05-24,1293.1700439453125,0.003191051471414852,20.56999969482422,,,
2001-05-25,1277.8900146484375,-0.011886310588375082,20.600000381469727,,,
2001-05-29,1267.9300537109375,-0.007824599921463005,22.139999389648438,,,
2001-05-30,1248.0799560546875,-0.015779356558458524,22.760000228881836,,,
2001-05-31,1255.8199462890625,0.006182367657796561,22.639999389648438,,,
2001-06-01,1260.6700439453125,0.003854657622684776,21.59000015258789,,,
2001-06-04,1267.1099853515625,0.0050953447410035935,21.3799991607666,,,
2001-06-05,1283.5699462890625,0.012906511100564622,19.579999923706055,,,
2001-06-06,1270.030029296875,-0.010604671061964943,20.389999389648438,,,
2001-06-07,1276.9599609375,0.005441677248723131,19.670000076293945,,,
2001-06-08,1264.9599609375,-0.009441752309570894,19.920000076293945,,,
2001-06-11,1254.3900146484375,-0.008391059924567124,20.700000762939453,,,
2001-06-12,1255.8499755859375,0.0011632044010099207,20.700000762939453,,,
2001-06-13,1241.5999755859375,-0.011411763938773412,21.450000762939453,,,
2001-06-14,1219.8699951171875,-0.017656559095685864,23.1200008392334,,,
2001-06-15,1214.3599853515625,-0.004527114710082714,22.809999465942383,,,
2001-06-18,1208.4300537109375,-0.004895136092087249,23.170000076293945,,,
2001-06-19,1212.5799560546875,0.003428243907660722,22.34000015258789,,,
2001-06-20,1223.1400146484375,0.008671049944743991,21.709999084472656,,,
2001-06-21,1237.0400390625,0.011300126024453405,19.3799991607666,,,
2001-06-22,1225.3499755859375,-0.009494963212735463,20.020000457763672,,,
2001-06-25,1218.5999755859375,-0.005523858751956823,20.670000076293945,,,
2001-06-26,1216.760009765625,-0.001511042458997025,21.200000762939453,,,
2001-06-27,1211.0699462890625,-0.004687374320122117,20.8799991607666,,,
2001-06-28,1226.199951171875,0.012415694507143193,20.010000228881836,,,
2001-06-29,1224.3800048828125,-0.0014853191132644383,19.059999465942383,,,
2001-07-02,1236.719970703125,0.010028092604268402,18.760000228881836,,,
2001-07-03,1234.449951171875,-0.001837202816089345,18.920000076293945,,,
2001-07-05,1219.239990234375,-0.01239778139926706,20.09000015258789,,,
2001-07-06,1190.5899658203125,-0.023778751934215414,21.6299991607666,,,
2001-07-09,1198.780029296875,0.006855443542898243,22.479999542236328,,,
2001-07-10,1181.52001953125,-0.01450263574356292,23.25,,,
2001-07-11,1180.1800537109375,-0.001134746938680209,24.010000228881836,,,
2001-07-12,1208.1400146484375,0.023414984234096714,22.09000015258789,,,
2001-07-13,1215.6800537109375,0.006221636236981354,21.139999389648438,,,
2001-07-16,1202.449951171875,-0.010942533714402458,22.90999984741211,,,
2001-07-17,1214.43994140625,0.009921915461124975,22.610000610351562,,,
2001-07-18,1207.7099609375,-0.005557044822974255,23.600000381469727,,,
2001-07-19,1215.02001953125,0.006034581514543724,22.510000228881836,,,
2001-07-20,1210.8499755859375,-0.003437981475594931,22.34000015258789,,,
2001-07-23,1191.030029296875,-0.01650406859088971,23.739999771118164,,,
2001-07-24,1171.6500244140625,-0.016405470991123217,25.239999771118164,,,
2001-07-25,1190.489990234375,0.01595194629485519,24.0,,,
2001-07-26,1202.9300537109375,0.010395313211513546,23.010000228881836,,,
2001-07-27,1205.8199462890625,0.002399496805140622,22.0,,,
2001-07-30,1204.52001953125,-0.0010786253410532964,22.690000534057617,,,
2001-07-31,1211.22998046875,0.005555192543405418,21.6200008392334,,,
2001-08-01,1215.9300537109375,0.003872904176774661,20.559999465942383,,,
2001-08-02,1220.75,0.003956163689383452,20.09000015258789,,,
2001-08-03,1214.3499755859375,-0.005256489848173729,19.889999389648438,,,
2001-08-06,1200.47998046875,-0.011487473565710893,21.889999389648438,,,
2001-08-07,1204.4000244140625,0.0032600773504194436,21.010000228881836,,,
2001-08-08,1183.530029296875,-0.01748001494926754,22.31999969482422,,,
2001-08-09,1183.4300537109375,-8.447593748162063e-05,21.75,,,
2001-08-10,1190.1600341796875,0.005670733575997566,20.549999237060547,,,
2001-08-13,1191.2900390625,0.0009490058013961189,20.420000076293945,,,
2001-08-14,1186.72998046875,-0.003835177286675595,20.479999542236328,,,
2001-08-15,1178.02001953125,-0.007366529506445119,20.90999984741211,,,
2001-08-16,1181.6600341796875,0.003085178882578532,21.540000915527344,,,
2001-08-17,1161.969970703125,-0.016803443148875274,23.84000015258789,,,
2001-08-20,1171.4100341796875,0.008091365281536866,22.8700008392334,,,
2001-08-21,1157.260009765625,-0.012153030103248419,24.399999618530273,,,
2001-08-22,1165.31005859375,0.006932045817424459,22.440000534057617,,,
2001-08-23,1162.0899658203125,-0.0027671176371324435,22.229999542236328,,,
2001-08-24,1184.9300537109375,0.01946366775472086,19.709999084472656,,,
2001-08-27,1179.2099609375,-0.004839056824065935,20.559999465942383,,,
2001-08-28,1161.510009765625,-0.015123798461059046,22.0,,,
2001-08-29,1148.56005859375,-0.011211856303304124,23.030000686645508,,,
2001-08-30,1129.030029296875,-0.017150151901287103,25.40999984741211,,,
2001-08-31,1133.5799560546875,0.004021844613325776,24.920000076293945,,,
2001-09-04,1132.93994140625,-0.0005647553909984282,25.850000381469727,,,
2001-09-05,1131.739990234375,-0.0010597093809190383,26.350000381469727,,,
2001-09-06,1106.4000244140625,-0.02264473935775957,28.610000610351562,,,
2001-09-07,1085.780029296875,-0.018812873731180346,30.989999771118164,,,
2001-09-10,1092.5400390625,0.006206646640061209,31.84000015258789,,,
2001-09-17,1038.77001953125,-0.05046795662810677,41.7599983215332,,,
2001-09-18,1032.739990234375,-0.005821884809079414,38.869998931884766,,,
2001-09-19,1016.0999755859375,-0.016243709423848784,40.560001373291016,,,
2001-09-20,984.5399780273438,-0.031552519767185316,43.7400016784668,,,
2001-09-21,965.7999877929688,-0.01921774389727915,42.65999984741211,,,
2001-09-24,1003.4500122070312,0.03824259274960706,37.75,,,
2001-09-25,1012.27001953125,0.008751278426766262,35.810001373291016,,,
2001-09-26,1007.0399780273438,-0.005180039919528312,35.2599983215332,,,
2001-09-27,1018.6099853515625,0.011423625360937883,34.0,,,
2001-09-28,1040.93994140625,0.021685156359093405,31.93000030517578,,,
2001-10-01,1038.550048828125,-0.002298538239235981,32.31999969482422,,,
2001-10-02,1051.3299560546875,0.012230430935282754,31.18000030517578,,,
2001-10-03,1072.280029296875,0.019731262404343752,31.34000015258789,,,
2001-10-04,1069.6300048828125,-0.002474451049697457,31.969999313354492,,,
2001-10-05,1071.3800048828125,0.001634742837950398,33.38999938964844,,,
2001-10-08,1062.43994140625,-0.0083794472000287,35.119998931884766,,,
2001-10-09,1056.75,-0.005369934018738753,34.83000183105469,,,
2001-10-10,1080.989990234375,0.022679118421755184,31.600000381469727,,,
2001-10-11,1097.4300537109375,0.015093852667844132,31.5,,,
2001-10-12,1091.6500244140625,-0.0052807960630048,35.27000045776367,,,
2001-10-15,1089.97998046875,-0.0015310059614019877,35.310001373291016,,,
2001-10-16,1097.5400390625,0.00691201783328399,32.880001068115234,,,
2001-10-17,1077.0899658203125,-0.018808418954138872,35.08000183105469,,,
2001-10-18,1068.6099853515625,-0.007904203580732627,34.95000076293945,,,
2001-10-19,1073.47998046875,0.004546964493033379,34.11000061035156,,,
2001-10-22,1089.9000244140625,0.015180281992005717,32.25,,,
2001-10-23,1084.780029296875,-0.004708742850334957,32.0,,,
2001-10-24,1085.199951171875,0.00038702834498138827,30.950000762939453,,,
2001-10-25,1100.0899658203125,0.013627706761264236,29.459999084472656,,,
2001-10-26,1104.6099853515625,0.004100354664347883,28.420000076293945,,,
2001-10-29,1078.300048828125,-0.02410654604527096,31.639999389648438,,,
2001-10-30,1059.7900390625,-0.01731496004026223,33.459999084472656,,,
2001-10-31,1059.780029296875,-9.44509056299836e-06,33.560001373291016,,,
2001-11-01,1084.0999755859375,0.02268876010742016,32.310001373291016,,,
2001-11-02,1087.199951171875,0.0028554117779924226,30.709999084472656,,,
2001-11-05,1102.8399658203125,0.014283100883702993,30.5,,,
2001-11-06,1118.8599853515625,0.014421656876812072,28.799999237060547,,,
2001-11-07,1115.800048828125,-0.002738616513563663,29.1299991607666,,,
2001-11-08,1118.5400390625,0.002452618222911873,28.6200008392334,,,
2001-11-09,1120.31005859375,0.0015811866117161344,27.440000534057617,,,
2001-11-12,1118.3299560546875,-0.0017690231948774837,29.350000381469727,,,
2001-11-13,1139.0899658203125,0.018393206188873634,26.469999313354492,,,
2001-11-14,1141.2099609375,0.001859400777162179,26.559999465942383,,,
2001-11-15,1142.239990234375,0.0009021694267561386,25.559999465942383,,,
2001-11-16,1138.6500244140625,-0.003147866632490448,25.06999969482422,,,
2001-11-19,1151.06005859375,0.010839936279118945,24.459999084472656,,,
2001-11-20,1142.6600341796875,-0.007324400212031179,24.1200008392334,,,
2001-11-21,1137.030029296875,-0.004939282246342103,24.190000534057617,,,
2001-11-23,1150.3399658203125,0.011637895729166736,23.25,,,
2001-11-26,1157.4200439453125,0.00613590694733368,23.790000915527344,,,
2001-11-27,1149.5,-0.0068663628661314036,24.0,,,
2001-11-28,1128.52001953125,-0.018420008155056955,25.899999618530273,,,
2001-11-29,1140.199951171875,0.010296585725125595,25.18000030517578,,,
2001-11-30,1139.449951171875,-0.000657995796888855,23.84000015258789,,,
2001-12-03,1129.9000244140625,-0.00841649215393847,25.770000457763672,,,
2001-12-04,1144.800048828125,0.013100837071863936,24.079999923706055,,,
2001-12-05,1170.3499755859375,0.02207283660109205,23.020000457763672,,,
2001-12-06,1167.0999755859375,-0.002780809995694966,23.709999084472656,,,
2001-12-07,1158.31005859375,-0.007559921671188796,23.489999771118164,,,
2001-12-10,1139.9300537109375,-0.015995192716303563,25.6200008392334,,,
2001-12-11,1136.760009765625,-0.002784784846049604,25.299999237060547,,,
2001-12-12,1137.0699462890625,0.00027261187630323036,24.8700008392334,,,
2001-12-13,1119.3800048828125,-0.015679766197094658,25.90999984741211,,,
2001-12-14,1123.0899658203125,0.0033088196236992218,24.6299991607666,,,
2001-12-17,1134.3599853515625,0.009984817742794583,24.260000228881836,,,
2001-12-18,1142.9200439453125,0.007517827232349283,23.290000915527344,,,
2001-12-19,1149.56005859375,0.005792881874600475,22.579999923706055,,,
2001-12-20,1139.9300537109375,-0.008412407306602532,23.670000076293945,,,
2001-12-21,1144.8900146484375,0.004341671186717022,22.5,,,
2001-12-24,1144.6500244140625,-0.0002096405663660761,22.6200008392334,,,
2001-12-26,1149.3699951171875,0.004115027177954644,22.290000915527344,,,
2001-12-27,1157.1300048828125,0.006728843741586665,21.59000015258789,,,
2001-12-28,1161.02001953125,0.0033561402487247705,21.399999618530273,,,
2001-12-31,1148.0799560546875,-0.011208002315409082,23.799999237060547,,,
2002-01-02,1154.6700439453125,0.005723683319385664,22.709999084472656,,,
2002-01-03,1165.27001953125,0.009138209660629393,21.34000015258789,,,
2002-01-04,1172.510009765625,0.006193921832063687,20.450000762939453,,,
2002-01-07,1164.8900146484375,-0.006520083881542682,21.940000534057617,,,
2002-01-08,1160.7099609375,-0.003594821341844856,21.829999923706055,,,
2002-01-09,1155.1400146484375,-0.004810291761542018,22.1299991607666,,,
2002-01-10,1156.550048828125,0.0012199164384814054,22.360000610351562,,,
2002-01-11,1145.5999755859375,-0.009512981955861477,22.600000381469727,,,
2002-01-14,1138.4100341796875,-0.006295913875495884,23.579999923706055,,,
2002-01-15,1146.18994140625,0.00681076545850523,22.700000762939453,,,
2002-01-16,1127.5699462890625,-0.016378520405579522,23.450000762939453,,,
2002-01-17,1138.8800048828125,0.009980500536555859,22.25,,,
2002-01-18,1127.5799560546875,-0.009971623285767173,22.520000457763672,,,
2002-01-22,1119.31005859375,-0.0073612279647568,23.610000610351562,,,
2002-01-23,1128.1800537109375,0.00789328604523476,21.8799991607666,,,
2002-01-24,1132.1500244140625,0.003512738978946217,21.149999618530273,,,
2002-01-25,1133.280029296875,0.0009976074738462515,21.010000228881836,,,
2002-01-28,1133.06005859375,-0.00019411976604111203,21.139999389648438,,,
2002-01-29,1100.6400146484375,-0.029030147003949125,24.350000381469727,,,
2002-01-30,1113.5699462890625,0.011679180242277099,23.219999313354492,,,
2002-01-31,1130.199951171875,0.014823542663659595,21.09000015258789,,,
2002-02-01,1122.199951171875,-0.0071035641868597565,21.1200008392334,,,
2002-02-04,1094.43994140625,-0.025048237435489895,24.8700008392334,,,
2002-02-05,1090.02001953125,-0.0040467007733511196,25.450000762939453,,,
2002-02-06,1083.510009765625,-0.0059902823008499695,26.09000015258789,,,
2002-02-07,1080.1700439453125,-0.003087303473981784,25.110000610351562,,,
2002-02-08,1096.219970703125,0.014749394743924782,23.260000228881836,,,
2002-02-11,1111.93994140625,0.014238313259156143,21.780000686645508,,,
2002-02-12,1107.5,-0.004000961905916256,21.6200008392334,,,
2002-02-13,1118.510009765625,0.009892228247223578,20.850000381469727,,,
2002-02-14,1116.47998046875,-0.0018165896617015065,21.770000457763672,,,
2002-02-15,1104.1800537109375,-0.011077834836375366,22.3700008392334,,,
2002-02-19,1083.3399658203125,-0.019054196735831752,24.43000030517578,,,
2002-02-20,1097.97998046875,0.013423280246380287,22.65999984741211,,,
2002-02-21,1080.949951171875,-0.015631871250006313,23.799999237060547,,,
2002-02-22,1089.8399658203125,0.008190626166710402,22.860000610351562,,,
2002-02-25,1109.4300537109375,0.017815553217048752,21.84000015258789,,,
2002-02-26,1109.3800048828125,-4.5113215472625257e-05,21.68000030517578,,,
2002-02-27,1109.8900146484375,0.0004596193974730767,21.489999771118164,,,
2002-02-28,1106.72998046875,-0.002851220621874262,21.59000015258789,,,
2002-03-01,1131.780029296875,0.022381936598485197,19.959999084472656,,,
2002-03-04,1153.8399658203125,0.019303840181350118,20.5,,,
2002-03-05,1146.1400146484375,-0.006695693009898918,20.299999237060547,,,
2002-03-06,1162.77001953125,0.014405318712671367,19.940000534057617,,,
2002-03-07,1157.5400390625,-0.004508009010616654,20.040000915527344,,,
2002-03-08,1164.31005859375,0.0058315898377703235,19.270000457763672,,,
2002-03-11,1168.260009765625,0.003386783532077331,19.84000015258789,,,
2002-03-12,1165.5799560546875,-0.002296691228401926,19.59000015258789,,,
2002-03-13,1154.0899658203125,-0.00990665447403849,19.459999084472656,,,
2002-03-14,1153.0400390625,-0.0009101583595807483,19.200000762939453,,,
2002-03-15,1166.1600341796875,0.011314362422678137,18.420000076293945,,,
2002-03-18,1165.550048828125,-0.0005232085840543022,18.93000030517578,,,
2002-03-19,1170.2900390625,0.004058494213817099,18.15999984741211,,,
2002-03-20,1151.8499755859375,-0.015882290455984105,18.459999084472656,,,
2002-03-21,1153.5899658203125,0.0015094650990494785,18.149999618530273,,,
2002-03-22,1148.699951171875,-0.004247963704122171,17.770000457763672,,,
2002-03-25,1131.8699951171875,-0.014759697779003211,18.479999542236328,,,
2002-03-26,1138.489990234375,0.005831686535412217,18.1299991607666,,,
2002-03-27,1144.5799560546875,0.005334904674459295,17.700000762939453,,,
2002-03-28,1147.3900146484375,0.0024520914651455783,17.399999618530273,,,
2002-04-01,1146.5400390625,-0.0007410649888486276,18.729999542236328,,,
2002-04-02,1136.760009765625,-0.008566626285035461,19.15999984741211,,,
2002-04-03,1125.4000244140625,-0.010043569573342737,20.200000762939453,,,
2002-04-04,1126.3399658203125,0.000834857900930075,19.780000686645508,,,
2002-04-05,1122.72998046875,-0.0032102055853968636,19.1299991607666,,,
2002-04-08,1125.2900390625,0.0022776129022021863,19.610000610351562,,,
2002-04-09,1117.800048828125,-0.006678303392647855,19.469999313354492,,,
2002-04-10,1130.469970703125,0.011270938001751496,18.190000534057617,,,
2002-04-11,1103.68994140625,-0.02397439130394652,20.299999237060547,,,
2002-04-12,1111.010009765625,0.0066104620733282715,19.420000076293945,,,
2002-04-15,1102.550048828125,-0.007643797235957983,19.81999969482422,,,
2002-04-16,1128.3699951171875,0.02314838607707781,18.110000610351562,,,
2002-04-17,1126.0699462890625,-0.0020404620978355936,18.43000030517578,,,
2002-04-18,1124.469970703125,-0.0014218595665962397,19.290000915527344,,,
2002-04-19,1125.1700439453125,0.0006223869243324742,18.299999237060547,,,
2002-04-22,1107.8299560546875,-0.015531067125200693,19.770000457763672,,,
2002-04-23,1100.9599609375,-0.006220616291123804,20.280000686645508,,,
2002-04-24,1093.1400146484375,-0.007128188767791421,20.770000457763672,,,
2002-04-25,1091.47998046875,-0.001519746686291512,20.950000762939453,,,
2002-04-26,1076.3199462890625,-0.01398679014478077,22.139999389648438,,,
2002-04-29,1065.449951171875,-0.010150566091620128,24.049999237060547,,,
2002-04-30,1076.9200439453125,0.010707956512110428,21.90999984741211,,,
2002-05-01,1086.4599609375,0.008819512806963026,20.059999465942383,,,
2002-05-02,1084.56005859375,-0.0017502398058626412,20.06999969482422,,,
2002-05-03,1073.4300537109375,-0.010315249832961726,20.190000534057617,,,
2002-05-06,1052.6700439453125,-0.019529343513434938,22.559999465942383,,,
2002-05-07,1049.489990234375,-0.003025512886755344,21.940000534057617,,,
2002-05-08,1088.8499755859375,0.03681774841373464,20.389999389648438,,,
2002-05-09,1073.010009765625,-0.01465427862416746,21.559999465942383,,,
2002-05-10,1054.989990234375,-0.016936513417259214,22.40999984741211,,,
2002-05-13,1074.56005859375,0.01838005104159901,20.719999313354492,,,
2002-05-14,1097.280029296875,0.020923086996845974,19.350000381469727,,,
2002-05-15,1091.0699462890625,-0.0056756001071534,19.190000534057617,,,
2002-05-16,1098.22998046875,0.006540958248933748,18.5,,,
2002-05-17,1106.5899658203125,0.007583408730941876,17.700000762939453,,,
2002-05-20,1091.8800048828125,-0.013382198218289787,19.239999771118164,,,
2002-05-21,1079.8800048828125,-0.01105105727304867,20.049999237060547,,,
2002-05-22,1086.02001953125,0.005669727159328453,19.579999923706055,,,
2002-05-23,1097.0799560546875,0.01013240920708025,18.229999542236328,,,
2002-05-24,1083.8199462890625,-0.012160276727985142,18.899999618530273,,,
2002-05-28,1074.550048828125,-0.00858977328215893,20.309999465942383,,,
2002-05-29,1067.6600341796875,-0.006432644922662156,20.389999389648438,,,
2002-05-30,1064.6600341796875,-0.0028138383387537047,20.610000610351562,,,
2002-05-31,1067.1400146484375,0.0023266549682814386,19.979999542236328,,,
2002-06-03,1040.6800537109375,-0.025107789182229112,23.3700008392334,,,
2002-06-04,1040.68994140625,9.50114139808278e-06,23.889999389648438,,,
2002-06-05,1049.9000244140625,0.008811046396816735,22.610000610351562,,,
2002-06-06,1029.1500244140625,-0.019961702247038637,24.15999984741211,,,
2002-06-07,1027.530029296875,-0.0015753499911639324,23.510000228881836,,,
2002-06-10,1030.739990234375,0.003119088855631169,23.719999313354492,,,
2002-06-11,1013.5999755859375,-0.01676865547158446,24.450000762939453,,,
2002-06-12,1020.260009765625,0.006549180408375932,24.149999618530273,,,
2002-06-13,1009.5599975585938,-0.010542916396382829,25.020000457763672,,,
2002-06-14,1007.27001953125,-0.0022708696241418025,25.959999084472656,,,
2002-06-17,1036.1700439453125,0.028287545124793922,24.639999389648438,,,
2002-06-18,1037.1400146484375,0.0009356736295860202,24.239999771118164,,,
2002-06-19,1019.989990234375,-0.01667412532821988,26.059999465942383,,,
2002-06-20,1006.2899780273438,-0.013522535074270259,27.479999542236328,,,
2002-06-21,989.1400146484375,-0.017189664118057557,27.229999542236328,,,
2002-06-24,992.719970703125,0.0036127274125172804,26.979999542236328,,,
2002-06-25,976.1400146484375,-0.01684258719901699,27.84000015258789,,,
2002-06-26,973.530029296875,-0.00267736268376062,28.420000076293945,,,
2002-06-27,990.6400146484375,0.017422542621820192,26.290000915527344,,,
2002-06-28,989.8200073242188,-0.0008280978782515547,25.399999618530273,,,
2002-07-01,968.6500244140625,-0.02161974107826481,27.110000610351562,,,
2002-07-02,948.0900268554688,-0.021453911953627447,28.959999084472656,,,
2002-07-03,953.989990234375,0.006203716192900721,29.420000076293945,,,
2002-07-05,989.030029296875,0.036071515478413474,27.110000610351562,,,
2002-07-08,976.97998046875,-0.01225853344212613,28.25,,,
2002-07-09,952.8300170898438,-0.02502963938534286,30.219999313354492,,,
2002-07-10,920.469970703125,-0.03455214429668363,34.099998474121094,,,
2002-07-11,927.3699951171875,0.0074682403370207595,33.849998474121094,,,
2002-07-12,921.3900146484375,-0.006469202376314875,32.939998626708984,,,
2002-07-15,917.9299926757812,-0.003762288280677595,35.029998779296875,,,
2002-07-16,900.9400024414062,-0.018682461584746513,36.650001525878906,,,
2002-07-17,906.0399780273438,0.005644765501472193,35.45000076293945,,,
2002-07-18,881.5599975585938,-0.02739036837838249,35.119998931884766,,,
2002-07-19,847.75,-0.03910728154332688,38.16999816894531,,,
2002-07-22,819.8499755859375,-0.0334644140885656,41.869998931884766,,,
2002-07-23,797.7000122070312,-0.02738876469731455,44.91999816894531,,,
2002-07-24,843.4299926757812,0.055744300086780996,39.86000061035156,,,
2002-07-25,838.6799926757812,-0.005647683762642686,39.27000045776367,,,
2002-07-26,852.8400268554688,0.016742769572254623,35.5099983215332,,,
2002-07-29,898.9600219726562,0.05266657592569235,31.329999923706055,,,
2002-07-30,902.780029296875,0.004240359807040406,31.920000076293945,,,
2002-07-31,911.6199951171875,0.009744307372802297,32.029998779296875,,,
2002-08-01,884.6599731445312,-0.030019871177998425,36.95000076293945,,,
2002-08-02,864.239990234375,-0.023352863334736185,41.290000915527344,,,
2002-08-05,834.5999755859375,-0.03489795780402094,45.08000183105469,,,
2002-08-06,859.5700073242188,0.029479733821624166,42.029998779296875,,,
2002-08-07,876.77001953125,0.01981244982962771,38.72999954223633,,,
2002-08-08,905.4600219726562,0.03219840356906545,36.33000183105469,,,
2002-08-09,908.6400146484375,0.003505866125041557,35.33000183105469,,,
2002-08-12,903.7999877929688,-0.005340908779561282,37.04999923706055,,,
2002-08-13,884.2100219726562,-0.02191346763415858,35.81999969482422,,,
2002-08-14,919.6199951171875,0.039265920092593554,32.36000061035156,,,
2002-08-15,930.25,0.011492831297458928,29.43000030517578,,,
2002-08-16,928.77001953125,-0.001592216077143327,28.809999465942383,,,
2002-08-19,950.7000122070312,0.023337417055441456,28.610000610351562,,,
2002-08-20,937.4299926757812,-0.014056487627908787,29.59000015258789,,,
2002-08-21,949.3599853515625,0.012645977349959203,28.229999542236328,,,
2002-08-22,962.7000122070312,0.01395379153683507,27.75,,,
2002-08-23,940.8599853515625,-0.022947514412120285,29.31999969482422,,,
2002-08-26,947.9500122070312,0.007507436073546536,29.889999389648438,,,
2002-08-27,934.8200073242188,-0.013947765903818521,30.110000610351562,,,
2002-08-28,917.8699951171875,-0.018298242149143995,33.31999969482422,,,
2002-08-29,917.7999877929688,-7.627441196333962e-05,33.66999816894531,,,
2002-08-30,916.0700073242188,-0.0018866996968505134,32.63999938964844,,,
2002-09-03,878.02001953125,-0.042423394299954786,39.970001220703125,,,
2002-09-04,893.4000244140625,0.017365041581542506,37.439998626708984,,,
2002-09-05,879.1500244140625,-0.01607887688452969,38.86000061035156,,,
2002-09-06,893.9199829101562,0.016660707232348138,36.33000183105469,,,
2002-09-09,902.9600219726562,0.010062013388429492,36.45000076293945,,,
2002-09-10,909.5800170898438,0.007304693315016486,35.08000183105469,,,
2002-09-11,909.4500122070312,-0.0001429386881355299,34.810001373291016,,,
2002-09-12,886.9099731445312,-0.025096553340929972,37.5,,,
2002-09-13,889.8099975585938,0.0032644727782571437,35.81999969482422,,,
2002-09-16,891.0999755859375,0.001448673175396209,36.7400016784668,,,
2002-09-17,873.52001953125,-0.01992557915594695,38.0099983215332,,,
2002-09-18,869.4600219726562,-0.004658693507558098,37.52000045776367,,,
2002-09-19,843.3200073242188,-0.030525863220725924,40.650001525878906,,,
2002-09-20,845.3900146484375,0.0024515853332545134,38.97999954223633,,,
2002-09-23,833.7000122070312,-0.013924436611466362,39.68000030517578,,,
2002-09-24,819.2899780273438,-0.017435555345741705,40.52000045776367,,,
2002-09-25,839.6599731445312,0.024558931297823605,37.33000183105469,,,
2002-09-26,854.9500122070312,0.018045985962022115,34.599998474121094,,,
2002-09-27,827.3699951171875,-0.032791012662390706,36.970001220703125,,,
2002-09-30,815.280029296875,-0.014720340855098435,39.689998626708984,,,
2002-10-01,847.9099731445312,0.0392428179562998,34.119998931884766,,,
2002-10-02,827.9099731445312,-0.023870046023859004,36.83000183105469,,,
2002-10-03,818.9500122070312,-0.010881373553520035,37.310001373291016,,,
2002-10-04,800.5800170898438,-0.022686560504886266,39.459999084472656,,,
2002-10-07,785.280029296875,-0.01929610693916839,42.63999938964844,,,
2002-10-08,798.5499877929688,0.016757188425779113,41.02000045776367,,,
2002-10-09,776.760009765625,-0.027666132898148454,42.130001068115234,,,
2002-10-10,803.9199829101562,0.03436830556488868,37.54999923706055,,,
2002-10-11,835.3200073242188,0.038315153254171896,35.70000076293945,,,
2002-10-14,841.4400024414062,0.007299819005761599,36.040000915527344,,,
2002-10-15,881.27001953125,0.04624935832453225,34.02000045776367,,,
2002-10-16,860.02001953125,-0.024408403565706394,36.0,,,
2002-10-17,879.2000122070312,0.0220567494723376,34.099998474121094,,,
2002-10-18,884.3900146484375,0.005885741408169665,33.529998779296875,,,
2002-10-21,899.719970703125,0.017185412864054506,33.11000061035156,,,
2002-10-22,890.1599731445312,-0.01068237956569984,34.09000015258789,,,
2002-10-23,896.1400146484375,0.00669547543513449,33.20000076293945,,,
2002-10-24,882.5,-0.015337878307867037,34.029998779296875,,,
2002-10-25,897.6500244140625,0.0170214757071383,30.0,,,
2002-10-28,890.22998046875,-0.008300430148164395,31.06999969482422,,,
2002-10-29,882.1500244140625,-0.009117697116715284,32.27000045776367,,,
2002-10-30,890.7100219726562,0.009656784918520955,31.229999542236328,,,
2002-10-31,885.760009765625,-0.005572877593899683,31.139999389648438,,,
2002-11-01,900.9600219726562,0.017014841320024843,29.299999237060547,,,
2002-11-04,908.3499755859375,0.008168854113023372,30.81999969482422,,,
2002-11-05,915.3900146484375,0.007720479968744698,31.229999542236328,,,
2002-11-06,923.760009765625,0.009102088239079542,30.729999542236328,,,
2002-11-07,902.6500244140625,-0.023117399785439474,31.420000076293945,,,
2002-11-08,894.739990234375,-0.00880174606679951,29.40999984741211,,,
2002-11-11,876.1900024414062,-0.020950197181330843,31.299999237060547,,,
2002-11-12,882.9500122070312,0.007685622502779488,30.579999923706055,,,
2002-11-13,882.530029296875,-0.0004757719240151559,31.239999771118164,,,
2002-11-14,904.27001953125,0.024335194203291444,28.670000076293945,,,
2002-11-15,909.8300170898438,0.006129777692192917,26.649999618530273,,,
2002-11-18,900.3599853515625,-0.010463120579778717,27.65999984741211,,,
2002-11-19,896.739990234375,-0.004028712996013262,27.40999984741211,,,
2002-11-20,914.1500244140625,0.01922874440126776,25.31999969482422,,,
2002-11-21,933.760009765625,0.021224757871395994,23.809999465942383,,,
2002-11-22,930.5499877929688,-0.0034436602808645134,23.15999984741211,,,
2002-11-25,932.8699951171875,0.00249005435622518,24.06999969482422,,,
2002-11-26,913.3099975585938,-0.021190490158846664,25.969999313354492,,,
2002-11-27,938.8699951171875,0.02760165899942635,27.25,,,
2002-11-29,936.3099975585938,-0.002730403650863522,27.5,,,
2002-12-02,934.530029296875,-0.0019028551594493237,27.459999084472656,,,
2002-12-03,920.75,-0.01485520513320715,28.329999923706055,,,
2002-12-04,917.5800170898438,-0.0034487671121796737,28.920000076293945,,,
2002-12-05,906.5499877929688,-0.012093615806548108,30.100000381469727,,,
2002-12-06,912.22998046875,0.006245957444590999,28.8799991607666,,,
2002-12-09,892.0,-0.022425997271028564,30.780000686645508,,,
2002-12-10,904.4500122070312,0.013860905064269069,28.760000228881836,,,
2002-12-11,904.9600219726562,0.0005637304640710994,27.760000228881836,,,
2002-12-12,901.5800170898438,-0.0037419694595453024,27.290000915527344,,,
2002-12-13,889.47998046875,-0.013511798295627209,28.18000030517578,,,
2002-12-16,910.4000244140625,0.023247089835741086,26.239999771118164,,,
2002-12-17,902.989990234375,-0.008172621845138117,26.65999984741211,,,
2002-12-18,891.1199951171875,-0.013232375286256648,28.290000915527344,,,
2002-12-19,884.25,-0.007739264971933224,30.209999084472656,,,
2002-12-20,895.760009765625,0.012932702768406301,26.709999084472656,,,
2002-12-23,897.3800048828125,0.0018068812749731933,26.200000762939453,,,
2002-12-24,892.469970703125,-0.0054865453122330266,26.489999771118164,,,
2002-12-26,889.6599731445312,-0.00315352973785199,27.3700008392334,,,
2002-12-27,875.4000244140625,-0.016158384433054174,29.549999237060547,,,
2002-12-30,879.3900146484375,0.004547549304138698,29.6200008392334,,,
2002-12-31,879.8200073242188,0.0004888474701409962,28.6200008392334,,,
2003-01-02,909.030029296875,0.03266077974182302,25.389999389648438,,,
2003-01-03,908.5900268554688,-0.00048415228310449976,24.68000030517578,,,
2003-01-06,929.010009765625,0.02222553665158511,24.90999984741211,,,
2003-01-07,922.9299926757812,-0.00656612949267199,25.1299991607666,,,
2003-01-08,909.9299926757812,-0.014185718611711806,25.530000686645508,,,
2003-01-09,927.5700073242188,0.01920060580196381,24.25,,,
2003-01-10,927.5700073242188,0.0,24.31999969482422,,,
2003-01-13,926.260009765625,-0.0014132879115829056,24.899999618530273,,,
2003-01-14,931.6599731445312,0.005812929118617305,24.56999969482422,,,
2003-01-15,918.219970703125,-0.014530931016390802,25.510000228881836,,,
2003-01-16,914.5999755859375,-0.003950196888387936,25.010000228881836,,,
2003-01-17,901.780029296875,-0.014116164167858436,25.700000762939453,,,
2003-01-21,887.6199951171875,-0.015826902386451458,27.59000015258789,,,
2003-01-22,878.3599853515625,-0.010487202275180962,29.010000228881836,,,
2003-01-23,887.3400268554688,0.010171737971112371,27.530000686645508,,,
2003-01-24,861.4000244140625,-0.02966925270955567,31.510000228881836,,,
2003-01-27,847.47998046875,-0.01629178385249297,34.689998626708984,,,
2003-01-28,858.5399780273438,0.012966029443826521,31.93000030517578,,,
2003-01-29,864.3599853515625,0.006756085188474259,31.260000228881836,,,
2003-01-30,844.6099853515625,-0.023114366731580738,31.31999969482422,,,
2003-01-31,855.7000122070312,0.013044896679016205,31.170000076293945,,,
2003-02-03,860.3200073242188,0.005384559885174944,31.020000457763672,,,
2003-02-04,848.2000122070312,-0.014187950142553696,32.7599983215332,,,
2003-02-05,843.5900268554688,-0.005449845022301503,33.040000915527344,,,
2003-02-06,838.1500244140625,-0.006469515204080345,33.349998474121094,,,
2003-02-07,829.6900024414062,-0.010144971214752552,34.0099983215332,,,
2003-02-10,835.969970703125,0.007540552236936726,33.9900016784668,,,
2003-02-11,829.2000122070312,-0.008131296944902111,33.68000030517578,,,
2003-02-12,818.6799926757812,-0.012768117118207023,34.33000183105469,,,
2003-02-13,817.3699951171875,-0.0016014154192465213,33.70000076293945,,,
2003-02-14,834.8900146484375,0.021208134445614313,32.619998931884766,,,
2003-02-18,851.1699829101562,0.019311856336077682,31.110000610351562,,,
2003-02-19,845.1300048828125,-0.007121386071816893,31.309999465942383,,,
2003-02-20,837.0999755859375,-0.00954695895454094,31.15999984741211,,,
2003-02-21,848.1699829101562,0.013137558748210765,30.25,,,
2003-02-24,832.5800170898438,-0.01855173338904237,31.979999542236328,,,
2003-02-25,838.5700073242188,0.007168735061912734,31.739999771118164,,,
2003-02-26,827.5499877929688,-0.01322855528630118,31.940000534057617,,,
2003-02-27,837.280029296875,0.011689063978691294,30.530000686645508,,,
2003-02-28,841.1500244140625,0.004611454575361051,29.6299991607666,,,
2003-03-03,834.8099975585938,-0.00756588106589362,30.43000030517578,,,
2003-03-04,821.989990234375,-0.015475933472307801,31.829999923706055,,,
2003-03-05,829.8499755859375,0.009516714495285683,30.3799991607666,,,
2003-03-06,822.0999755859375,-0.009382919685982927,31.3700008392334,,,
2003-03-07,828.8900146484375,0.008225461554721925,31.079999923706055,,,
2003-03-10,807.47998046875,-0.026169211215295363,33.310001373291016,,,
2003-03-11,800.72998046875,-0.008394475599231122,33.61000061035156,,,
2003-03-12,804.1900024414062,0.004311775502897852,33.5099983215332,,,
2003-03-13,831.9000244140625,0.03387670793320652,31.760000228881836,,,
2003-03-14,833.27001953125,0.0016454721021226248,30.979999542236328,,,
2003-03-17,862.7899780273438,0.03481355607000225,31.75,,,
2003-03-18,866.4500122070312,0.004233119365493643,30.43000030517578,,,
2003-03-19,874.02001953125,0.008698862860554435,31.540000915527344,,,
2003-03-20,875.6699829101562,0.001886007082036123,30.440000534057617,,,
2003-03-21,895.7899780273438,0.022716697858611745,28.670000076293945,,,
2003-03-24,864.22998046875,-0.03586707149377233,30.389999389648438,,,
2003-03-25,874.739990234375,0.012087773698510773,28.75,,,
2003-03-26,869.9500122070312,-0.005490935416151643,28.229999542236328,,,
2003-03-27,868.52001953125,-0.0016451166510629278,27.959999084472656,,,
2003-03-28,863.5,-0.005796738526806067,27.75,,,
2003-03-31,848.1799926757812,-0.01790102880395139,29.149999618530273,,,
2003-04-01,858.47998046875,0.012070492085123341,28.360000610351562,,,
2003-04-02,880.9000244140625,0.025780778962753104,28.020000457763672,,,
2003-04-03,876.4500122070312,-0.005064468234289521,28.209999084472656,,,
2003-04-04,878.8499755859375,0.0027345352829826197,29.1299991607666,,,
2003-04-07,879.9299926757812,0.0012281436508096988,28.450000762939453,,,
2003-04-08,878.2899780273438,-0.0018655403207805676,27.1299991607666,,,
2003-04-09,865.989990234375,-0.014103460334560225,27.110000610351562,,,
2003-04-10,871.5800170898438,0.0064343262346184815,25.600000381469727,,,
2003-04-11,868.2999877929688,-0.0037704131013800435,24.440000534057617,,,
2003-04-14,885.22998046875,0.019310213177267777,23.40999984741211,,,
2003-04-15,890.8099975585938,0.006283682258609424,22.559999465942383,,,
2003-04-16,879.9099731445312,-0.01231155944986817,22.520000457763672,,,
2003-04-17,893.5800170898438,0.015416286256904499,21.5,,,
2003-04-21,892.010009765625,-0.0017585310235839202,21.950000762939453,,,
2003-04-22,911.3699951171875,0.02147160231061207,20.700000762939453,,,
2003-04-23,919.02001953125,0.008358949618775036,20.799999237060547,,,
2003-04-24,911.4299926757812,-0.008293119512326363,20.329999923706055,,,
2003-04-25,898.8099975585938,-0.013943123165727656,20.799999237060547,,,
2003-04-28,914.8400268554688,0.017677552473808866,20.84000015258789,,,
2003-04-29,917.8400268554688,0.003273896797780118,20.760000228881836,,,
2003-04-30,916.9199829101562,-0.0010029039411492136,21.209999084472656,,,
2003-05-01,916.2999877929688,-0.0006764001600840785,21.59000015258789,,,
2003-05-02,930.0800170898438,0.014926813678559192,20.6299991607666,,,
2003-05-05,926.5499877929688,-0.0038026246923319462,21.1299991607666,,,
2003-05-06,934.3900146484375,0.008425928003602756,20.799999237060547,,,
2003-05-07,929.6199951171875,-0.0051180303952298445,21.0,,,
2003-05-08,920.27001953125,-0.010108768772651544,21.239999771118164,,,
2003-05-09,933.4099731445312,0.014177391736409639,19.690000534057617,,,
2003-05-12,945.1099853515625,0.012456789129321244,19.520000457763672,,,
2003-05-13,942.2999877929688,-0.0029776250785520375,19.90999984741211,,,
2003-05-14,939.280029296875,-0.003210026745469108,20.0,,,
2003-05-15,946.6699829101562,0.00783689004237953,19.239999771118164,,,
2003-05-16,944.2999877929688,-0.002506646213160657,18.399999618530273,,,
2003-05-19,920.77001953125,-0.025233601618066537,20.510000228881836,,,
2003-05-20,919.72998046875,-0.0011301702506951727,21.290000915527344,,,
2003-05-21,923.4199829101562,0.004004022944009478,21.209999084472656,,,
2003-05-22,931.8699951171875,0.009109164321114527,19.780000686645508,,,
2003-05-23,933.219970703125,0.001447625419073617,19.170000076293945,,,
2003-05-27,951.47998046875,0.019377706387686544,19.989999771118164,,,
2003-05-28,953.219970703125,0.0018270496802683667,20.030000686645508,,,
2003-05-29,949.6400146484375,-0.003762715392624294,20.43000030517578,,,
2003-05-30,963.5900268554688,0.014582939974266296,19.469999313354492,,,
2003-06-02,967.0,0.003532574646307296,20.850000381469727,,,
2003-06-03,971.5599975585938,0.004704529108941813,20.84000015258789,,,
2003-06-04,986.239990234375,0.014996698227585092,20.6200008392334,,,
2003-06-05,990.1400146484375,0.003946639276501074,20.829999923706055,,,
2003-06-06,987.760009765625,-0.0024065989201966786,21.25,,,
2003-06-09,975.9299926757812,-0.012048908121465196,22.149999618530273,,,
2003-06-10,984.8400268554688,0.009088363673824595,20.639999389648438,,,
2003-06-11,997.47998046875,0.01275286015862065,20.209999084472656,,,
2003-06-12,998.510009765625,0.001032098751345245,20.40999984741211,,,
2003-06-13,988.6099853515625,-0.009964276289371021,20.65999984741211,,,
2003-06-16,1010.739990234375,0.022138103847667345,20.219999313354492,,,
2003-06-17,1011.6599731445312,0.0009097933052535367,20.010000228881836,,,
2003-06-18,1010.0900268554688,-0.0015530571085644596,19.760000228881836,,,
2003-06-19,994.7000122070312,-0.0153535449329949,19.799999237060547,,,
2003-06-20,995.6900024414062,0.000994770179439719,19.139999389648438,,,
2003-06-23,981.6400146484375,-0.01421130932476622,20.579999923706055,,,
2003-06-24,983.4500122070312,0.001842152823244625,20.75,,,
2003-06-25,975.3200073242188,-0.008301180320273716,20.809999465942383,,,
2003-06-26,985.8200073242188,0.010708159797851557,19.399999618530273,,,
2003-06-27,976.219970703125,-0.00978584874828492,19.15999984741211,,,
2003-06-30,974.5,-0.0017634218900370868,19.520000457763672,,,
2003-07-01,982.3200073242188,0.007992609360683467,19.459999084472656,,,
2003-07-02,993.75,0.011568537660243017,19.030000686645508,,,
2003-07-03,985.7000122070312,-0.008133604913024506,19.389999389648438,,,
2003-07-07,1004.4199829101562,0.018813461400528197,20.059999465942383,,,
2003-07-08,1007.8400268554688,0.003399210064133129,19.479999542236328,,,
2003-07-09,1002.2100219726562,-0.005601870071837212,18.93000030517578,,,
2003-07-10,988.7000122070312,-0.013571901198706549,19.190000534057617,,,
2003-07-11,998.1400146484375,0.009502600460288058,18.469999313354492,,,
2003-07-14,1003.8599853515625,0.00571427199559249,19.59000015258789,,,
2003-07-15,1000.4199829101562,-0.0034326599813594427,19.549999237060547,,,
2003-07-16,994.0900268554688,-0.006347400891690391,19.760000228881836,,,
2003-07-17,981.72998046875,-0.012511471261658969,20.219999313354492,,,
2003-07-18,993.3200073242188,0.011736573725128707,19.110000610351562,,,
2003-07-21,978.7999877929688,-0.014725556198844636,19.780000686645508,,,
2003-07-22,988.1099853515625,0.009466693661066117,19.170000076293945,,,
2003-07-23,988.6099853515625,0.0005058885609230401,18.639999389648438,,,
2003-07-24,981.5999755859375,-0.00711603279408024,18.600000381469727,,,
2003-07-25,998.6799926757812,0.017250531155822202,17.75,,,
2003-07-28,996.52001953125,-0.0021651703840603886,18.360000610351562,,,
2003-07-29,989.280029296875,-0.007291793872162167,18.670000076293945,,,
2003-07-30,987.489990234375,-0.0018110751722160146,18.850000381469727,,,
2003-07-31,990.3099975585938,0.002851662708710734,19.489999771118164,,,
2003-08-01,980.1500244140625,-0.01031237687616482,20.75,,,
2003-08-04,982.8200073242188,0.0027203518276346372,21.270000457763672,,,
2003-08-05,965.4600219726562,-0.017821303454707227,22.68000030517578,,,
2003-08-06,967.0800170898438,0.001676545338155755,21.5,,,
2003-08-07,974.1199951171875,0.007253254530505515,20.260000228881836,,,
2003-08-08,977.5900268554688,0.0035558923770215856,19.59000015258789,,,
2003-08-11,980.5900268554688,0.0030640720105878927,19.75,,,
2003-08-12,990.3499755859375,0.009903932637191915,17.940000534057617,,,
2003-08-13,984.030029296875,-0.006401977186592411,18.770000457763672,,,
2003-08-14,990.510009765625,0.006563557693260336,18.469999313354492,,,
2003-08-15,990.6699829101562,0.00016149279264876526,18.270000457763672,,,
2003-08-18,999.739990234375,0.009113770757476658,18.18000030517578,,,
2003-08-19,1002.3499755859375,0.0026072622855481953,17.860000610351562,,,
2003-08-20,1000.2999877929688,-0.002047275905895596,17.81999969482422,,,
2003-08-21,1003.27001953125,0.002964741838713536,17.84000015258789,,,
2003-08-22,993.0599975585938,-0.010228880904442406,18.549999237060547,,,
2003-08-25,993.7100219726562,0.0006543529758005207,19.530000686645508,,,
2003-08-26,996.72998046875,0.003034465555052712,19.489999771118164,,,
2003-08-27,996.7899780273438,6.019258383282988e-05,19.1299991607666,,,
2003-08-28,1002.8400268554688,0.0060511867440373734,18.479999542236328,,,
2003-08-29,1008.010009765625,0.005142098324289357,18.6299991607666,,,
2003-09-02,1021.989990234375,0.013773597519418423,19.020000457763672,,,
2003-09-03,1026.27001953125,0.004179191612316835,19.440000534057617,,,
2003-09-04,1027.969970703125,0.0016550661733827354,18.709999084472656,,,
2003-09-05,1021.3900146484375,-0.006421496186531428,18.170000076293945,,,
2003-09-08,1031.6400146484375,0.00998532414989306,18.260000228881836,,,
2003-09-09,1023.1699829101562,-0.008244148822647013,18.850000381469727,,,
2003-09-10,1010.9199829101562,-0.012044843941237282,20.010000228881836,,,
2003-09-11,1016.4199829101562,0.0054258423214115226,19.25,,,
2003-09-12,1018.6300048828125,0.002171959268530088,18.68000030517578,,,
2003-09-15,1014.8099975585938,-0.0037571915703331626,19.280000686645508,,,
2003-09-16,1029.3199462890625,0.014196937414540756,18.030000686645508,,,
2003-09-17,1025.969970703125,-0.0032598598619451025,18.149999618530273,,,
2003-09-18,1039.5799560546875,0.013178265159724312,17.56999969482422,,,
2003-09-19,1036.300048828125,-0.003160018833651357,17.540000915527344,,,
2003-09-22,1022.8200073242188,-0.0130931987562235,19.649999618530273,,,
2003-09-23,1029.030029296875,0.006053113846697045,19.469999313354492,,,
2003-09-24,1009.3800048828125,-0.019280353601833333,21.219999313354492,,,
2003-09-25,1003.27001953125,-0.006071601170082985,22.260000228881836,,,
2003-09-26,996.8499755859375,-0.006419680828853025,22.229999542236328,,,
2003-09-29,1006.5800170898438,0.009713459459884888,21.670000076293945,,,
2003-09-30,995.969970703125,-0.010596635023889966,22.719999313354492,,,
2003-10-01,1018.219970703125,0.022094147775449713,21.06999969482422,,,
2003-10-02,1020.239990234375,0.001981908137683952,20.799999237060547,,,
2003-10-03,1029.8499755859375,0.009375252697306102,19.5,,,
2003-10-06,1034.3499755859375,0.004360049641707775,19.510000228881836,,,
2003-10-07,1039.25,0.004726112646978642,19.40999984741211,,,
2003-10-08,1033.780029296875,-0.00527728332014199,19.18000030517578,,,
2003-10-09,1038.72998046875,0.0047767784577343875,18.81999969482422,,,
2003-10-10,1038.06005859375,-0.0006451513014180676,18.450000762939453,,,
2003-10-13,1045.3499755859375,0.006998091228799019,17.549999237060547,,,
2003-10-14,1049.47998046875,0.003943050577315255,17.3700008392334,,,
2003-10-15,1046.760009765625,-0.002595096212524517,17.690000534057617,,,
2003-10-16,1050.0699462890625,0.0031570888837366695,17.190000534057617,,,
2003-10-17,1039.3199462890625,-0.010290175994217776,17.6200008392334,,,
2003-10-20,1044.6800537109375,0.005144068370009691,17.040000915527344,,,
2003-10-21,1046.030029296875,0.0012914040875635635,16.549999237060547,,,
2003-10-22,1030.3599853515625,-0.015093832405615792,17.670000076293945,,,
2003-10-23,1033.77001953125,0.0033040915774726898,17.68000030517578,,,
2003-10-24,1028.9100341796875,-0.004712310410105225,17.709999084472656,,,
2003-10-27,1031.1300048828125,0.002155270305799206,18.049999237060547,,,
2003-10-28,1046.7900390625,0.015073083026474698,16.81999969482422,,,
2003-10-29,1048.1099853515625,0.0012601522252628783,16.43000030517578,,,
2003-10-30,1046.93994140625,-0.0011169605573737584,16.329999923706055,,,
2003-10-31,1050.7099609375,0.0035945212652261915,16.100000381469727,,,
2003-11-03,1059.02001953125,0.007877881670352416,16.549999237060547,,,
2003-11-04,1053.25,-0.00546334874797072,16.549999237060547,,,
2003-11-05,1051.81005859375,-0.001368076530603446,16.860000610351562,,,
2003-11-06,1058.050048828125,0.005915092101423269,16.739999771118164,,,
2003-11-07,1053.2099609375,-0.004585031069093581,16.93000030517578,,,
2003-11-10,1047.1099853515625,-0.005808631916206508,17.6200008392334,,,
2003-11-11,1046.5699462890625,-0.0005158754844192259,17.540000915527344,,,
2003-11-12,1058.530029296875,0.011363081883397186,16.75,,,
2003-11-13,1058.4100341796875,-0.00011336657034988207,16.469999313354492,,,
2003-11-14,1050.3499755859375,-0.007644395575324481,16.940000534057617,,,
2003-11-17,1043.6300048828125,-0.006418393523646593,18.600000381469727,,,
2003-11-18,1034.1500244140625,-0.009125168321115318,19.110000610351562,,,
2003-11-19,1042.43994140625,0.007984205998369909,18.799999237060547,,,
2003-11-20,1033.6500244140625,-0.008467811760956678,19.479999542236328,,,
2003-11-21,1035.280029296875,0.0015756987213180196,18.979999542236328,,,
2003-11-24,1052.0799560546875,0.01609716545185602,17.440000534057617,,,
2003-11-25,1053.8900146484375,0.0017189789642211295,16.709999084472656,,,
2003-11-26,1058.449951171875,0.004317433443866925,16.229999542236328,,,
2003-11-28,1058.199951171875,-0.00023622234445586088,16.31999969482422,,,
2003-12-01,1070.1199951171875,0.01120148181010272,16.770000457763672,,,
2003-12-02,1066.6199951171875,-0.003276021552697017,16.270000457763672,,,
2003-12-03,1064.72998046875,-0.001773538053813084,16.6299991607666,,,
2003-12-04,1069.719970703125,0.004675677049765348,16.299999237060547,,,
2003-12-05,1061.5,-0.0077139024374535126,17.09000015258789,,,
2003-12-08,1069.300048828125,0.00732127228293411,16.540000915527344,,,
2003-12-09,1060.1800537109375,-0.008565518753596457,17.6299991607666,,,
2003-12-10,1059.050048828125,-0.001066429727051954,17.8700008392334,,,
2003-12-11,1071.2099609375,0.01141648824688879,16.729999542236328,,,
2003-12-12,1074.1400146484375,0.002731540835871904,16.40999984741211,,,
2003-12-15,1068.0400390625,-0.005695125452045424,17.229999542236328,,,
2003-12-16,1075.1300048828125,0.006616359448139875,15.930000305175781,,,
2003-12-17,1076.47998046875,0.0012548517363963896,15.579999923706055,,,
2003-12-18,1089.1800537109375,0.011728728082732509,16.15999984741211,,,
2003-12-19,1088.6600341796875,-0.0004775553026359347,16.420000076293945,,,
2003-12-22,1092.93994140625,0.003923645732691661,16.940000534057617,,,
2003-12-23,1096.02001953125,0.002814195063169045,16.489999771118164,,,
2003-12-24,1094.0400390625,-0.001808152247175343,16.65999984741211,,,
2003-12-26,1095.8900146484375,0.0016895297846311053,17.450000762939453,,,
2003-12-29,1109.47998046875,0.012324587594046754,17.09000015258789,,,
2003-12-30,1109.6400146484375,0.0001442321103111155,17.68000030517578,,,
2003-12-31,1111.9200439453125,0.0020526387198920304,18.309999465942383,,,
2004-01-02,1108.47998046875,-0.0030986004243986898,18.219999313354492,,,
2004-01-05,1122.219970703125,0.012319150312860572,17.489999771118164,,,
2004-01-06,1123.6700439453125,0.0012913129621026087,16.729999542236328,,,
2004-01-07,1126.3299560546875,0.00236436742089019,15.5,,,
2004-01-08,1131.9200439453125,0.0049508241414217835,15.609999656677246,,,
2004-01-09,1121.8599853515625,-0.008927335654944635,16.75,,,
2004-01-12,1127.22998046875,0.0047752694673972584,16.81999969482422,,,
2004-01-13,1121.219970703125,-0.0053459264910831195,18.040000915527344,,,
2004-01-14,1130.52001953125,0.008260369092161213,16.75,,,
2004-01-15,1132.050048828125,0.0013524704065490667,15.5600004196167,,,
2004-01-16,1139.8299560546875,0.006848898375875656,15.0,,,
2004-01-20,1138.77001953125,-0.0009303402187708087,15.210000038146973,,,
2004-01-21,1147.6199951171875,0.00774147868719588,14.34000015258789,,,
2004-01-22,1143.93994140625,-0.0032118355848940183,14.710000038146973,,,
2004-01-23,1141.550048828125,-0.00209136199188098,14.84000015258789,,,
2004-01-26,1155.3699951171875,0.012033603951130623,14.550000190734863,,,
2004-01-27,1144.050048828125,-0.009845993791705254,15.350000381469727,,,
2004-01-28,1128.47998046875,-0.013703063806122628,16.780000686645508,,,
2004-01-29,1134.1099853515625,0.004976612278462689,17.139999389648438,,,
2004-01-30,1131.1300048828125,-0.002631052074532292,16.6299991607666,,,
2004-02-02,1135.260009765625,0.0036445708176024993,17.110000610351562,,,
2004-02-03,1136.030029296875,0.0006780459980966214,17.34000015258789,,,
2004-02-04,1126.52001953125,-0.008406502013905914,17.8700008392334,,,
2004-02-05,1128.5899658203125,0.001835783517288192,17.709999084472656,,,
2004-02-06,1142.760009765625,0.012477361864295489,16.0,,,
2004-02-09,1139.81005859375,-0.0025847643015683985,16.389999389648438,,,
2004-02-10,1145.5400390625,0.00501454239472654,15.9399995803833,,,
2004-02-11,1157.760009765625,0.010610936569045215,15.390000343322754,,,
2004-02-12,1152.1099853515625,-0.0048920811078110304,15.3100004196167,,,
2004-02-13,1145.81005859375,-0.005483169493579965,15.579999923706055,,,
2004-02-17,1156.989990234375,0.009709935073014542,15.399999618530273,,,
2004-02-18,1151.8199462890625,-0.004478543257261158,15.59000015258789,,,
2004-02-19,1147.06005859375,-0.004141055198370047,15.800000190734863,,,
2004-02-20,1144.1099853515625,-0.0025751688577333454,16.040000915527344,,,
2004-02-23,1140.989990234375,-0.0027307313371940367,16.290000915527344,,,
2004-02-24,1139.0899658203125,-0.0016666300221777064,15.899999618530273,,,
2004-02-25,1143.6700439453125,0.004012760212373401,14.930000305175781,,,
2004-02-26,1144.9100341796875,0.001083632919439026,14.829999923706055,,,
2004-02-27,1144.93994140625,2.612155982539832e-05,14.550000190734863,,,
2004-03-01,1155.969970703125,0.00958761030217481,14.4399995803833,,,
2004-03-02,1149.0999755859375,-0.005960786977165178,14.859999656677246,,,
2004-03-03,1151.030029296875,0.0016782131095398611,14.550000190734863,,,
2004-03-04,1154.8699951171875,0.003330560153750106,14.399999618530273,,,
2004-03-05,1156.8599853515625,0.0017216463364899681,14.479999542236328,,,
2004-03-08,1147.199951171875,-0.008385277334636676,15.789999961853027,,,
2004-03-09,1140.5799560546875,-0.005787281873593564,16.600000381469727,,,
2004-03-10,1123.8900146484375,-0.014740971479313636,18.670000076293945,,,
2004-03-11,1106.780029296875,-0.015340969821738604,20.670000076293945,,,
2004-03-12,1120.5699462890625,0.01238251136070545,18.299999237060547,,,
2004-03-15,1104.489990234375,-0.01445375536163862,21.1299991607666,,,
2004-03-16,1110.699951171875,0.005606722104589679,20.34000015258789,,,
2004-03-17,1123.75,0.0116809035743346,18.110000610351562,,,
2004-03-18,1122.3199462890625,-0.0012733832323759131,18.530000686645508,,,
2004-03-19,1109.780029296875,-0.01123609969031758,19.149999618530273,,,
2004-03-22,1095.4000244140625,-0.013042208225710006,21.579999923706055,,,
2004-03-23,1093.949951171875,-0.0013246611737711689,20.670000076293945,,,
2004-03-24,1091.3299560546875,-0.002397858840762268,19.809999465942383,,,
2004-03-25,1109.18994140625,0.016232870745707118,17.8799991607666,,,
2004-03-26,1108.06005859375,-0.0010191750233872199,17.329999923706055,,,
2004-03-29,1122.469970703125,0.012920796755778952,16.5,,,
2004-03-30,1127.0,0.00402764693878499,16.280000686645508,,,
2004-03-31,1126.2099609375,-0.0007012565260868797,16.739999771118164,,,
2004-04-01,1132.1700439453125,0.0052782054676123735,16.649999618530273,,,
2004-04-02,1141.81005859375,0.00847858992829753,15.640000343322754,,,
2004-04-05,1150.5699462890625,0.007642651144618817,14.970000267028809,,,
2004-04-06,1148.1600341796875,-0.002096734294799063,15.319999694824219,,,
2004-04-07,1140.530029296875,-0.006667598441335798,15.760000228881836,,,
2004-04-08,1139.3199462890625,-0.0010615462722602942,16.260000228881836,,,
2004-04-12,1145.199951171875,0.005147705540932357,15.279999732971191,,,
2004-04-13,1129.43994140625,-0.013857368818181115,17.260000228881836,,,
2004-04-14,1128.1700439453125,-0.001124992893466903,15.619999885559082,,,
2004-04-15,1128.8399658203125,0.0005936366181584773,15.739999771118164,,,
2004-04-16,1134.6099853515625,0.005098440128641357,14.9399995803833,,,
2004-04-19,1135.8199462890625,0.0010658431120758038,15.420000076293945,,,
2004-04-20,1118.1500244140625,-0.01567925402692172,16.670000076293945,,,
2004-04-21,1124.0899658203125,0.0052982333088866795,15.600000381469727,,,
2004-04-22,1139.9300537109375,0.01399311509629797,14.609999656677246,,,
2004-04-23,1140.5999755859375,0.0005875142056135374,14.010000228881836,,,
2004-04-26,1135.530029296875,-0.004454890241813558,14.770000457763672,,,
2004-04-27,1138.1099853515625,0.002269450876466017,15.069999694824219,,,
2004-04-28,1122.4100341796875,-0.01389078927221199,16.290000915527344,,,
2004-04-29,1113.8900146484375,-0.007619783185308648,16.600000381469727,,,
2004-04-30,1107.300048828125,-0.005933742694366195,17.190000534057617,,,
2004-05-03,1117.489990234375,0.009160426362305962,16.6200008392334,,,
2004-05-04,1119.550048828125,0.0018417722884791488,16.549999237060547,,,
2004-05-05,1121.530029296875,0.0017669881618616046,15.770000457763672,,,
2004-05-06,1113.989990234375,-0.006745694593364604,17.049999237060547,,,
2004-05-07,1098.699951171875,-0.013820537754799744,18.1299991607666,,,
2004-05-10,1087.1199951171875,-0.010595625144377507,19.770000457763672,,,
2004-05-11,1095.449951171875,0.007633200039919963,18.56999969482422,,,
2004-05-12,1097.280029296875,0.0016692238134483617,18.139999389648438,,,
2004-05-13,1096.43994140625,-0.0007659026155675264,18.860000610351562,,,
2004-05-14,1095.699951171875,-0.0006751305105909822,18.469999313354492,,,
2004-05-17,1084.0999755859375,-0.01064325670081434,19.959999084472656,,,
2004-05-18,1091.489990234375,0.0067935991497689585,19.329999923706055,,,
2004-05-19,1088.6800537109375,-0.002577723776330032,18.93000030517578,,,
2004-05-20,1089.18994140625,0.00046824439086989855,18.670000076293945,,,
2004-05-21,1093.56005859375,0.004004235965336278,18.489999771118164,,,
2004-05-24,1095.4100341796875,0.0016902707190888933,18.079999923706055,,,
2004-05-25,1113.050048828125,0.015975285169238518,15.960000038146973,,,
2004-05-26,1114.93994140625,0.0016965004687508056,15.970000267028809,,,
2004-05-27,1121.280029296875,0.005670376762131113,15.279999732971191,,,
2004-05-28,1120.6800537109375,-0.0005352241592584406,15.5,,,
2004-06-01,1121.199951171875,0.00046380490403130636,16.299999237060547,,,
2004-06-02,1124.989990234375,0.003374641288739433,16.079999923706055,,,
2004-06-03,1116.6400146484375,-0.007449948642333837,17.030000686645508,,,
2004-06-04,1122.5,0.005234151229251083,16.780000686645508,,,
2004-06-07,1140.4200439453125,0.015838313508713675,15.390000343322754,,,
2004-06-08,1142.1800537109375,0.0015421099089785173,15.010000228881836,,,
2004-06-09,1131.3299560546875,-0.009544871132276533,15.390000343322754,,,
2004-06-10,1136.469970703125,0.004533048431152764,15.039999961853027,,,
2004-06-14,1125.2900390625,-0.009886126422388841,16.06999969482422,,,
2004-06-15,1132.010009765625,0.0059540073625825585,15.050000190734863,,,
2004-06-16,1133.56005859375,0.0013683523556657917,14.789999961853027,,,
2004-06-17,1132.050048828125,-0.0013329830973702883,15.149999618530273,,,
2004-06-18,1135.02001953125,0.002620097582005876,14.989999771118164,,,
2004-06-21,1130.300048828125,-0.004167161717527179,15.260000228881836,,,
2004-06-22,1134.4100341796875,0.003629594705708783,14.3100004196167,,,
2004-06-23,1144.06005859375,0.008470668230836864,13.979999542236328,,,
2004-06-24,1140.6500244140625,-0.002985093589967569,14.8100004196167,,,
2004-06-25,1134.4300537109375,-0.005467927269987349,15.1899995803833,,,
2004-06-28,1133.3499755859375,-0.0009525423036746972,16.06999969482422,,,
2004-06-29,1136.199951171875,0.002511490979225428,15.470000267028809,,,
2004-06-30,1140.8399658203125,0.00407548505074562,14.34000015258789,,,
2004-07-01,1128.93994140625,-0.010485715738500545,15.199999809265137,,,
2004-07-02,1125.3800048828125,-0.003158326739292505,15.079999923706055,,,
2004-07-06,1116.2099609375,-0.00818177743456694,16.25,,,
2004-07-07,1118.3299560546875,0.0018974785253469406,15.8100004196167,,,
2004-07-08,1109.1099853515625,-0.008278583129612826,16.200000762939453,,,
2004-07-09,1112.81005859375,0.0033305218812769155,15.779999732971191,,,
2004-07-12,1114.3499755859375,0.0013828527936485813,14.960000038146973,,,
2004-07-13,1115.1400146484375,0.0007087173291013826,14.460000038146973,,,
2004-07-14,1111.469970703125,-0.003296533558214243,13.760000228881836,,,
2004-07-15,1106.68994140625,-0.004309911715561832,14.710000038146973,,,
2004-07-16,1101.3900146484375,-0.004800493678889239,14.34000015258789,,,
2004-07-19,1100.9000244140625,-0.00044498248075353075,15.170000076293945,,,
2004-07-20,1108.6700439453125,0.007033089079844679,14.170000076293945,,,
2004-07-21,1093.8800048828125,-0.013430125117174008,16.40999984741211,,,
2004-07-22,1096.8399658203125,0.0027022739357747128,15.75,,,
2004-07-23,1086.199951171875,-0.009747965503678735,16.5,,,
2004-07-26,1084.0699462890625,-0.0019628946327880925,17.299999237060547,,,
2004-07-27,1094.8299560546875,0.009876632902611426,16.549999237060547,,,
2004-07-28,1095.4200439453125,0.0005388315533858545,16.149999618530273,,,
2004-07-29,1100.4300537109375,0.004563169830571034,15.680000305175781,,,
2004-07-30,1101.719970703125,0.0011715070503042213,15.319999694824219,,,
2004-08-02,1106.6199951171875,0.004437751914569965,15.369999885559082,,,
2004-08-03,1099.68994140625,-0.006282051661861132,16.030000686645508,,,
2004-08-04,1098.6300048828125,-0.0009643151419913565,16.209999084472656,,,
2004-08-05,1080.699951171875,-0.016455019335206877,18.31999969482422,,,
2004-08-06,1063.969970703125,-0.015601766647242776,19.34000015258789,,,
2004-08-09,1065.219970703125,0.001174155597206017,18.889999389648438,,,
2004-08-10,1079.0400390625,0.012890470057400627,17.469999313354492,,,
2004-08-11,1075.7900390625,-0.0030164814361448578,18.040000915527344,,,
2004-08-12,1063.22998046875,-0.011743885362887063,19.079999923706055,,,
2004-08-13,1064.800048828125,0.0014756076020079334,17.979999542236328,,,
2004-08-16,1079.3399658203125,0.01356267759792118,17.56999969482422,,,
2004-08-17,1081.7099609375,0.00219337465367353,17.020000457763672,,,
2004-08-18,1095.1700439453125,0.012366556279306273,16.229999542236328,,,
2004-08-19,1091.22998046875,-0.003604159986895894,16.959999084472656,,,
2004-08-20,1098.3499755859375,0.006503548950728799,16.0,,,
2004-08-23,1095.6800537109375,-0.0024338073383418646,15.880000114440918,,,
2004-08-24,1096.18994140625,0.0004652536013960429,15.329999923706055,,,
2004-08-25,1104.9599609375,0.007968622154363558,14.979999542236328,,,
2004-08-26,1105.0899658203125,0.00011764881995546261,14.90999984741211,,,
2004-08-27,1107.77001953125,0.0024222544933447665,14.710000038146973,,,
2004-08-30,1099.1500244140625,-0.00781182714507711,15.4399995803833,,,
2004-08-31,1104.239990234375,0.004620130653679055,15.289999961853027,,,
2004-09-01,1105.9100341796875,0.0015112496841505063,14.90999984741211,,,
2004-09-02,1118.31005859375,0.011150113177674115,14.279999732971191,,,
2004-09-03,1113.6300048828125,-0.004193715276342047,13.90999984741211,,,
2004-09-07,1121.300048828125,0.00686381575577677,14.069999694824219,,,
2004-09-08,1116.27001953125,-0.004495982352485939,14.0600004196167,,,
2004-09-09,1118.3800048828125,0.0018884263357170639,14.010000228881836,,,
2004-09-10,1123.9200439453125,0.004941399647369948,13.760000228881836,,,
2004-09-13,1125.8199462890625,0.0016889976651999206,13.170000076293945,,,
2004-09-14,1128.3299560546875,0.0022270132083050953,13.5600004196167,,,
2004-09-15,1120.3699951171875,-0.007079640999059222,14.640000343322754,,,
2004-09-16,1123.5,0.0027898291075070247,14.390000343322754,,,
2004-09-17,1128.550048828125,0.004484853518629706,14.029999732971191,,,
2004-09-20,1122.199951171875,-0.00564266533821467,14.430000305175781,,,
2004-09-21,1129.300048828125,0.006307014161339275,13.65999984741211,,,
2004-09-22,1113.56005859375,-0.014035871953931967,14.739999771118164,,,
2004-09-23,1108.3599853515625,-0.004680710946743716,14.800000190734863,,,
2004-09-24,1110.1099853515625,0.0015776642335421087,14.279999732971191,,,
2004-09-27,1103.52001953125,-0.005954007917979176,14.619999885559082,,,
2004-09-28,1110.06005859375,0.005909032301848249,13.829999923706055,,,
2004-09-29,1114.800048828125,0.004260939723815582,13.210000038146973,,,
2004-09-30,1114.5799560546875,-0.00019744751784855907,13.34000015258789,,,
2004-10-01,1131.5,0.015066573183751153,12.75,,,
2004-10-04,1135.1700439453125,0.003238272074267634,13.40999984741211,,,
2004-10-05,1134.47998046875,-0.0006080792108065225,13.949999809265137,,,
2004-10-06,1142.050048828125,0.006650556912394023,13.279999732971191,,,
2004-10-07,1130.6500244140625,-0.010032225687499619,14.5,,,
2004-10-08,1122.1400146484375,-0.007555120625711176,15.050000190734863,,,
2004-10-11,1124.3900146484375,0.00200308985233022,14.710000038146973,,,
2004-10-12,1121.8399658203125,-0.0022705154376954084,15.050000190734863,,,
2004-10-13,1113.6500244140625,-0.007327233030814284,15.420000076293945,,,
2004-10-14,1103.2900390625,-0.009346270507340826,16.43000030517578,,,
2004-10-15,1108.199951171875,0.004440372959781058,15.039999961853027,,,
2004-10-18,1114.02001953125,0.00523807880716376,14.710000038146973,,,
2004-10-19,1103.22998046875,-0.009732889155441349,15.130000114440918,,,
2004-10-20,1103.6600341796875,0.00038973733491598495,14.850000381469727,,,
2004-10-21,1106.489990234375,0.002560873759713367,14.539999961853027,,,
2004-10-22,1095.739990234375,-0.009762908943220516,15.279999732971191,,,
2004-10-25,1094.800048828125,-0.000858182409063879,16.579999923706055,,,
2004-10-26,1111.0899658203125,0.014769741930592772,16.389999389648438,,,
2004-10-27,1125.4000244140625,0.012797064995696772,15.720000267028809,,,
2004-10-28,1127.43994140625,0.0018109742197855994,15.390000343322754,,,
2004-10-29,1130.199951171875,0.0024450410800191946,16.270000457763672,,,
2004-11-01,1130.510009765625,0.0002743019680115921,16.270000457763672,,,
2004-11-02,1130.56005859375,4.4270037300897513e-05,16.18000030517578,,,
2004-11-03,1143.199951171875,0.01111816790588982,14.039999961853027,,,
2004-11-04,1161.6700439453125,0.01602735788842402,13.970000267028809,,,
2004-11-05,1166.1700439453125,0.0038662497727957046,13.84000015258789,,,
2004-11-08,1164.8900146484375,-0.001098238049090483,13.800000190734863,,,
2004-11-09,1164.0799560546875,-0.0006956368150783376,13.609999656677246,,,
2004-11-10,1162.9100341796875,-0.0010055238556958557,13.079999923706055,,,
2004-11-11,1173.47998046875,0.009048162623097156,13.039999961853027,,,
2004-11-12,1184.1700439453125,0.009068467860586793,13.329999923706055,,,
2004-11-15,1183.81005859375,-0.00030404423918106716,13.380000114440918,,,
2004-11-16,1175.4300537109375,-0.00710401631603208,13.210000038146973,,,
2004-11-17,1181.93994140625,0.005523022908413999,13.210000038146973,,,
2004-11-18,1183.550048828125,0.0013613312059481686,12.979999542236328,,,
2004-11-19,1170.3399658203125,-0.011224162226075585,13.5,,,
2004-11-22,1177.239990234375,0.0058784317577789125,12.970000267028809,,,
2004-11-23,1176.93994140625,-0.0002549073039972427,12.670000076293945,,,
2004-11-24,1181.760009765625,0.004087060812071108,12.720000267028809,,,
2004-11-26,1182.6500244140625,0.0007528429313090612,12.779999732971191,,,
2004-11-29,1178.5699462890625,-0.0034559102806417386,13.300000190734863,,,
2004-11-30,1173.8199462890625,-0.004038451679006627,13.239999771118164,,,
2004-12-01,1191.3699951171875,0.014840559419618593,12.970000267028809,,,
2004-12-02,1190.3299560546875,-0.0008733586513249847,12.979999542236328,,,
2004-12-03,1191.1700439453125,0.0007055115897305342,12.960000038146973,,,
2004-12-06,1190.25,-0.0007726851828824266,13.1899995803833,,,
2004-12-07,1177.0699462890625,-0.011135114976820404,13.670000076293945,,,
2004-12-08,1182.81005859375,0.00486475889723792,13.1899995803833,,,
2004-12-09,1189.239990234375,0.005421426409419006,12.880000114440918,,,
2004-12-10,1188.0,-0.0010432184818744972,12.760000228881836,,,
2004-12-13,1198.6800537109375,0.008949775217870659,12.539999961853027,,,
2004-12-14,1203.3800048828125,0.0039132719874022115,12.729999542236328,,,
2004-12-15,1205.719970703125,0.0019426064338468052,12.350000381469727,,,
2004-12-16,1203.2099609375,-0.0020839216956991535,12.270000457763672,,,
2004-12-17,1194.199951171875,-0.007516488640847641,11.949999809265137,,,
2004-12-20,1194.6500244140625,0.00037681164753955443,11.829999923706055,,,
2004-12-21,1205.449951171875,0.008999624816466323,11.550000190734863,,,
2004-12-22,1209.5699462890625,0.003411979436247492,11.449999809265137,,,
2004-12-23,1210.1300048828125,0.00046291574579715444,11.229999542236328,,,
2004-12-27,1204.9200439453125,-0.004314584720309433,12.140000343322754,,,
2004-12-28,1213.5400390625,0.00712852916653528,12.0,,,
2004-12-29,1213.449951171875,-7.423837018549762e-05,11.619999885559082,,,
2004-12-30,1213.550048828125,8.248673778865623e-05,12.5600004196167,,,
2004-12-31,1211.9200439453125,-0.0013440735740735121,13.289999961853027,,,
2005-01-03,1202.0799560546875,-0.008152562047846423,14.079999923706055,,,
2005-01-04,1188.050048828125,-0.01174000438471623,13.979999542236328,,,
2005-01-05,1183.739990234375,-0.0036344391932798814,14.09000015258789,,,
2005-01-06,1187.8900146484375,0.003499726889388377,13.579999923706055,,,
2005-01-07,1186.18994140625,-0.0014321956835940952,13.489999771118164,,,
2005-01-10,1190.25,0.0034169283837073294,13.229999542236328,,,
2005-01-11,1182.989990234375,-0.0061182454723818225,13.1899995803833,,,
2005-01-12,1187.699951171875,0.003973499066449726,12.5600004196167,,,
2005-01-13,1177.449951171875,-0.008667580994090152,12.84000015258789,,,
2005-01-14,1184.52001953125,0.005986604031937404,12.430000305175781,,,
2005-01-18,1195.97998046875,0.009628270925436055,12.470000267028809,,,
2005-01-19,1184.6300048828125,-0.009535422983763198,13.180000305175781,,,
2005-01-20,1175.4100341796875,-0.00781344168486342,13.829999923706055,,,
2005-01-21,1167.8699951171875,-0.0064354793204568495,14.359999656677246,,,
2005-01-24,1163.75,-0.003534023051619428,14.649999618530273,,,
2005-01-25,1168.4100341796875,0.0039963298516152435,14.0600004196167,,,
2005-01-26,1174.0699462890625,0.004832419632938567,13.4399995803833,,,
2005-01-27,1174.550048828125,0.00040883799571478363,13.239999771118164,,,
2005-01-28,1171.3599853515625,-0.0027196826787090345,13.239999771118164,,,
2005-01-31,1181.27001953125,0.008424693022827334,12.819999694824219,,,
2005-02-01,1189.4100341796875,0.006867267158630064,12.029999732971191,,,
2005-02-02,1193.18994140625,0.003172929099699573,11.65999984741211,,,
2005-02-03,1189.8900146484375,-0.0027694655050192196,11.789999961853027,,,
2005-02-04,1203.030029296875,0.010982520503199034,11.210000038146973,,,
2005-02-07,1201.719970703125,-0.0010895591835762275,11.729999542236328,,,
2005-02-08,1202.300048828125,0.00048259010452955664,11.600000381469727,,,
2005-02-09,1191.989990234375,-0.008612258457473487,12.0,,,
2005-02-10,1197.010009765625,0.004202617764653027,11.510000228881836,,,
2005-02-11,1205.300048828125,0.00690175020517092,11.430000305175781,,,
2005-02-14,1206.1400146484375,0.0006966508245467296,11.520000457763672,,,
2005-02-15,1210.1199951171875,0.003294334262128551,11.270000457763672,,,
2005-02-16,1210.3399658203125,0.00018175942364706543,11.100000381469727,,,
2005-02-17,1200.75,-0.007954922070865678,11.770000457763672,,,
2005-02-18,1201.5899658203125,0.0006992897479056737,11.180000305175781,,,
2005-02-22,1184.1600341796875,-0.014611959979604627,13.140000343322754,,,
2005-02-23,1190.800048828125,0.005591699832857344,12.390000343322754,,,
2005-02-24,1200.199951171875,0.007862777725995862,11.569999694824219,,,
2005-02-25,1211.3699951171875,0.00926377760227215,11.489999771118164,,,
2005-02-28,1203.5999755859375,-0.006434901002669413,12.079999923706055,,,
2005-03-01,1210.4100341796875,0.005642127938093822,12.039999961853027,,,
2005-03-02,1210.0799560546875,-0.00027273661810500727,12.5,,,
2005-03-03,1210.469970703125,0.00032225292897436475,12.930000305175781,,,
2005-03-04,1222.1199951171875,0.009578361866919849,11.9399995803833,,,
2005-03-07,1225.31005859375,0.002606869420683111,12.260000228881836,,,
2005-03-08,1219.4300537109375,-0.00481034052782725,12.399999618530273,,,
2005-03-09,1207.010009765625,-0.010237345322318347,12.699999809265137,,,
2005-03-10,1209.25,0.00185409754498167,12.489999771118164,,,
2005-03-11,1200.0799560546875,-0.007612148101110883,12.800000190734863,,,
2005-03-14,1206.8299560546875,0.005608866091689535,12.390000343322754,,,
2005-03-15,1197.75,-0.0075522539304397895,13.149999618530273,,,
2005-03-16,1188.0699462890625,-0.008114700226149019,13.489999771118164,,,
2005-03-17,1190.2099609375,0.0017996327677858304,13.289999961853027,,,
2005-03-18,1189.6500244140625,-0.00047056258537558904,13.140000343322754,,,
2005-03-21,1183.780029296875,-0.00494643360273983,13.609999656677246,,,
2005-03-22,1171.7099609375,-0.010248546209256304,14.270000457763672,,,
2005-03-23,1172.530029296875,0.0006996454255911999,14.0600004196167,,,
2005-03-24,1171.4200439453125,-0.0009471067214326112,13.420000076293945,,,
2005-03-28,1174.280029296875,0.002438493140166642,13.75,,,
2005-03-29,1165.3599853515625,-0.0076251791810113545,14.489999771118164,,,
2005-03-30,1181.4100341796875,0.013678629731370684,13.640000343322754,,,
2005-03-31,1180.5899658203125,-0.0006943847521814206,14.020000457763672,,,
2005-04-01,1172.9200439453125,-0.0065178809492634215,14.09000015258789,,,
2005-04-04,1176.1199951171875,0.0027244773167245384,14.109999656677246,,,
2005-04-05,1181.3900146484375,0.004470842785568863,13.680000305175781,,,
2005-04-06,1184.0699462890625,0.0022658872536416297,13.149999618530273,,,
2005-04-07,1191.1400146484375,0.0059532330669584965,12.329999923706055,,,
2005-04-08,1181.199951171875,-0.008380014491591758,12.619999885559082,,,
2005-04-11,1181.2099609375,8.474198803121169e-06,11.979999542236328,,,
2005-04-12,1187.760009765625,0.005529884802783158,11.300000190734863,,,
2005-04-13,1173.7900390625,-0.011831325505628598,13.3100004196167,,,
2005-04-14,1162.050048828125,-0.010052134263021983,14.529999732971191,,,
2005-04-15,1142.6199951171875,-0.016861861962765623,17.739999771118164,,,
2005-04-18,1145.97998046875,0.002936282269934587,16.559999465942383,,,
2005-04-19,1152.780029296875,0.005916292813629376,14.960000038146973,,,
2005-04-20,1137.5,-0.013343570060666998,16.920000076293945,,,
2005-04-21,1159.949951171875,0.01954398680302205,14.40999984741211,,,
2005-04-22,1152.1199951171875,-0.006773139368705827,15.380000114440918,,,
2005-04-25,1162.0999755859375,0.008624972960832977,14.619999885559082,,,
2005-04-26,1151.8299560546875,-0.008876748450907357,14.90999984741211,,,
2005-04-27,1156.3800048828125,0.003942496392165928,14.869999885559082,,,
2005-04-28,1143.219970703125,-0.011445623573941965,16.860000610351562,,,
2005-04-29,1156.8499755859375,0.011851956462206381,15.3100004196167,,,
2005-05-02,1162.1600341796875,0.004579598925333883,15.119999885559082,,,
2005-05-03,1161.1700439453125,-0.0008522166554065791,14.529999732971191,,,
2005-05-04,1175.6500244140625,0.012393051560347423,13.850000381469727,,,
2005-05-05,1172.6300048828125,-0.002572113341297033,13.979999542236328,,,
2005-05-06,1171.3499755859375,-0.0010921846046327843,14.050000190734863,,,
2005-05-09,1178.8399658203125,0.00637396617240249,13.75,,,
2005-05-10,1166.219970703125,-0.01076315086971924,14.90999984741211,,,
2005-05-11,1171.1099853515625,0.004184280247109484,14.449999809265137,,,
2005-05-12,1159.3599853515625,-0.010083888412137476,16.1200008392334,,,
2005-05-13,1154.050048828125,-0.004590579075785861,16.31999969482422,,,
2005-05-16,1165.68994140625,0.010035599091202663,15.680000305175781,,,
2005-05-17,1173.800048828125,0.006933254635373309,14.569999694824219,,,
2005-05-18,1185.56005859375,0.009968895481321738,13.630000114440918,,,
2005-05-19,1191.0799560546875,0.004645135445231929,13.319999694824219,,,
2005-05-20,1189.280029296875,-0.0015123150380107475,13.140000343322754,,,
2005-05-23,1193.8599853515625,0.0038436362656391054,12.949999809265137,,,
2005-05-24,1194.0699462890625,0.0001758518415968524,12.6899995803833,,,
2005-05-25,1190.010009765625,-0.0034058760803965527,12.579999923706055,,,
2005-05-26,1197.6199951171875,0.006374531317727694,12.239999771118164,,,
2005-05-27,1198.780029296875,0.0009681474365530462,12.149999618530273,,,
2005-05-31,1191.5,-0.006091379853433665,13.289999961853027,,,
2005-06-01,1202.219970703125,0.008956805725931716,12.359999656677246,,,
2005-06-02,1204.2900390625,0.0017203908245111421,11.84000015258789,,,
2005-06-03,1196.02001953125,-0.006890819980251095,12.149999618530273,,,
2005-06-06,1197.510009765625,0.0012450150268454863,12.279999732971191,,,
2005-06-07,1197.260009765625,-0.00020878831693149635,12.390000343322754,,,
2005-06-08,1194.6700439453125,-0.0021655874330352987,12.699999809265137,,,
2005-06-09,1200.9300537109375,0.005226267957247899,12.079999923706055,,,
2005-06-10,1198.1099853515625,-0.002350998409680116,11.960000038146973,,,
2005-06-13,1200.8199462890625,0.002259309081521721,11.649999618530273,,,
2005-06-14,1203.9100341796875,0.0025700096198280065,11.789999961853027,,,
2005-06-15,1206.5799560546875,0.002215253311708132,11.460000038146973,,,
2005-06-16,1210.9599609375,0.0036235262503510057,11.149999618530273,,,
2005-06-17,1216.9599609375,0.004942512444624292,11.479999542236328,,,
2005-06-20,1216.0999755859375,-0.0007069167302180546,11.470000267028809,,,
2005-06-21,1213.6099853515625,-0.0020496200337474235,11.079999923706055,,,
2005-06-22,1213.8800048828125,0.00022246809127945966,11.050000190734863,,,
2005-06-23,1200.72998046875,-0.010892156085218652,12.130000114440918,,,
2005-06-24,1191.5699462890625,-0.007657968670772064,12.180000305175781,,,
2005-06-27,1190.68994140625,-0.0007387984219393573,12.520000457763672,,,
2005-06-28,1201.5699462890625,0.009096068495660248,11.579999923706055,,,
2005-06-29,1199.8499755859375,-0.0014324616711682836,11.770000457763672,,,
2005-06-30,1191.3299560546875,-0.007126235441052842,12.039999961853027,,,
2005-07-01,1194.43994140625,0.0026071140527266223,11.399999618530273,,,
2005-07-05,1204.989990234375,0.00879385280379541,11.680000305175781,,,
2005-07-06,1194.93994140625,-0.008375334165638293,12.270000457763672,,,
2005-07-07,1197.8699951171875,0.0024490496555653607,12.489999771118164,,,
2005-07-08,1211.8599853515625,0.011611381797824727,11.449999809265137,,,
2005-07-11,1219.43994140625,0.006235331585299875,11.279999732971191,,,
2005-07-12,1222.2099609375,0.0022689745298754005,10.949999809265137,,,
2005-07-13,1223.2900390625,0.0008833189083850002,10.84000015258789,,,
2005-07-14,1226.5,0.0026206023564183667,10.8100004196167,,,
2005-07-15,1227.9200439453125,0.001157132095024771,10.329999923706055,,,
2005-07-18,1221.1300048828125,-0.0055450532453322765,10.770000457763672,,,
2005-07-19,1229.3499755859375,0.006708890992641159,10.449999809265137,,,
2005-07-20,1235.199951171875,0.004747306199091916,10.229999542236328,,,
2005-07-21,1227.0400390625,-0.006628063888680202,10.970000267028809,,,
2005-07-22,1233.6800537109375,0.005396819235281569,10.520000457763672,,,
2005-07-25,1229.030029296875,-0.003776351891557894,11.100000381469727,,,
2005-07-26,1231.1600341796875,0.0017315779350903782,10.989999771118164,,,
2005-07-27,1236.7900390625,0.004562502872514251,10.359999656677246,,,
2005-07-28,1243.719970703125,0.005587520020418069,10.520000457763672,,,
2005-07-29,1234.1800537109375,-0.007700039576875817,11.569999694824219,,,
2005-08-01,1235.3499755859375,0.0009474855123388082,12.079999923706055,,,
2005-08-02,1244.1199951171875,0.007074137786164059,11.75,,,
2005-08-03,1245.0400390625,0.0007392405265855828,11.829999923706055,,,
2005-08-04,1235.8599853515625,-0.0074006171302292145,12.520000457763672,,,
2005-08-05,1226.4200439453125,-0.007667679991179455,12.479999542236328,,,
2005-08-08,1223.1300048828125,-0.002686241126164113,13.210000038146973,,,
2005-08-09,1231.3800048828125,0.0067223446107131934,12.399999618530273,,,
2005-08-10,1229.1300048828125,-0.001828889635260289,12.380000114440918,,,
2005-08-11,1237.81005859375,0.007037130459695895,12.420000076293945,,,
2005-08-12,1230.3900146484375,-0.006012532273180327,12.739999771118164,,,
2005-08-15,1233.8699951171875,0.002824363312543099,12.260000228881836,,,
2005-08-16,1219.3399658203125,-0.011845866793172455,13.520000457763672,,,
2005-08-17,1220.239990234375,0.0007378519836267472,13.300000190734863,,,
2005-08-18,1219.02001953125,-0.0010002794289762917,13.420000076293945,,,
2005-08-19,1219.7099609375,0.0005658202672567114,13.420000076293945,,,
2005-08-22,1221.72998046875,0.0016547775416793087,13.420000076293945,,,
2005-08-23,1217.5899658203125,-0.003394403944288804,13.34000015258789,,,
2005-08-24,1209.5899658203125,-0.006592036186235717,14.170000076293945,,,
2005-08-25,1212.3699951171875,0.0022956866031229595,13.729999542236328,,,
2005-08-26,1205.0999755859375,-0.00601458676680533,13.720000267028809,,,
2005-08-29,1212.280029296875,0.005940377442203548,13.520000457763672,,,
2005-08-30,1208.4100341796875,-0.0031974340479843377,13.649999618530273,,,
2005-08-31,1220.3299560546875,0.009815803774647414,12.600000381469727,,,
2005-09-01,1221.5899658203125,0.0010319829623908205,13.149999618530273,,,
2005-09-02,1218.02001953125,-0.0029266553741287282,13.569999694824219,,,
2005-09-06,1233.3900146484375,0.012539882199711805,12.930000305175781,,,
2005-09-07,1236.3599853515625,0.002405079165706425,12.520000457763672,,,
2005-09-08,1231.6700439453125,-0.0038005591470122724,12.930000305175781,,,
2005-09-09,1241.47998046875,0.007933192791395705,11.979999542236328,,,
2005-09-12,1240.56005859375,-0.0007412627537384253,11.649999618530273,,,
2005-09-13,1231.199951171875,-0.0075736739218887905,12.390000343322754,,,
2005-09-14,1227.1600341796875,-0.0032866794553649825,12.90999984741211,,,
2005-09-15,1227.72998046875,0.0004643355066029642,12.489999771118164,,,
2005-09-16,1237.9100341796875,0.008257581395948677,11.220000267028809,,,
2005-09-19,1231.02001953125,-0.00558139144080716,12.140000343322754,,,
2005-09-20,1221.3399658203125,-0.007894521231179397,12.640000343322754,,,
2005-09-21,1210.199951171875,-0.009162993799830765,13.789999961853027,,,
2005-09-22,1214.6199951171875,0.003645671793169214,13.329999923706055,,,
2005-09-23,1215.2900390625,0.0005514969302318207,12.960000038146973,,,
2005-09-26,1215.6300048828125,0.00027970136111754584,13.039999961853027,,,
2005-09-27,1215.6600341796875,2.4702356686390203e-05,12.760000228881836,,,
2005-09-28,1216.8900146484375,0.0010112684622161083,12.630000114440918,,,
2005-09-29,1227.6800537109375,0.008827817434815088,12.239999771118164,,,
2005-09-30,1228.81005859375,0.0009200158851507823,11.920000076293945,,,
2005-10-03,1226.699951171875,-0.0017186718302033555,12.460000038146973,,,
2005-10-04,1214.469970703125,-0.010019853743549412,13.199999809265137,,,
2005-10-05,1196.3900146484375,-0.014999041934533608,14.550000190734863,,,
2005-10-06,1191.489990234375,-0.004104085030943061,14.960000038146973,,,
2005-10-07,1195.9000244140625,0.0036944438643393696,14.59000015258789,,,
2005-10-10,1187.3299560546875,-0.007192008635452218,15.550000190734863,,,
2005-10-11,1184.8699951171875,-0.0020739919651937555,15.630000114440918,,,
2005-10-12,1177.6800537109375,-0.006086612731748708,16.219999313354492,,,
2005-10-13,1176.8399658203125,-0.0007135959085546872,16.469999313354492,,,
2005-10-14,1186.5699462890625,0.008233895771379451,14.869999885559082,,,
2005-10-17,1190.0999755859375,0.0029705697541047016,14.670000076293945,,,
2005-10-18,1178.1400146484375,-0.010100380589755709,15.329999923706055,,,
2005-10-19,1195.760009765625,0.014845038560093116,13.5,,,
2005-10-20,1177.800048828125,-0.015133641676906784,16.110000610351562,,,
2005-10-21,1179.5899658203125,0.001518558511770074,16.1299991607666,,,
2005-10-24,1199.3800048828125,0.016637869183025344,14.739999771118164,,,
2005-10-25,1196.5400390625,-0.002370669386531965,14.529999732971191,,,
2005-10-26,1191.3800048828125,-0.0043217880969663724,14.59000015258789,,,
2005-10-27,1178.9000244140625,-0.010530482171556166,16.020000457763672,,,
2005-10-28,1198.4100341796875,0.0164138857010121,14.25,,,
2005-10-31,1207.010009765625,0.007150528449828997,15.319999694824219,,,
2005-11-01,1202.760009765625,-0.003527311213989748,14.850000381469727,,,
2005-11-02,1214.760009765625,0.009927610493678962,13.479999542236328,,,
2005-11-03,1219.93994140625,0.004255094722213748,13.0,,,
2005-11-04,1220.1400146484375,0.00016398908743919804,13.170000076293945,,,
2005-11-07,1222.81005859375,0.002185918605323245,13.100000381469727,,,
2005-11-08,1218.5899658203125,-0.0034571122587987446,13.079999923706055,,,
2005-11-09,1220.6500244140625,0.001689099138900474,12.800000190734863,,,
2005-11-10,1230.9599609375,0.008410797282881077,11.899999618530273,,,
2005-11-11,1234.719970703125,0.003049878965987851,11.630000114440918,,,
2005-11-14,1233.760009765625,-0.0007777749817607926,12.180000305175781,,,
2005-11-15,1229.010009765625,-0.0038574498246255473,12.229999542236328,,,
2005-11-16,1231.2099609375,0.0017884187466492563,12.260000228881836,,,
2005-11-17,1242.800048828125,0.00936954388568445,11.25,,,
2005-11-18,1248.27001953125,0.004391670522725377,11.119999885559082,,,
2005-11-21,1254.8499755859375,0.005257415724038594,10.819999694824219,,,
2005-11-22,1261.22998046875,0.00507139571731674,10.600000381469727,,,
2005-11-23,1265.6099853515625,0.0034667880268317575,10.960000038146973,,,
2005-11-25,1268.25,0.0020837896481920026,10.880000114440918,,,
2005-11-28,1257.4599609375,-0.008544215188562632,11.84000015258789,,,
2005-11-29,1257.47998046875,1.5920484558229475e-05,11.890000343322754,,,
2005-11-30,1249.47998046875,-0.006382253629955592,12.0600004196167,,,
2005-12-01,1264.6700439453125,0.012083804199622072,11.239999771118164,,,
2005-12-02,1265.0799560546875,0.00032407321906280373,11.010000228881836,,,
2005-12-05,1262.0899658203125,-0.0023662766825758297,11.600000381469727,,,
2005-12-06,1263.699951171875,0.0012748372766697713,11.520000457763672,,,
2005-12-07,1257.3699951171875,-0.005021653100799384,12.180000305175781,,,
2005-12-08,1255.8399658203125,-0.0012175898629092075,12.210000038146973,,,
2005-12-09,1259.3699951171875,0.002806947864745446,11.6899995803833,,,
2005-12-12,1260.4300537109375,0.0008413831540163841,11.470000267028809,,,
2005-12-13,1267.4300537109375,0.00553829531298522,11.109999656677246,,,
2005-12-14,1272.739990234375,0.004180778582454359,10.479999542236328,,,
2005-12-15,1270.93994140625,-0.0014153110273094072,10.729999542236328,,,
2005-12-16,1267.3199462890625,-0.0028523458839302407,10.680000305175781,,,
2005-12-19,1259.9200439453125,-0.005856130419100047,11.380000114440918,,,
2005-12-20,1259.6199951171875,-0.00023817746484766644,11.1899995803833,,,
2005-12-21,1262.7900390625,0.002513505394688309,10.8100004196167,,,
2005-12-22,1268.1199951171875,0.004211895217280492,10.289999961853027,,,
2005-12-23,1268.6600341796875,0.0004257673621061997,10.270000457763672,,,
2005-12-27,1256.5400390625,-0.009599309229902708,11.569999694824219,,,
2005-12-28,1258.1700439453125,0.0012963761684554598,11.350000381469727,,,
2005-12-29,1254.4200439453125,-0.002984969814583849,11.609999656677246,,,
2005-12-30,1248.2900390625,-0.004898703356058576,12.069999694824219,,,
2006-01-03,1268.800048828125,0.01629696434137884,11.140000343322754,,,
2006-01-04,1273.4599609375,0.003665964386255993,11.369999885559082,,,
2006-01-05,1273.47998046875,1.572045804820732e-05,11.3100004196167,,,
2006-01-06,1285.449951171875,0.009355518384217554,11.0,,,
2006-01-09,1290.1500244140625,0.0036496959962182274,11.130000114440918,,,
2006-01-10,1289.68994140625,-0.0003566756223527534,10.859999656677246,,,
2006-01-11,1294.1800537109375,0.00347549747694309,10.9399995803833,,,
2006-01-12,1286.06005859375,-0.006294004875159409,11.199999809265137,,,
2006-01-13,1287.6099853515625,0.0012044488366580453,11.229999542236328,,,
2006-01-17,1282.9300537109375,-0.0036412090379522866,11.90999984741211,,,
2006-01-18,1277.9300537109375,-0.0039049429830875226,12.25,,,
2006-01-19,1285.0400390625,0.005548253263319758,11.979999542236328,,,
2006-01-20,1261.489990234375,-0.018496322409991883,14.5600004196167,,,
2006-01-23,1263.8199462890625,0.0018452837666602662,13.930000305175781,,,
2006-01-24,1266.8599853515625,0.002402548411444272,13.3100004196167,,,
2006-01-25,1264.6800537109375,-0.0017222182116816143,12.869999885559082,,,
2006-01-26,1273.8299560546875,0.00720890753548975,12.420000076293945,,,
2006-01-27,1283.719970703125,0.007734014372505094,11.970000267028809,,,
2006-01-30,1285.18994140625,0.0011444316179671787,12.390000343322754,,,
2006-01-31,1280.0799560546875,-0.003983980099300233,12.949999809265137,,,
2006-02-01,1282.4599609375,0.0018575363851853766,12.359999656677246,,,
2006-02-02,1270.8399658203125,-0.009102005775588395,13.229999542236328,,,
2006-02-03,1264.030029296875,-0.005373019460362727,12.960000038146973,,,
2006-02-06,1265.02001953125,0.0007828949730752655,13.039999961853027,,,
2006-02-07,1254.780029296875,-0.008127666010111056,13.59000015258789,,,
2006-02-08,1265.6500244140625,0.008625561733288656,12.829999923706055,,,
2006-02-09,1263.780029296875,-0.0014785903687126734,13.119999885559082,,,
2006-02-10,1266.989990234375,0.002536747815165441,12.869999885559082,,,
2006-02-13,1262.8599853515625,-0.0032650225045891546,13.350000381469727,,,
2006-02-14,1275.530029296875,0.009982823043985789,12.25,,,
2006-02-15,1280.0,0.003498276451836979,12.3100004196167,,,
2006-02-16,1289.3800048828125,0.00730140853907546,11.479999542236328,,,
2006-02-17,1287.239990234375,-0.0016611026418837938,12.010000228881836,,,
2006-02-21,1283.030029296875,-0.003275892937653957,12.40999984741211,,,
2006-02-22,1292.6700439453125,0.007485389902520012,11.880000114440918,,,
2006-02-23,1287.7900390625,-0.0037822795497417516,11.869999885559082,,,
2006-02-24,1289.4300537109375,0.0012727006703121546,11.460000038146973,,,
2006-02-27,1294.1199951171875,0.0036306217950352604,11.59000015258789,,,
2006-02-28,1280.6600341796875,-0.010455326977436563,12.34000015258789,,,
2006-03-01,1291.239990234375,0.008227392693299862,11.539999961853027,,,
2006-03-02,1289.1400146484375,-0.0016276486762221154,11.720000267028809,,,
2006-03-03,1287.22998046875,-0.001482733095977018,11.960000038146973,,,
2006-03-06,1278.260009765625,-0.006992821869927113,12.739999771118164,,,
2006-03-07,1275.8800048828125,-0.0018636453428637623,12.65999984741211,,,
2006-03-08,1278.469970703125,0.002027887120115146,12.319999694824219,,,
2006-03-09,1272.22998046875,-0.004892776729698234,12.680000305175781,,,
2006-03-10,1281.4200439453125,0.007197621493559403,11.850000381469727,,,
2006-03-13,1284.1300048828125,0.0021125777270372126,11.369999885559082,,,
2006-03-14,1297.47998046875,0.01034245657662236,10.739999771118164,,,
2006-03-15,1303.02001953125,0.004260755580596687,11.350000381469727,,,
2006-03-16,1305.3299560546875,0.0017711864963931845,11.979999542236328,,,
2006-03-17,1307.25,0.0014698453814148138,12.119999885559082,,,
2006-03-20,1305.0799560546875,-0.001661386180892066,11.789999961853027,,,
2006-03-21,1297.22998046875,-0.006033101043218636,11.619999885559082,,,
2006-03-22,1305.0400390625,0.006002514715950369,11.210000038146973,,,
2006-03-23,1301.6700439453125,-0.0025856323775030887,11.170000076293945,,,
2006-03-24,1302.949951171875,0.0009827977455314496,11.1899995803833,,,
2006-03-27,1301.6099853515625,-0.0010289384550095093,11.460000038146973,,,
2006-03-28,1293.22998046875,-0.006458998725721976,11.579999923706055,,,
2006-03-29,1302.8900146484375,0.0074419354889663225,10.949999809265137,,,
2006-03-30,1300.25,-0.0020283315831610693,11.569999694824219,,,
2006-03-31,1294.8699951171875,-0.004146253429841984,11.390000343322754,,,
2006-04-03,1297.81005859375,0.0022679734297250675,11.569999694824219,,,
2006-04-04,1305.9300537109375,0.006237198100456531,11.140000343322754,,,
2006-04-05,1311.56005859375,0.004301841324002353,11.130000114440918,,,
2006-04-06,1309.0400390625,-0.0019232391163139795,11.449999809265137,,,
2006-04-07,1295.5,-0.010397352959045314,12.260000228881836,,,
2006-04-10,1296.6199951171875,0.0008641538115483627,12.1899995803833,,,
2006-04-11,1286.5699462890625,-0.007781154126378809,13.0,,,
2006-04-12,1288.1199951171875,0.001204066548337046,12.760000228881836,,,
2006-04-13,1289.1199951171875,0.0007760240055052492,12.380000114440918,,,
2006-04-17,1285.3299560546875,-0.0029443507331157193,12.579999923706055,,,
2006-04-18,1307.280029296875,0.016933204646026212,11.399999618530273,,,
2006-04-19,1309.9300537109375,0.0020250765018055006,11.319999694824219,,,
2006-04-20,1311.4599609375,0.0011672489722762691,11.640000343322754,,,
2006-04-21,1311.280029296875,-0.00013720890486812465,11.59000015258789,,,
2006-04-24,1308.1099853515625,-0.0024204455810252767,11.75,,,
2006-04-25,1301.739990234375,-0.004881512597334492,11.75,,,
2006-04-26,1305.4100341796875,0.0028153702971467354,11.760000228881836,,,
2006-04-27,1309.719970703125,0.00329615768053948,11.84000015258789,,,
2006-04-28,1310.6099853515625,0.0006793149699388934,11.59000015258789,,,
2006-05-01,1305.18994140625,-0.004144087356689141,12.539999961853027,,,
2006-05-02,1313.2099609375,0.006125912703045522,11.989999771118164,,,
2006-05-03,1308.1199951171875,-0.0038835036433493286,11.989999771118164,,,
2006-05-04,1312.25,0.0031522329368360857,11.859999656677246,,,
2006-05-05,1325.760009765625,0.010242666122685762,11.619999885559082,,,
2006-05-08,1324.6600341796875,-0.0008300387341275695,12.0,,,
2006-05-09,1325.1400146484375,0.00036227674930611187,11.989999771118164,,,
2006-05-10,1322.8499755859375,-0.0017296437236282713,11.779999732971191,,,
2006-05-11,1305.9200439453125,-0.012880674678358517,12.489999771118164,,,
2006-05-12,1291.239990234375,-0.011304817461097016,14.1899995803833,,,
2006-05-15,1294.5,0.00252153078440287,13.569999694824219,,,
2006-05-16,1292.0799560546875,-0.0018712312726290037,13.350000381469727,,,
2006-05-17,1270.3199462890625,-0.016984493982545423,16.260000228881836,,,
2006-05-18,1261.81005859375,-0.006721550408602006,16.989999771118164,,,
2006-05-19,1267.030029296875,0.004128357614962219,17.18000030517578,,,
2006-05-22,1262.0699462890625,-0.0039224146258121095,17.719999313354492,,,
2006-05-23,1256.5799560546875,-0.00435947761064881,18.260000228881836,,,
2006-05-24,1258.5699462890625,0.0015824032180074,17.360000610351562,,,
2006-05-25,1272.8800048828125,0.011305940311311602,15.5,,,
2006-05-26,1280.1600341796875,0.005703043365720362,14.260000228881836,,,
2006-05-30,1259.8699951171875,-0.01597655965752054,18.65999984741211,,,
2006-05-31,1270.0899658203125,0.00807920002841378,16.440000534057617,,,
2006-06-01,1285.7099609375,0.012223327369857984,14.520000457763672,,,
2006-06-02,1288.219970703125,0.0019503332475387936,14.319999694824219,,,
2006-06-05,1265.2900390625,-0.017960022017338595,16.649999618530273,,,
2006-06-06,1263.8499755859375,-0.0011387773107429666,17.34000015258789,,,
2006-06-07,1256.1500244140625,-0.006111091377008826,17.799999237060547,,,
2006-06-08,1257.9300537109375,0.001416048446351681,18.350000381469727,,,
2006-06-09,1252.300048828125,-0.004485655970165148,18.1200008392334,,,
2006-06-12,1237.43994140625,-0.011937217492592467,20.959999084472656,,,
2006-06-13,1223.68994140625,-0.011173845930323445,23.809999465942383,,,
2006-06-14,1230.0400390625,0.005175884782161688,21.459999084472656,,,
2006-06-15,1256.1600341796875,0.02101275473961728,15.899999618530273,,,
2006-06-16,1251.5400390625,-0.0036846514409676345,17.25,,,
2006-06-19,1240.1300048828125,-0.009158607467732338,17.829999923706055,,,
2006-06-20,1240.1199951171875,-8.071577966006771e-06,16.690000534057617,,,
2006-06-21,1252.199951171875,0.009693820144399012,15.520000457763672,,,
2006-06-22,1245.5999755859375,-0.005284643397793332,15.880000114440918,,,
2006-06-23,1244.5,-0.0008834791118985663,15.890000343322754,,,
2006-06-26,1250.56005859375,0.0048576550206700375,15.619999885559082,,,
2006-06-27,1239.199951171875,-0.009125527128600375,16.399999618530273,,,
2006-06-28,1246.0,0.0054724496476818985,15.789999961853027,,,
2006-06-29,1272.8699951171875,0.02133576918516411,13.029999732971191,,,
2006-06-30,1270.199951171875,-0.0020998596049777163,13.079999923706055,,,
2006-07-03,1280.18994140625,0.007834128700747733,13.050000190734863,,,
2006-07-05,1270.9100341796875,-0.0072752524377062144,14.149999618530273,,,
2006-07-06,1274.0799560546875,0.0024911088267076664,13.649999618530273,,,
2006-07-07,1265.47998046875,-0.006772833620934726,13.970000267028809,,,
2006-07-10,1267.3399658203125,0.0014687073896704206,14.020000457763672,,,
2006-07-11,1272.4300537109375,0.004008311513638674,13.140000343322754,,,
2006-07-12,1258.5999755859375,-0.010928527604668226,14.489999771118164,,,
2006-07-13,1242.280029296875,-0.013051548192745344,17.790000915527344,,,
2006-07-14,1236.199951171875,-0.004906305775686626,18.049999237060547,,,
2006-07-17,1234.489990234375,-0.0013841973303625466,18.639999389648438,,,
2006-07-18,1236.8599853515625,0.0019179767067623033,17.739999771118164,,,
2006-07-19,1259.81005859375,0.01838506433120468,15.550000190734863,,,
2006-07-20,1249.1300048828125,-0.008513649549338531,16.209999084472656,,,
2006-07-21,1240.2900390625,-0.007102058166950975,17.399999618530273,,,
2006-07-24,1260.9100341796875,0.01648845488001527,14.979999542236328,,,
2006-07-25,1268.8800048828125,0.006300915845494082,14.850000381469727,,,
2006-07-26,1268.4000244140625,-0.000378342531320186,14.619999885559082,,,
2006-07-27,1263.199951171875,-0.00410813762499096,14.9399995803833,,,
2006-07-28,1278.550048828125,0.012078516199717448,14.329999923706055,,,
2006-07-31,1276.6600341796875,-0.001479342153265506,14.949999809265137,,,
2006-08-01,1270.9200439453125,-0.004506237112435585,15.050000190734863,,,
2006-08-02,1277.4100341796875,0.005093535034171204,14.34000015258789,,,
2006-08-03,1280.27001953125,0.0022363911697382832,14.460000038146973,,,
2006-08-04,1279.3599853515625,-0.0007110670028831478,14.34000015258789,,,
2006-08-07,1275.77001953125,-0.00281000823887112,15.229999542236328,,,
2006-08-08,1271.47998046875,-0.0033683722592652288,15.229999542236328,,,
2006-08-09,1265.949951171875,-0.004358771040950948,15.199999809265137,,,
2006-08-10,1271.81005859375,0.004618338861988924,14.460000038146973,,,
2006-08-11,1266.739990234375,-0.003994465346949028,14.300000190734863,,,
2006-08-14,1268.2099609375,0.0011597632270490266,14.260000228881836,,,
2006-08-15,1285.5799560546875,0.013603517555473843,13.420000076293945,,,
2006-08-16,1295.4300537109375,0.007632783631721374,12.40999984741211,,,
2006-08-17,1297.47998046875,0.0015811787974744362,12.239999771118164,,,
2006-08-18,1302.300048828125,0.003708062857582739,11.640000343322754,,,
2006-08-21,1297.52001953125,-0.0036772042352293255,12.220000267028809,,,
2006-08-22,1298.8199462890625,0.001001353353987433,12.1899995803833,,,
2006-08-23,1292.989990234375,-0.004498760349020969,12.399999618530273,,,
2006-08-24,1296.06005859375,0.0023715801088535216,12.399999618530273,,,
2006-08-25,1295.0899658203125,-0.0007487739494989043,12.3100004196167,,,
2006-08-28,1301.780029296875,0.005152416785938918,12.180000305175781,,,
2006-08-29,1304.280029296875,0.001918605642752702,12.279999732971191,,,
2006-08-30,1305.3699951171875,0.0008353349096585916,12.220000267028809,,,
2006-08-31,1303.8199462890625,-0.0011881457810911655,12.3100004196167,,,
2006-09-01,1311.010009765625,0.005499463994836695,11.960000038146973,,,
2006-09-05,1313.25,0.0017071408854656411,12.630000114440918,,,
2006-09-06,1300.260009765625,-0.00994072887125963,13.739999771118164,,,
2006-09-07,1294.02001953125,-0.004810584977398058,13.880000114440918,,,
2006-09-08,1298.9200439453125,0.003779516785635373,13.15999984741211,,,
2006-09-11,1299.5400390625,0.00047720196512379687,12.989999771118164,,,
2006-09-12,1313.0,0.010304209566623257,11.920000076293945,,,
2006-09-13,1318.0699462890625,0.0038539093735430185,11.180000305175781,,,
2006-09-14,1316.280029296875,-0.0013589062077690173,11.550000190734863,,,
2006-09-15,1319.6600341796875,0.002564555076311592,11.760000228881836,,,
2006-09-18,1321.1800537109375,0.0011511637573802247,11.779999732971191,,,
2006-09-19,1317.6400146484375,-0.002683048555375933,11.979999542236328,,,
2006-09-20,1325.1800537109375,0.005706071034442317,11.390000343322754,,,
2006-09-21,1318.030029296875,-0.005410119989902817,12.25,,,
2006-09-22,1314.780029296875,-0.002468846273337988,12.59000015258789,,,
2006-09-25,1326.3699951171875,0.008776510314246089,12.119999885559082,,,
2006-09-26,1336.3499755859375,0.00749611473321643,11.529999732971191,,,
2006-09-27,1336.5899658203125,0.0001795702412179523,11.579999923706055,,,
2006-09-28,1338.8800048828125,0.0017118783965646145,11.720000267028809,,,
2006-09-29,1335.8499755859375,-0.002265672135254526,11.979999542236328,,,
2006-10-02,1331.3199462890625,-0.003396884177234938,12.569999694824219,,,
2006-10-03,1334.1099853515625,0.00209350097587091,12.239999771118164,,,
2006-10-04,1350.199951171875,0.011988301577432026,11.859999656677246,,,
2006-10-05,1353.219970703125,0.002234222484696069,11.979999542236328,,,
2006-10-06,1349.5899658203125,-0.0026860986533590037,11.5600004196167,,,
2006-10-09,1350.6600341796875,0.0007925698845587803,11.680000305175781,,,
2006-10-10,1353.4200439453125,0.00204136759588458,11.520000457763672,,,
2006-10-11,1349.949951171875,-0.0025672362166977436,11.619999885559082,,,
2006-10-12,1362.8299560546875,0.009495869261272993,11.09000015258789,,,
2006-10-13,1365.6199951171875,0.0020451465739919072,10.75,,,
2006-10-16,1369.06005859375,0.002515881363473582,11.09000015258789,,,
2006-10-17,1364.050048828125,-0.0036661643184787707,11.729999542236328,,,
2006-10-18,1365.800048828125,0.0012821218580674199,11.34000015258789,,,
2006-10-19,1366.9599609375,0.0008488942862783233,10.899999618530273,,,
2006-10-20,1368.5999755859375,0.001199034115850317,10.630000114440918,,,
2006-10-23,1377.02001953125,0.00613345645545138,11.079999923706055,,,
2006-10-24,1377.3800048828125,0.00026138930469166155,10.779999732971191,,,
2006-10-25,1382.219970703125,0.0035077336032669493,10.65999984741211,,,
2006-10-26,1389.0799560546875,0.004950744808795093,10.5600004196167,,,
2006-10-27,1377.3399658203125,-0.008487547836852016,10.800000190734863,,,
2006-10-30,1377.9300537109375,0.00042833398938313394,11.199999809265137,,,
2006-10-31,1377.93994140625,7.175734218378693e-06,11.100000381469727,,,
2006-11-01,1367.81005859375,-0.007378624253349564,11.510000228881836,,,
2006-11-02,1367.3399658203125,-0.00034374185976648874,11.420000076293945,,,
2006-11-03,1364.300048828125,-0.0022257092668214185,11.15999984741211,,,
2006-11-06,1379.780029296875,0.011282575026933195,11.15999984741211,,,
2006-11-07,1382.8399658203125,0.002215243341597173,11.09000015258789,,,
2006-11-08,1385.719970703125,0.0020805082697785693,10.75,,,
2006-11-09,1378.3299560546875,-0.005347249472951177,11.010000228881836,,,
2006-11-10,1380.9000244140625,0.0018628886470652972,10.789999961853027,,,
2006-11-13,1384.4200439453125,0.002545832920179514,10.859999656677246,,,
2006-11-14,1393.219970703125,0.006336282710039498,10.5,,,
2006-11-15,1396.5699462890625,0.0024015981817582244,10.3100004196167,,,
2006-11-16,1399.760009765625,0.0022816083299046497,10.15999984741211,,,
2006-11-17,1401.199951171875,0.0010281771629614411,10.050000190734863,,,
2006-11-20,1400.5,-0.0004996617758044053,9.970000267028809,,,
2006-11-21,1402.81005859375,0.001648093909236259,9.899999618530273,,,
2006-11-22,1406.0899658203125,0.0023353687840490522,10.140000343322754,,,
2006-11-24,1400.949951171875,-0.0036622353406023933,10.729999542236328,,,
2006-11-27,1381.9599609375,-0.013647789970176127,12.300000190734863,,,
2006-11-28,1386.719970703125,0.0034384721766231863,11.619999885559082,,,
2006-11-29,1399.47998046875,0.009159499819873851,10.829999923706055,,,
2006-11-30,1400.6300048828125,0.0008214137907014418,10.90999984741211,,,
2006-12-01,1396.7099609375,-0.002802695817625711,11.65999984741211,,,
2006-12-04,1409.1199951171875,0.008845949539756148,11.229999542236328,,,
2006-12-05,1414.760009765625,0.0039945196949666695,11.270000457763672,,,
2006-12-06,1412.9000244140625,-0.0013155652358047831,11.329999923706055,,,
2006-12-07,1407.2900390625,-0.003978450122079202,12.670000076293945,,,
2006-12-08,1409.8399658203125,0.0018103015833679237,12.069999694824219,,,
2006-12-11,1413.0400390625,0.0022672409790365222,10.710000038146973,,,
2006-12-12,1411.56005859375,-0.0010479222212120831,10.649999618530273,,,
2006-12-13,1413.2099609375,0.001168167687964683,10.180000305175781,,,
2006-12-14,1425.489990234375,0.008651922436739845,9.970000267028809,,,
2006-12-15,1427.0899658203125,0.0011217745187641626,10.050000190734863,,,
2006-12-18,1422.47998046875,-0.0032355684964722187,10.600000381469727,,,
2006-12-19,1425.550048828125,0.0021559249845939377,10.300000190734863,,,
2006-12-20,1423.530029296875,-0.0014180155098069136,10.260000228881836,,,
2006-12-21,1418.300048828125,-0.003680717164277425,10.529999732971191,,,
2006-12-22,1410.760009765625,-0.005330432553268594,11.359999656677246,,,
2006-12-26,1416.9000244140625,0.004342830626287153,11.260000228881836,,,
2006-12-27,1426.8399658203125,0.006990781099262655,10.640000343322754,,,
2006-12-28,1424.72998046875,-0.001479876542664904,10.989999771118164,,,
2006-12-29,1418.300048828125,-0.00452330262961631,11.5600004196167,,,
2007-01-03,1416.5999755859375,-0.001199388642525001,12.039999961853027,,,
2007-01-04,1418.3399658203125,0.0012275324972153001,11.510000228881836,,,
2007-01-05,1409.7099609375,-0.006103167832470113,12.140000343322754,,,
2007-01-08,1412.8399658203125,0.0022178570774977757,12.0,,,
2007-01-09,1412.1099853515625,-0.0005168094993655004,11.90999984741211,,,
2007-01-10,1414.8499755859375,0.0019384718073371943,11.470000267028809,,,
2007-01-11,1423.8199462890625,0.006319861629223489,10.869999885559082,,,
2007-01-12,1430.72998046875,0.00484142709305857,10.149999618530273,,,
2007-01-16,1431.9000244140625,0.0008174608723257037,10.739999771118164,,,
2007-01-17,1430.6199951171875,-0.0008943374184005037,10.59000015258789,,,
2007-01-18,1426.3699951171875,-0.0029751613757573736,10.850000381469727,,,
2007-01-19,1430.5,0.0028912815542447845,10.399999618530273,,,
2007-01-22,1422.949951171875,-0.005291886366783238,10.770000457763672,,,
2007-01-23,1427.989990234375,0.0035357071117871897,10.34000015258789,,,
2007-01-24,1440.1300048828125,0.008465536428397868,9.890000343322754,,,
2007-01-25,1423.9000244140625,-0.011333787730706923,11.220000267028809,,,
2007-01-26,1422.1800537109375,-0.0012086595354299234,11.130000114440918,,,
2007-01-29,1420.6199951171875,-0.0010975508115658172,11.449999809265137,,,
2007-01-30,1428.8199462890625,0.0057554986076455705,10.960000038146973,,,
2007-01-31,1438.239990234375,0.006571245841596962,10.420000076293945,,,
2007-02-01,1445.93994140625,0.005339451523831862,10.3100004196167,,,
2007-02-02,1448.3900146484375,0.0016930162521955339,10.079999923706055,,,
2007-02-05,1446.989990234375,-0.0009670748024879217,10.550000190734863,,,
2007-02-06,1448.0,0.0006977639370155941,10.649999618530273,,,
2007-02-07,1450.02001953125,0.0013940689469249534,10.319999694824219,,,
2007-02-08,1448.31005859375,-0.0011799630061508637,10.4399995803833,,,
2007-02-09,1438.06005859375,-0.007102376113371278,11.100000381469727,,,
2007-02-12,1433.3699951171875,-0.003266712097896196,11.609999656677246,,,
2007-02-13,1444.260009765625,0.007568774732917838,10.34000015258789,,,
2007-02-14,1455.300048828125,0.007615012063125093,10.229999542236328,,,
2007-02-15,1456.81005859375,0.00103705549945321,10.220000267028809,,,
2007-02-16,1455.5400390625,-0.0008721613605295886,10.020000457763672,,,
2007-02-20,1459.6800537109375,0.002840277783406897,10.239999771118164,,,
2007-02-21,1457.6300048828125,-0.0014054379715542353,10.199999809265137,,,
2007-02-22,1456.3800048828125,-0.0008579243533688441,10.180000305175781,,,
2007-02-23,1451.18994140625,-0.0035700389567878688,10.579999923706055,,,
2007-02-26,1449.3699951171875,-0.001254893239734045,11.149999618530273,,,
2007-02-27,1399.0400390625,-0.035342660843101115,18.309999465942383,,,
2007-02-28,1406.8199462890625,0.005545484952733659,15.420000076293945,,,
2007-03-01,1403.1700439453125,-0.0025978059772997497,15.819999694824219,,,
2007-03-02,1387.1700439453125,-0.011468261829749693,18.610000610351562,,,
2007-03-05,1374.1199951171875,-0.009452209514841492,19.6299991607666,,,
2007-03-06,1395.4100341796875,0.015374780717887226,15.960000038146973,,,
2007-03-07,1391.969970703125,-0.0024683144867996276,15.239999771118164,,,
2007-03-08,1401.8900146484375,0.007101347730783303,14.289999961853027,,,
2007-03-09,1402.8399658203125,0.0006773922729204074,14.09000015258789,,,
2007-03-12,1406.5999755859375,0.0026766986224968647,13.989999771118164,,,
2007-03-13,1377.949951171875,-0.020578575507405716,18.1299991607666,,,
2007-03-14,1387.1700439453125,0.006668880164959035,17.270000457763672,,,
2007-03-15,1392.280029296875,0.0036769799595122166,16.43000030517578,,,
2007-03-16,1386.949951171875,-0.003835655701215579,16.790000915527344,,,
2007-03-19,1402.06005859375,0.010835569042727755,14.59000015258789,,,
2007-03-20,1410.93994140625,0.006313481911504049,13.270000457763672,,,
2007-03-21,1435.0400390625,0.01693664320298005,12.1899995803833,,,
2007-03-22,1434.5400390625,-0.00034848304730772384,12.930000305175781,,,
2007-03-23,1436.1099853515625,0.001093791602759353,12.949999809265137,,,
2007-03-26,1437.5,0.0009674345258661177,13.15999984741211,,,
2007-03-27,1428.6099853515625,-0.006203560368759575,13.479999542236328,,,
2007-03-28,1417.22998046875,-0.007997684815493677,14.979999542236328,,,
2007-03-29,1422.530029296875,0.00373274851668981,15.140000343322754,,,
2007-03-30,1420.8599853515625,-0.0011746852375145167,14.640000343322754,,,
2007-04-02,1424.550048828125,0.002593696866817652,14.529999732971191,,,
2007-04-03,1437.77001953125,0.009237307072510248,13.460000038146973,,,
2007-04-04,1439.3699951171875,0.0011121987409170586,13.239999771118164,,,
2007-04-05,1443.760009765625,0.003045313970392094,13.229999542236328,,,
2007-04-09,1444.6099853515625,0.000588550367099927,13.140000343322754,,,
2007-04-10,1448.3900146484375,0.0026132260269688956,12.680000305175781,,,
2007-04-11,1438.8699951171875,-0.006594524912467037,13.489999771118164,,,
2007-04-12,1447.800048828125,0.006187116686112937,12.710000038146973,,,
2007-04-13,1452.8499755859375,0.0034819311653260243,12.199999809265137,,,
2007-04-16,1468.3299560546875,0.01059854287315698,11.979999542236328,,,
2007-04-17,1471.47998046875,0.0021430131114730244,12.140000343322754,,,
2007-04-18,1472.5,0.0006929527910060074,12.420000076293945,,,
2007-04-19,1470.72998046875,-0.0012027736577708836,12.539999961853027,,,
2007-04-20,1484.3499755859375,0.009218086660296443,12.069999694824219,,,
2007-04-23,1480.9300537109375,-0.0023066444703703226,13.039999961853027,,,
2007-04-24,1480.4100341796875,-0.0003512055496237565,13.119999885559082,,,
2007-04-25,1495.4200439453125,0.01008803370270872,13.210000038146973,,,
2007-04-26,1494.25,-0.0007827245066183153,12.789999961853027,,,
2007-04-27,1494.0699462890625,-0.00012050497563276252,12.449999809265137,,,
2007-04-30,1482.3699951171875,-0.007861748709062866,14.220000267028809,,,
2007-05-01,1486.300048828125,0.0026476879873138515,13.510000228881836,,,
2007-05-02,1495.9200439453125,0.006451588538502584,13.079999923706055,,,
2007-05-03,1502.3900146484375,0.004315751619413,13.09000015258789,,,
2007-05-04,1505.6199951171875,0.0021475870756333393,12.90999984741211,,,
2007-05-07,1509.47998046875,0.002560437459192322,13.149999618530273,,,
2007-05-08,1507.719970703125,-0.001166651195633861,13.210000038146973,,,
2007-05-09,1512.5799560546875,0.003218216510912697,12.880000114440918,,,
2007-05-10,1491.469970703125,-0.014054581884655803,13.600000381469727,,,
2007-05-11,1505.8499755859375,0.009595315462487264,12.949999809265137,,,
2007-05-14,1503.1500244140625,-0.001794584178452574,13.960000038146973,,,
2007-05-15,1501.18994140625,-0.0013048345448343213,14.010000228881836,,,
2007-05-16,1514.1400146484375,0.008589542804573469,13.5,,,
2007-05-17,1512.75,-0.0009184441716891811,13.510000228881836,,,
2007-05-18,1522.75,0.006588724214163122,12.760000228881836,,,
2007-05-21,1525.0999755859375,0.0015420549373725834,13.300000190734863,,,
2007-05-22,1524.1199951171875,-0.0006427745534312024,13.0600004196167,,,
2007-05-23,1522.280029296875,-0.0012079608910857687,13.239999771118164,,,
2007-05-24,1507.510009765625,-0.009749940652955758,14.079999923706055,,,
2007-05-25,1515.72998046875,0.0054378686345302185,13.34000015258789,,,
2007-05-29,1518.1099853515625,0.0015689722581671006,13.529999732971191,,,
2007-05-30,1530.22998046875,0.007951907673130698,12.829999923706055,,,
2007-05-31,1530.6199951171875,0.0002548407492426463,13.050000190734863,,,
2007-06-01,1536.3399658203125,0.003730063260024785,12.779999732971191,,,
2007-06-04,1539.1800537109375,0.0018468998282514804,13.289999961853027,,,
2007-06-05,1530.949951171875,-0.0053614161226649415,13.630000114440918,,,
2007-06-06,1517.3800048828125,-0.008903259242367234,14.869999885559082,,,
2007-06-07,1490.719970703125,-0.017725961545528968,17.059999465942383,,,
2007-06-08,1507.6700439453125,0.011306236827796745,14.84000015258789,,,
2007-06-11,1509.1199951171875,0.0009612543562846909,14.710000038146973,,,
2007-06-12,1493.0,-0.010739177694170543,16.670000076293945,,,
2007-06-13,1515.6700439453125,0.015070095861530852,14.729999542236328,,,
2007-06-14,1522.969970703125,0.004804742099216774,13.640000343322754,,,
2007-06-15,1532.9100341796875,0.00650555553085308,13.9399995803833,,,
2007-06-18,1531.050048828125,-0.0012141056212540136,13.420000076293945,,,
2007-06-19,1533.699951171875,0.001729278410380175,12.850000381469727,,,
2007-06-20,1512.8399658203125,-0.013694428381801238,14.670000076293945,,,
2007-06-21,1522.18994140625,0.006161392441565994,14.210000038146973,,,
2007-06-22,1502.56005859375,-0.01297968982743214,15.75,,,
2007-06-25,1497.739990234375,-0.0032130603124347346,16.649999618530273,,,
2007-06-26,1492.8900146484375,-0.0032434502628655437,18.889999389648438,,,
2007-06-27,1506.3399658203125,0.008968996323784673,15.529999732971191,,,
2007-06-28,1505.7099609375,-0.000418323007465915,15.539999961853027,,,
2007-06-29,1503.3499755859375,-0.0015685867913806106,16.229999542236328,,,
2007-07-02,1519.4300537109375,0.010639364857749634,15.399999618530273,,,
2007-07-03,1524.8699951171875,0.003573857444480133,14.920000076293945,,,
2007-07-05,1525.4000244140625,0.0003475294310435473,15.479999542236328,,,
2007-07-06,1530.43994140625,0.0032985507214169374,14.720000267028809,,,
2007-07-09,1531.8499755859375,0.0009209018855544926,15.15999984741211,,,
2007-07-10,1510.1199951171875,-0.014287024725469166,17.56999969482422,,,
2007-07-11,1518.760009765625,0.005705104242657022,16.639999389648438,,,
2007-07-12,1547.699951171875,0.018875707510562556,15.539999961853027,,,
2007-07-13,1552.5,0.0030966084377510583,15.149999618530273,,,
2007-07-16,1549.52001953125,-0.0019213166689402428,15.59000015258789,,,
2007-07-17,1549.3699951171875,-9.682461363347272e-05,15.630000114440918,,,
2007-07-18,1546.1700439453125,-0.0020674598107692788,16.0,,,
2007-07-19,1553.0799560546875,0.004459094012305265,15.229999542236328,,,
2007-07-20,1534.0999755859375,-0.012296153790126496,16.950000762939453,,,
2007-07-23,1541.5699462890625,0.004857468831634293,16.809999465942383,,,
2007-07-24,1511.0400390625,-0.02000316145961012,18.549999237060547,,,
2007-07-25,1518.0899658203125,0.004654761912206595,18.100000381469727,,,
2007-07-26,1482.6600341796875,-0.023615148318428147,20.739999771118164,,,
2007-07-27,1458.949951171875,-0.016120829482687782,24.170000076293945,,,
2007-07-30,1473.9100341796875,0.010201791310726627,20.8700008392334,,,
2007-07-31,1455.27001953125,-0.012727292908787824,23.520000457763672,,,
2007-08-01,1465.81005859375,0.007216566833712967,23.670000076293945,,,
2007-08-02,1472.199951171875,0.00434981680259483,21.219999313354492,,,
2007-08-03,1433.06005859375,-0.026945788416662175,25.15999984741211,,,
2007-08-06,1467.6700439453125,0.023864080164867296,22.940000534057617,,,
2007-08-07,1476.7099609375,0.00614047465454437,21.559999465942383,,,
2007-08-08,1497.489990234375,0.013973752789071092,21.450000762939453,,,
2007-08-09,1453.0899658203125,-0.030098066707581417,26.479999542236328,,,
2007-08-10,1453.6400146484375,0.0003784657249807921,28.299999237060547,,,
2007-08-13,1452.9200439453125,-0.0004954108659971368,26.56999969482422,,,
2007-08-14,1426.5400390625,-0.01832339549898787,27.68000030517578,,,
2007-08-15,1406.699951171875,-0.014005458249530811,30.670000076293945,,,
2007-08-16,1411.27001953125,0.0032435209838830303,30.829999923706055,,,
2007-08-17,1445.93994140625,0.02426956652251988,29.989999771118164,,,
2007-08-20,1445.550048828125,-0.00026968281529970994,26.329999923706055,,,
2007-08-21,1447.1199951171875,0.001085465275582287,25.25,,,
2007-08-22,1464.0699462890625,0.011644820880578166,22.889999389648438,,,
2007-08-23,1462.5,-0.0010728917937870008,22.6200008392334,,,
2007-08-24,1479.3699951171875,0.011469018050260793,20.719999313354492,,,
2007-08-27,1466.7900390625,-0.00853995191309842,22.719999313354492,,,
2007-08-28,1432.3599853515625,-0.023752942896165585,26.299999237060547,,,
2007-08-29,1463.760009765625,0.021685050980904563,23.809999465942383,,,
2007-08-30,1457.6400146484375,-0.004189774778312838,25.059999465942383,,,
2007-08-31,1473.989990234375,0.011154303290853207,23.3799991607666,,,
2007-09-04,1489.4200439453125,0.010413809077047809,22.780000686645508,,,
2007-09-05,1472.2900390625,-0.011567773631410816,24.579999923706055,,,
2007-09-06,1478.550048828125,0.004242872517798091,23.989999771118164,,,
2007-09-07,1453.550048828125,-0.017053037079487687,26.229999542236328,,,
2007-09-10,1451.699951171875,-0.0012736238921533527,27.3799991607666,,,
2007-09-11,1471.489990234375,0.013540236395020777,25.270000457763672,,,
2007-09-12,1471.56005859375,4.76161521048013e-05,24.959999084472656,,,
2007-09-13,1483.949951171875,0.008384316153809301,24.760000228881836,,,
2007-09-14,1484.25,0.00020217561760205172,24.920000076293945,,,
2007-09-17,1476.6500244140625,-0.005133568991712245,26.479999542236328,,,
2007-09-18,1519.780029296875,0.02878958164080636,20.350000381469727,,,
2007-09-19,1529.030029296875,0.00606795976423502,20.030000686645508,,,
2007-09-20,1518.75,-0.0067459384752552864,20.450000762939453,,,
2007-09-21,1525.75,0.004598464335745511,19.0,,,
2007-09-24,1517.72998046875,-0.005270307770365967,19.3700008392334,,,
2007-09-25,1517.2099609375,-0.0003426885186383899,18.600000381469727,,,
2007-09-26,1525.4200439453125,0.005396714632314392,17.6299991607666,,,
2007-09-27,1531.3800048828125,0.0038994820691842236,17.0,,,
2007-09-28,1526.75,-0.0030279997338542586,18.0,,,
2007-10-01,1547.0400390625,0.013202159881824826,17.84000015258789,,,
2007-10-02,1546.6300048828125,-0.0002650794533760603,18.489999771118164,,,
2007-10-03,1539.5899658203125,-0.00456224853726539,18.799999237060547,,,
2007-10-04,1542.8399658203125,0.0021087267359831685,18.440000534057617,,,
2007-10-05,1557.5899658203125,0.009514881229474526,16.90999984741211,,,
2007-10-08,1552.5799560546875,-0.0032216979939061474,17.459999084472656,,,
2007-10-09,1565.1500244140625,0.008063646659191015,16.1200008392334,,,
2007-10-10,1562.469970703125,-0.0017137979492956035,16.670000076293945,,,
2007-10-11,1554.4100341796875,-0.00517180929399963,18.8799991607666,,,
2007-10-12,1561.800048828125,0.004742959110705769,17.729999542236328,,,
2007-10-15,1548.7099609375,-0.008416732385427395,19.25,,,
2007-10-16,1538.530029296875,-0.006594866980536018,20.020000457763672,,,
2007-10-17,1541.239990234375,0.0017598467546102725,18.540000915527344,,,
2007-10-18,1540.0799560546875,-0.0007529463052931007,18.5,,,
2007-10-19,1500.6300048828125,-0.02594931140710255,22.959999084472656,,,
2007-10-22,1506.3299560546875,0.003791176519172268,21.639999389648438,,,
2007-10-23,1519.5899658203125,0.00876433943198407,20.40999984741211,,,
2007-10-24,1515.8800048828125,-0.002444407502362189,20.799999237060547,,,
2007-10-25,1514.4000244140625,-0.0009767946012351203,21.170000076293945,,,
2007-10-26,1535.280029296875,0.013693456876032073,19.559999465942383,,,
2007-10-29,1540.97998046875,0.0037057710835721736,19.8700008392334,,,
2007-10-30,1531.02001953125,-0.00648437228933485,21.06999969482422,,,
2007-10-31,1549.3800048828125,0.011920661356755069,18.530000686645508,,,
2007-11-01,1508.43994140625,-0.026778888689809044,23.209999084472656,,,
2007-11-02,1509.6500244140625,0.0008018866808869873,23.010000228881836,,,
2007-11-05,1502.1700439453125,-0.004967093437072023,24.309999465942383,,,
2007-11-06,1520.27001953125,0.011977204894451532,21.389999389648438,,,
2007-11-07,1475.6199951171875,-0.02980972636157464,26.489999771118164,,,
2007-11-08,1474.77001953125,-0.0005761784748674614,26.15999984741211,,,
2007-11-09,1453.699951171875,-0.01439006181201119,28.5,,,
2007-11-12,1439.1800537109375,-0.010038452592368685,31.09000015258789,,,
2007-11-13,1481.050048828125,0.02867778438776103,24.100000381469727,,,
2007-11-14,1470.5799560546875,-0.007094477743350147,25.940000534057617,,,
2007-11-15,1451.1500244140625,-0.013300488548972034,28.059999465942383,,,
2007-11-16,1458.739990234375,0.005216680351984415,25.489999771118164,,,
2007-11-19,1433.27001953125,-0.01761448208061811,26.010000228881836,,,
2007-11-20,1439.699951171875,0.004476163998967664,24.8799991607666,,,
2007-11-21,1416.77001953125,-0.01605507806431916,26.84000015258789,,,
2007-11-23,1440.699951171875,0.016749426122977695,25.610000610351562,,,
2007-11-26,1407.219970703125,-0.023512966551297865,28.90999984741211,,,
2007-11-27,1428.22998046875,0.014819795556490156,26.280000686645508,,,
2007-11-28,1469.02001953125,0.0281596233998318,24.110000610351562,,,
2007-11-29,1469.719970703125,0.000476361425262084,23.969999313354492,,,
2007-11-30,1481.1400146484375,0.00774018490674333,22.8700008392334,,,
2007-12-03,1472.4200439453125,-0.005904735888844215,23.610000610351562,,,
2007-12-04,1462.7900390625,-0.006561737772241116,23.790000915527344,,,
2007-12-05,1485.010009765625,0.0150759150455686,22.530000686645508,,,
2007-12-06,1507.3399658203125,0.01492497250929059,20.959999084472656,,,
2007-12-07,1504.6600341796875,-0.0017795035510106416,20.850000381469727,,,
2007-12-10,1515.9599609375,0.007481894107170817,20.739999771118164,,,
2007-12-11,1477.6500244140625,-0.02559587137042474,23.59000015258789,,,
2007-12-12,1486.5899658203125,0.006031879025493403,22.469999313354492,,,
2007-12-13,1488.4100341796875,0.001223575520302056,22.559999465942383,,,
2007-12-14,1467.949951171875,-0.013841622651711738,23.270000457763672,,,
2007-12-17,1445.9000244140625,-0.015134854466995584,24.520000457763672,,,
2007-12-18,1454.97998046875,0.006260159463819193,22.639999389648438,,,
2007-12-19,1453.0,-0.0013617568126456092,21.68000030517578,,,
2007-12-20,1460.1199951171875,0.004888236191244566,20.579999923706055,,,
2007-12-21,1484.4599609375,0.016532422665618718,18.469999313354492,,,
2007-12-24,1496.449951171875,0.008044560385114252,18.600000381469727,,,
2007-12-26,1497.6600341796875,0.0008083090331476583,18.65999984741211,,,
2007-12-27,1476.27001953125,-0.014385263354659727,20.260000228881836,,,
2007-12-28,1478.489990234375,0.001502640562007329,20.739999771118164,,,
2007-12-31,1468.3599853515625,-0.006875168311073487,22.5,,,
2008-01-02,1447.1600341796875,-0.014543083003997204,23.170000076293945,,,
2008-01-03,1447.1600341796875,0.0,22.489999771118164,,,
2008-01-04,1411.6300048828125,-0.024857970223955306,23.940000534057617,,,
2008-01-07,1416.1800537109375,0.003218075231744777,23.790000915527344,,,
2008-01-08,1390.18994140625,-0.018522757462586803,25.43000030517578,,,
2008-01-09,1409.1300048828125,0.013532109841889017,24.1200008392334,,,
2008-01-10,1420.3299560546875,0.00791671189712595,23.450000762939453,,,
2008-01-11,1401.02001953125,-0.013688651328566337,23.68000030517578,,,
2008-01-14,1416.25,0.01081197664888034,22.899999618530273,,,
2008-01-15,1380.949951171875,-0.025240900594804216,23.34000015258789,,,
2008-01-16,1373.199951171875,-0.005627885721787962,24.3799991607666,,,
2008-01-17,1333.25,-0.02952417654491235,28.459999084472656,,,
2008-01-18,1325.18994140625,-0.006063769329588631,27.18000030517578,,,
2008-01-22,1310.5,-0.011147057387661974,31.010000228881836,,,
2008-01-23,1338.5999755859375,0.02121552966457596,29.020000457763672,,,
2008-01-24,1352.0699462890625,0.010012438257545497,27.780000686645508,,,
2008-01-25,1330.6099853515625,-0.015999239008266386,29.079999923706055,,,
2008-01-28,1353.9599609375,0.01739613041048127,27.780000686645508,,,
2008-01-29,1362.300048828125,0.006140880526634085,27.31999969482422,,,
2008-01-30,1355.81005859375,-0.004775378708849587,27.6200008392334,,,
2008-01-31,1378.550048828125,0.016633152629791148,26.200000762939453,,,
2008-02-01,1395.4200439453125,0.01216321916738039,24.020000457763672,,,
2008-02-04,1380.8199462890625,-0.010517990019449641,25.989999771118164,,,
2008-02-05,1336.6400146484375,-0.03251847341534386,28.239999771118164,,,
2008-02-06,1326.449951171875,-0.00765284938923827,28.969999313354492,,,
2008-02-07,1336.9100341796875,0.007854842639588355,27.65999984741211,,,
2008-02-08,1331.2900390625,-0.0042125802217771735,28.010000228881836,,,
2008-02-11,1339.1300048828125,0.005871726706863534,27.600000381469727,,,
2008-02-12,1348.8599853515625,0.0072396273807111555,26.329999923706055,,,
2008-02-13,1367.2099609375,0.013512358038407335,24.8799991607666,,,
2008-02-14,1348.8599853515625,-0.013512358038407335,25.540000915527344,,,
2008-02-15,1349.989990234375,0.0008373973796755863,25.020000457763672,,,
2008-02-19,1348.780029296875,-0.0008966759003650182,25.59000015258789,,,
2008-02-20,1360.030029296875,0.008306277988261002,24.399999618530273,,,
2008-02-21,1342.530029296875,-0.012950864527482508,25.1200008392334,,,
2008-02-22,1353.1099853515625,0.007849720529112147,24.059999465942383,,,
2008-02-25,1371.800048828125,0.013718145806112858,23.030000686645508,,,
2008-02-26,1381.2900390625,0.006894091743070874,21.899999618530273,,,
2008-02-27,1380.02001953125,-0.0009198674497632453,22.690000534057617,,,
2008-02-28,1367.6800537109375,-0.00898209299043451,23.530000686645508,,,
2008-02-29,1330.6300048828125,-0.027463395019370118,26.540000915527344,,,
2008-03-03,1331.3399658203125,0.0005334101903082811,26.280000686645508,,,
2008-03-04,1326.75,-0.003453585425228667,25.520000457763672,,,
2008-03-05,1333.699951171875,0.005224655309318038,24.600000381469727,,,
2008-03-06,1304.3399658203125,-0.022259858524764198,27.549999237060547,,,
2008-03-07,1293.3699951171875,-0.008445928205016884,27.489999771118164,,,
2008-03-10,1273.3699951171875,-0.015584285792662023,29.3799991607666,,,
2008-03-11,1320.6500244140625,0.03645713261332961,26.360000610351562,,,
2008-03-12,1308.77001953125,-0.009036278359461747,27.219999313354492,,,
2008-03-13,1315.47998046875,0.005113823424050423,27.290000915527344,,,
2008-03-14,1288.1400146484375,-0.021002274391494602,31.15999984741211,,,
2008-03-17,1276.5999755859375,-0.008999054083631108,32.2400016784668,,,
2008-03-18,1330.739990234375,0.04153489642900965,25.790000915527344,,,
2008-03-19,1298.4200439453125,-0.0245869966260841,29.84000015258789,,,
2008-03-20,1329.510009765625,0.023662286124142007,26.6200008392334,,,
2008-03-24,1349.8800048828125,0.01520524258521494,25.729999542236328,,,
2008-03-25,1352.989990234375,0.002301247732709122,25.719999313354492,,,
2008-03-26,1341.1300048828125,-0.00880440513862979,26.079999923706055,,,
2008-03-27,1325.760009765625,-0.011526658548938862,25.8799991607666,,,
2008-03-28,1315.219970703125,-0.00798195753141595,25.709999084472656,,,
2008-03-31,1322.699951171875,0.0056711353928271535,25.610000610351562,,,
2008-04-01,1370.1800537109375,0.035267092136393785,22.68000030517578,,,
2008-04-02,1367.530029296875,-0.0019359429314116383,23.43000030517578,,,
2008-04-03,1369.31005859375,0.0013007917822775994,23.209999084472656,,,
2008-04-04,1370.4000244140625,0.0007956797214259126,22.450000762939453,,,
2008-04-07,1372.5400390625,0.0015603804918233877,22.420000076293945,,,
2008-04-08,1365.5400390625,-0.005113082927238999,22.360000610351562,,,
2008-04-09,1354.489990234375,-0.008124990899776918,22.809999465942383,,,
2008-04-10,1360.550048828125,0.004464073140925784,21.979999542236328,,,
2008-04-11,1332.8299560546875,-0.020584597439500918,23.459999084472656,,,
2008-04-14,1328.3199462890625,-0.003389522761990449,23.81999969482422,,,
2008-04-15,1334.4300537109375,0.004589329186817537,22.780000686645508,,,
2008-04-16,1364.7099609375,0.0224376485954636,20.530000686645508,,,
2008-04-17,1365.56005859375,0.0006227205936708557,20.3700008392334,,,
2008-04-18,1390.3299560546875,0.01797645360615352,20.1299991607666,,,
2008-04-21,1388.1700439453125,-0.001554732801476888,20.5,,,
2008-04-22,1375.93994140625,-0.008849273303171756,20.8700008392334,,,
2008-04-23,1379.9300537109375,0.002895720843083538,20.260000228881836,,,
2008-04-24,1388.8199462890625,0.006421614900284922,20.059999465942383,,,
2008-04-25,1397.8399658203125,0.0064737365287355075,19.59000015258789,,,
2008-04-28,1396.3699951171875,-0.001052154891209689,19.639999389648438,,,
2008-04-29,1390.93994140625,-0.003896273255606708,20.239999771118164,,,
2008-04-30,1385.5899658203125,-0.0038537184080862374,20.790000915527344,,,
2008-05-01,1409.3399658203125,0.016995468403441905,18.8799991607666,,,
2008-05-02,1413.9000244140625,0.0032303754374387594,18.18000030517578,,,
2008-05-05,1407.489990234375,-0.004543891610429895,18.899999618530273,,,
2008-05-06,1418.260009765625,0.007622805755977957,18.209999084472656,,,
2008-05-07,1392.5699462890625,-0.01827985274237065,19.729999542236328,,,
2008-05-08,1397.6800537109375,0.003662835326675662,19.399999618530273,,,
2008-05-09,1388.280029296875,-0.006748165663026384,19.40999984741211,,,
2008-05-12,1403.5799560546875,0.010960492292484858,17.790000915527344,,,
2008-05-13,1403.0400390625,-0.0003847453519085775,17.979999542236328,,,
2008-05-14,1408.6600341796875,0.003997583280623829,17.65999984741211,,,
2008-05-15,1423.5699462890625,0.010528841196037142,16.299999237060547,,,
2008-05-16,1425.3499755859375,0.0012496171021449953,16.469999313354492,,,
2008-05-19,1426.6300048828125,0.0008976426143174621,17.010000228881836,,,
2008-05-20,1413.4000244140625,-0.009316856535458662,17.579999923706055,,,
2008-05-21,1390.7099609375,-0.016183786536071665,18.59000015258789,,,
2008-05-22,1394.3499755859375,0.0026139593430798413,18.049999237060547,,,
2008-05-23,1375.9300537109375,-0.013298434194714659,19.549999237060547,,,
2008-05-27,1385.3499755859375,0.006822892512121648,19.639999389648438,,,
2008-05-28,1390.8399658203125,0.00395505891648007,19.06999969482422,,,
2008-05-29,1398.260009765625,0.005320756886203704,18.139999389648438,,,
2008-05-30,1400.3800048828125,0.0015150183743459777,17.829999923706055,,,
2008-06-02,1385.6700439453125,-0.010559822954777864,19.829999923706055,,,
2008-06-03,1377.6500244140625,-0.0058046421345538946,20.239999771118164,,,
2008-06-04,1377.199951171875,-0.00032674973242130534,20.799999237060547,,,
2008-06-05,1404.050048828125,0.019308535254153547,18.6299991607666,,,
2008-06-06,1360.6800537109375,-0.03137633801853834,23.559999465942383,,,
2008-06-09,1361.760009765625,0.0007933736546297254,23.1200008392334,,,
2008-06-10,1358.43994140625,-0.0024410485020096573,23.18000030517578,,,
2008-06-11,1335.489990234375,-0.017038681020649094,24.1200008392334,,,
2008-06-12,1339.8699951171875,0.003274332291770321,23.329999923706055,,,
2008-06-13,1360.030029296875,0.014934189182590707,21.219999313354492,,,
2008-06-16,1360.1400146484375,8.086652661098981e-05,20.950000762939453,,,
2008-06-17,1350.9300537109375,-0.006794362473468318,21.1299991607666,,,
2008-06-18,1337.81005859375,-0.009759291491304722,22.239999771118164,,,
2008-06-19,1342.8299560546875,0.0037453020931321745,21.579999923706055,,,
2008-06-20,1317.9300537109375,-0.018716929874510235,22.8700008392334,,,
2008-06-23,1318.0,5.307143031352268e-05,22.639999389648438,,,
2008-06-24,1314.2900390625,-0.0028188104950155335,22.420000076293945,,,
2008-06-25,1321.969970703125,0.005826400535617893,21.139999389648438,,,
2008-06-26,1283.1500244140625,-0.02980501481058262,23.93000030517578,,,
2008-06-27,1278.3800048828125,-0.0037243561390027935,23.440000534057617,,,
2008-06-30,1280.0,0.0012664227601932865,23.950000762939453,,,
2008-07-01,1284.9100341796875,0.003828625653153672,23.649999618530273,,,
2008-07-02,1261.52001953125,-0.018371344987170524,25.920000076293945,,,
2008-07-03,1262.9000244140625,0.0010933244042243828,24.780000686645508,,,
2008-07-07,1252.31005859375,-0.008420790350196938,25.780000686645508,,,
2008-07-08,1273.699951171875,0.01693611962638375,23.149999618530273,,,
2008-07-09,1244.68994140625,-0.023039556424807373,25.229999542236328,,,
2008-07-10,1253.3900146484375,0.006965436311526574,25.59000015258789,,,
2008-07-11,1239.489990234375,-0.011151895352082164,27.489999771118164,,,
2008-07-14,1228.300048828125,-0.00906885749704145,28.479999542236328,,,
2008-07-15,1214.9100341796875,-0.010961111207183905,28.540000915527344,,,
2008-07-16,1245.3599853515625,0.024754604874712705,25.100000381469727,,,
2008-07-17,1260.3199462890625,0.011940981372926984,25.010000228881836,,,
2008-07-18,1260.6800537109375,0.00028568617558466514,24.049999237060547,,,
2008-07-21,1260.0,-0.0005395795681693016,23.049999237060547,,,
2008-07-22,1277.0,0.013401856087015496,21.18000030517578,,,
2008-07-23,1282.18994140625,0.0040559306967180575,21.309999465942383,,,
2008-07-24,1252.5400390625,-0.02339598696581202,23.440000534057617,,,
2008-07-25,1257.760009765625,0.004158848046300179,22.90999984741211,,,
2008-07-28,1234.3699951171875,-0.01877165431708594,24.229999542236328,,,
2008-07-29,1263.199951171875,0.02308743079446174,22.030000686645508,,,
2008-07-30,1284.260009765625,0.016534539279929206,21.209999084472656,,,
2008-07-31,1267.3800048828125,-0.013230903287161588,22.940000534057617,,,
2008-08-01,1260.31005859375,-0.00559401235764323,22.56999969482422,,,
2008-08-04,1249.010009765625,-0.009006523604902839,23.489999771118164,,,
2008-08-05,1284.8800048828125,0.028314087237507835,21.139999389648438,,,
2008-08-06,1289.18994140625,0.003348736157926524,20.229999542236328,,,
2008-08-07,1266.0699462890625,-0.018096496701488718,21.149999618530273,,,
2008-08-08,1296.3199462890625,0.02361186756964173,20.65999984741211,,,
2008-08-11,1305.3199462890625,0.0069187406968787,20.1200008392334,,,
2008-08-12,1289.5899658203125,-0.012123868402247773,21.170000076293945,,,
2008-08-13,1285.8299560546875,-0.0029199218388873405,21.549999237060547,,,
2008-08-14,1292.9300537109375,0.005506612147370582,20.34000015258789,,,
2008-08-15,1298.199951171875,0.004067649803148221,19.579999923706055,,,
2008-08-18,1278.5999755859375,-0.015212941748937503,20.979999542236328,,,
2008-08-19,1266.68994140625,-0.009358557566294223,21.280000686645508,,,
2008-08-20,1274.5400390625,0.00617820715683326,20.420000076293945,,,
2008-08-21,1277.719970703125,0.0024918568436600452,19.81999969482422,,,
2008-08-22,1292.199951171875,0.0112689376647932,18.809999465942383,,,
2008-08-25,1266.8399658203125,-0.01982057052791575,20.969999313354492,,,
2008-08-26,1271.510009765625,0.003679594428953159,20.489999771118164,,,
2008-08-27,1281.6600341796875,0.007950961127648704,19.760000228881836,,,
2008-08-28,1300.6800537109375,0.01473110654422971,19.43000030517578,,,
2008-08-29,1282.8299560546875,-0.013818705278780818,20.649999618530273,,,
2008-09-02,1277.5799560546875,-0.004100911602328949,21.989999771118164,,,
2008-09-03,1274.97998046875,-0.0020371521529352066,21.43000030517578,,,
2008-09-04,1236.8299560546875,-0.030378857722847208,24.030000686645508,,,
2008-09-05,1242.31005859375,0.004420977784567626,23.059999465942383,,,
2008-09-08,1267.7900390625,0.020302661013165135,22.639999389648438,,,
2008-09-09,1224.510009765625,-0.03473448601838758,25.469999313354492,,,
2008-09-10,1232.0400390625,0.0061305918718019825,24.520000457763672,,,
2008-09-11,1249.050048828125,0.013711937637729044,24.389999389648438,,,
2008-09-12,1251.699951171875,0.0021192868823822764,25.65999984741211,,,
2008-09-15,1192.699951171875,-0.04828298467905778,31.700000762939453,,,
2008-09-16,1213.5999755859375,0.017371525271792088,30.299999237060547,,,
2008-09-17,1156.3900146484375,-0.048288032671885084,36.220001220703125,,,
2008-09-18,1206.510009765625,0.042428806317098555,33.099998474121094,,,
2008-09-19,1255.0799560546875,0.03946737797774613,32.06999969482422,,,
2008-09-22,1207.0899658203125,-0.03898680450101821,33.849998474121094,,,
2008-09-23,1188.219970703125,-0.015756111732192934,35.720001220703125,,,
2008-09-24,1185.8699951171875,-0.0019796860163383556,35.189998626708984,,,
2008-09-25,1209.1800537109375,0.01946581003608472,32.81999969482422,,,
2008-09-26,1213.27001953125,0.0033767215693920605,34.7400016784668,,,
2008-09-29,1106.4200439453125,-0.09218959234553648,46.720001220703125,,,
2008-09-30,1166.3599853515625,0.052758158003824995,39.38999938964844,,,
2008-10-01,1161.06005859375,-0.004554344139591215,39.810001373291016,,,
2008-10-02,1114.280029296875,-0.04112494871855432,45.2599983215332,,,
2008-10-03,1099.22998046875,-0.01359856579234453,45.13999938964844,,,
2008-10-06,1056.8900146484375,-0.03927926970654205,52.04999923706055,,,
2008-10-07,996.22998046875,-0.05910779118196352,53.68000030517578,,,
2008-10-08,984.9400024414062,-0.011397406925517828,57.529998779296875,,,
2008-10-09,909.9199829101562,-0.07922406331313603,63.91999816894531,,,
2008-10-10,899.219970703125,-0.011828976472150643,69.94999694824219,,,
2008-10-13,1003.3499755859375,0.10957196759533883,54.9900016784668,,,
2008-10-14,998.010009765625,-0.0053363498135370335,55.130001068115234,,,
2008-10-15,907.8400268554688,-0.09469512488423515,69.25,,,
2008-10-16,946.4299926757812,0.041628822290941336,67.61000061035156,,,
2008-10-17,940.5499877929688,-0.0062322059327275525,70.33000183105469,,,
2008-10-20,985.4000244140625,0.04658287732523192,52.970001220703125,,,
2008-10-21,955.0499877929688,-0.03128399253607039,53.11000061035156,,,
2008-10-22,896.780029296875,-0.06295307968785124,69.6500015258789,,,
2008-10-23,908.1099853515625,0.01255489784581787,67.80000305175781,,,
2008-10-24,876.77001953125,-0.035120777951255455,79.12999725341797,,,
2008-10-27,848.9199829101562,-0.032279789320129204,80.05999755859375,,,
2008-10-28,940.510009765625,0.102457358473937,66.95999908447266,,,
2008-10-29,930.0900268554688,-0.011140907177517256,69.95999908447266,,,
2008-10-30,954.0900268554688,0.025476650236373466,62.900001525878906,,,
2008-10-31,968.75,0.015248545898600696,59.88999938964844,,,
2008-11-03,966.2999877929688,-0.0025322482950489444,53.68000030517578,,,
2008-11-04,1005.75,0.04001447845738948,47.72999954223633,,,
2008-11-05,952.77001953125,-0.05411525893116398,54.560001373291016,,,
2008-11-06,904.8800048828125,-0.05157120827951989,63.68000030517578,,,
2008-11-07,930.989990234375,0.02844618197210025,56.099998474121094,,,
2008-11-10,919.2100219726562,-0.012733896186857052,59.97999954223633,,,
2008-11-11,898.9500122070312,-0.02228720025294262,61.439998626708984,,,
2008-11-12,852.2999877929688,-0.05328886594572069,66.45999908447266,,,
2008-11-13,911.2899780273438,0.06692259078968732,59.83000183105469,,,
2008-11-14,873.2899780273438,-0.0425934906208667,66.30999755859375,,,
2008-11-17,850.75,-0.026149349993598747,69.1500015258789,,,
2008-11-18,859.1199951171875,0.009790290485440778,67.63999938964844,,,
2008-11-19,806.5800170898438,-0.06310549598420678,74.26000213623047,,,
2008-11-20,752.4400024414062,-0.0694818454127768,80.86000061035156,,,
2008-11-21,800.030029296875,0.061328001115066755,72.66999816894531,,,
2008-11-24,851.8099975585938,0.06271423081455652,64.69999694824219,,,
2008-11-25,857.3900146484375,0.006529413613966639,60.900001525878906,,,
2008-11-26,887.6799926757812,0.03471840142238225,54.91999816894531,,,
2008-11-28,896.239990234375,0.009596913918806571,55.279998779296875,,,
2008-12-01,816.2100219726562,-0.09353652163820936,68.51000213623047,,,
2008-12-02,848.8099975585938,0.03916366397642257,62.97999954223633,,,
2008-12-03,870.739990234375,0.025508047919814203,60.720001220703125,,,
2008-12-04,845.219970703125,-0.02974649977384214,63.63999938964844,,,
2008-12-05,876.0700073242188,0.035849090941537654,59.93000030517578,,,
2008-12-08,909.7000122070312,0.037668883466785985,58.4900016784668,,,
2008-12-09,888.6699829101562,-0.023388944476326223,58.90999984741211,,,
2008-12-10,899.239990234375,0.011824007505509826,55.72999954223633,,,
2008-12-11,873.5900268554688,-0.028938762495764436,55.779998779296875,,,
2008-12-12,879.72998046875,0.00700383123051207,54.279998779296875,,,
2008-12-15,868.5700073242188,-0.01276683041148452,56.7599983215332,,,
2008-12-16,913.1799926757812,0.05008481578859225,52.369998931884766,,,
2008-12-17,904.4199829101562,-0.009639170015612208,49.84000015258789,,,
2008-12-18,885.280029296875,-0.021389823129045027,47.34000015258789,,,
2008-12-19,887.8800048828125,0.0029325919817235757,44.93000030517578,,,
2008-12-22,871.6300048828125,-0.01847157668633681,44.560001373291016,,,
2008-12-23,863.1599731445312,-0.009764984984231617,45.02000045776367,,,
2008-12-24,868.1500244140625,0.005764496357789639,44.209999084472656,,,
2008-12-26,872.7999877929688,0.005341881620716471,43.380001068115234,,,
2008-12-29,869.4199829101562,-0.003880117528480831,43.900001525878906,,,
2008-12-30,890.6400146484375,0.024114018863220288,41.630001068115234,,,
2008-12-31,903.25,0.014059048160206977,40.0,,,
2009-01-02,931.7999877929688,0.031118816254462445,39.189998626708984,,,
2009-01-05,927.4500122070312,-0.0046792884475959085,39.08000183105469,,,
2009-01-06,934.7000122070312,0.007786737413760569,38.560001373291016,,,
2009-01-07,906.6500244140625,-0.03046912022057313,43.38999938964844,,,
2009-01-08,909.72998046875,0.0033913156919744836,42.560001373291016,,,
2009-01-09,890.3499755859375,-0.02153321429320254,42.81999969482422,,,
2009-01-12,870.260009765625,-0.022822587628668956,45.84000015258789,,,
2009-01-13,871.7899780273438,0.0017565152157663633,43.27000045776367,,,
2009-01-14,842.6199951171875,-0.034032464490183045,49.13999938964844,,,
2009-01-15,843.739990234375,0.0013282991669525401,51.0,,,
2009-01-16,850.1199951171875,0.0075331315563733625,46.11000061035156,,,
2009-01-20,805.219970703125,-0.054262014623913224,56.650001525878906,,,
2009-01-21,840.239990234375,0.04257205806919373,46.41999816894531,,,
2009-01-22,827.5,-0.01527844644087839,47.290000915527344,,,
2009-01-23,831.9500122070312,0.005363250283092924,47.27000045776367,,,
2009-01-26,836.5700073242188,0.005537850154849977,45.689998626708984,,,
2009-01-27,845.7100219726562,0.01086632953448241,42.25,,,
2009-01-28,874.0900268554688,0.033006838682640094,39.65999984741211,,,
2009-01-29,845.1400146484375,-0.033681064466673405,42.630001068115234,,,
2009-01-30,825.8800048828125,-0.02305282101067707,44.84000015258789,,,
2009-02-02,825.4400024414062,-0.0005329099748898614,45.52000045776367,,,
2009-02-03,838.510009765625,0.01570993844294577,43.060001373291016,,,
2009-02-04,832.22998046875,-0.0075176974397948015,43.849998474121094,,,
2009-02-05,845.8499755859375,0.01623318860075873,43.72999954223633,,,
2009-02-06,868.5999755859375,0.026540681935397714,43.369998931884766,,,
2009-02-09,869.8900146484375,0.0014840917192797676,43.63999938964844,,,
2009-02-10,827.1599731445312,-0.050368669494148754,46.66999816894531,,,
2009-02-11,833.739990234375,0.007923477223390485,44.529998779296875,,,
2009-02-12,835.1900024414062,0.0017376553579211418,41.25,,,
2009-02-13,826.8400268554688,-0.010048008389114571,42.93000030517578,,,
2009-02-17,789.1699829101562,-0.04662949981810449,48.65999984741211,,,
2009-02-18,788.4199829101562,-0.000950817478245547,48.459999084472656,,,
2009-02-19,778.9400024414062,-0.01209689689849558,47.08000183105469,,,
2009-02-20,770.0499877929688,-0.01147859226361625,49.29999923706055,,,
2009-02-23,743.3300170898438,-0.035315317490224984,52.619998931884766,,,
2009-02-24,773.1400146484375,0.03932004922172627,45.4900016784668,,,
2009-02-25,764.9000244140625,-0.01071502543791869,44.66999816894531,,,
2009-02-26,752.8300170898438,-0.015905676845763494,44.65999984741211,,,
2009-02-27,735.0900268554688,-0.023846484170293003,46.349998474121094,,,
2009-03-02,700.8200073242188,-0.04774188875107299,52.650001525878906,,,
2009-03-03,696.3300170898438,-0.00642737803835125,50.93000030517578,,,
2009-03-04,712.8699951171875,0.02347535830991543,47.560001373291016,,,
2009-03-05,682.5499877929688,-0.04346330218569694,50.16999816894531,,,
2009-03-06,683.3800048828125,0.001215314395985878,49.33000183105469,,,
2009-03-09,676.530029296875,-0.010074245130306636,49.68000030517578,,,
2009-03-10,719.5999755859375,0.0617186323188923,44.369998931884766,,,
2009-03-11,721.3599853515625,0.002442830735847501,43.61000061035156,,,
2009-03-12,750.739990234375,0.03992107486845242,41.18000030517578,,,
2009-03-13,756.5499877929688,0.0077092350090426365,42.36000061035156,,,
2009-03-16,753.8900146484375,-0.003522120560965014,43.7400016784668,,,
2009-03-17,778.1199951171875,0.031634259452989255,40.79999923706055,,,
2009-03-18,794.3499755859375,0.020643391776915543,40.060001373291016,,,
2009-03-19,784.0399780273438,-0.013064127999234287,43.68000030517578,,,
2009-03-20,768.5399780273438,-0.019967428951184196,45.88999938964844,,,
2009-03-23,822.9199829101562,0.06836638735773626,43.22999954223633,,,
2009-03-24,806.1199951171875,-0.020626361096598878,42.93000030517578,,,
2009-03-25,813.8800048828125,0.009580332245017864,42.25,,,
2009-03-26,832.8599853515625,0.0230526022398303,40.36000061035156,,,
2009-03-27,815.9400024414062,-0.020524717385895563,41.040000915527344,,,
2009-03-30,787.530029296875,-0.035439323427820746,45.540000915527344,,,
2009-03-31,797.8699951171875,0.013044168377756904,44.13999938964844,,,
2009-04-01,811.0800170898438,0.01642104317974269,42.279998779296875,,,
2009-04-02,834.3800048828125,0.028322225961305847,42.040000915527344,,,
2009-04-03,842.5,0.009684722294469594,39.70000076293945,,,
2009-04-06,835.47998046875,-0.00836727561668038,40.93000030517578,,,
2009-04-07,815.5499877929688,-0.024143669317648886,40.38999938964844,,,
2009-04-08,825.1599731445312,0.01171455708684821,38.849998474121094,,,
2009-04-09,856.5599975585938,0.0373470906207336,36.529998779296875,,,
2009-04-13,858.72998046875,0.0025301658560268336,37.810001373291016,,,
2009-04-14,841.5,-0.0202685172249355,37.66999816894531,,,
2009-04-15,852.0599975585938,0.012470930388817969,36.16999816894531,,,
2009-04-16,865.2999877929688,0.015419309485732668,35.790000915527344,,,
2009-04-17,869.5999755859375,0.004957054226538915,33.939998626708984,,,
2009-04-20,832.3900146484375,-0.04373220914165632,39.18000030517578,,,
2009-04-21,850.0800170898438,0.02102938421614553,37.13999938964844,,,
2009-04-22,843.5499877929688,-0.007711320225478602,38.099998474121094,,,
2009-04-23,851.9199829101562,0.009873443065782084,37.150001525878906,,,
2009-04-24,866.22998046875,0.016657834020331386,36.81999969482422,,,
2009-04-27,857.510009765625,-0.01011758749904601,38.31999969482422,,,
2009-04-28,855.1599731445312,-0.0027442976398495134,37.95000076293945,,,
2009-04-29,873.6400146484375,0.02137985372716411,36.08000183105469,,,
2009-04-30,872.8099975585938,-0.0009505192207450719,36.5,,,
2009-05-01,877.52001953125,0.005381880325808552,35.29999923706055,,,
2009-05-04,907.239990234375,0.03330724358772574,34.529998779296875,,,
2009-05-05,903.7999877929688,-0.0037989294772939886,33.36000061035156,,,
2009-05-06,919.530029296875,0.017254618329419102,32.45000076293945,,,
2009-05-07,907.3900146484375,-0.013290338985760819,33.439998626708984,,,
2009-05-08,929.22998046875,0.023783902379113542,32.04999923706055,,,
2009-05-11,909.239990234375,-0.021747190202753508,32.869998931884766,,,
2009-05-12,908.3499755859375,-0.0009793349834765763,31.799999237060547,,,
2009-05-13,883.9199829101562,-0.02726319853661252,33.650001525878906,,,
2009-05-14,893.0700073242188,0.010298431992771917,31.3700008392334,,,
2009-05-15,882.8800048828125,-0.011475676904066923,33.119998931884766,,,
2009-05-18,909.7100219726562,0.029936594996533117,30.239999771118164,,,
2009-05-19,908.1300048828125,-0.0017383460198727718,28.799999237060547,,,
2009-05-20,903.469970703125,-0.0051446726880470806,29.030000686645508,,,
2009-05-21,888.3300170898438,-0.01689955803033616,31.350000381469727,,,
2009-05-22,887.0,-0.0014983325081701082,32.630001068115234,,,
2009-05-26,910.3300170898438,0.025962207600157328,30.6200008392334,,,
2009-05-27,893.0599975585938,-0.019153424774367878,32.36000061035156,,,
2009-05-28,906.8300170898438,0.015301255166552785,31.670000076293945,,,
2009-05-29,919.1400146484375,0.013483445887850998,28.920000076293945,,,
2009-06-01,942.8699951171875,0.025489943861423114,30.040000915527344,,,
2009-06-02,944.739990234375,0.001981336974748338,29.6299991607666,,,
2009-06-03,931.760009765625,-0.013834465750710123,31.020000457763672,,,
2009-06-04,942.4600219726562,0.011418220142165758,30.18000030517578,,,
2009-06-05,940.0900268554688,-0.0025178574888160554,29.6200008392334,,,
2009-06-08,939.1400146484375,-0.0010110654544464026,29.770000457763672,,,
2009-06-09,942.4299926757812,0.0034970597611732046,28.270000457763672,,,
2009-06-10,939.1500244140625,-0.0034864013799680293,28.459999084472656,,,
2009-06-11,944.8900146484375,0.006093297249543106,28.110000610351562,,,
2009-06-12,946.2100219726562,0.00139602084821977,28.149999618530273,,,
2009-06-15,923.719970703125,-0.02405559125359691,30.809999465942383,,,
2009-06-16,911.969970703125,-0.012801901027886586,32.68000030517578,,,
2009-06-17,910.7100219726562,-0.0013825234667823594,31.540000915527344,,,
2009-06-18,918.3699951171875,0.00837581500488227,30.030000686645508,,,
2009-06-19,921.22998046875,0.003109358223242431,27.989999771118164,,,
2009-06-22,893.0399780273438,-0.031078364330823227,31.170000076293945,,,
2009-06-23,895.0999755859375,0.0023040684995176974,30.579999923706055,,,
2009-06-24,900.9400024414062,0.006503248824326846,29.049999237060547,,,
2009-06-25,920.260009765625,0.021217583998248024,26.360000610351562,,,
2009-06-26,918.9000244140625,-0.0014789203486031965,25.93000030517578,,,
2009-06-29,927.22998046875,0.009024296841261936,25.350000381469727,,,
2009-06-30,919.3200073242188,-0.008567351633166354,26.350000381469727,,,
2009-07-01,923.3300170898438,0.004352444623651586,26.219999313354492,,,
2009-07-02,896.4199829101562,-0.029577684825957462,27.950000762939453,,,
2009-07-06,898.719970703125,0.002562462104256369,29.0,,,
2009-07-07,881.030029296875,-0.019879785362884483,30.850000381469727,,,
2009-07-08,879.5599975585938,-0.0016699311679353457,31.299999237060547,,,
2009-07-09,882.6799926757812,0.0035409460623174738,29.780000686645508,,,
2009-07-10,879.1300048828125,-0.004029938077683148,29.020000457763672,,,
2009-07-13,901.0499877929688,0.024627948777227182,26.309999465942383,,,
2009-07-14,905.8400268554688,0.005301983236098984,25.020000457763672,,,
2009-07-15,932.6799926757812,0.02919943487510146,25.889999389648438,,,
2009-07-16,940.739990234375,0.00860463469170547,25.420000076293945,,,
2009-07-17,940.3800048828125,-0.0003827351332095219,24.34000015258789,,,
2009-07-20,951.1300048828125,0.011366702462731304,24.399999618530273,,,
2009-07-21,954.5800170898438,0.003620714522427626,23.8700008392334,,,
2009-07-22,954.0700073242188,-0.0005344193762502059,23.469999313354492,,,
2009-07-23,976.2899780273438,0.023022599224312934,23.43000030517578,,,
2009-07-24,979.260009765625,0.0030375434434768422,23.09000015258789,,,
2009-07-27,982.1799926757812,0.00297738912597012,24.280000686645508,,,
2009-07-28,979.6199951171875,-0.002609847107349239,25.010000228881836,,,
2009-07-29,975.1500244140625,-0.004573406026934457,25.610000610351562,,,
2009-07-30,986.75,0.011825384188157706,25.399999618530273,,,
2009-07-31,987.47998046875,0.0007395090837833962,25.920000076293945,,,
2009-08-03,1002.6300048828125,0.015225607827280996,25.559999465942383,,,
2009-08-04,1005.6500244140625,0.0030075704221061983,24.889999389648438,,,
2009-08-05,1002.719970703125,-0.0029178446171664874,24.899999618530273,,,
2009-08-06,997.0800170898438,-0.005640532654179076,25.670000076293945,,,
2009-08-07,1010.47998046875,0.013349700532252484,24.760000228881836,,,
2009-08-10,1007.0999755859375,-0.0033505567248806045,24.989999771118164,,,
2009-08-11,994.3499755859375,-0.012740935609429904,25.989999771118164,,,
2009-08-12,1005.8099975585938,0.011459230792872255,25.450000762939453,,,
2009-08-13,1012.72998046875,0.006856450796144387,24.709999084472656,,,
2009-08-14,1004.0900268554688,-0.008567949977279277,24.270000457763672,,,
2009-08-17,979.72998046875,-0.024559960849173557,27.889999389648438,,,
2009-08-18,989.6699829101562,0.010094533393885996,26.18000030517578,,,
2009-08-19,996.4600219726562,0.006837483447019288,26.260000228881836,,,
2009-08-20,1007.3699951171875,0.01088922798411307,25.09000015258789,,,
2009-08-21,1026.1300048828125,0.01845147972542094,25.010000228881836,,,
2009-08-24,1025.5699462890625,-0.0005459459189838256,25.139999389648438,,,
2009-08-25,1028.0,0.00236666381836681,24.920000076293945,,,
2009-08-26,1028.1199951171875,0.00011671995565354365,24.950000762939453,,,
2009-08-27,1030.97998046875,0.002777900271591527,24.68000030517578,,,
2009-08-28,1028.9300537109375,-0.0019903077323775165,24.760000228881836,,,
2009-08-31,1020.6199951171875,-0.0081091985403825,26.010000228881836,,,
2009-09-01,998.0399780273438,-0.02237222631680602,29.149999618530273,,,
2009-09-02,994.75,-0.0033018843457508495,28.899999618530273,,,
2009-09-03,1003.239990234375,0.00849858245094115,27.100000381469727,,,
2009-09-04,1016.4000244140625,0.013032243708162028,25.260000228881836,,,
2009-09-08,1025.3900146484375,0.008806045829839348,25.6200008392334,,,
2009-09-09,1033.3699951171875,0.007752259025442854,24.31999969482422,,,
2009-09-10,1044.1400146484375,0.01036829277665774,23.549999237060547,,,
2009-09-11,1042.72998046875,-0.0013513389885906335,24.149999618530273,,,
2009-09-14,1049.3399658203125,0.0063191074071058395,23.860000610351562,,,
2009-09-15,1052.6300048828125,0.003130436490645039,23.420000076293945,,,
2009-09-16,1068.760009765625,0.015207308062442415,23.690000534057617,,,
2009-09-17,1065.489990234375,-0.003064329005571409,23.649999618530273,,,
2009-09-18,1068.300048828125,0.002633867594107109,23.920000076293945,,,
2009-09-21,1064.6600341796875,-0.00341311420788859,24.059999465942383,,,
2009-09-22,1071.6600341796875,0.006553348588267838,23.079999923706055,,,
2009-09-23,1060.8699951171875,-0.01011955845312329,23.489999771118164,,,
2009-09-24,1050.780029296875,-0.00955654819177365,24.950000762939453,,,
2009-09-25,1044.3800048828125,-0.006109360827818655,25.610000610351562,,,
2009-09-28,1062.97998046875,0.017652853549567027,24.8799991607666,,,
2009-09-29,1060.6099853515625,-0.0022320656428957975,25.190000534057617,,,
2009-09-30,1057.0799560546875,-0.003333852135212645,25.610000610351562,,,
2009-10-01,1029.8499755859375,-0.02609721149328159,28.270000457763672,,,
2009-10-02,1025.2099609375,-0.004515705309363405,28.68000030517578,,,
2009-10-05,1040.4599609375,0.014765453960325026,26.84000015258789,,,
2009-10-06,1054.719970703125,0.013612415569053127,25.700000762939453,,,
2009-10-07,1057.5799560546875,0.0027079365605269246,24.68000030517578,,,
2009-10-08,1065.47998046875,0.007442145876693118,24.18000030517578,,,
2009-10-09,1071.489990234375,0.005624810543572778,23.1200008392334,,,
2009-10-12,1076.18994140625,0.004376777568566581,23.010000228881836,,,
2009-10-13,1073.18994140625,-0.002791504630812902,22.989999771118164,,,
2009-10-14,1092.02001953125,0.017393743058258693,22.860000610351562,,,
2009-10-15,1096.56005859375,0.004148850316393116,21.719999313354492,,,
2009-10-16,1087.6800537109375,-0.008131023468329168,21.43000030517578,,,
2009-10-19,1097.9100341796875,0.009361366739514487,21.489999771118164,,,
2009-10-20,1091.06005859375,-0.006258649187024901,20.899999618530273,,,
2009-10-21,1081.4000244140625,-0.008893233917182108,22.219999313354492,,,
2009-10-22,1092.9100341796875,0.010587374358508761,20.690000534057617,,,
2009-10-23,1079.5999755859375,-0.01225331535289964,22.270000457763672,,,
2009-10-26,1066.949951171875,-0.011786514446439078,24.309999465942383,,,
2009-10-27,1063.4100341796875,-0.003323307116675167,24.829999923706055,,,
2009-10-28,1042.6300048828125,-0.0197343861452417,27.90999984741211,,,
2009-10-29,1066.1099853515625,0.0222701243339678,24.760000228881836,,,
2009-10-30,1036.18994140625,-0.028466028015250444,30.690000534057617,,,
2009-11-02,1042.8800048828125,0.006435653191021018,29.780000686645508,,,
2009-11-03,1045.4100341796875,0.002423064313306078,28.809999465942383,,,
2009-11-04,1046.5,0.0010420772415047352,27.719999313354492,,,
2009-11-05,1066.6300048828125,0.0190528872206146,25.43000030517578,,,
2009-11-06,1069.300048828125,0.002500124319576358,24.190000534057617,,,
2009-11-09,1093.0799560546875,0.021995084915274354,23.149999618530273,,,
2009-11-10,1093.010009765625,-6.3992141384972e-05,22.84000015258789,,,
2009-11-11,1098.510009765625,0.005019357795690738,23.040000915527344,,,
2009-11-12,1087.239990234375,-0.010312359059077458,24.239999771118164,,,
2009-11-13,1093.47998046875,0.005722887256427001,23.360000610351562,,,
2009-11-16,1109.300048828125,0.014363976568498416,22.889999389648438,,,
2009-11-17,1110.3199462890625,0.0009189839116237053,22.40999984741211,,,
2009-11-18,1109.800048828125,-0.00046835078426799015,21.6299991607666,,,
2009-11-19,1094.9000244140625,-0.013516805711666358,22.6299991607666,,,
2009-11-20,1091.3800048828125,-0.0032201022062015028,22.190000534057617,,,
2009-11-23,1106.239990234375,0.013523913934335496,21.15999984741211,,,
2009-11-24,1105.6500244140625,-0.0005334495209039503,20.469999313354492,,,
2009-11-25,1110.6300048828125,0.004494006880236157,20.479999542236328,,,
2009-11-27,1091.489990234375,-0.017383699967933985,24.739999771118164,,,
2009-11-30,1095.6300048828125,0.003785818430064758,24.510000228881836,,,
2009-12-01,1108.8599853515625,0.012002902588402087,21.920000076293945,,,
2009-12-02,1109.239990234375,0.00034263999883954455,21.1200008392334,,,
2009-12-03,1099.9200439453125,-0.008437597492033433,22.459999084472656,,,
2009-12-04,1105.97998046875,0.005494312254292311,21.25,,,
2009-12-07,1103.25,-0.0024714329268036295,22.100000381469727,,,
2009-12-08,1091.93994140625,-0.010304492069515447,23.690000534057617,,,
2009-12-09,1095.949951171875,0.003665645395977357,22.65999984741211,,,
2009-12-10,1102.3499755859375,0.005822720019583727,22.31999969482422,,,
2009-12-11,1106.4100341796875,0.003676328028912934,21.59000015258789,,,
2009-12-14,1114.1099853515625,0.006935296207216446,21.149999618530273,,,
2009-12-15,1107.9300537109375,-0.005562408837016086,21.489999771118164,,,
2009-12-16,1109.1800537109375,0.0011275940949078134,20.540000915527344,,,
2009-12-17,1096.0799560546875,-0.011880913538032445,22.510000228881836,,,
2009-12-18,1102.469970703125,0.005812952040881392,21.68000030517578,,,
2009-12-21,1114.050048828125,0.010448977120225855,20.489999771118164,,,
2009-12-22,1118.02001953125,0.0035572134993948623,19.540000915527344,,,
2009-12-23,1120.5899658203125,0.00229602068683743,19.709999084472656,,,
2009-12-24,1126.47998046875,0.005242407471723887,19.469999313354492,,,
2009-12-28,1127.780029296875,0.001153415281841319,19.93000030517578,,,
2009-12-29,1126.199951171875,-0.00140203408860895,20.010000228881836,,,
2009-12-30,1126.4200439453125,0.00019541047723503624,19.959999084472656,,,
2009-12-31,1115.0999755859375,-0.010100435863962254,21.68000030517578,,,
2010-01-04,1132.989990234375,0.015916082167126255,20.040000915527344,,,
2010-01-05,1136.52001953125,0.003110831966759875,19.350000381469727,,,
2010-01-06,1137.1400146484375,0.0005453718878234426,19.15999984741211,,,
2010-01-07,1141.68994140625,0.003993218354654715,19.059999465942383,,,
2010-01-08,1144.97998046875,0.0028775830750955578,18.1299991607666,,,
2010-01-11,1146.97998046875,0.0017452316285844205,17.549999237060547,,,
2010-01-12,1136.219970703125,-0.00942544643894383,18.25,,,
2010-01-13,1145.6800537109375,0.008291456333360259,17.850000381469727,,,
2010-01-14,1148.4599609375,0.0024234864214136564,17.6299991607666,,,
2010-01-15,1136.030029296875,-0.010882126301208217,17.90999984741211,,,
2010-01-19,1150.22998046875,0.012422151207736931,17.579999923706055,,,
2010-01-20,1138.0400390625,-0.010654386601861354,18.68000030517578,,,
2010-01-21,1116.47998046875,-0.019126657272988012,22.270000457763672,,,
2010-01-22,1091.760009765625,-0.022389779630108464,27.309999465942383,,,
2010-01-25,1096.780029296875,0.004587559053796042,25.40999984741211,,,
2010-01-26,1092.1700439453125,-0.004212057847785999,24.549999237060547,,,
2010-01-27,1097.5,0.004868282868612184,23.139999389648438,,,
2010-01-28,1084.530029296875,-0.011888125534279759,23.729999542236328,,,
2010-01-29,1073.8699951171875,-0.009877799049982094,24.6200008392334,,,
2010-02-01,1089.18994140625,0.014165305546369744,22.59000015258789,,,
2010-02-02,1103.3199462890625,0.012889520445202862,21.479999542236328,,,
2010-02-03,1097.280029296875,-0.005489350382538838,21.600000381469727,,,
2010-02-04,1063.1099853515625,-0.03163585604980668,26.079999923706055,,,
2010-02-05,1066.18994140625,0.0028929303608267176,26.110000610351562,,,
2010-02-08,1056.739990234375,-0.008902803100374612,26.510000228881836,,,
2010-02-09,1070.52001953125,0.012955841773586663,26.0,,,
2010-02-10,1068.1300048828125,-0.0022350694280079964,25.399999618530273,,,
2010-02-11,1078.469970703125,0.009633882335101873,23.959999084472656,,,
2010-02-12,1075.510009765625,-0.002748366119941892,22.729999542236328,,,
2010-02-16,1094.8699951171875,0.017840653536262074,22.25,,,
2010-02-17,1099.510009765625,0.004229004596710162,21.719999313354492,,,
2010-02-18,1106.75,0.006563157733795677,20.6299991607666,,,
2010-02-19,1109.1700439453125,0.0021842348635905395,20.020000457763672,,,
2010-02-22,1108.010009765625,-0.0010464051249199358,19.940000534057617,,,
2010-02-23,1094.5999755859375,-0.012176644945198767,21.3700008392334,,,
2010-02-24,1105.239990234375,0.009673519697190436,20.270000457763672,,,
2010-02-25,1102.93994140625,-0.0020832085528654787,20.100000381469727,,,
2010-02-26,1104.489990234375,0.0014043925568580917,19.5,,,
2010-03-01,1115.7099609375,0.010107257423602967,19.260000228881836,,,
2010-03-02,1118.31005859375,0.002327731002886857,19.059999465942383,,,
2010-03-03,1118.7900390625,0.0004291095214004059,18.829999923706055,,,
2010-03-04,1122.969970703125,0.0037291560795713607,18.719999313354492,,,
2010-03-05,1138.699951171875,0.013910282801603557,17.420000076293945,,,
2010-03-08,1138.5,-0.00017561143217648123,17.790000915527344,,,
2010-03-09,1140.449951171875,0.0017112720239724766,17.920000076293945,,,
2010-03-10,1145.6099853515625,0.004514354904213036,18.56999969482422,,,
2010-03-11,1150.239990234375,0.004033374313506144,18.059999465942383,,,
2010-03-12,1149.989990234375,-0.0002173695700928846,17.579999923706055,,,
2010-03-15,1150.510009765625,0.0004520926234361511,18.0,,,
2010-03-16,1159.4599609375,0.007749014983159164,17.690000534057617,,,
2010-03-17,1166.2099609375,0.005804795332563728,16.90999984741211,,,
2010-03-18,1165.8299560546875,-0.00032589912668878895,16.6200008392334,,,
2010-03-19,1159.9000244140625,-0.005099426451613098,16.969999313354492,,,
2010-03-22,1165.81005859375,0.005082359099180422,16.8700008392334,,,
2010-03-23,1174.1700439453125,0.007145377784800289,16.350000381469727,,,
2010-03-24,1167.719970703125,-0.005508447887288881,17.549999237060547,,,
2010-03-25,1165.72998046875,-0.0017056210833281682,18.399999618530273,,,
2010-03-26,1166.5899658203125,0.0007374506159880667,17.770000457763672,,,
2010-03-29,1173.219970703125,0.005667146312798188,17.59000015258789,,,
2010-03-30,1173.27001953125,4.265846293094455e-05,17.1299991607666,,,
2010-03-31,1169.4300537109375,-0.0032782423180330866,17.59000015258789,,,
2010-04-01,1178.0999755859375,0.007386454005524179,17.469999313354492,,,
2010-04-05,1187.43994140625,0.007896729443087835,17.020000457763672,,,
2010-04-06,1189.43994140625,0.0016828788753491253,16.229999542236328,,,
2010-04-07,1182.449951171875,-0.0058940429672622585,16.6200008392334,,,
2010-04-08,1186.43994140625,0.0033686614308550134,16.479999542236328,,,
2010-04-09,1194.3699951171875,0.006661668296831458,16.139999389648438,,,
2010-04-12,1196.47998046875,0.0017650508571405155,15.579999923706055,,,
2010-04-13,1197.300048828125,0.0006851660398368153,16.200000762939453,,,
2010-04-14,1210.6500244140625,0.01108836309990835,15.59000015258789,,,
2010-04-15,1211.6700439453125,0.0008421839911774143,15.890000343322754,,,
2010-04-16,1192.1300048828125,-0.01625798241854781,18.360000610351562,,,
2010-04-19,1197.52001953125,0.004511140739530184,17.34000015258789,,,
2010-04-20,1207.1700439453125,0.008026045737071108,15.729999542236328,,,
2010-04-21,1205.93994140625,-0.0010195164357016395,16.31999969482422,,,
2010-04-22,1208.6700439453125,0.0022613206430897037,16.469999313354492,,,
2010-04-23,1217.280029296875,0.007098267683218751,16.6200008392334,,,
2010-04-26,1212.050048828125,-0.004305704355092921,17.469999313354492,,,
2010-04-27,1183.7099609375,-0.02365964017870148,22.809999465942383,,,
2010-04-28,1191.3599853515625,0.006441958378180956,21.079999923706055,,,
2010-04-29,1206.780029296875,0.012860180281289324,18.440000534057617,,,
2010-04-30,1186.68994140625,-0.01678781013986619,22.049999237060547,,,
2010-05-03,1202.260009765625,0.013035257453261728,20.190000534057617,,,
2010-05-04,1173.5999755859375,-0.024127199957417744,23.84000015258789,,,
2010-05-05,1165.8699951171875,-0.006608341800780515,24.90999984741211,,,
2010-05-06,1128.1500244140625,-0.03288844064396379,32.79999923706055,,,
2010-05-07,1110.8800048828125,-0.015426646180906722,40.95000076293945,,,
2010-05-10,1159.72998046875,0.043034704145615166,28.84000015258789,,,
2010-05-11,1155.7900390625,-0.0034030759184666692,28.31999969482422,,,
2010-05-12,1171.6700439453125,0.013645992401825069,25.520000457763672,,,
2010-05-13,1157.43994140625,-0.012219499889225105,26.68000030517578,,,
2010-05-14,1135.6800537109375,-0.018978981387950178,31.239999771118164,,,
2010-05-17,1136.93994140625,0.0011087536210085958,30.84000015258789,,,
2010-05-18,1120.800048828125,-0.014297631784997655,33.54999923706055,,,
2010-05-19,1115.050048828125,-0.005143468860016043,35.31999969482422,,,
2010-05-20,1071.5899658203125,-0.039755795837765895,45.790000915527344,,,
2010-05-21,1087.68994140625,0.014912632585704522,40.099998474121094,,,
2010-05-24,1073.6500244140625,-0.012992046323687667,38.31999969482422,,,
2010-05-25,1074.030029296875,0.0003538747646523177,34.61000061035156,,,
2010-05-26,1067.949951171875,-0.005677078693651083,35.02000045776367,,,
2010-05-27,1103.06005859375,0.032347311768676335,29.68000030517578,,,
2010-05-28,1089.4100341796875,-0.012451892345405113,32.06999969482422,,,
2010-06-01,1070.7099609375,-0.01731435332459874,35.540000915527344,,,
2010-06-02,1098.3800048828125,0.025514428108341924,30.170000076293945,,,
2010-06-03,1102.8299560546875,0.004043191983442718,29.459999084472656,,,
2010-06-04,1064.8800048828125,-0.035017442089830375,35.47999954223633,,,
2010-06-07,1050.469970703125,-0.013624466165715887,36.56999969482422,,,
2010-06-08,1062.0,0.010916267643518829,33.70000076293945,,,
2010-06-09,1055.68994140625,-0.005959396741888057,33.72999954223633,,,
2010-06-10,1086.8399658203125,0.029079845666177384,30.56999969482422,,,
2010-06-11,1091.5999755859375,0.004370115742617031,28.790000915527344,,,
2010-06-14,1089.6300048828125,-0.0018062939317564641,28.579999923706055,,,
2010-06-15,1115.22998046875,0.023222450598500366,25.8700008392334,,,
2010-06-16,1114.6099853515625,-0.000556089354095235,25.920000076293945,,,
2010-06-17,1116.0400390625,0.0012821858123892582,25.049999237060547,,,
2010-06-18,1117.510009765625,0.0013162641384552032,23.950000762939453,,,
2010-06-21,1113.199951171875,-0.003864297943398931,24.8799991607666,,,
2010-06-22,1095.31005859375,-0.016201225086989623,27.049999237060547,,,
2010-06-23,1092.0400390625,-0.0029899392610692743,26.90999984741211,,,
2010-06-24,1073.68994140625,-0.01694628320495095,29.739999771118164,,,
2010-06-25,1076.760009765625,0.0028552819315450506,28.530000686645508,,,
2010-06-28,1074.5699462890625,-0.002036009610653977,29.0,,,
2010-06-29,1041.239990234375,-0.031508230342208954,34.130001068115234,,,
2010-06-30,1030.7099609375,-0.010164453973334986,34.540000915527344,,,
2010-07-01,1027.3699951171875,-0.0032457133092442803,32.86000061035156,,,
2010-07-02,1022.5800170898438,-0.0046732717543021,30.1200008392334,,,
2010-07-06,1028.06005859375,0.005344725887457713,29.649999618530273,,,
2010-07-07,1060.27001953125,0.030850023008263783,26.84000015258789,,,
2010-07-08,1070.25,0.009368654951658506,25.709999084472656,,,
2010-07-09,1077.9599609375,0.007178063766628995,24.979999542236328,,,
2010-07-12,1078.75,0.0007326336059527705,24.43000030517578,,,
2010-07-13,1095.3399658203125,0.015261822735573638,24.559999465942383,,,
2010-07-14,1095.1700439453125,-0.00015514366479330022,24.889999389648438,,,
2010-07-15,1096.47998046875,0.0011953885564128797,25.139999389648438,,,
2010-07-16,1064.8800048828125,-0.029242909700749387,26.25,,,
2010-07-19,1071.25,0.005964069587908405,25.969999313354492,,,
2010-07-20,1083.47998046875,0.011351874168992637,23.93000030517578,,,
2010-07-21,1069.5899658203125,-0.012902699582285848,25.639999389648438,,,
2010-07-22,1093.6700439453125,0.022263687822425382,24.6299991607666,,,
2010-07-23,1102.6600341796875,0.008186420184344456,23.469999313354492,,,
2010-07-26,1115.010009765625,0.011137908716730038,22.729999542236328,,,
2010-07-27,1113.8399658203125,-0.0010499083075199422,23.190000534057617,,,
2010-07-28,1106.1300048828125,-0.006946032638279753,24.25,,,
2010-07-29,1101.530029296875,-0.004167292220516927,24.1299991607666,,,
2010-07-30,1101.5999755859375,6.34971961988029e-05,23.5,,,
2010-08-02,1125.8599853515625,0.021783528781166517,22.010000228881836,,,
2010-08-03,1120.4599609375,-0.004807894641330357,22.6299991607666,,,
2010-08-04,1127.239990234375,0.0060328780600285015,22.209999084472656,,,
2010-08-05,1125.81005859375,-0.001269329843214706,22.100000381469727,,,
2010-08-06,1121.6400146484375,-0.003710915566397688,21.739999771118164,,,
2010-08-09,1127.7900390625,0.005468087107406205,22.139999389648438,,,
2010-08-10,1121.06005859375,-0.005985281603927639,22.3700008392334,,,
2010-08-11,1089.469970703125,-0.02858340599796172,25.389999389648438,,,
2010-08-12,1083.6099853515625,-0.005393266400071539,25.729999542236328,,,
2010-08-13,1079.25,-0.004031690712189118,26.239999771118164,,,
2010-08-16,1079.3800048828125,0.00012045128871118749,26.100000381469727,,,
2010-08-17,1092.5400390625,0.012118489601347981,24.329999923706055,,,
2010-08-18,1094.1600341796875,0.0014816804859387744,24.59000015258789,,,
2010-08-19,1075.6300048828125,-0.017080435856896337,26.440000534057617,,,
2010-08-20,1071.68994140625,-0.003669753922920016,25.489999771118164,,,
2010-08-23,1067.3599853515625,-0.004048490794552606,25.65999984741211,,,
2010-08-24,1051.8699951171875,-0.014618768361991386,27.459999084472656,,,
2010-08-25,1055.3299560546875,0.003283944691637508,26.700000762939453,,,
2010-08-26,1047.219970703125,-0.007714466580892143,27.3700008392334,,,
2010-08-27,1064.5899658203125,0.01645071040328272,24.450000762939453,,,
2010-08-30,1048.9200439453125,-0.014828611113085088,27.209999084472656,,,
2010-08-31,1049.3299560546875,0.00039071808849211465,26.049999237060547,,,
2010-09-01,1080.2900390625,0.029077736386750708,23.889999389648438,,,
2010-09-02,1090.0999755859375,0.009039852986734154,23.190000534057617,,,
2010-09-03,1104.510009765625,0.013132393793161334,21.309999465942383,,,
2010-09-07,1091.8399658203125,-0.011537491412767942,23.799999237060547,,,
2010-09-08,1098.8699951171875,0.006418059490902905,23.25,,,
2010-09-09,1104.1800537109375,0.004820652058996622,22.809999465942383,,,
2010-09-10,1109.550048828125,0.004851545040690297,21.989999771118164,,,
2010-09-13,1121.9000244140625,0.011069126603144852,21.209999084472656,,,
2010-09-14,1121.0999755859375,-0.0007133739296074637,21.559999465942383,,,
2010-09-15,1125.0699462890625,0.003534883802268851,22.100000381469727,,,
2010-09-16,1124.6600341796875,-0.0003644100558464203,21.719999313354492,,,
2010-09-17,1125.5899658203125,0.0008265141149328414,22.010000228881836,,,
2010-09-20,1142.7099609375,0.015095287889557163,21.5,,,
2010-09-21,1139.780029296875,-0.002567313120714232,22.350000381469727,,,
2010-09-22,1134.280029296875,-0.00483717279445095,22.510000228881836,,,
2010-09-23,1124.8299560546875,-0.00836624017784171,23.8700008392334,,,
2010-09-24,1148.6700439453125,0.020972915547808668,21.709999084472656,,,
2010-09-27,1142.1600341796875,-0.005683553181934364,22.540000915527344,,,
2010-09-28,1147.699951171875,0.004838660735848599,22.600000381469727,,,
2010-09-29,1144.72998046875,-0.0025911128831443975,23.25,,,
2010-09-30,1141.199951171875,-0.003088486706455562,23.700000762939453,,,
2010-10-01,1146.239990234375,0.0044067143598951475,22.5,,,
2010-10-04,1137.030029296875,-0.008067386519721609,23.530000686645508,,,
2010-10-05,1160.75,0.020646722507163595,21.760000228881836,,,
2010-10-06,1159.969970703125,-0.0006722304595951911,21.489999771118164,,,
2010-10-07,1158.06005859375,-0.0016478755817939117,21.559999465942383,,,
2010-10-08,1165.1500244140625,0.006103613171283939,20.709999084472656,,,
2010-10-11,1165.3199462890625,0.0001458262731874882,18.959999084472656,,,
2010-10-12,1169.77001953125,0.0038114836641494065,18.93000030517578,,,
2010-10-13,1178.0999755859375,0.007095785561559431,19.06999969482422,,,
2010-10-14,1173.81005859375,-0.003648032184402794,19.8799991607666,,,
2010-10-15,1176.18994140625,0.002025432873274724,19.030000686645508,,,
2010-10-18,1184.7099609375,0.007217634690706021,19.09000015258789,,,
2010-10-19,1165.9000244140625,-0.01600464402905466,20.6299991607666,,,
2010-10-20,1178.1700439453125,0.010469082613678182,19.790000915527344,,,
2010-10-21,1180.260009765625,0.001772336952799769,19.270000457763672,,,
2010-10-22,1183.0799560546875,0.002386408784290417,18.780000686645508,,,
2010-10-25,1185.6199951171875,0.0021446701468814666,19.850000381469727,,,
2010-10-26,1185.6400146484375,1.6885142217759608e-05,20.219999313354492,,,
2010-10-27,1182.449951171875,-0.002694209639216183,20.709999084472656,,,
2010-10-28,1183.780029296875,0.0011242172367564862,20.8799991607666,,,
2010-10-29,1183.260009765625,-0.00043938381356856127,21.200000762939453,,,
2010-11-01,1184.3800048828125,0.0009460857172536308,21.829999923706055,,,
2010-11-02,1193.5699462890625,0.007729336064693726,21.56999969482422,,,
2010-11-03,1197.9599609375,0.003671306443685296,19.559999465942383,,,
2010-11-04,1221.06005859375,0.01909930440966523,18.520000457763672,,,
2010-11-05,1225.8499755859375,0.0039150790536108815,18.260000228881836,,,
2010-11-08,1223.25,-0.0021232098228605167,18.290000915527344,,,
2010-11-09,1213.4000244140625,-0.008084894540661303,19.079999923706055,,,
2010-11-10,1218.7099609375,0.004366533579725385,18.469999313354492,,,
2010-11-11,1213.5400390625,-0.004251149890857064,18.639999389648438,,,
2010-11-12,1199.2099609375,-0.011878766244753258,20.610000610351562,,,
2010-11-15,1197.75,-0.0012181773094548376,20.200000762939453,,,
2010-11-16,1178.3399658203125,-0.01633815741468858,22.579999923706055,,,
2010-11-17,1178.5899658203125,0.0002121403759884899,21.760000228881836,,,
2010-11-18,1196.68994140625,0.015240583543647546,18.75,,,
2010-11-19,1199.72998046875,0.0025371519119099517,18.040000915527344,,,
2010-11-22,1197.8399658203125,-0.0015766088850606153,18.3700008392334,,,
2010-11-23,1180.72998046875,-0.014387031590549881,20.6299991607666,,,
2010-11-24,1198.3499755859375,0.014812715518616848,19.559999465942383,,,
2010-11-26,1189.4000244140625,-0.007496591424233756,22.219999313354492,,,
2010-11-29,1187.760009765625,-0.001379810265237147,21.530000686645508,,,
2010-11-30,1180.550048828125,-0.006088715610164108,23.540000915527344,,,
2010-12-01,1206.0699462890625,0.021386622263129595,21.360000610351562,,,
2010-12-02,1221.530029296875,0.012737100160620685,19.389999389648438,,,
2010-12-03,1224.7099609375,0.002599854016351877,18.010000228881836,,,
2010-12-06,1223.1199951171875,-0.0012990821033005417,18.020000457763672,,,
2010-12-07,1223.75,0.0005149475844579143,17.989999771118164,,,
2010-12-08,1228.280029296875,0.003694925752615319,17.739999771118164,,,
2010-12-09,1233.0,0.0038353835670088543,17.25,,,
2010-12-10,1240.4000244140625,0.0059837037443601915,17.610000610351562,,,
2010-12-13,1240.4599609375,4.8319150458553395e-05,17.549999237060547,,,
2010-12-14,1241.5899658203125,0.0009105416846804104,17.610000610351562,,,
2010-12-15,1235.22998046875,-0.005135617015335825,17.940000534057617,,,
2010-12-16,1242.8699951171875,0.006166045704273593,17.389999389648438,,,
2010-12-17,1243.9100341796875,0.0008364544598933321,16.110000610351562,,,
2010-12-20,1247.0799560546875,0.002545111460543481,16.40999984741211,,,
2010-12-21,1254.5999755859375,0.006011993849786457,16.489999771118164,,,
2010-12-22,1258.8399658203125,0.003373857625541987,15.449999809265137,,,
2010-12-23,1256.77001953125,-0.0016456817776040467,16.469999313354492,,,
2010-12-27,1257.5400390625,0.0006125096248110751,17.670000076293945,,,
2010-12-28,1258.510009765625,0.0007710265951414996,17.520000457763672,,,
2010-12-29,1259.780029296875,0.001008636510665184,17.280000686645508,,,
2010-12-30,1257.8800048828125,-0.0015093576964178013,17.520000457763672,,,
2010-12-31,1257.6400146484375,-0.00019080765268331135,17.75,,,
2011-01-03,1271.8699951171875,0.011251294147760937,17.610000610351562,,,
2011-01-04,1270.199951171875,-0.0013139246526350234,17.3799991607666,,,
2011-01-05,1276.56005859375,0.0049946760743084795,17.020000457763672,,,
2011-01-06,1273.8499755859375,-0.002125214370637174,17.399999618530273,,,
2011-01-07,1271.5,-0.0018464857690823067,17.139999389648438,,,
2011-01-10,1269.75,-0.001377275180819204,17.540000915527344,,,
2011-01-11,1274.47998046875,0.0037182062584069087,16.889999389648438,,,
2011-01-12,1285.9599609375,0.00896725379885055,16.239999771118164,,,
2011-01-13,1283.760009765625,-0.0017122112404592826,16.389999389648438,,,
2011-01-14,1293.239990234375,0.007357410347301752,15.460000038146973,,,
2011-01-18,1295.02001953125,0.0013754642661831795,15.869999885559082,,,
2011-01-19,1281.9200439453125,-0.01016716579338528,17.309999465942383,,,
2011-01-20,1280.260009765625,-0.001295798403834425,17.989999771118164,,,
2011-01-21,1283.3499755859375,0.0024106376042603017,18.469999313354492,,,
2011-01-24,1290.8399658203125,0.005819315234595557,17.649999618530273,,,
2011-01-25,1291.1800537109375,0.0002634277736186519,17.59000015258789,,,
2011-01-26,1296.6300048828125,0.004212024148480431,16.639999389648438,,,
2011-01-27,1299.5400390625,0.0022417910607996916,16.149999618530273,,,
2011-01-28,1276.3399658203125,-0.018013805424183182,20.040000915527344,,,
2011-01-31,1286.1199951171875,0.007633349932881117,19.530000686645508,,,
2011-02-01,1307.5899658203125,0.016555791837834732,17.6299991607666,,,
2011-02-02,1304.030029296875,-0.0027262302593635823,17.299999237060547,,,
2011-02-03,1307.0999755859375,0.002351432290127242,16.690000534057617,,,
2011-02-04,1310.8699951171875,0.0028801110627521,15.930000305175781,,,
2011-02-07,1319.050048828125,0.006220782345953246,16.280000686645508,,,
2011-02-08,1324.5699462890625,0.0041760203758389736,15.8100004196167,,,
2011-02-09,1320.8800048828125,-0.002789653077800658,15.869999885559082,,,
2011-02-10,1321.8699951171875,0.000749212207498573,16.09000015258789,,,
2011-02-11,1329.1500244140625,0.005492261501887086,15.6899995803833,,,
2011-02-14,1332.3199462890625,0.0023820846440685273,15.949999809265137,,,
2011-02-15,1328.010009765625,-0.0032401546915794555,16.3700008392334,,,
2011-02-16,1336.3199462890625,0.006237938698851586,16.719999313354492,,,
2011-02-17,1340.4300537109375,0.0030709708803797753,16.59000015258789,,,
2011-02-18,1343.010009765625,0.0019228727220248487,16.43000030517578,,,
2011-02-22,1315.43994140625,-0.0207422049204542,20.799999237060547,,,
2011-02-23,1307.4000244140625,-0.006130715010509213,22.1299991607666,,,
2011-02-24,1306.0999755859375,-0.000994871961243149,21.31999969482422,,,
2011-02-25,1319.8800048828125,0.010495248165325322,19.219999313354492,,,
2011-02-28,1327.219970703125,0.005545679951232785,18.350000381469727,,,
2011-03-01,1306.3299560546875,-0.015864861791058615,21.010000228881836,,,
2011-03-02,1308.43994140625,0.001613897889519933,20.700000762939453,,,
2011-03-03,1330.969970703125,0.017072434579239015,18.600000381469727,,,
2011-03-04,1321.1500244140625,-0.00740538978936911,19.059999465942383,,,
2011-03-07,1310.1300048828125,-0.008376215256269859,20.65999984741211,,,
2011-03-08,1321.8199462890625,0.008883161530176764,19.81999969482422,,,
2011-03-09,1320.02001953125,-0.0013626313929711031,20.219999313354492,,,
2011-03-10,1295.1099853515625,-0.019051280476330312,21.8799991607666,,,
2011-03-11,1304.280029296875,0.007055564524569569,20.079999923706055,,,
2011-03-14,1296.3900146484375,-0.006067696956773894,21.1299991607666,,,
2011-03-15,1281.8699951171875,-0.011263544394846114,24.31999969482422,,,
2011-03-16,1256.8800048828125,-0.0196874819493722,29.399999618530273,,,
2011-03-17,1273.719970703125,0.01330926623187434,26.3700008392334,,,
2011-03-18,1279.2099609375,0.0043009395825457375,24.440000534057617,,,
2011-03-21,1298.3800048828125,0.014874667930182994,20.610000610351562,,,
2011-03-22,1293.77001953125,-0.003556885341038374,20.209999084472656,,,
2011-03-23,1297.5400390625,0.00290974225850249,19.170000076293945,,,
2011-03-24,1309.6600341796875,0.00929739343547542,18.0,,,
2011-03-25,1313.800048828125,0.0031561510021891337,17.90999984741211,,,
2011-03-28,1310.18994140625,-0.0027516184993912063,19.440000534057617,,,
2011-03-29,1319.43994140625,0.007035239607302124,18.15999984741211,,,
2011-03-30,1328.260009765625,0.0066624626262346,17.709999084472656,,,
2011-03-31,1325.8299560546875,-0.0018311771049752679,17.739999771118164,,,
2011-04-01,1332.4100341796875,0.00495071294445637,17.399999618530273,,,
2011-04-04,1332.8699951171875,0.0003451501808520163,17.5,,,
2011-04-05,1332.6300048828125,-0.0001800714575308504,17.25,,,
2011-04-06,1335.5400390625,0.0021812967581533727,16.899999618530273,,,
2011-04-07,1333.510009765625,-0.001521162699225087,17.110000610351562,,,
2011-04-08,1328.1700439453125,-0.004012483000974676,17.8700008392334,,,
2011-04-11,1324.4599609375,-0.0027972882914015784,16.59000015258789,,,
2011-04-12,1314.1600341796875,-0.0078070954457247765,17.09000015258789,,,
2011-04-13,1314.4100341796875,0.00019021749031011836,16.920000076293945,,,
2011-04-14,1314.52001953125,8.36730908613248e-05,16.270000457763672,,,
2011-04-15,1319.6800537109375,0.00391772882556829,15.319999694824219,,,
2011-04-18,1305.1400146484375,-0.011078997728578344,16.959999084472656,,,
2011-04-19,1312.6199951171875,0.0057148102180946125,15.829999923706055,,,
2011-04-20,1330.3599853515625,0.01342443513234759,15.069999694824219,,,
2011-04-21,1337.3800048828125,0.005262908499656049,14.6899995803833,,,
2011-04-25,1335.25,-0.001593939550096124,15.770000457763672,,,
2011-04-26,1347.239990234375,0.008939507790192813,15.619999885559082,,,
2011-04-27,1355.6600341796875,0.006230397799829035,15.350000381469727,,,
2011-04-28,1360.47998046875,0.003549118471434909,14.619999885559082,,,
2011-04-29,1363.6099853515625,0.002298019742020152,14.75,,,
2011-05-02,1361.219970703125,-0.0017542491090454249,15.989999771118164,0.3788420991568634,1897312571.486,1361.219971
2011-05-03,1356.6199951171875,-0.0033850263710526463,16.700000762939453,0.3834110799414632,1859730656.13,1356.619995
2011-05-04,1347.3199462890625,-0.006878914252832047,17.079999923706055,0.3921217997918537,1717763844.535,1347.319946
2011-05-05,1335.0999755859375,-0.00911121718069463,18.200000762939453,0.4054570196735625,1361864280.275,1335.099976
2011-05-06,1340.199951171875,0.0038126429958769137,18.399999618530273,0.4186486654525637,1490328625.98,1340.199951
2011-05-09,1346.2900390625,0.004533870101931292,17.15999984741211,0.4103205027781488,1677058729.04,1346.290039
2011-05-10,1357.1600341796875,0.008041616009663244,15.90999984741211,0.3928514271714904,2034952130.69,1357.160034
2011-05-11,1342.0799560546875,-0.01117368968788579,16.950000762939453,0.4008140977249443,1536770884.92,1342.079956
2011-05-12,1348.6500244140625,0.00488349367216756,16.030000686645508,0.3875339951676699,1674923266.095,1348.650024
2011-05-13,1337.77001953125,-0.008100047045425107,17.06999969482422,0.4055951917654673,1218149461.54,1337.77002
2011-05-16,1329.469970703125,-0.00622371863809601,18.239999771118164,0.389702743625763,779596412.269,1329.469971
2011-05-17,1328.97998046875,-0.00036862852333019447,17.549999237060547,0.3947468322564728,841850592.0,1328.97998
2011-05-18,1340.6800537109375,0.008765271983703471,16.229999542236328,0.4023302249231638,1366160182.325,1340.680054
2011-05-19,1343.5999755859375,0.0021755725891674516,15.520000457763672,0.3946342030319486,1543685364.78,1343.599976
2011-05-20,1333.27001953125,-0.007717974612614142,17.43000030517578,0.4132016164569771,1288076423.565,1333.27002
2011-05-23,1317.3699951171875,-0.011997264840988286,18.270000457763672,0.4058465565335275,539696742.805,1317.369995
2011-05-24,1316.280029296875,-0.0008277226453321518,17.81999969482422,0.3893803484962401,510244377.512,1316.280029
2011-05-25,1320.469970703125,0.003178113156669937,17.06999969482422,0.397290689726496,740695062.903,1320.469971
2011-05-26,1325.68994140625,0.003945322767698656,16.09000015258789,0.3976559763379473,794680724.93,1325.689941
2011-05-27,1331.0999755859375,0.004072615318766459,15.979999542236328,0.400935309915913,918664965.16,1331.099976
2011-05-31,1345.199951171875,0.010537014856367932,15.449999809265137,0.4024774071359699,1501018826.775,1345.199951
2011-06-01,1314.550048828125,-0.02304822570064058,18.299999237060547,0.4415818154795479,765472910.6735,1314.550049
2011-06-02,1312.93994140625,-0.001225586114047772,18.09000015258789,0.4130699544074263,737054457.098,1312.939941
2011-06-03,1300.1600341796875,-0.009781492665191571,17.950000762939453,0.4361097185889154,405956517.902,1300.160034
2011-06-06,1286.1700439453125,-0.010818516013721968,18.489999771118164,0.4001471281500261,24119666.104,1286.170044
2011-06-07,1284.93994140625,-0.0009568650426681202,18.06999969482422,0.4067739261627282,-172403089.14,1284.939941
2011-06-08,1279.56005859375,-0.004195664421607681,18.790000915527344,0.4045812401043901,-285916518.02,1279.560059
2011-06-09,1289.0,0.0073504093289917805,17.770000457763672,0.4144506947029147,-110999211.335,1289.0
2011-06-10,1270.97998046875,-0.0140784828818461,18.860000610351562,0.4361255265327686,-459227978.2,1270.97998
2011-06-13,1271.8299560546875,0.0006685325595015001,19.610000610351562,0.4088508603468689,-449818392.34,1271.829956
2011-06-14,1287.8699951171875,0.012532913485107322,18.260000228881836,0.426970319314135,97844618.176,1287.869995
2011-06-15,1265.4200439453125,-0.01758556950725776,21.31999969482422,0.4302597484995706,-618829105.244,1265.420044
2011-06-16,1267.6400146484375,0.0017527979756826184,22.729999542236328,0.3879749628199702,-643026779.91,1267.640015
2011-06-17,1271.5,0.0030403902917992554,21.850000381469727,0.4089676915491283,-444255510.62,1271.5
2011-06-20,1278.3599853515625,0.005380689090158874,19.989999771118164,0.371377592250574,130641736.1,1278.359985
2011-06-21,1295.52001953125,0.013334179061463836,18.860000610351562,0.4234861745377597,594237200.535,1295.52002
2011-06-22,1287.1400146484375,-0.006489459844407186,18.520000457763672,0.4472098927635801,421966023.175,1287.140015
2011-06-23,1283.5,-0.0028319928581943543,19.290000915527344,0.4461674181899256,673524372.871,1283.5
2011-06-24,1268.449951171875,-0.011795077176858015,21.100000381469727,0.4474775675604366,197912878.19,1268.449951
2011-06-27,1280.0999755859375,0.009142536655730282,20.559999465942383,0.4229687257351265,533994908.78,1280.099976
2011-06-28,1296.6700439453125,0.012861292735997232,19.170000076293945,0.4346091542572899,1000303669.785,1296.670044
2011-06-29,1307.4100341796875,0.008248633534912564,17.270000457763672,0.4191406401143612,1263240916.7,1307.410034
2011-06-30,1320.6400146484375,0.01006837159516305,16.520000457763672,0.4119331097271801,1731119949.93,1320.640015
2011-07-01,1339.6700439453125,0.014306869106082587,15.869999885559082,0.4144370719455071,2019895206.727,1339.670044
2011-07-05,1337.8800048828125,-0.0013370725450787546,16.059999465942383,0.4182974912164665,2204693723.48,1337.880005
2011-07-06,1339.219970703125,0.0010010578196055775,16.34000015258789,0.4295129816588348,2236776776.815,1339.219971
2011-07-07,1353.219970703125,0.010399582892092418,15.949999809265137,0.4161983588738248,2729301387.395,1353.219971
2011-07-08,1343.800048828125,-0.006985458106935738,15.949999809265137,0.4396265002513235,2490173790.3,1343.800049
2011-07-11,1319.489990234375,-0.018256166936573948,18.389999389648438,0.4276814368390468,1737340522.96,1319.48999
2011-07-12,1313.6400146484375,-0.004443369829837174,19.8700008392334,0.4283881981527858,1533836324.39,1313.640015
2011-07-13,1317.719970703125,0.0031010271091220787,19.90999984741211,0.4280203404464783,1957650368.7,1317.719971
2011-07-14,1308.8699951171875,-0.006738782369335006,20.799999237060547,0.4338029213495883,1650214262.91,1308.869995
2011-07-15,1316.1400146484375,0.005539055540283222,19.530000686645508,0.4263783522656185,4176336442.145,1316.140015
2011-07-18,1305.43994140625,-0.008163117539368159,20.950000762939453,0.4162475470547778,887183380.03,1305.439941
2011-07-19,1326.72998046875,0.016177149646843247,19.209999084472656,0.4103451726889039,1304589932.604,1326.72998
2011-07-20,1325.8399658203125,-0.0006710584073994497,19.09000015258789,0.4396847355716439,1549113896.345,1325.839966
2011-07-21,1343.800048828125,0.013455262786265187,17.559999465942383,0.4223263700386265,1763114024.43,1343.800049
2011-07-22,1345.02001953125,0.0009074395131127844,17.520000457763672,0.4451733236502198,1635847483.62,1345.02002
2011-07-25,1337.4300537109375,-0.005658995223243757,19.350000381469727,0.4444887261593293,1594831932.2,1337.430054
2011-07-26,1331.93994140625,-0.004113420062329176,20.229999542236328,0.4215299335028764,1541061094.85,1331.939941
2011-07-27,1304.8900146484375,-0.020517724807291415,22.979999542236328,0.418012198494477,839162001.791,1304.890015
2011-07-28,1300.6700439453125,-0.003239207155504964,23.739999771118164,0.4085200010115528,727984032.625,1300.670044
2011-07-29,1292.280029296875,-0.006471427287173093,25.25,0.4036083698172441,634859900.982,1292.280029
2011-08-01,1286.93994140625,-0.004140860866231222,23.65999984741211,0.4403099342693885,645133919.365,1286.939941
2011-08-02,1254.050048828125,-0.025888909190624254,24.790000915527344,0.4413161626327892,54369376.39,1254.050049
2011-08-03,1260.3399658203125,0.00500314595271778,23.3799991607666,0.431168960706926,224930307.485,1260.339966
2011-08-04,1200.0699462890625,-0.04900165504374154,31.65999984741211,0.4297023145255602,-660360325.525,1200.069946
2011-08-05,1199.3800048828125,-0.0005750829892727793,32.0,0.4213187218867013,-463212353.06,1199.380005
2011-08-08,1119.4599609375,-0.06895836939262434,48.0,0.4227911030136967,-802754541.06,1119.459961
2011-08-09,1172.530029296875,0.046317441063387754,35.060001373291016,0.4195870836725282,-374593397.965,1172.530029
2011-08-10,1120.760009765625,-0.04515679702747466,42.9900016784668,0.4648570493031836,-759558784.65,1120.76001
2011-08-11,1172.6400146484375,0.04525059436377177,39.0,0.4278540963917878,-264886917.49,1172.640015
2011-08-12,1178.81005859375,0.005247875067276198,36.36000061035156,0.4569903812569918,-309018593.5,1178.810059
2011-08-15,1204.489990234375,0.021550727976033635,31.8700008392334,0.4646363795903064,-23047118.8,1204.48999
2011-08-16,1192.760009765625,-0.009786275177620318,32.849998474121094,0.4690793280135833,-225224022.635,1192.76001
2011-08-17,1193.8900146484375,0.0009469381398128363,31.579999923706055,0.4822541510185895,-251705740.24,1193.890015
2011-08-18,1140.6500244140625,-0.04561859893236342,42.66999816894531,0.462807641684515,-836496736.477,1140.650024
2011-08-19,1123.530029296875,-0.015122756128207904,43.04999923706055,0.4585928280566094,-1187036923.04,1123.530029
2011-08-22,1123.8199462890625,0.00025800787322438623,42.439998626708984,0.4485672283875851,-361898319.395,1123.819946
2011-08-23,1162.3499755859375,0.033710248386474184,36.27000045776367,0.4615590841391805,54580971.029,1162.349976
2011-08-24,1177.5999755859375,0.013034651368546868,35.900001525878906,0.4796984021591272,205415735.89,1177.599976
2011-08-25,1159.27001953125,-0.015687934737961484,39.7599983215332,0.4887690641852494,2799983.66,1159.27002
2011-08-26,1176.800048828125,0.015008418274915059,35.59000015258789,0.4796990078342175,137694130.06,1176.800049
2011-08-29,1210.0799560546875,0.027887505012164304,32.279998779296875,0.4810642202035492,561222253.075,1210.079956
2011-08-30,1212.9200439453125,0.0023442750237698817,32.88999938964844,0.4783429271273025,635378251.37,1212.920044
2011-08-31,1218.8900146484375,0.004909908712070532,31.6200008392334,0.460570921316142,605715448.21,1218.890015
2011-09-01,1204.4200439453125,-0.01194246079230421,31.81999969482422,0.4875406688122266,320553022.015,1204.420044
2011-09-02,1173.969970703125,-0.025607017291752854,33.91999816894531,0.4940899341374506,-15399260.06,1173.969971
2011-09-06,1165.239990234375,-0.007464076457609714,37.0,0.503255068793401,-974825.71,1165.23999
2011-09-07,1198.6199951171875,0.028243824959147013,33.380001068115234,0.4636180617110916,424298106.06,1198.619995
2011-09-08,1185.9000244140625,-0.010668890387302454,34.31999969482422,0.4736423917073302,294110267.97,1185.900024
2011-09-09,1154.22998046875,-0.027068562510962124,38.52000045776367,0.5004884273045952,-164918292.18,1154.22998
2011-09-12,1162.27001953125,0.0069415681820235164,38.59000015258789,0.4690950921167392,-55401539.495,1162.27002
2011-09-13,1172.8699951171875,0.009078726180353769,36.90999984741211,0.4835543464194404,180810962.235,1172.869995
2011-09-14,1188.6800537109375,0.013389760518230709,34.599998474121094,0.4670586988449383,516499239.945,1188.680054
2011-09-15,1209.1099853515625,0.017041046718104802,31.969999313354492,0.4450660861919482,924224780.45,1209.109985
2011-09-16,1216.010009765625,0.005690475561936026,30.979999542236328,0.4748035990564252,1627867629.87,1216.01001
2011-09-19,1204.0899658203125,-0.00985094868808023,32.72999954223633,0.4715324942955152,819791724.4,1204.089966
2011-09-20,1202.0899658203125,-0.0016623864527245402,32.86000061035156,0.4605879968765873,864559001.335,1202.089966
2011-09-21,1166.760009765625,-0.02983099508714737,37.31999969482422,0.4487001740450145,480322758.3475,1166.76001
2011-09-22,1129.56005859375,-0.032402456759229814,41.349998474121094,0.4814290377773537,42688858.26,1129.560059
2011-09-23,1136.4300537109375,0.006063588829469779,41.25,0.4570914774261408,246153269.08,1136.430054
2011-09-26,1162.949951171875,0.023068021296968944,39.02000045776367,0.456608486157575,415707524.78,1162.949951
2011-09-27,1175.3800048828125,0.01063166535729465,37.709999084472656,0.4491521989715028,506709646.22,1175.380005
2011-09-28,1151.06005859375,-0.02090819585269532,41.08000183105469,0.4838489862903535,303390928.735,1151.060059
2011-09-29,1160.4000244140625,0.00808148643535933,38.84000015258789,0.451186940925542,253516385.72,1160.400024
2011-09-30,1131.4200439453125,-0.025291274478866477,42.959999084472656,0.4755066632010339,11640191.37,1131.420044
2011-10-03,1099.22998046875,-0.02886360290378409,45.45000076293945,0.4802980138670149,-220425308.05,1099.22998
2011-10-04,1123.949951171875,0.022239306131154102,40.81999969482422,0.4626022261092467,-85366095.48,1123.949951
2011-10-05,1144.030029296875,0.01770791894551138,37.810001373291016,0.48463006388328,168193569.305,1144.030029
2011-10-06,1164.969970703125,0.01813816846648031,36.27000045776367,0.4811916628986171,401723210.3,1164.969971
2011-10-07,1155.4599609375,-0.008196811187622721,36.20000076293945,0.4771110559905058,219498636.09,1155.459961
2011-10-10,1194.8900146484375,0.033555643919288336,33.02000045776367,0.4474779477369577,931951102.5,1194.890015
2011-10-11,1195.5400390625,0.0005438556372530101,32.86000061035156,0.4756506113803395,1128800514.22,1195.540039
2011-10-12,1207.25,0.009747046937637727,31.260000228881836,0.4718129960380196,1326485541.79,1207.25
2011-10-13,1203.6600341796875,-0.002978102395136517,30.700000762939453,0.496293143220935,1378016375.56,1203.660034
2011-10-14,1224.5799560546875,0.017230948802477997,28.239999771118164,0.4569425227193434,1783365970.815,1224.579956
2011-10-17,1200.8599853515625,-0.01955993759944885,33.38999938964844,0.4915248075684542,1329837843.145,1200.859985
2011-10-18,1225.3800048828125,0.020213049380310544,31.559999465942383,0.4605491483513751,1784730871.87,1225.380005
2011-10-19,1209.8800048828125,-0.012729818787025948,34.439998626708984,0.4710405349021522,1070550490.37,1209.880005
2011-10-20,1215.3900146484375,0.0045438398210837505,34.779998779296875,0.4802431548866873,1012832467.62,1215.390015
2011-10-21,1238.25,0.018634067492434347,31.31999969482422,0.4488620540766218,2347473742.665,1238.25
2011-10-24,1254.18994140625,0.012790806680372135,29.260000228881836,0.4284100509649748,1158879374.01,1254.189941
2011-10-25,1229.050048828125,-0.02024834619938165,32.220001220703125,0.4463826800486467,799720648.24,1229.050049
2011-10-26,1242.0,0.010481430544087011,29.860000610351562,0.42391453974749,1009327344.9,1242.0
2011-10-27,1284.5899658203125,0.03371659116813408,25.459999084472656,0.3970642677453483,1688101729.155,1284.589966
2011-10-28,1285.0899658203125,0.0003891535285420744,24.530000686645508,0.432942020004301,1581690425.99,1285.089966
2011-10-31,1253.300048828125,-0.025048616612978414,29.959999084472656,0.4450370154945903,1171656476.7225,1253.300049
2011-11-01,1218.280029296875,-0.028340059621593916,34.77000045776367,0.4548479820864088,562856339.765,1218.280029
2011-11-02,1237.9000244140625,0.015976363304396557,32.7400016784668,0.4505344269443735,851141787.75,1237.900024
2011-11-03,1261.1500244140625,0.018607607200930687,30.5,0.443652249900213,1438676101.57,1261.150024
2011-11-04,1253.22998046875,-0.006299819537189499,30.15999984741211,0.4684667393391662,1145431786.04,1253.22998
2011-11-07,1261.1199951171875,0.006276008211166584,29.850000381469727,0.4453318929175193,1329564467.925,1261.119995
2011-11-08,1275.9200439453125,0.011667310321724855,27.479999542236328,0.4264266664108751,1807110771.76,1275.920044
2011-11-09,1229.0999755859375,-0.03738534709898822,36.15999984741211,0.4829964082744825,615504956.04,1229.099976
2011-11-10,1239.699951171875,0.0085872010994823,32.810001373291016,0.4223535402454281,665815678.86,1239.699951
2011-11-11,1263.8499755859375,0.01929322300451375,30.040000915527344,0.4230776236579005,1253845090.32,1263.849976
2011-11-14,1251.780029296875,-0.009596036687555376,31.1299991607666,0.4532772413795639,1051690215.8,1251.780029
2011-11-15,1257.81005859375,0.00480559827730076,31.219999313354492,0.4362277329979838,1337630467.61,1257.810059
2011-11-16,1236.9100341796875,-0.016755798341955064,33.5099983215332,0.4616079807469957,745624770.7,1236.910034
2011-11-17,1216.1300048828125,-0.016942671987706603,34.5099983215332,0.469086863125468,164520103.46,1216.130005
2011-11-18,1215.6500244140625,-0.00039475649047204797,32.0,0.4557490123180878,-948429186.88,1215.650024
2011-11-21,1192.97998046875,-0.018824571104948618,32.90999984741211,0.450129026459088,70720556.43,1192.97998
2011-11-22,1188.0400390625,-0.004149438857005805,31.969999313354492,0.4676194838743497,156201703.19,1188.040039
2011-11-23,1161.7900390625,-0.022342970458596234,33.97999954223633,0.465278887891787,-252170842.505,1161.790039
2011-11-25,1158.6700439453125,-0.0026891193002507308,34.470001220703125,0.4708702686635397,-206203569.726,1158.670044
2011-11-28,1192.550048828125,0.028821079038610087,32.130001068115234,0.4606120396248956,250687378.93,1192.550049
2011-11-29,1195.18994140625,0.0022112069693971392,30.639999389648438,0.4496025433600593,260318977.45,1195.189941
2011-11-30,1246.9599609375,0.04240343833622706,27.799999237060547,0.4028927702467024,1219948969.56,1246.959961
2011-12-01,1244.5799560546875,-0.0019104695778526803,27.40999984741211,0.4388495794585308,1310091659.13,1244.579956
2011-12-02,1244.280029296875,-0.0002410153733274356,27.520000457763672,0.4274543645878086,1122010987.83,1244.280029
2011-12-05,1257.0799560546875,0.010234463299266139,27.84000015258789,0.4341545735844679,1407537501.28,1257.079956
2011-12-06,1258.469970703125,0.0011051379065261102,28.1299991607666,0.435047155428675,1385127223.45,1258.469971
2011-12-07,1261.010009765625,0.0020163207826575658,28.670000076293945,0.4419740998696529,1400280640.44,1261.01001
2011-12-08,1234.3499755859375,-0.021368498950929293,30.59000015258789,0.4755776439243466,927913416.175,1234.349976
2011-12-09,1255.18994140625,0.016742412907085225,26.3799991607666,0.4403055413405559,1452367339.46,1255.189941
2011-12-12,1236.469970703125,-0.015026386904779088,25.670000076293945,0.4951289534125777,1022002330.37,1236.469971
2011-12-13,1225.72998046875,-0.008723953020305153,25.40999984741211,0.4581713417598897,707628338.14,1225.72998
2011-12-14,1211.8199462890625,-0.0114132514971379,26.040000915527344,0.4392877214627872,182965155.94,1211.819946
2011-12-15,1215.75,0.003237852858082313,25.110000610351562,0.427442872418934,181227650.24,1215.75
2011-12-16,1219.6600341796875,0.003210989101900097,24.290000915527344,0.455177072552627,809948927.71,1219.660034
2011-12-19,1205.3499755859375,-0.011802198458557456,24.920000076293945,0.4492367842629168,547980483.46,1205.349976
2011-12-20,1241.300048828125,0.02938929593094386,23.219999313354492,0.405726452132608,1244950458.98,1241.300049
2011-12-21,1243.719970703125,0.0019476081648539534,21.43000030517578,0.4286363885578594,1417896318.435,1243.719971
2011-12-22,1254.0,0.008231577169830473,21.15999984741211,0.4316861995056892,1681798897.91,1254.0
2011-12-23,1265.3299560546875,0.008994480783105274,20.729999542236328,0.4290208772130218,1667860364.81,1265.329956
2011-12-27,1265.4300537109375,7.910481903916633e-05,21.90999984741211,0.4353752147931103,1823359677.951,1265.430054
2011-12-28,1249.6400146484375,-0.012556506256502509,23.520000457763672,0.4547483606289043,1420172303.82,1249.640015
2011-12-29,1263.02001953125,0.010650172463281038,22.649999618530273,0.4407805294908645,1770650321.16,1263.02002
2011-12-30,1257.5999755859375,-0.004300570740064735,23.399999618530273,0.4291713287073431,1555835281.4,1257.599976
2012-01-03,1277.06005859375,0.01535548367017725,22.969999313354492,0.4118534550604377,2013937733.195,1277.060059
2012-01-04,1277.300048828125,0.00018790634443721643,22.219999313354492,0.4562862531537575,2149477635.055,1277.300049
2012-01-05,1281.06005859375,0.0029393926694947226,21.479999542236328,0.4595383237417821,2291122803.43,1281.060059
2012-01-06,1277.81005859375,-0.0025401850025392747,20.6299991607666,0.4557215885204245,2050336451.665,1277.810059
2012-01-09,1280.699951171875,0.0022590443626082646,21.06999969482422,0.4431404485331804,2099565269.94,1280.699951
2012-01-10,1292.0799560546875,0.008846523613060597,20.690000534057617,0.4205408292739913,2365634573.45,1292.079956
2012-01-11,1292.47998046875,0.0003095493446325648,21.049999237060547,0.4447681199712242,2328042129.925,1292.47998
2012-01-12,1295.5,0.0023338827385686045,20.469999313354492,0.4530797344740092,2400086674.76,1295.5
2012-01-13,1289.0899658203125,-0.004960204447868932,20.90999984741211,0.4571412175776446,2244354574.715,1289.089966
2012-01-17,1293.6700439453125,0.0035466577681741995,22.200000762939453,0.4228174930895617,2487898291.555,1293.670044
2012-01-18,1308.0400390625,0.011046689130221665,20.889999389648438,0.4376606034721231,2789240578.535,1308.040039
2012-01-19,1314.5,0.004926501717244847,19.8700008392334,0.4411432005044726,3020604554.37,1314.5
2012-01-20,1315.3800048828125,0.0006692357932855941,18.280000686645508,0.4384702293412949,5358379989.88,1315.380005
2012-01-23,1316.0,0.00047123192204079345,18.670000076293945,0.4244061317348002,1360477009.765,1316.0
2012-01-24,1314.6500244140625,-0.0010263438252238188,18.90999984741211,0.4278086340977891,1326643587.175,1314.650024
2012-01-25,1326.06005859375,0.00864169471719567,18.309999465942383,0.4169940225078223,2073559881.87,1326.060059
2012-01-26,1318.4300537109375,-0.0057705082879886405,18.56999969482422,0.4223940724700076,1847055849.704,1318.430054
2012-01-27,1316.3299560546875,-0.0015941475452905252,18.530000686645508,0.4313158528412019,1579086753.47,1316.329956
2012-01-30,1313.010009765625,-0.0025253090863452954,19.399999618530273,0.4654701772363391,1685941157.15,1313.01001
2012-01-31,1312.4100341796875,-0.0004570511280785894,19.440000534057617,0.4518472589361928,1788588311.115,1312.410034
2012-02-01,1324.0899658203125,0.008860237474266341,18.549999237060547,0.4197207189639238,1942692934.85,1324.089966
2012-02-02,1325.5400390625,0.001094547830667203,17.979999542236328,0.4321548389124044,1988290985.915,1325.540039
2012-02-03,1344.9000244140625,0.014499725948107667,17.100000381469727,0.4157643135333503,2256784983.965,1344.900024
2012-02-06,1344.3299560546875,-0.0004239640135317302,17.760000228881836,0.4364273344027006,2380094744.83,1344.329956
2012-02-07,1347.050048828125,0.0020213375254707344,17.649999618530273,0.443991818394363,2555741484.73,1347.050049
2012-02-08,1349.9599609375,0.0021578809333249183,18.15999984741211,0.4397621686006879,2676630480.725,1349.959961
2012-02-09,1351.949951171875,0.0014730251258781024,18.6299991607666,0.4335448484617141,2606671502.18,1351.949951
2012-02-10,1342.6400146484375,-0.006910122643615679,20.790000915527344,0.4544880351075714,2166027616.655,1342.640015
2012-02-13,1351.77001953125,0.006777023326496767,19.040000915527344,0.4356524825904831,2383096276.235,1351.77002
2012-02-14,1350.5,-0.0009399650039254581,19.540000915527344,0.4368705096845307,2375689235.795,1350.5
2012-02-15,1343.22998046875,-0.005397747536216357,21.139999389648438,0.422881389631131,1946328756.07,1343.22998
2012-02-16,1358.0400390625,0.01096536583327623,19.219999313354492,0.4033609784517567,2403205900.545,1358.040039
2012-02-17,1361.22998046875,0.0023461758829403934,17.780000686645508,0.4135843611767947,3963263035.535,1361.22998
2012-02-21,1362.2099609375,0.0007196637576960541,18.190000534057617,0.4224783817398107,1836440939.76,1362.209961
2012-02-22,1357.6600341796875,-0.0033456974121452987,18.190000534057617,0.4209928104786104,1847991718.36,1357.660034
2012-02-23,1363.4599609375,0.004262903180605626,16.799999237060547,0.4132129644376081,2178450927.96,1363.459961
2012-02-24,1365.739990234375,0.0016708411755086416,17.309999465942383,0.4311614652796412,2048066403.52,1365.73999
2012-02-27,1367.5899658203125,0.0013536425518791972,18.190000534057617,0.43885703153998,2143096788.985,1367.589966
2012-02-28,1372.1800537109375,0.0033507134923151938,17.959999084472656,0.4203272996668678,2489017760.76,1372.180054
2012-02-29,1365.6800537109375,-0.0047482427569534025,18.43000030517578,0.4564808247855212,2279679893.755,1365.680054
2012-03-01,1374.0899658203125,0.006139156544533009,17.260000228881836,0.4607341418461302,2532165991.006,1374.089966
2012-03-02,1369.6300048828125,-0.0032510350278585065,17.290000915527344,0.4517296757463369,2193723806.99,1369.630005
2012-03-05,1364.3299560546875,-0.0038772005028215872,18.049999237060547,0.4389123542637917,1968104281.68,1364.329956
2012-03-06,1343.3599853515625,-0.015489506127543962,20.8700008392334,0.4327093918637822,1367268859.29,1343.359985
2012-03-07,1352.6300048828125,0.006876921722994034,19.06999969482422,0.4648627725338741,1663036074.54,1352.630005
2012-03-08,1365.9100341796875,0.009770049174722573,17.950000762939453,0.441270376482514,2461000862.105,1365.910034
2012-03-09,1370.8699951171875,0.0036246730207318834,17.110000610351562,0.4575838456732247,2422366519.13,1370.869995
2012-03-12,1371.0899658203125,0.0001604477867873655,15.640000343322754,0.4620777420689085,2739084139.735,1371.089966
2012-03-13,1395.949951171875,0.017969133090434575,14.800000190734863,0.4420579955743155,3390409713.37,1395.949951
2012-03-14,1394.280029296875,-0.0011969780885960901,15.3100004196167,0.4518657999836702,3256845974.575,1394.280029
2012-03-15,1402.5999755859375,0.005949465701560186,15.420000076293945,0.4595510899509145,3404727488.605,1402.599976
2012-03-16,1404.1700439453125,0.001118772476700336,14.470000267028809,0.4574699203802662,4959128416.75,1404.170044
2012-03-19,1409.75,0.003965971514070965,15.039999961853027,0.4199833630867732,2249543026.64,1409.75
2012-03-20,1405.52001953125,-0.003005028734389903,15.579999923706055,0.4180076174763188,2383750779.645,1405.52002
2012-03-21,1402.8900146484375,-0.0018729499037748454,15.130000114440918,0.4354220649174814,2385713488.325,1402.890015
2012-03-22,1392.780029296875,-0.007232634226897794,15.569999694824219,0.4333437508680939,2059240156.475,1392.780029
2012-03-23,1397.1099853515625,0.0031040360075564877,14.819999694824219,0.4329435281192009,1992954217.995,1397.109985
2012-03-26,1416.510009765625,0.013790299964088426,14.260000228881836,0.422077751548386,2620114918.87,1416.51001
2012-03-27,1412.52001953125,-0.0028207497542460658,15.59000015258789,0.4257872922055538,2803205760.135,1412.52002
2012-03-28,1405.5400390625,-0.004953758683289067,15.470000267028809,0.4465107536435394,2649575364.665,1405.540039
2012-03-29,1403.280029296875,-0.0016092239433875832,15.479999542236328,0.4575850477324313,2332339630.455,1403.280029
2012-03-30,1408.469970703125,0.0036916136216209594,15.5,0.4236342876711985,2282703675.57,1408.469971
2012-04-02,1419.0400390625,0.007476626120983099,15.640000343322754,0.4193694000704521,2916921422.275,1419.040039
2012-04-03,1413.3800048828125,-0.003996611820141993,15.65999984741211,0.4464049211126605,3033797132.77,1413.380005
2012-04-04,1398.9599609375,-0.010254926852537594,16.440000534057617,0.4461284207494868,2606570751.961,1398.959961
2012-04-05,1398.0799560546875,-0.0006292401524214952,16.700000762939453,0.4401834417544052,2336089426.405,1398.079956
2012-04-09,1382.199951171875,-0.011423437999542152,18.809999465942383,0.4421408516704194,2115169226.59,1382.199951
2012-04-10,1358.5899658203125,-0.01722902527718606,20.389999389648438,0.4485630537188739,1368222030.0366,1358.589966
2012-04-11,1368.7099609375,0.007421289800123354,20.020000457763672,0.464257558679182,1462342360.705,1368.709961
2012-04-12,1387.5699462890625,0.013685315235976603,17.200000762939453,0.4433391790014504,1958043308.605,1387.569946
2012-04-13,1370.260009765625,-0.01255346712505645,19.549999237060547,0.4452177613146962,1337731244.64,1370.26001
2012-04-16,1369.5699462890625,-0.000503727240173113,19.549999237060547,0.4029199081691264,1028359493.695,1369.569946
2012-04-17,1390.780029296875,0.015367979157954181,18.459999084472656,0.4286234963769464,2233741866.255,1390.780029
2012-04-18,1385.1400146484375,-0.004063533761746285,18.639999389648438,0.4371224999938761,2120779337.025,1385.140015
2012-04-19,1376.9200439453125,-0.005952075477202001,18.360000610351562,0.4363549028916489,1245238435.31,1376.920044
2012-04-20,1378.530029296875,0.001168582621337677,17.440000534057617,0.3972715111182101,1706147508.0,1378.530029
2012-04-23,1366.93994140625,-0.0084431131028877,18.969999313354492,0.425107542990351,888535953.586,1366.939941
2012-04-24,1371.969970703125,0.0036730196416288052,18.100000381469727,0.3962453206946996,913083815.47,1371.969971
2012-04-25,1390.68994140625,0.013552342898741188,16.81999969482422,0.4312990415457012,2110801540.895,1390.689941
2012-04-26,1399.97998046875,0.006657952133507727,16.239999771118164,0.4405320154478966,2269777815.02,1399.97998
2012-04-27,1403.3599853515625,0.0024114139290238867,16.31999969482422,0.4302711561833857,1934055831.605,1403.359985
2012-04-30,1397.9100341796875,-0.0038910622753700608,17.149999618530273,0.4265739339139666,1624605078.63,1397.910034
2012-05-01,1405.8199462890625,0.005642435719684258,16.600000381469727,0.4266571660674276,1751590437.53,1405.819946
2012-05-02,1402.31005859375,-0.0024998055766589644,16.8799991607666,0.4494077605337642,1795486806.025,1402.310059
2012-05-03,1391.5699462890625,-0.007688351103507074,17.559999465942383,0.4406565519186965,1326585749.03,1391.569946
2012-05-04,1369.0999755859375,-0.016278995721589418,19.15999984741211,0.4376880936996301,850668974.658,1369.099976
2012-05-07,1369.5799560546875,0.00035051958289678,18.940000534057617,0.4234496673260137,902222296.434,1369.579956
2012-05-08,1363.719970703125,-0.0042878531349686,19.049999237060547,0.4561158837234983,710820417.25,1363.719971
2012-05-09,1354.5799560546875,-0.006724827531781941,20.079999923706055,0.4523758841246451,568596382.95,1354.579956
2012-05-10,1357.989990234375,0.0025142474063848397,18.829999923706055,0.439342351743865,631565006.1,1357.98999
2012-05-11,1353.3900146484375,-0.0033930913342814506,19.889999389648438,0.4321418006601012,555886856.24,1353.390015
2012-05-14,1338.3499755859375,-0.011175073102339006,21.8700008392334,0.421752483016899,89135534.315,1338.349976
2012-05-15,1330.6600341796875,-0.005762408276502207,21.969999313354492,0.4591400546878914,-125631970.04,1330.660034
2012-05-16,1324.800048828125,-0.004413543928947661,22.270000457763672,0.4365291268790947,-417011821.931,1324.800049
2012-05-17,1304.8599853515625,-0.015165797405604309,24.489999771118164,0.4157992411217933,-846538042.94,1304.859985
2012-05-18,1295.219970703125,-0.007415201826755258,25.100000381469727,0.4407215344262485,-672969511.129,1295.219971
2012-05-21,1315.989990234375,0.015908684395839146,22.010000228881836,0.4459453623140608,499777733.47,1315.98999
2012-05-22,1316.6300048828125,0.0004862187951424346,22.479999542236328,0.4574116289483474,552166197.174,1316.630005
2012-05-23,1318.8599853515625,0.0016922705145487882,22.329999923706055,0.463389226990784,786423702.09,1318.859985
2012-05-24,1320.6800537109375,0.0013790801585873425,21.540000915527344,0.4623370757792116,756275096.21,1320.680054
2012-05-25,1317.8199462890625,-0.0021679807027599196,21.760000228881836,0.445284396013301,522648606.24,1317.819946
2012-05-29,1332.4200439453125,0.01101805527882771,21.030000686645508,0.4398266225361517,893471034.94,1332.420044
2012-05-30,1313.3199462890625,-0.01443862930479689,24.139999389648438,0.4685964913025959,739225067.865,1313.319946
2012-05-31,1310.3299560546875,-0.0022792610600435026,24.059999465942383,0.468427965473514,705360324.21,1310.329956
2012-06-01,1278.0400390625,-0.02495129541436114,26.65999984741211,0.4688155908456279,3285451.832,1278.040039
2012-06-04,1278.1800537109375,0.00010954819498731894,26.1200008392334,0.432496988774027,112625048.24,1278.180054
2012-06-05,1285.5,0.0057105145943596725,24.68000030517578,0.4593612363126493,227443359.23,1285.5
2012-06-06,1315.1300048828125,0.02278777604804816,22.15999984741211,0.4386606752651671,917404043.83,1315.130005
2012-06-07,1314.989990234375,-0.00010647016016740452,21.719999313354492,0.4364676872750689,911195352.79,1314.98999
2012-06-08,1325.6600341796875,0.008081420799989303,21.229999542236328,0.4559170165040154,1092349771.59,1325.660034
2012-06-11,1308.9300537109375,-0.012700423815401152,23.559999465942383,0.4810447042989775,600860582.815,1308.930054
2012-06-12,1324.1800537109375,0.011583389901240082,22.09000015258789,0.4684504479977998,1002291726.758,1324.180054
2012-06-13,1314.8800048828125,-0.0070480300711039945,24.270000457763672,0.4936587763459381,621053228.695,1314.880005
2012-06-14,1329.0999755859375,0.01075659264986939,21.68000030517578,0.4571179610516421,853414513.46,1329.099976
2012-06-15,1342.8399658203125,0.010284745652146654,21.110000610351562,0.4270431672421789,1585847554.79,1342.839966
2012-06-18,1344.780029296875,0.0014437039589356715,18.31999969482422,0.4365628905416119,1378484206.48,1344.780029
2012-06-19,1357.97998046875,0.00976783441761242,18.3799991607666,0.436885852466874,1699864260.63,1357.97998
2012-06-20,1355.68994140625,-0.0016877805127712975,17.239999771118164,0.4238849391543809,1642282374.015,1355.689941
2012-06-21,1325.510009765625,-0.02251320818337632,20.079999923706055,0.4523011172825313,815506214.8,1325.51001
2012-06-22,1335.02001953125,0.007148989234504022,18.110000610351562,0.4507567029814448,1173714562.315,1335.02002
2012-06-25,1313.719970703125,-0.016083502390602966,20.3799991607666,0.4418233681309941,733649453.56,1313.719971
2012-06-26,1319.989990234375,0.004761368161021018,19.719999313354492,0.4487564548565207,909516188.36,1319.98999
2012-06-27,1331.8499755859375,0.00894478141961752,19.450000762939453,0.4266490031824088,1115174392.0,1331.849976
2012-06-28,1329.0400390625,-0.0021120283457669586,19.709999084472656,0.440783953800125,812546271.47,1329.040039
2012-06-29,1362.1600341796875,0.02461479373492015,17.079999923706055,0.4132379769098442,1807855816.16,1362.160034
2012-07-02,1365.510009765625,0.0024562921587065745,16.799999237060547,0.4126061298312623,2077705971.875,1365.51001
2012-07-03,1374.02001953125,0.006212771568424813,16.65999984741211,0.3909834255419669,2456658030.524,1374.02002
2012-07-05,1367.5799560546875,-0.004698041566321365,17.5,0.4264813750070665,2473469808.34,1367.579956
2012-07-06,1354.6800537109375,-0.009477418655581715,17.100000381469727,0.4360771092224924,1796281206.73,1354.680054
2012-07-09,1352.4599609375,-0.0016401761705182594,17.979999542236328,0.4202808833734238,1985662005.34,1352.459961
2012-07-10,1341.469970703125,-0.008159121789590884,18.719999313354492,0.442497694214183,1586232703.46,1341.469971
2012-07-11,1341.449951171875,-1.492368899036478e-05,17.950000762939453,0.4207226842924572,1449572893.14,1341.449951
2012-07-12,1334.760009765625,-0.004999574352459568,18.329999923706055,0.432421490230637,1098347662.44,1334.76001
2012-07-13,1356.780029296875,0.016362759247573244,16.739999771118164,0.440963265851972,2028145542.891,1356.780029
2012-07-16,1353.6400146484375,-0.002316995891620266,17.110000610351562,0.4362744867130521,2062023143.83,1353.640015
2012-07-17,1363.6700439453125,0.007382355809911978,16.479999542236328,0.4514300938132228,2418730699.45,1363.670044
2012-07-18,1372.780029296875,0.006658275330084784,16.15999984741211,0.436626683114619,2553132550.353,1372.780029
2012-07-19,1376.510009765625,0.0027134152485110974,15.449999809265137,0.4418724172816347,3097865785.235,1376.51001
2012-07-20,1362.6600341796875,-0.010112620534168393,16.270000457763672,0.464460911630396,1379986328.23,1362.660034
2012-07-23,1350.52001953125,-0.008948979003707613,18.6200008392334,0.443219105766454,0.0,1350.52002
2012-07-24,1338.31005859375,-0.009082050192423807,20.469999313354492,0.4310723069904331,983971321.815,1338.310059
2012-07-25,1337.8900146484375,-0.00031391072211839344,19.34000015258789,0.4307029349303145,553912048.545,1337.890015
2012-07-26,1360.02001953125,0.016405662864951154,17.530000686645508,0.4217243821219859,1114339575.945,1360.02002
2012-07-27,1385.969970703125,0.018900814490450557,16.700000762939453,0.4247141825402547,1817831830.045,1385.969971
2012-07-30,1385.300048828125,-0.00048347644461088635,18.030000686645508,0.4284374298720676,2068297482.82,1385.300049
2012-07-31,1379.3199462890625,-0.004326172766219827,18.93000030517578,0.4285344962172956,2210392334.245,1379.319946
2012-08-01,1375.3199462890625,-0.0029041929017452617,18.959999084472656,0.45785883856634,1938954422.884,1375.319946
2012-08-02,1365.0,-0.0075319636241362176,17.56999969482422,0.4643338092273137,1726903124.535,1365.0
2012-08-03,1390.989990234375,0.018861288185302527,15.640000343322754,0.3901051198298667,2366858965.65,1390.98999
2012-08-06,1394.22998046875,0.002326560724057458,15.949999809265137,0.4238032547203532,2600155257.21,1394.22998
2012-08-07,1401.3499755859375,0.0050937627425931,15.989999771118164,0.4116758163394652,2868172571.576,1401.349976
2012-08-08,1402.219970703125,0.0006206338074532525,15.319999694824219,0.4268884439977654,2724860533.47,1402.219971
2012-08-09,1402.800048828125,0.0004135999951726532,15.279999732971191,0.4393949577589309,2589509365.99,1402.800049
2012-08-10,1405.8699951171875,0.0021860506671051994,14.739999771118164,0.4287830681455316,2574028859.179,1405.869995
2012-08-13,1404.1099853515625,-0.0012526850781942045,13.699999809265137,0.4464914020851697,2715897940.4,1404.109985
2012-08-14,1403.9300537109375,-0.00012815461202020373,14.850000381469727,0.4291948926937818,2876834423.665,1403.930054
2012-08-15,1405.530029296875,0.00113899162944886,14.630000114440918,0.4321832166568795,2773023612.038,1405.530029
2012-08-16,1415.510009765625,0.007075420387505638,14.289999961853027,0.4262021420123736,3426865148.357,1415.51001
2012-08-17,1418.1600341796875,0.0018703837394768996,13.449999809265137,0.398142173416646,4028299817.1,1418.160034
2012-08-20,1418.1300048828125,-2.117505365362149e-05,14.020000457763672,0.4133551684124011,2348409048.235,1418.130005
2012-08-21,1413.1700439453125,-0.0035036668144439176,15.020000457763672,0.4188163982728524,2116768542.724,1413.170044
2012-08-22,1413.489990234375,0.00022637762345656398,15.109999656677246,0.4082719228562597,2470160727.875,1413.48999
2012-08-23,1402.0799560546875,-0.008104999597722262,15.960000038146973,0.4334677653374112,2093397740.358,1402.079956
2012-08-24,1411.1300048828125,0.0064339883432618095,15.180000305175781,0.4126096687441338,2162075949.422,1411.130005
2012-08-27,1410.43994140625,-0.0004891344205226744,16.350000381469727,0.4385133887291283,2402914523.68,1410.439941
2012-08-28,1409.300048828125,-0.0008085090427956132,16.489999771118164,0.4472683998727492,2444897531.4,1409.300049
2012-08-29,1410.489990234375,0.0008439929642989341,17.059999465942383,0.448131541027101,2450773598.506,1410.48999
2012-08-30,1399.47998046875,-0.007836429729673355,17.829999923706055,0.4510287539991461,1713438838.959,1399.47998
2012-08-31,1406.5799560546875,0.005060469767645515,17.469999313354492,0.4462604597660075,2159856180.695,1406.579956
2012-09-04,1404.93994140625,-0.0011666393226885674,17.979999542236328,0.4458283007803509,2366329794.745,1404.939941
2012-09-05,1403.43994140625,-0.0010682316532886205,17.739999771118164,0.4509467865169308,2184889898.11,1403.439941
2012-09-06,1432.1199951171875,0.020229536612006882,15.600000381469727,0.4219095177053579,3383251558.3345,1432.119995
2012-09-07,1437.9200439453125,0.0040417949889430815,14.380000114440918,0.4203611616513964,3213127405.495,1437.920044
2012-09-10,1429.0799560546875,-0.006166805654652663,16.280000686645508,0.398504679815942,2688557354.315,1429.079956
2012-09-11,1433.56005859375,0.003130052101452563,16.40999984741211,0.3833748468793892,2751129283.757,1433.560059
2012-09-12,1436.56005859375,0.002090505602597048,15.800000190734863,0.4007050965524016,3143426308.94,1436.560059
2012-09-13,1459.989990234375,0.016178172153844095,14.050000190734863,0.3914696528141741,4501792814.7428,1459.98999
2012-09-14,1465.77001953125,0.003951135292808772,14.510000228881836,0.3968475538595366,4079191869.175,1465.77002
2012-09-17,1461.18994140625,-0.0031295828602662112,14.59000015258789,0.365391473839573,4194673586.877,1461.189941
2012-09-18,1459.3199462890625,-0.0012805951321173126,14.180000305175781,0.3914244713506247,4348508721.73,1459.319946
2012-09-19,1461.050048828125,0.0011848517443748818,13.880000114440918,0.4180058061835136,4606321234.697,1461.050049
2012-09-20,1460.260009765625,-0.0005408799928217078,14.069999694824219,0.3990774054019476,4242811907.3808,1460.26001
2012-09-21,1460.1500244140625,-7.532185571701433e-05,13.979999542236328,0.3972167623963348,8992652051.085,1460.150024
2012-09-24,1456.8900146484375,-0.0022351500693797988,14.149999618530273,0.3938836906834058,2637542456.414,1456.890015
2012-09-25,1441.5899658203125,-0.010557389418567986,15.430000305175781,0.383623413924571,1826144997.7504,1441.589966
2012-09-26,1433.3199462890625,-0.005753253211740805,16.809999465942383,0.3631401637823874,1336101729.165,1433.319946
2012-09-27,1447.1500244140625,0.009602727708234227,14.84000015258789,0.3793717293143601,2572778273.565,1447.150024
2012-09-28,1440.6700439453125,-0.004487808236766533,15.729999542236328,0.4168060762797305,2174491589.2378,1440.670044
2012-10-01,1444.489990234375,0.00264799766799495,16.31999969482422,0.3443283634949822,2058078578.339,1444.48999
2012-10-02,1445.75,0.000871906727265781,15.710000038146973,0.3503501765319627,2019845362.51,1445.75
2012-10-03,1450.989990234375,0.003617857293033211,15.430000305175781,0.3800160481521807,2751403325.215,1450.98999
2012-10-04,1461.4000244140625,0.00714882173169773,14.550000190734863,0.3783891355824441,2875956470.0798,1461.400024
2012-10-05,1460.9300537109375,-0.0003216410840751749,14.329999923706055,0.3427001412174594,2276244806.57,1460.930054
2012-10-08,1455.8800048828125,-0.0034627238474289612,15.109999656677246,0.3370642987741484,1914155683.126,1455.880005
2012-10-09,1441.47998046875,-0.009940182135141917,16.3700008392334,0.3372864221558455,1529584844.7579,1441.47998
2012-10-10,1432.56005859375,-0.0062072555664816065,16.290000915527344,0.3816494940688498,1585118597.933,1432.560059
2012-10-11,1432.8399658203125,0.00019537043698480971,15.59000015258789,0.3652287251497246,1166712068.71,1432.839966
2012-10-12,1428.5899658203125,-0.002970544956016674,16.139999389648438,0.3666318720808839,1366428443.0543,1428.589966
2012-10-15,1440.1300048828125,0.00804547075266715,15.270000457763672,0.4111809762291971,1799022345.4874,1440.130005
2012-10-16,1454.9200439453125,0.010217555817170876,15.220000267028809,0.4168794359704911,2792940189.3425,1454.920044
2012-10-17,1460.9100341796875,0.004108606125954317,15.069999694824219,0.4178185030051281,2882740927.8922,1460.910034
2012-10-18,1457.3399658203125,-0.0024467198768949316,15.029999732971191,0.3996415322309585,2166631598.3594,1457.339966
2012-10-19,1433.18994140625,-0.016710144600035726,17.059999465942383,0.403053872476053,-1220488012.9584,1433.189941
2012-10-22,1433.8199462890625,0.00043948567855078835,16.6200008392334,0.3957406122008183,1365092476.62,1433.819946
2012-10-23,1413.1099853515625,-0.014549234970737679,18.829999923706055,0.4041099690377925,856531693.2434,1413.109985
2012-10-24,1408.75,-0.0030901524835877936,18.329999923706055,0.3926156665950129,827957147.2866,1408.75
2012-10-25,1412.969970703125,0.0029910649483948504,18.1200008392334,0.3907220665787037,887952897.582,1412.969971
2012-10-26,1411.93994140625,-0.0007292475686444533,17.809999465942383,0.3973190705002103,869165396.35,1411.939941
2012-10-31,1412.1600341796875,0.00015586755128005336,18.600000381469727,0.4000172209503589,787647145.9496,1412.160034
2012-11-01,1427.5899658203125,0.010867212600985887,16.690000534057617,0.3809857920020919,1278333550.7926,1427.589966
2012-11-02,1414.199951171875,-0.009423718242891788,17.59000015258789,0.3883791879273012,745669691.5821,1414.199951
2012-11-05,1417.260009765625,0.0021614713450572864,18.420000076293945,0.3928690337243451,937015288.1214,1417.26001
2012-11-06,1428.3900146484375,0.007822509122727084,17.579999923706055,0.3898924728646431,1282215427.8178,1428.390015
2012-11-07,1394.530029296875,-0.023990484179204685,19.079999923706055,0.3919951727642098,-61573416.8004,1394.530029
2012-11-08,1377.510009765625,-0.012279933313509517,18.489999771118164,0.3561329578341054,-640365600.9792,1377.51001
2012-11-09,1379.8499755859375,0.0016972512798218986,18.610000610351562,0.3824978137240453,-183459819.09,1379.849976
2012-11-12,1380.030029296875,0.00013047937654864228,16.68000030517578,0.4149138351261552,-161566654.388,1380.030029
2012-11-13,1374.530029296875,-0.003993383474745649,16.649999618530273,0.3896354519844041,-326649444.64,1374.530029
2012-11-14,1355.489990234375,-0.013948870444327355,17.920000076293945,0.3954282635665974,-896279282.6408,1355.48999
2012-11-15,1353.3299560546875,-0.0015948159570164933,17.989999771118164,0.3663053336335665,-1064663260.4975,1353.329956
2012-11-16,1359.8800048828125,0.004828274735175775,16.40999984741211,0.3778382161997027,-902628346.3255,1359.880005
2012-11-19,1386.8900146484375,0.019667376739547215,15.239999771118164,0.4430294883428196,833108848.463,1386.890015
2012-11-20,1387.81005859375,0.0006631664358280887,15.079999923706055,0.4315247343796649,936082158.6651,1387.810059
2012-11-21,1391.030029296875,0.002317493660971337,15.3100004196167,0.3995497627161835,1074233864.96,1391.030029
2012-11-23,1409.1500244140625,0.012942202068968456,15.140000343322754,0.4092769225868888,1285954948.762,1409.150024
2012-11-26,1406.2900390625,-0.002031644269326449,15.5,0.4256498644249667,1489869808.622,1406.290039
2012-11-27,1398.93994140625,-0.005240293685227826,15.920000076293945,0.415660896247559,1195461959.2076,1398.939941
2012-11-28,1409.9300537109375,0.007825330760125482,15.510000228881836,0.3991012618648916,1458462713.58,1409.930054
2012-11-29,1415.949951171875,0.0042605535668815975,15.0600004196167,0.4192584832200906,1966128578.08,1415.949951
2012-11-30,1416.1800537109375,0.00016249433406834157,15.869999885559082,0.4051140813943067,1462041482.835,1416.180054
2012-12-03,1409.4599609375,-0.004756519166260631,16.639999389648438,0.4229034650249005,1319254401.0254,1409.459961
2012-12-04,1407.050048828125,-0.0017112757910542342,17.1200008392334,0.3816164364678642,987939253.4356,1407.050049
2012-12-05,1409.280029296875,0.0015836076545872046,16.459999084472656,0.3657337174751012,619549268.3389,1409.280029
2012-12-06,1413.93994140625,0.003301135858709614,16.579999923706055,0.3907344699934792,863020317.6577,1413.939941
2012-12-07,1418.0699462890625,0.0029166619993503673,15.899999618530273,0.401575057994228,999761409.5661,1418.069946
2012-12-10,1418.550048828125,0.0003385032499760854,16.049999237060547,0.3828505040898707,962073907.995,1418.550049
2012-12-11,1427.8399658203125,0.006527531315292379,15.569999694824219,0.3975933285077456,1410736639.0444,1427.839966
2012-12-12,1428.47998046875,0.0004481393339572648,15.949999809265137,0.3984006042479062,1379685819.5098,1428.47998
2012-12-13,1419.449951171875,-0.00634148997700823,16.559999465942383,0.3877794992855783,898420939.0524,1419.449951
2012-12-14,1413.5799560546875,-0.004143975679491874,17.0,0.3667965517410235,757602274.7429,1413.579956
2012-12-17,1430.3599853515625,0.011800688037810758,16.34000015258789,0.3650823829499739,1349747636.855,1430.359985
2012-12-18,1446.7900390625,0.011421185666775635,15.569999694824219,0.3995998332180936,2143409967.5644,1446.790039
2012-12-19,1435.81005859375,-0.007618145562821255,17.360000610351562,0.3980910489863246,1711681838.0661,1435.810059
2012-12-20,1443.68994140625,0.005473104693568764,17.670000076293945,0.3898091766469682,1798995792.8876,1443.689941
2012-12-21,1430.1500244140625,-0.009422944450144577,17.84000015258789,0.3995905415610021,867379053.04,1430.150024
2012-12-24,1426.6600341796875,-0.0024432789712660608,17.84000015258789,0.375662080660895,874452741.698,1426.660034
2012-12-26,1419.8299560546875,-0.00479895678992559,19.479999542236328,0.3661321488025353,589989445.0121,1419.829956
2012-12-27,1418.0999755859375,-0.0012191849162670465,19.469999313354492,0.3829206211364086,648806625.42,1418.099976
2012-12-28,1402.4300537109375,-0.011111445674961473,22.719999313354492,0.3731800335725784,313374576.3739,1402.430054
2012-12-31,1426.18994140625,0.01680002726988583,18.020000457763672,0.3676127022745774,1037372986.3011,1426.189941
2013-01-02,1462.4200439453125,0.025086115958697697,14.680000305175781,0.408387181334665,2271946220.0525,1462.420044
2013-01-03,1459.3699951171875,-0.002087795423524774,14.5600004196167,0.4110842074068103,2115151899.1087,1459.369995
2013-01-04,1466.469970703125,0.004853299978980985,13.829999923706055,0.4008582895715291,1927021353.7524,1466.469971
2013-01-07,1461.8900146484375,-0.003128003259122103,13.789999961853027,0.4210204552277279,1824539134.8105,1461.890015
2013-01-08,1457.1500244140625,-0.0032476391807332305,13.619999885559082,0.4264078219973581,1687059848.4134,1457.150024
2013-01-09,1461.02001953125,0.0026523453586815293,13.8100004196167,0.4012991737914089,1692440459.245,1461.02002
2013-01-10,1472.1199951171875,0.007568700109210624,13.489999771118164,0.4065218933999913,2165222550.12,1472.119995
2013-01-11,1472.050048828125,-4.751511497769201e-05,13.359999656677246,0.4069550067425699,2151586354.54,1472.050049
2013-01-14,1470.6800537109375,-0.000931104904918989,13.520000457763672,0.3964071866400664,1948029763.487,1470.680054
2013-01-15,1472.3399658203125,0.0011280332953038652,13.550000190734863,0.3774535601508126,1915405614.555,1472.339966
2013-01-16,1472.6300048828125,0.0001969725099559838,13.420000076293945,0.4004688155767959,2252665998.85,1472.630005
2013-01-17,1480.93994140625,0.005627060541354645,13.569999694824219,0.405456102505899,2797809460.215,1480.939941
2013-01-18,1485.97998046875,0.0033974923781512345,12.460000038146973,0.4201863915667124,6626065505.444,1485.97998
2013-01-22,1492.56005859375,0.004418331627712213,12.430000305175781,0.4048378283907731,1401035800.382,1492.560059
2013-01-23,1494.81005859375,0.0015063419242924425,12.460000038146973,0.3996546110459621,1660669630.66,1494.810059
2013-01-24,1494.8199462890625,6.614661544723788e-06,12.6899995803833,0.37045800568782,1217452162.2,1494.819946
2013-01-25,1502.9599609375,0.005430708661868344,12.890000343322754,0.3871151238757,1416846844.961,1502.959961
2013-01-28,1500.1800537109375,-0.0018513342747921158,13.569999694824219,0.3840030174708665,1414172220.54,1500.180054
2013-01-29,1507.8399658203125,0.005093003781205141,13.3100004196167,0.4209413885452501,1650243398.925,1507.839966
2013-01-30,1501.9599609375,-0.003907244671752075,14.319999694824219,0.4164757160038982,1556969383.32,1501.959961
2013-01-31,1498.1099853515625,-0.0025665919583923724,14.279999732971191,0.4059919650971729,1367683606.355,1498.109985
2013-02-01,1513.1700439453125,0.010002513224010023,12.899999618530273,0.402749967726002,1695589832.7,1513.170044
2013-02-04,1495.7099609375,-0.011605832709651764,14.670000076293945,0.4074716451985316,1254710705.61,1495.709961
2013-02-05,1511.2900390625,0.010362632222059354,13.720000267028809,0.4069973447996018,1926419295.0078,1511.290039
2013-02-06,1512.1199951171875,0.0005490198591342477,13.40999984741211,0.4291587915138309,1949501493.48,1512.119995
2013-02-07,1509.3900146484375,-0.0018070310558568892,13.5,0.4238401041966682,1949395995.317,1509.390015
2013-02-08,1517.9300537109375,0.005641994585043442,13.020000457763672,0.4239943818899402,2096700652.29,1517.930054
2013-02-11,1517.010009765625,-0.0006063012476387186,12.9399995803833,0.4144648520589344,2184319610.1,1517.01001
2013-02-12,1519.4300537109375,0.0015940011376045504,12.640000343322754,0.4051883210132436,2128303102.5,1519.430054
2013-02-13,1520.3299560546875,0.0005920877747911391,12.979999542236328,0.3899547652080907,2012236679.064,1520.329956
2013-02-14,1521.3800048828125,0.0006904332650528033,12.65999984741211,0.3996213576564699,2161505360.04,1521.380005
2013-02-15,1519.7900390625,-0.0010456277960129157,12.460000038146973,0.4105040455720697,3158968729.161,1519.790039
2013-02-19,1530.93994140625,0.007309694441360648,12.3100004196167,0.379329583347502,1430542181.768,1530.939941
2013-02-20,1511.949951171875,-0.01248171143000576,14.680000305175781,0.3951980815347408,901839165.419,1511.949951
2013-02-21,1502.4200439453125,-0.006323005465665332,15.220000267028809,0.4051780556292102,636557388.32,1502.420044
2013-02-22,1515.5999755859375,0.008734213386774492,14.170000076293945,0.4065106133332768,1110694538.905,1515.599976
2013-02-25,1487.8499755859375,-0.01847927558477469,18.989999771118164,0.4158336812381282,497996620.92,1487.849976
2013-02-26,1496.93994140625,0.006090876862567818,16.8700008392334,0.4156613659780952,703611705.514,1496.939941
2013-02-27,1515.989990234375,0.012645699119019582,14.729999542236328,0.392456961900443,1152475463.518,1515.98999
2013-02-28,1514.6800537109375,-0.0008644534614576926,15.510000228881836,0.4031559865168579,1011455333.821,1514.680054
2013-03-01,1518.199951171875,0.0023211594495267107,15.359999656677246,0.4082349461389631,1083855994.82,1518.199951
2013-03-04,1525.199951171875,0.004600126548350403,14.010000228881836,0.3925984896685647,1277802650.22,1525.199951
2013-03-05,1539.7900390625,0.009520551872499894,13.479999542236328,0.383489399306301,1813447358.369,1539.790039
2013-03-06,1541.4599609375,0.0010839250554139923,13.529999732971191,0.3856039957414413,1775448594.535,1541.459961
2013-03-07,1544.260009765625,0.0018148436172067406,13.0600004196167,0.3890676168943166,1938120444.051,1544.26001
2013-03-08,1551.1800537109375,0.004471128712954631,12.59000015258789,0.3973929126042803,2029533964.005,1551.180054
2013-03-11,1556.219970703125,0.003243818865874104,11.5600004196167,0.3876885847273079,2215985843.985,1556.219971
2013-03-12,1552.47998046875,-0.00240614539680184,12.270000457763672,0.4029015026943521,2029782454.855,1552.47998
2013-03-13,1554.52001953125,0.0013131891571704912,11.829999923706055,0.3943232004928593,2035305643.17,1554.52002
2013-03-14,1563.22998046875,0.005587352158972436,11.300000190734863,0.3862274886465145,2384814338.735,1563.22998
2013-03-15,1560.699951171875,-0.0016197737499892284,11.300000190734863,0.4103861405020301,2732773145.816,1560.699951
2013-03-18,1552.0999755859375,-0.005525570335024099,13.359999656677246,0.4368420355502753,1528451776.72,1552.099976
2013-03-19,1548.3399658203125,-0.0024254697268757397,14.390000343322754,0.4178502722449548,1409105595.38,1548.339966
2013-03-20,1558.7099609375,0.006675163815817342,12.670000076293945,0.3885876927244067,1629524132.239,1558.709961
2013-03-21,1545.800048828125,-0.00831692375600479,13.989999771118164,0.4237697025641114,1325773175.274,1545.800049
2013-03-22,1556.8900146484375,0.0071486438032994926,13.569999694824219,0.404141075145377,1582114581.302,1556.890015
2013-03-25,1551.68994140625,-0.0033456293009468396,13.739999771118164,0.4146683124339045,1550581124.115,1551.689941
2013-03-26,1563.77001953125,0.0077549631946354225,12.770000457763672,0.4100858485004051,1809272038.357,1563.77002
2013-03-27,1562.8499755859375,-0.0005885230525652929,13.149999618530273,0.4161053179284588,1578964435.16,1562.849976
2013-03-28,1569.18994140625,0.004048463396191693,12.699999809265137,0.3946365947863021,1650093771.988,1569.189941
2013-04-01,1562.1700439453125,-0.004483616865356588,13.579999923706055,0.3998814796986299,1365443736.11,1562.170044
2013-04-02,1570.25,0.005158933898854023,12.779999732971191,0.3774840827935012,1550558952.379,1570.25
2013-04-03,1553.68994140625,-0.010602133218841736,14.210000038146973,0.4099437158002066,1119758894.411,1553.689941
2013-04-04,1559.97998046875,0.00404027901273718,13.890000343322754,0.4121789417295975,1155685835.1,1559.97998
2013-04-05,1553.280029296875,-0.004304145168907425,13.920000076293945,0.4301489590891146,1141106496.21,1553.280029
2013-04-08,1563.0699462890625,0.006282958765271296,13.1899995803833,0.4039793605939522,1399732048.955,1563.069946
2013-04-09,1568.6099853515625,0.0035380658065768955,12.84000015258789,0.4105132991768548,1604924733.79,1568.609985
2013-04-10,1587.72998046875,0.012115443329548725,12.359999656677246,0.4022807459237571,2294226793.103,1587.72998
2013-04-11,1593.3699951171875,0.003545956179577203,12.239999771118164,0.3908549951479771,2329480017.922,1593.369995
2013-04-12,1588.8499755859375,-0.0028407983185489982,12.0600004196167,0.4063319727296475,1925042270.055,1588.849976
2013-04-15,1552.3599853515625,-0.02323412455036511,17.270000457763672,0.4067492187692259,902992199.61,1552.359985
2013-04-16,1574.5699462890625,0.014205840828064531,13.960000038146973,0.4115912725712251,1566200613.757,1574.569946
2013-04-17,1552.010009765625,-0.014431313685983937,16.510000228881836,0.407342837110128,777019262.519,1552.01001
2013-04-18,1541.6099853515625,-0.006723555969544215,17.559999465942383,0.4156065746105672,503583947.93,1541.609985
2013-04-19,1555.25,0.008808989051054539,14.970000267028809,0.4088354661864961,750723711.038,1555.25
2013-04-22,1562.5,0.00465079821542691,14.390000343322754,0.396855827227118,947228816.464,1562.5
2013-04-23,1578.780029296875,0.010365312805553195,13.479999542236328,0.4003871531263089,1386724473.775,1578.780029
2013-04-24,1578.7900390625,6.340170072505202e-06,13.609999656677246,0.3827581858517634,1466741214.24,1578.790039
2013-04-25,1585.1600341796875,0.0040266145649914264,13.619999885559082,0.3860767152635739,1681493449.084,1585.160034
2013-04-26,1582.239990234375,-0.001843811801517603,13.609999656677246,0.3733284293565864,1502013028.439,1582.23999
2013-04-29,1593.6099853515625,0.007160315369406867,13.710000038146973,0.380110961815059,1856562178.082,1593.609985
2013-04-30,1597.5699462890625,0.0024818174185821107,13.520000457763672,0.3846295352499573,2135090389.135,1597.569946
2013-05-01,1582.699951171875,-0.009351472649563597,14.489999771118164,0.3804593292061305,1687783145.9,1582.699951
2013-05-02,1597.5899658203125,0.009364003810320654,13.59000015258789,0.3996613967162405,2289253436.235,1597.589966
2013-05-03,1614.4200439453125,0.010479563948170068,12.850000381469727,0.3825307627584527,2453689952.7365,1614.420044
2013-05-06,1617.5,0.0019059611284841793,12.65999984741211,0.4028116875907399,2756639152.35,1617.5
2013-05-07,1625.9599609375,0.005216639159836944,12.829999923706055,0.3981318577898807,2910772777.027,1625.959961
2013-05-08,1632.68994140625,0.004130538866697009,12.65999984741211,0.395805549225066,3211023040.938,1632.689941
2013-05-09,1626.6700439453125,-0.0036939180287731688,13.130000114440918,0.408071214803438,2563892776.779,1626.670044
2013-05-10,1633.699951171875,0.00431234377158507,12.59000015258789,0.4064513954945593,2620733448.771,1633.699951
2013-05-13,1633.77001953125,4.288844886968235e-05,12.550000190734863,0.406053616181541,2748305811.292,1633.77002
2013-05-14,1650.3399658203125,0.010091066969150297,12.770000457763672,0.3835862263549488,2879428729.608,1650.339966
2013-05-15,1658.780029296875,0.005101103490210868,12.8100004196167,0.3686174048885842,2736143054.217,1658.780029
2013-05-16,1650.469970703125,-0.0050223319854110215,13.069999694824219,0.3977632583337868,2746670894.131,1650.469971
2013-05-17,1667.469970703125,0.01024741198656276,12.449999809265137,0.3952757285264907,3970036803.73,1667.469971
2013-05-20,1666.2900390625,-0.0007078684047074901,13.020000457763672,0.3939088700224236,2137041042.875,1666.290039
2013-05-21,1669.1600341796875,0.0017209046830028996,13.369999885559082,0.3884243313232106,2116746522.07,1669.160034
2013-05-22,1655.3499755859375,-0.008308074265778842,13.819999694824219,0.4088758333301535,1806341652.952,1655.349976
2013-05-23,1650.510009765625,-0.0029281151046065546,14.069999694824219,0.4111554562268476,1666748852.99,1650.51001
2013-05-24,1649.5999755859375,-0.0005515174989882965,13.989999771118164,0.4181703168543645,1749411797.167,1649.599976
2013-05-28,1660.06005859375,0.00632096210916,14.479999542236328,0.4056603550171824,1954441082.986,1660.060059
2013-05-29,1648.3599853515625,-0.007072936243165628,14.829999923706055,0.4204516912932658,1736273531.5,1648.359985
2013-05-30,1654.4100341796875,0.0036636251143127296,14.529999732971191,0.4269072944036224,2045155898.855,1654.410034
2013-05-31,1630.739990234375,-0.014410576921856766,16.299999237060547,0.422519146688263,1419013389.484,1630.73999
2013-06-03,1640.4200439453125,0.005918439859741831,16.280000686645508,0.4126571395603218,1647953790.578,1640.420044
2013-06-04,1631.3800048828125,-0.005526048005605411,16.270000457763672,0.4390632132971613,1487625373.44,1631.380005
2013-06-05,1608.9000244140625,-0.01387555454392242,17.5,0.433239312757552,893997562.98,1608.900024
2013-06-06,1622.56005859375,0.008454454144231072,16.6299991607666,0.4286105803155977,1055721641.38,1622.560059
2013-06-07,1643.3800048828125,0.012749914526945183,15.140000343322754,0.4171914934527476,1726009306.41,1643.380005
2013-06-10,1642.81005859375,-0.00034687360363694353,15.4399995803833,0.4170056769652364,1692453822.53,1642.810059
2013-06-11,1626.1300048828125,-0.010205264184820706,17.06999969482422,0.4229383070904587,1203284653.56,1626.130005
2013-06-12,1612.52001953125,-0.008404776908051304,18.59000015258789,0.4295778885244817,707890185.36,1612.52002
2013-06-13,1636.3599853515625,0.014676069097359523,16.40999984741211,0.4231603202942242,1477448651.42,1636.359985
2013-06-14,1626.72998046875,-0.005902401062458651,17.149999618530273,0.4311835122908704,1155781374.375,1626.72998
2013-06-17,1639.0400390625,0.007538875562715042,16.799999237060547,0.39596152557709,1574185595.35,1639.040039
2013-06-18,1651.81005859375,0.007760963428783185,16.610000610351562,0.4222411556728666,1947783870.332,1651.810059
2013-06-19,1628.9300537109375,-0.01394830132848135,16.639999389648438,0.4548813045728084,1138762909.08,1628.930054
2013-06-20,1588.18994140625,-0.025328424392299098,20.489999771118164,0.4681620290471935,-279175959.976,1588.189941
2013-06-21,1592.4300537109375,0.002666219053526042,18.899999618530273,0.4409142316433684,-54882471.224,1592.430054
2013-06-24,1573.0899658203125,-0.012219368959627275,20.110000610351562,0.3899486268679526,76233882.1,1573.089966
2013-06-25,1588.030029296875,0.009452456559302824,18.469999313354492,0.4043268076023344,389026318.471,1588.030029
2013-06-26,1603.260009765625,0.009544789666189324,17.209999084472656,0.4174893702434633,687597620.715,1603.26001
2013-06-27,1613.199951171875,0.006180691300296637,16.860000610351562,0.422762284340493,899620819.015,1613.199951
2013-06-28,1606.280029296875,-0.004298788980467982,16.860000610351562,0.3983701061658648,811382195.027,1606.280029
2013-07-01,1614.9599609375,0.005389199609390438,16.3700008392334,0.3980387194572837,1155132966.022,1614.959961
2013-07-02,1614.0799560546875,-0.0005450566900506715,16.440000534057617,0.4262642023439036,1284225673.46,1614.079956
2013-07-03,1615.4100341796875,0.0008237078945754206,16.200000762939453,0.3883936210738239,1354734716.175,1615.410034
2013-07-05,1631.8900146484375,0.01015004570322553,14.890000343322754,0.4226573685078119,1485672074.19,1631.890015
2013-07-08,1640.4599609375,0.005237805213836211,14.779999732971191,0.4113775030730971,1653232958.529,1640.459961
2013-07-09,1652.3199462890625,0.007203661934862993,14.350000381469727,0.3992874861754835,2140508422.86,1652.319946
2013-07-10,1652.6199951171875,0.00018157596462842207,14.210000038146973,0.422498516655246,2121698644.62,1652.619995
2013-07-11,1675.02001953125,0.01346321276535356,14.010000228881836,0.4003447078816489,2988606968.646,1675.02002
2013-07-12,1680.18994140625,0.0030817302206287422,13.84000015258789,0.4067246653333793,2598071654.603,1680.189941
2013-07-15,1682.5,0.0013739351515562603,13.789999961853027,0.3891004981603712,2713007549.13,1682.5
2013-07-16,1676.260009765625,-0.003715655417707353,14.420000076293945,0.3929565968873166,2634835610.79,1676.26001
2013-07-17,1680.9100341796875,0.0027702066483987764,13.779999732971191,0.4059433912077274,2787976285.18,1680.910034
2013-07-18,1689.3699951171875,0.005020341712006271,13.770000457763672,0.3953813239211829,3046790411.517,1689.369995
2013-07-19,1692.0899658203125,0.0016087555796460151,12.539999961853027,0.4081259957426161,2857092845.056,1692.089966
2013-07-22,1695.530029296875,0.0020309625424266287,12.289999961853027,0.4022700725983436,1920383728.09,1695.530029
2013-07-23,1692.3900146484375,-0.001853653868336913,12.65999984741211,0.3834483871620509,1832454312.425,1692.390015
2013-07-24,1685.93994140625,-0.003818502729718176,13.180000305175781,0.4053348018942064,2046120905.94,1685.939941
2013-07-25,1690.25,0.002553209985189042,12.970000267028809,0.3893386749500697,2170527190.91,1690.25
2013-07-26,1691.6500244140625,0.0008279514379090358,12.720000267028809,0.408254243673067,2149890288.368,1691.650024
2013-07-29,1685.3299560546875,-0.0037430341753674767,13.390000343322754,0.4143344124035808,2130309224.929,1685.329956
2013-07-30,1685.9599609375,0.00037374708533377543,13.390000343322754,0.4008474615294961,2240419714.97,1685.959961
2013-07-31,1685.72998046875,-0.00013641851599821564,13.449999809265137,0.4010666970461585,2152088714.237,1685.72998
2013-08-01,1706.8699951171875,0.012462588230416571,12.9399995803833,0.3964814337361664,2960832855.971,1706.869995
2013-08-02,1709.6700439453125,0.0016391140879470356,11.979999542236328,0.406785315381147,2776034067.764,1709.670044
2013-08-05,1707.1400146484375,-0.0014809308775634022,11.84000015258789,0.4215479221137219,2846494849.242,1707.140015
2013-08-06,1697.3699951171875,-0.005739472830554426,12.720000267028809,0.4214235459336515,2631509965.644,1697.369995
2013-08-07,1690.9100341796875,-0.0038131256619413634,12.979999542236328,0.4176916685539829,2346350689.883,1690.910034
2013-08-08,1697.47998046875,0.0038779210740464976,12.729999542236328,0.4056434630337945,2245622631.332,1697.47998
2013-08-09,1691.4200439453125,-0.0035763480414265914,13.40999984741211,0.4123467185759771,2136793037.875,1691.420044
2013-08-12,1689.469970703125,-0.0011535858605249416,12.8100004196167,0.4130416993383952,2401742438.02,1689.469971
2013-08-13,1694.1600341796875,0.0027722100072677947,12.3100004196167,0.4363971663501311,2711543896.127,1694.160034
2013-08-14,1685.3900146484375,-0.005190063227857422,13.039999961853027,0.4462529992744004,2445016035.801,1685.390015
2013-08-15,1661.3199462890625,-0.01438456494796192,14.729999542236328,0.4449003093115118,1669476019.658,1661.319946
2013-08-16,1655.8299560546875,-0.0033100676234782966,14.369999885559082,0.4434684925824917,2338838186.312,1655.829956
2013-08-19,1646.06005859375,-0.00591777795715398,15.100000381469727,0.4316928556394013,1379648544.155,1646.060059
2013-08-20,1652.3499755859375,0.003813913098371202,14.90999984741211,0.4205500348005082,1345939715.919,1652.349976
2013-08-21,1642.800048828125,-0.005796369467346629,15.9399995803833,0.4525750248576833,1174798614.305,1642.800049
2013-08-22,1656.9599609375,0.008582441743413938,14.760000228881836,0.4037927052039322,1662727396.2,1656.959961
2013-08-23,1663.5,0.003939241910212665,13.979999542236328,0.4404620799125807,1709225804.21,1663.5
2013-08-26,1656.780029296875,-0.004047839230057804,14.989999771118164,0.4117632398314528,1605595524.174,1656.780029
2013-08-27,1630.47998046875,-0.016001539229184125,16.770000457763672,0.4341310287321944,791502274.301,1630.47998
2013-08-28,1634.9599609375,0.0027438773089691892,16.489999771118164,0.4090527982642707,951027892.161,1634.959961
2013-08-29,1638.1700439453125,0.00196147664909585,16.809999465942383,0.4544369072342384,971156153.46,1638.170044
2013-08-30,1632.969970703125,-0.0031793671926347855,17.010000228881836,0.4723302380576714,1001314528.756,1632.969971
2013-09-03,1639.77001953125,0.004155575226959307,16.610000610351562,0.4470168367842426,1183103985.299,1639.77002
2013-09-04,1653.0799560546875,0.008084187928560027,15.880000114440918,0.4176237491538438,1776313535.158,1653.079956
2013-09-05,1655.0799560546875,0.0012091315394675561,15.770000457763672,0.4245495011506078,1782870862.411,1655.079956
2013-09-06,1655.1700439453125,5.442965978197378e-05,15.850000381469727,0.4216211334372018,1653462872.258,1655.170044
2013-09-09,1671.7099609375,0.009943282138970666,15.630000114440918,0.3915569503290033,2274653492.951,1671.709961
2013-09-10,1683.989990234375,0.00731894048480175,14.529999732971191,0.3983336425671536,2576588963.333,1683.98999
2013-09-11,1689.1300048828125,0.0030476346138188504,13.819999694824219,0.3994071172614664,2346433142.205,1689.130005
2013-09-12,1683.4200439453125,-0.0033861418278018363,14.289999961853027,0.4101446657699721,2181373338.935,1683.420044
2013-09-13,1687.989990234375,0.002711001653103118,14.15999984741211,0.4082496040190466,2205509098.729,1687.98999
2013-09-16,1697.5999755859375,0.005677008295821295,14.380000114440918,0.3839371055934947,2386111654.48,1697.599976
2013-09-17,1704.760009765625,0.0042088695965523115,14.529999732971191,0.40631261442831,2684242848.579,1704.76001
2013-09-18,1725.52001953125,0.01210412155841567,13.59000015258789,0.4109923852577004,3627666468.931,1725.52002
2013-09-19,1722.3399658203125,-0.0018446541484813395,13.15999984741211,0.4062207420895737,3805889547.912,1722.339966
2013-09-20,1709.9100341796875,-0.007243053962847412,13.119999885559082,0.4327731938654796,2536299852.9,1709.910034
2013-09-23,1701.8399658203125,-0.004730758941951407,14.3100004196167,0.4115617186045112,2114650916.341,1701.839966
2013-09-24,1697.4200439453125,-0.0026005214977313784,14.079999923706055,0.4249467876138146,2038456669.36,1697.420044
2013-09-25,1692.77001953125,-0.0027432251543784147,14.010000228881836,0.4089262965440199,1684992316.024,1692.77002
2013-09-26,1698.6700439453125,0.0034793658479985723,14.0600004196167,0.401253508293288,2101622948.9,1698.670044
2013-09-27,1691.75,-0.004082121663444127,15.460000038146973,0.4239583631713514,1766952528.79,1691.75
2013-09-30,1681.550048828125,-0.0060474799811904845,16.600000381469727,0.4433708391557777,1460209187.513,1681.550049
2013-10-01,1695.0,0.007966724683406312,15.539999961853027,0.430851553846643,2035874511.626,1695.0
2013-10-02,1693.8699951171875,-0.0006668918703409688,16.600000381469727,0.430642635614742,2193522496.585,1693.869995
2013-10-03,1678.6600341796875,-0.00901997250055242,17.670000076293945,0.4480453704719283,1515364603.793,1678.660034
2013-10-04,1690.5,0.007028466704283254,16.739999771118164,0.4095111283259887,1839688208.57,1690.5
2013-10-07,1676.1199951171875,-0.008542747536819384,19.40999984741211,0.4253281249090903,1576608397.538,1676.119995
2013-10-08,1655.449951171875,-0.012408749931083207,20.34000015258789,0.4259654402283309,762661447.348,1655.449951
2013-10-09,1656.4000244140625,0.0005737417306050929,19.600000381469727,0.4232136221021825,834789865.348,1656.400024
2013-10-10,1692.56005859375,0.02159562288283645,16.479999542236328,0.4211833476601867,2230495944.459,1692.560059
2013-10-11,1703.199951171875,0.006266595617328008,15.720000267028809,0.4266648654888424,2456435617.384,1703.199951
2013-10-14,1710.1400146484375,0.004066441145288202,16.06999969482422,0.418106982881934,2783516305.223,1710.140015
2013-10-15,1698.06005859375,-0.007088789613758806,18.65999984741211,0.4307541036263936,2519133438.825,1698.060059
2013-10-16,1721.5400390625,0.013732804307132085,14.710000038146973,0.3960518972251771,3558499758.823,1721.540039
2013-10-17,1733.1500244140625,0.006721314413737467,13.479999542236328,0.4200385176067115,4029832847.188,1733.150024
2013-10-18,1744.5,0.0065274054636228485,13.039999961853027,0.4240574081626494,4287596555.347,1744.5
2013-10-21,1744.6600341796875,9.173220960434492e-05,13.15999984741211,0.4120079727830999,2808464285.176,1744.660034
2013-10-22,1754.6700439453125,0.005721116239627122,13.329999923706055,0.3924919462838658,2982924995.0115,1754.670044
2013-10-23,1746.3800048828125,-0.004735753240036722,13.420000076293945,0.420586285354183,2786054898.187,1746.380005
2013-10-24,1752.0699462890625,0.0032528385443555408,13.199999809265137,0.3853716189666821,3255629464.404,1752.069946
2013-10-25,1759.77001953125,0.004385214392774728,13.09000015258789,0.3997451662408178,2869357925.282,1759.77002
2013-10-28,1762.1099853515625,0.0013288165192371082,13.3100004196167,0.4019258180733771,3059092043.077,1762.109985
2013-10-29,1771.949951171875,0.005568661214094384,13.40999984741211,0.4063603437199321,3285994990.068,1771.949951
2013-10-30,1763.31005859375,-0.004887849694569901,13.649999618530273,0.4155241295459184,3256834201.654,1763.310059
2013-10-31,1756.5400390625,-0.0038467705679376962,13.75,0.4298964327531361,2951160386.538,1756.540039
2013-11-01,1761.6400146484375,0.0028992144122090835,13.279999732971191,0.4305897727027316,2906370321.662,1761.640015
2013-11-04,1767.9300537109375,0.00356419937809882,12.930000305175781,0.4112332240255046,3293255723.791,1767.930054
2013-11-05,1762.969970703125,-0.002809530848340458,13.270000457763672,0.4460617151393417,3265316468.159,1762.969971
2013-11-06,1770.489990234375,0.0042564687122874645,12.670000076293945,0.4246339847429831,3080946452.365,1770.48999
2013-11-07,1747.1500244140625,-0.013270435999594987,13.90999984741211,0.4345197094556604,1903308226.954,1747.150024
2013-11-08,1770.6099853515625,0.013338208792264439,12.899999618530273,0.4315949754811046,3111511631.714,1770.609985
2013-11-11,1771.8900146484375,0.0007226700649729523,12.529999732971191,0.4389495068397494,3364552921.398,1771.890015
2013-11-12,1767.68994140625,-0.0023732054456200302,12.819999694824219,0.4360249326836951,3368004995.08,1767.689941
2013-11-13,1782.0,0.008062752720499056,12.520000457763672,0.419536660984191,4067621766.489,1782.0
2013-11-14,1790.6199951171875,0.004825596820451139,12.369999885559082,0.4077545502594379,4794814779.635,1790.619995
2013-11-15,1798.1800537109375,0.00421314627388103,12.1899995803833,0.4224095099392175,8992653341.94,1798.180054
2013-11-18,1791.530029296875,-0.0037050524235047178,13.100000381469727,0.4086285789339419,2835570681.66,1791.530029
2013-11-19,1787.8699951171875,-0.0020450552776010156,13.390000343322754,0.4199454153624714,2767207106.91,1787.869995
2013-11-20,1781.3699951171875,-0.003642235996161425,13.399999618530273,0.4210917676766675,2486394788.905,1781.369995
2013-11-21,1795.8499755859375,0.008095705420756438,12.65999984741211,0.4001474644937328,3356118592.977,1795.849976
2013-11-22,1804.760009765625,0.004949190500028955,12.260000228881836,0.4076089617231824,3145394124.14,1804.76001
2013-11-25,1802.47998046875,-0.001264140787239576,12.789999961853027,0.4087423909502987,3292174085.435,1802.47998
2013-11-26,1802.75,0.00014979323550345924,12.8100004196167,0.4150592773430131,3617975324.94,1802.75
2013-11-27,1807.22998046875,0.002481998677461128,12.979999542236328,0.4190962162473279,3987753579.68,1807.22998
2013-11-29,1805.81005859375,-0.0007859984571165768,13.699999809265137,0.4268857634455017,3444613412.64,1805.810059
2013-12-02,1800.9000244140625,-0.0027227235347160317,14.229999542236328,0.4283744523403937,3278404003.01,1800.900024
2013-12-03,1795.1500244140625,-0.003197955991893764,14.550000190734863,0.4209885825945891,3286298541.633,1795.150024
2013-12-04,1792.81005859375,-0.0013043434697870282,14.699999809265137,0.4188219361180652,3193857130.047,1792.810059
2013-12-05,1785.030029296875,-0.004349015813080115,15.079999923706055,0.4413064766892625,3073566262.854,1785.030029
2013-12-06,1805.0899658203125,0.011175194876876127,13.789999961853027,0.4170955466403385,3297554975.598,1805.089966
2013-12-09,1808.3699951171875,0.0018154512479506835,13.489999771118164,0.3888482256189945,3572390276.815,1808.369995
2013-12-10,1802.6199951171875,-0.0031847248956573537,13.90999984741211,0.3987165826955586,3421665867.895,1802.619995
2013-12-11,1782.219970703125,-0.011381397674607108,15.420000076293945,0.4080327420965633,2536896423.505,1782.219971
2013-12-12,1775.5,-0.003777688379155819,15.539999961853027,0.4106040376924474,2134729062.5,1775.5
2013-12-13,1775.3199462890625,-0.00010141528650642329,15.760000228881836,0.3942815212761197,2364107653.16,1775.319946
2013-12-16,1786.5400390625,0.006300152129396608,16.030000686645508,0.3878773568929924,2874626086.3525,1786.540039
2013-12-17,1781.0,-0.003105805936371553,16.209999084472656,0.401373564874383,2634988473.55,1781.0
2013-12-18,1810.6500244140625,0.016510906009174597,13.800000190734863,0.4016401421504166,3687882174.645,1810.650024
2013-12-19,1809.5999755859375,-0.0005800974283936,14.149999618530273,0.4084572889402674,3724679476.705,1809.599976
2013-12-20,1818.3199462890625,0.004807155440690103,13.789999961853027,0.4154564204482335,3811039241.165,1818.319946
2013-12-23,1827.989990234375,0.005304028886206069,13.039999961853027,0.3956860525538468,3704257573.17,1827.98999
2013-12-24,1833.3199462890625,0.0029115043043059785,12.479999542236328,0.3963785968199171,3799201087.565,1833.319946
2013-12-26,1842.02001953125,0.004734304621132779,12.329999923706055,0.3979981598311855,4196222304.87,1842.02002
2013-12-27,1841.4000244140625,-0.0003366410106071527,12.460000038146973,0.4162542595802766,3545838526.92,1841.400024
2013-12-30,1841.0699462890625,-0.00017926996201467205,13.5600004196167,0.4066970022411935,3456429700.18,1841.069946
2013-12-31,1848.3599853515625,0.003951856349111438,13.720000267028809,0.4062971861622687,3979567665.428,1848.359985
2014-01-02,1831.97998046875,-0.008901413016629611,14.229999542236328,0.4116256480579083,3233602611.26,1831.97998
2014-01-03,1831.3699951171875,-0.0003330205201601544,13.760000228881836,0.4114622717267884,3156026148.209,1831.369995
2014-01-06,1826.77001953125,-0.00251492725375968,13.550000190734863,0.3992172296538538,3073982747.12,1826.77002
2014-01-07,1837.8800048828125,0.006063345375391549,12.920000076293945,0.3905297191742308,3558199211.6875,1837.880005
2014-01-08,1837.489990234375,-0.00021223150345139885,12.869999885559082,0.3860799470607603,3495712892.079,1837.48999
2014-01-09,1838.1300048828125,0.0003482485435144511,12.890000343322754,0.4047450420502373,3197764687.525,1838.130005
2014-01-10,1842.3699951171875,0.0023040304904551334,12.140000343322754,0.3972664558199312,3349076787.965,1842.369995
2014-01-13,1819.199951171875,-0.01265596645879441,13.279999732971191,0.4121520838288944,2571161519.908,1819.199951
2014-01-14,1838.8800048828125,0.01075987611993412,12.279999732971191,0.393536878850955,3680276302.34,1838.880005
2014-01-15,1848.3800048828125,0.005152889134683036,12.279999732971191,0.3860709712089037,4670518809.61,1848.380005
2014-01-16,1845.8900146484375,-0.0013480284864257897,12.529999732971191,0.4072580094392334,4455651523.48,1845.890015
2014-01-17,1838.699951171875,-0.0039027803200157862,12.4399995803833,0.4267882652021173,6659403315.255,1838.699951
2014-01-21,1843.800048828125,0.0027699122428179734,12.869999885559082,0.3692548219854962,1862992117.01,1843.800049
2014-01-22,1844.8599853515625,0.0005747000497677845,12.84000015258789,0.4005148732896671,2022280825.1,1844.859985
2014-01-23,1828.4599609375,-0.008929324764570978,13.770000457763672,0.4009683226356136,1948769890.43,1828.459961
2014-01-24,1790.2900390625,-0.02109642142734014,18.139999389648438,0.410183419205003,848504907.4,1790.290039
2014-01-27,1781.56005859375,-0.0048882218533394806,17.420000076293945,0.3777887431350206,723387099.52,1781.560059
2014-01-28,1792.5,0.006121875622431716,15.800000190734863,0.3906958226937667,566026371.9,1792.5
2014-01-29,1774.199951171875,-0.01026170390849579,17.350000381469727,0.4177540376770778,51709785.92,1774.199951
2014-01-30,1794.18994140625,0.011204044372218114,17.290000915527344,0.3766200322397708,748438976.044,1794.189941
2014-01-31,1782.5899658203125,-0.006486290214249735,18.40999984741211,0.4071781323045731,652137832.878,1782.589966
2014-02-03,1741.8900146484375,-0.023096604704487156,21.440000534057617,0.4300965549988952,52837557.11,1741.890015
2014-02-04,1755.199951171875,0.007612043683081993,19.110000610351562,0.4027928372661375,594399936.947,1755.199951
2014-02-05,1751.6400146484375,-0.0020302824086568805,19.950000762939453,0.3969923047948092,643492161.945,1751.640015
2014-02-06,1773.4300537109375,0.01236305445337571,17.229999542236328,0.3914523241005145,1025194523.92,1773.430054
2014-02-07,1797.02001953125,0.013214193504296645,15.289999961853027,0.4080453037046823,1539174332.145,1797.02002
2014-02-10,1799.8399658203125,0.0015680048032544747,15.260000228881836,0.4055569568171172,1873837556.92,1799.839966
2014-02-11,1819.75,0.011001375944254654,14.510000228881836,0.3892269899445306,2608222600.394,1819.75
2014-02-12,1819.260009765625,-0.00026929864772107237,14.300000190734863,0.4189069870994409,2512528018.549,1819.26001
2014-02-13,1829.8299560546875,0.005793211978776469,14.140000343322754,0.3934416429967668,3280151418.0,1829.829956
2014-02-14,1838.6300048828125,0.004797689385548587,13.569999694824219,0.3967134258245079,2897209183.88,1838.630005
2014-02-18,1840.760009765625,0.001157803392558776,13.869999885559082,0.4090990667640952,3050590370.09,1840.76001
2014-02-19,1828.75,-0.006545861773195938,15.5,0.4213312728216144,2272262445.22,1828.75
2014-02-20,1839.780029296875,0.006013341826934138,14.789999961853027,0.393769509799811,2566340508.1,1839.780029
2014-02-21,1836.25,-0.001920566673181412,14.680000305175781,0.4156730618264669,4893273029.552,1836.25
2014-02-24,1847.6099853515625,0.006167455552331447,14.229999542236328,0.3880941408966563,2002411288.675,1847.609985
2014-02-25,1845.1199951171875,-0.0013485906767742861,13.670000076293945,0.4028009781942591,1916112478.14,1845.119995
2014-02-26,1845.1600341796875,2.1699742124958732e-05,14.350000381469727,0.4076127288523532,1836029612.9,1845.160034
2014-02-27,1854.2900390625,0.004935881408416165,14.039999961853027,0.3987011022917984,2712761017.07,1854.290039
2014-02-28,1859.449951171875,0.0027788242813375774,14.0,0.4115585872595099,2323670119.125,1859.449951
2014-03-03,1845.72998046875,-0.007405866200454803,16.0,0.432350679839454,2003281571.97,1845.72998
2014-03-04,1873.9100341796875,0.015152322676142305,14.100000381469727,0.399170306492203,3173693596.4935,1873.910034
2014-03-05,1873.81005859375,-5.335274966444814e-05,13.890000343322754,0.4107467220863415,3271993871.2,1873.810059
2014-03-06,1877.030029296875,0.001716933496856754,14.210000038146973,0.4107076016524884,3274715011.7202,1877.030029
2014-03-07,1878.0400390625,0.0005379445771156455,14.109999656677246,0.4164431132258707,2850310922.4677,1878.040039
2014-03-10,1877.1700439453125,-0.00046335364121929956,14.199999809265137,0.4199357939596294,2874824761.82,1877.170044
2014-03-11,1867.6300048828125,-0.005095096975215263,14.800000190734863,0.4182944281304572,2736183549.64,1867.630005
2014-03-12,1868.199951171875,0.00030512432320950467,14.470000267028809,0.401850018957119,2787095407.3762,1868.199951
2014-03-13,1846.3399658203125,-0.011770091695883167,16.219999313354492,0.4224588394014198,1336951308.95,1846.339966
2014-03-14,1841.1300048828125,-0.0028257664174455854,17.81999969482422,0.3940809078117883,1391763130.8459,1841.130005
2014-03-17,1858.8299560546875,0.009567717695039057,15.640000343322754,0.4009362566007559,2116702884.6151,1858.829956
2014-03-18,1872.25,0.007193682245473454,14.520000457763672,0.3972015367062176,2955825733.7359,1872.25
2014-03-19,1860.77001953125,-0.00615052509673486,15.119999885559082,0.4434695747502278,2415947755.885,1860.77002
2014-03-20,1872.010009765625,0.006022334087521841,14.520000457763672,0.4205619049408867,2907602190.52,1872.01001
2014-03-21,1866.52001953125,-0.0029369801166092557,15.0,0.4208823588834299,3500669615.665,1866.52002
2014-03-24,1857.43994140625,-0.00487658095936272,15.09000015258789,0.4050046307110536,1986958875.79,1857.439941
2014-03-25,1865.6199951171875,0.004394270848822046,14.020000457763672,0.4010209192877692,2407590954.448,1865.619995
2014-03-26,1852.56005859375,-0.007024936954875827,14.930000305175781,0.3886214499808676,1754256006.6518,1852.560059
2014-03-27,1849.0400390625,-0.0019018913439774465,14.619999885559082,0.3865468511708135,1526244129.1824,1849.040039
2014-03-28,1857.6199951171875,0.004629489243409779,14.40999984741211,0.3991397117826326,1962187746.33,1857.619995
2014-03-31,1872.3399658203125,0.00789287138479633,13.880000114440918,0.4033323311048329,2328624776.46,1872.339966
2014-04-01,1885.52001953125,0.007014688044213457,13.100000381469727,0.3775607430552516,3081006169.425,1885.52002
2014-04-02,1890.9000244140625,0.002849263831839366,13.09000015258789,0.3937007034276818,3401790300.74,1890.900024
2014-04-03,1888.77001953125,-0.001127085213011192,13.369999885559082,0.3982678336713774,2940714471.83,1888.77002
2014-04-04,1865.0899658203125,-0.012616542925314,13.960000038146973,0.3931440989170227,2013603939.5171,1865.089966
2014-04-07,1845.0400390625,-0.010808312332149406,15.569999694824219,0.3771369257279012,1358003837.8919,1845.040039
2014-04-08,1851.9599609375,0.003743537980176903,14.890000343322754,0.3689407720857319,1661234774.6616,1851.959961
2014-04-09,1872.1800537109375,0.010859039341966081,13.819999694824219,0.3782472642020679,2738803475.204,1872.180054
2014-04-10,1833.0799560546875,-0.021105967737387488,15.890000343322754,0.4177886097399088,966310075.66,1833.079956
2014-04-11,1815.68994140625,-0.00953205973989757,17.030000686645508,0.393054593744157,738014044.5961,1815.689941
2014-04-14,1830.6099853515625,0.008183708150740543,16.110000610351562,0.4034375083214481,1404560180.965,1830.609985
2014-04-15,1842.97998046875,0.0067345795177038426,15.609999656677246,0.4088544580370299,1783456308.4704,1842.97998
2014-04-16,1862.31005859375,0.010433867948766107,14.180000305175781,0.4063959354737288,2885115088.2,1862.310059
2014-04-17,1864.8499755859375,0.0013629237070942324,13.359999656677246,0.4316514049507264,2718418736.76,1864.849976
2014-04-21,1871.8900146484375,0.0037680156555719435,13.25,0.4039857745003379,2134024744.9,1871.890015
2014-04-22,1879.550048828125,0.00408378899612849,13.1899995803833,0.400955709480897,2434899809.4693,1879.550049
2014-04-23,1875.3900146484375,-0.0022157668625224503,13.270000457763672,0.4031793078688325,2167335121.73,1875.390015
2014-04-24,1878.6099853515625,0.0017154882753311895,13.319999694824219,0.371125052913942,2970942878.291,1878.609985
2014-04-25,1863.4000244140625,-0.008129344743501576,14.0600004196167,0.4056022224095449,2206306342.305,1863.400024
2014-04-28,1869.4300537109375,0.003230811162501901,13.970000267028809,0.3810538455570765,2436056150.41,1869.430054
2014-04-29,1878.3299560546875,0.004749460504633873,13.710000038146973,0.3729786439583967,2989975293.325,1878.329956
2014-04-30,1883.949951171875,0.002987549802701217,13.40999984741211,0.4032515725817523,3144184951.195,1883.949951
2014-05-01,1883.6800537109375,-0.00014327174433237388,13.25,0.4152916555851767,3088152773.473,1883.680054
2014-05-02,1881.1400146484375,-0.0013493550298715462,12.90999984741211,0.4266348588365453,2847159601.93,1881.140015
2014-05-05,1884.6600341796875,0.0018694675823400786,13.289999961853027,0.3967839021066516,3072580209.815,1884.660034
2014-05-06,1867.719970703125,-0.009029031461991188,13.800000190734863,0.4104732138293248,2521106237.865,1867.719971
2014-05-07,1878.2099609375,0.005600754871033509,13.399999618530273,0.4043800296509505,2673682623.415,1878.209961
2014-05-08,1875.6300048828125,-0.001374569232786449,13.430000305175781,0.4125644074157465,2120705835.645,1875.630005
2014-05-09,1878.47998046875,0.0015183231948787679,12.920000076293945,0.3924976125518525,2356036961.1025,1878.47998
2014-05-12,1896.6500244140625,0.009626256172316161,12.229999542236328,0.3884276914518361,3355844368.71,1896.650024
2014-05-13,1897.449951171875,0.00042166878828275856,12.130000114440918,0.3849584123245037,3519069239.65,1897.449951
2014-05-14,1888.530029296875,-0.00471208956501723,12.170000076293945,0.4098278151695822,3058536324.7012,1888.530029
2014-05-15,1870.8499755859375,-0.009405904183934943,13.170000076293945,0.4232503830182887,1779766612.441,1870.849976
2014-05-16,1877.8599853515625,0.003739962819000908,12.4399995803833,0.4005662470262716,4126954414.2249,1877.859985
2014-05-19,1885.0799560546875,0.003837414189703736,12.420000076293945,0.3985864984853317,2509029956.3369,1885.079956
2014-05-20,1872.8299560546875,-0.006519604608542728,12.960000038146973,0.433377272149618,2214227300.4375,1872.829956
2014-05-21,1888.030029296875,0.00808334054774651,11.90999984741211,0.4020557293693428,3085200322.87,1888.030029
2014-05-22,1892.489990234375,0.002359444194714122,12.029999732971191,0.4026731661825198,3401683874.394,1892.48999
2014-05-23,1900.530029296875,0.004239392917884999,11.359999656677246,0.4045283953095824,3038194133.38,1900.530029
2014-05-27,1911.9100341796875,0.005969950211528463,11.510000228881836,0.380749799315467,3596693816.2,1911.910034
2014-05-28,1909.780029296875,-0.001114692750058488,11.680000305175781,0.3870016851021255,3590867016.915,1909.780029
2014-05-29,1920.030029296875,0.0053527586573611785,11.569999694824219,0.3892012248220846,4307144099.715,1920.030029
2014-05-30,1923.5699462890625,0.0018419804431015763,11.399999618530273,0.4058811464244907,3519139554.01,1923.569946
2014-06-02,1924.969970703125,0.0007275613640587153,11.579999923706055,0.4036479981203398,3562538753.14,1924.969971
2014-06-03,1924.239990234375,-0.00037928846953505513,11.869999885559082,0.4095817998538594,3882468328.26,1924.23999
2014-06-04,1927.8800048828125,0.0018898766063628614,12.079999923706055,0.3934597482060382,4135815008.8,1927.880005
2014-06-05,1940.4599609375,0.006504082119662691,11.680000305175781,0.3839831930445775,4783512496.881,1940.459961
2014-06-06,1949.43994140625,0.004617083548019707,10.729999542236328,0.3920227090917464,4145896016.32,1949.439941
2014-06-09,1951.27001953125,0.0009383308564867576,11.149999618530273,0.3982943657755097,3217646460.665,1951.27002
2014-06-10,1950.7900390625,-0.0002460138818793922,10.989999771118164,0.3862554113023933,4447691188.175,1950.790039
2014-06-11,1943.8900146484375,-0.003543311151666728,11.600000381469727,0.4116423365586811,4165400666.272,1943.890015
2014-06-12,1930.1099853515625,-0.007114139088909788,12.5600004196167,0.3998920655268941,3188676525.4008,1930.109985
2014-06-13,1936.1600341796875,0.0031296591990708222,12.180000305175781,0.3999094204918282,3378408132.03,1936.160034
2014-06-16,1937.780029296875,0.0008363553307866312,12.649999618530273,0.4046463119769432,3583834369.79,1937.780029
2014-06-17,1941.989990234375,0.002170212444888797,12.0600004196167,0.4007728701312401,3760613244.83,1941.98999
2014-06-18,1956.97998046875,0.007689243160729831,10.609999656677246,0.3894904626225223,4739382562.03,1956.97998
2014-06-19,1959.47998046875,0.0012766632951644041,10.619999885559082,0.4051976587045479,4767112307.6145,1959.47998
2014-06-20,1962.8699951171875,0.0017285634956767382,10.850000381469727,0.3939010624114465,5533296861.18,1962.869995
2014-06-23,1962.6099853515625,-0.00013247285289885724,10.979999542236328,0.3929193767816583,3223648288.54,1962.609985
2014-06-24,1949.97998046875,-0.006456106498617942,12.130000114440918,0.3848782696275351,2829883828.25,1949.97998
2014-06-25,1959.530029296875,0.004885557422717568,11.59000015258789,0.3745412483938269,3319053377.865,1959.530029
2014-06-26,1957.219970703125,-0.0011795794276396876,11.630000114440918,0.3949928566512241,3282324698.465,1957.219971
2014-06-27,1960.9599609375,0.001909045238083884,11.260000228881836,0.3939353904888282,3171554110.436,1960.959961
2014-06-30,1960.22998046875,-0.00037232599700143254,11.569999694824219,0.3893911612738489,3221027742.38,1960.22998
2014-07-01,1973.3199462890625,0.006655572896822726,11.149999618530273,0.3826985076312286,4120990241.9522,1973.319946
2014-07-02,1974.6199951171875,0.0006585960751230857,10.819999694824219,0.3720631686058891,4126088536.2825,1974.619995
2014-07-03,1985.43994140625,0.005464550227672227,10.319999694824219,0.3641434204708079,4012944457.025,1985.439941
2014-07-07,1977.6500244140625,-0.0039312390543235765,11.329999923706055,0.3879488771896588,3989788224.851,1977.650024
2014-07-08,1963.7099609375,-0.007073762181680543,11.979999542236328,0.37452965598877,3143932635.419,1963.709961
2014-07-09,1972.8299560546875,0.004633516553258943,11.649999618530273,0.3771063972580676,3744053861.195,1972.829956
2014-07-10,1964.6800537109375,-0.0041396283244736765,12.59000015258789,0.3798314798123016,3101645010.41,1964.680054
2014-07-11,1967.5699462890625,0.0014698419980474497,12.079999923706055,0.3926095465197016,3425979403.69,1967.569946
2014-07-14,1977.0999755859375,0.004831860726996595,11.819999694824219,0.3788220471298669,4098124772.0734,1977.099976
2014-07-15,1973.280029296875,-0.0019339645679457007,11.960000038146973,0.3896641842193324,3902459928.38,1973.280029
2014-07-16,1981.5699462890625,0.004192285009448682,11.0,0.3849825318877416,4148235184.66,1981.569946
2014-07-17,1958.1199951171875,-0.01190460592747744,14.539999961853027,0.4017981254557755,2670179546.4943,1958.119995
2014-07-18,1978.219970703125,0.010212608899671238,12.0600004196167,0.4089565155681023,5251430846.1767,1978.219971
2014-07-21,1973.6300048828125,-0.002322946423904959,12.8100004196167,0.3952952377385223,2606010804.6425,1973.630005
2014-07-22,1983.530029296875,0.005003611167300193,12.239999771118164,0.3754037932233298,3105643754.2229,1983.530029
2014-07-23,1987.010009765625,0.0017529007770127336,11.520000457763672,0.3638700191626691,3629836833.305,1987.01001
2014-07-24,1987.97998046875,0.00048803681255105147,11.84000015258789,0.3701104847943453,3698904674.737,1987.97998
2014-07-25,1978.3399658203125,-0.00486094604610976,12.6899995803833,0.3841262174631949,2814918711.925,1978.339966
2014-07-28,1978.9100341796875,0.00028811339355350185,12.5600004196167,0.3670508837825316,3052423508.25,1978.910034
2014-07-29,1969.949951171875,-0.004538068413713958,13.279999732971191,0.3915680911938289,2828670056.21,1969.949951
2014-07-30,1970.0699462890625,6.0910919409629116e-05,13.329999923706055,0.3741817765484155,3084118199.822,1970.069946
2014-07-31,1930.6700439453125,-0.020201932155229585,16.950000762939453,0.3895360786328083,1287492124.6371,1930.670044
2014-08-01,1925.1500244140625,-0.00286321623129826,17.030000686645508,0.3779844191104137,1460931260.867,1925.150024
2014-08-04,1938.989990234375,0.00716331444964613,15.119999885559082,0.3888270206863563,1926756189.17,1938.98999
2014-08-05,1920.2099609375,-0.009732679197336225,16.8700008392334,0.420461849539396,1324114521.74,1920.209961
2014-08-06,1920.239990234375,1.563842636009838e-05,16.3700008392334,0.3971295726141455,1432870393.477,1920.23999
2014-08-07,1909.5699462890625,-0.0055721154467329725,16.65999984741211,0.4169412137878672,1036756007.105,1909.569946
2014-08-08,1931.5899658203125,0.011465422557972005,15.770000457763672,0.3894547464168023,1795655354.03,1931.589966
2014-08-11,1936.9200439453125,0.0027556250258413684,14.229999542236328,0.4340529543067713,2205005857.06,1936.920044
2014-08-12,1933.75,-0.0016379823741559107,14.130000114440918,0.4196735026777695,1985433895.98,1933.75
2014-08-13,1946.719970703125,0.006684767102511202,12.899999618530273,0.397595580217673,2869218347.8418,1946.719971
2014-08-14,1955.1800537109375,0.004336398273697917,12.420000076293945,0.3912603886034003,3221811087.95,1955.180054
2014-08-15,1955.06005859375,-6.137480757129055e-05,13.149999618530273,0.4333090346743702,3387723209.05,1955.060059
2014-08-18,1971.739990234375,0.00849548321965976,12.319999694824219,0.3741251768790609,2890126431.155,1971.73999
2014-08-19,1981.5999755859375,0.004988190179197716,12.210000038146973,0.3677133240669164,3364523180.485,1981.599976
2014-08-20,1986.510009765625,0.0024747482825437928,11.779999732971191,0.3869489855714362,3582391012.938,1986.51001
2014-08-21,1992.3699951171875,0.002945547280270411,11.760000228881836,0.3919124193903368,3800806026.0,1992.369995
2014-08-22,1988.4000244140625,-0.0019945749188226003,11.470000267028809,0.4025600926412689,3274601002.355,1988.400024
2014-08-25,1997.9200439453125,0.004776353863603866,11.699999809265137,0.3780638295782676,3686238657.65,1997.920044
2014-08-26,2000.02001953125,0.0010505288952433744,11.630000114440918,0.3622798517201664,3794250967.6826,2000.02002
2014-08-27,2000.1199951171875,4.998604328498857e-05,11.779999732971191,0.3828645910847429,3691243014.178,2000.119995
2014-08-28,1996.739990234375,-0.0016913305449461902,12.050000190734863,0.3696781702601934,3287387735.025,1996.73999
2014-08-29,2003.3699951171875,0.003314914329020091,12.09000015258789,0.3830828118204303,3569236748.83,2003.369995
2014-09-02,2002.280029296875,-0.0005442142177027876,12.25,0.3948919895108029,3642237656.585,2002.280029
2014-09-03,2000.719970703125,-0.0007794447528013393,12.359999656677246,0.3740522435355965,3149865491.925,2000.719971
2014-09-04,1997.6500244140625,-0.001535599204713023,12.640000343322754,0.4035401335926376,2940758523.29,1997.650024
2014-09-05,2007.7099609375,0.005023247704959211,12.09000015258789,0.3778573894749565,3433546164.495,2007.709961
2014-09-08,2001.5400390625,-0.0030778458543165854,12.65999984741211,0.4079699101668054,3213963363.84,2001.540039
2014-09-09,1988.43994140625,-0.006566521532684888,13.5,0.3905974359323729,2457727705.165,1988.439941
2014-09-10,1995.68994140625,0.00363944360036772,12.880000114440918,0.3760006036236961,3169051486.265,1995.689941
2014-09-11,1997.449951171875,0.0008815167647231448,12.800000190734863,0.3980718087317773,3292732696.68,1997.449951
2014-09-12,1985.5400390625,-0.005980405492006291,13.3100004196167,0.4177052277406638,2626978851.34,1985.540039
2014-09-15,1984.1300048828125,-0.0007104037481093783,14.119999885559082,0.3898244740456025,2452802609.57,1984.130005
2014-09-16,1998.97998046875,0.00745650732455605,12.729999542236328,0.374041516869653,3233415804.025,1998.97998
2014-09-17,2001.5699462890625,0.0012948050790884125,12.649999618530273,0.416405677543038,3581607331.725,2001.569946
2014-09-18,2011.3599853515625,0.00487925712733972,12.029999732971191,0.4109963736261442,4360835084.72,2011.359985
2014-09-19,2010.4000244140625,-0.00047738351040305105,12.109999656677246,0.4041610541903992,2897473748.31,2010.400024
2014-09-22,1994.2900390625,-0.008045602530218687,13.6899995803833,0.3716389365218622,2447234600.8,1994.290039
2014-09-23,1982.77001953125,-0.0057932500796260555,14.930000305175781,0.3815791278111919,2240403437.585,1982.77002
2014-09-24,1998.300048828125,0.007801976758654128,13.270000457763672,0.3853987329594214,2883115197.15,1998.300049
2014-09-25,1965.989990234375,-0.016300913265170358,15.640000343322754,0.409672014068235,1037470765.415,1965.98999
2014-09-26,1982.8499755859375,0.008539261124001385,14.850000381469727,0.3778088328846686,2353323446.96,1982.849976
2014-09-29,1977.800048828125,-0.002550050856915398,15.979999542236328,0.4035179892266285,2177290316.925,1977.800049
2014-09-30,1972.2900390625,-0.002789816544312096,16.309999465942383,0.4016885794866386,2171786418.615,1972.290039
2014-10-01,1946.1600341796875,-0.01333710611263772,16.709999084472656,0.41298296495247,935643414.965,1946.160034
2014-10-02,1946.1700439453125,5.1433282504120825e-06,16.15999984741211,0.3857850487163156,1247707553.285,1946.170044
2014-10-03,1967.9000244140625,0.011103635523903144,14.550000190734863,0.3976583489652193,2147173744.79,1967.900024
2014-10-06,1964.8199462890625,-0.0015663860013983566,15.460000038146973,0.4074059652289589,2112066893.69,1964.819946
2014-10-07,1935.0999755859375,-0.015241618619128872,17.200000762939453,0.4251354225576988,895363280.235,1935.099976
2014-10-08,1968.8900146484375,0.017310947498058837,15.109999656677246,0.3947820200638656,2511736121.93,1968.890015
2014-10-09,1928.2099609375,-0.020877848454314396,18.760000228881836,0.4107981020637967,953074338.05,1928.209961
2014-10-10,1906.1300048828125,-0.01151708002621099,21.239999771118164,0.3818680782897351,620254341.68,1906.130005
2014-10-13,1874.739990234375,-0.016605033202522712,24.639999389648438,0.4017377439715182,-54273750.21,1874.73999
2014-10-14,1877.699951171875,0.001577619680866782,22.790000915527344,0.3968977644132058,-37270045.81,1877.699951
2014-10-15,1862.489990234375,-0.008133300726077763,25.270000457763672,0.3649208978857221,-354603773.79,1862.48999
2014-10-16,1862.760009765625,0.0001449672004421032,25.200000762939453,0.3971240482332948,-486465586.515,1862.76001
2014-10-17,1886.760009765625,0.012801813377146587,21.989999771118164,0.3992037079749041,-80633520.035,1886.76001
2014-10-20,1904.010009765625,0.009101116121280839,18.56999969482422,0.4079318291482628,1023404620.275,1904.01001
2014-10-21,1941.280029296875,0.01938537082775138,16.079999923706055,0.3853464040875045,2103526247.525,1941.280029
2014-10-22,1927.1099853515625,-0.0073261006616123225,17.8700008392334,0.4089545578710978,1787900919.68,1927.109985
2014-10-23,1950.8199462890625,0.012228305721599497,16.530000686645508,0.4084361321542421,2594442772.79,1950.819946
2014-10-24,1964.5799560546875,0.007028690175716612,16.110000610351562,0.4015235059873955,2327989816.22,1964.579956
2014-10-27,1961.6300048828125,-0.0015026968788385275,16.040000915527344,0.4058963007155398,2385726728.73,1961.630005
2014-10-28,1985.050048828125,0.01186836456691065,14.390000343322754,0.3929427361773067,3179195992.0,1985.050049
2014-10-29,1982.300048828125,-0.0013863159906426503,15.149999618530273,0.3836341469641981,3074663576.685,1982.300049
2014-10-30,1994.6500244140625,0.006210797247873323,14.520000457763672,0.3871464328713416,3376682924.14,1994.650024
2014-10-31,2018.050048828125,0.011663114233148697,14.029999732971191,0.3638082068233371,3577160779.219,2018.050049
2014-11-03,2017.81005859375,-0.00011892891639941894,14.729999542236328,0.3896037327550575,3630139426.64,2017.810059
2014-11-04,2012.0999755859375,-0.002833853252665719,14.890000343322754,0.3790082061334517,3270944515.67,2012.099976
2014-11-05,2023.5699462890625,0.005684311060805136,14.170000076293945,0.3947247027435763,3469322234.425,2023.569946
2014-11-06,2031.2099609375,0.0037684036443277336,13.670000076293945,0.378502836469245,3632879929.8,2031.209961
2014-11-07,2031.9200439453125,0.0003495251267811028,13.119999885559082,0.3845288385878624,3537819511.47,2031.920044
2014-11-10,2038.260009765625,0.0031153270195591887,12.670000076293945,0.3826576985898824,3861660865.385,2038.26001
2014-11-11,2039.6800537109375,0.0006964516302874202,12.920000076293945,0.377887542421554,4081977022.745,2039.680054
2014-11-12,2038.25,-0.0007013625789182854,13.020000457763672,0.3914690759063123,4305512921.06,2038.25
2014-11-13,2039.3299560546875,0.0005297044284002794,13.789999961853027,0.4019963665002147,4445050753.515,2039.329956
2014-11-14,2039.8199462890625,0.0002402413485471655,13.3100004196167,0.3925036896935471,4173138281.605,2039.819946
2014-11-17,2041.3199462890625,0.0007350887776578219,13.989999771118164,0.3845947448587439,4234074307.475,2041.319946
2014-11-18,2051.800048828125,0.005120849353688506,13.859999656677246,0.388906426556507,4431298840.585,2051.800049
2014-11-19,2048.719970703125,-0.001502286875618708,13.960000038146973,0.4082567923035105,4418990249.625,2048.719971
2014-11-20,2052.75,0.0019651640132032355,13.579999923706055,0.3941003597314577,4805242276.64,2052.75
2014-11-21,2063.5,0.005223212603738148,12.899999618530273,0.3979112094446233,5900554345.135,2063.5
2014-11-24,2069.409912109375,0.0028599298137388374,12.619999885559082,0.3681716448001108,3604797467.875,2069.409912
2014-11-25,2067.030029296875,-0.0011506914684167313,12.25,0.3885188559700048,3617751181.535,2067.030029
2014-11-26,2072.830078125,0.0028020524716030337,12.069999694824219,0.4037098150595118,3868883158.115,2072.830078
2014-11-28,2067.56005859375,-0.002545664637012557,13.329999923706055,0.3682550780463892,3355572301.99,2067.560059
2014-12-01,2053.43994140625,-0.0068527893448342425,14.15999984741211,0.3753799960022387,2757277218.4,2053.439941
2014-12-02,2066.550048828125,0.0063641667588481,12.850000381469727,0.3928039737045792,3159351785.625,2066.550049
2014-12-03,2074.330078125,0.003757673834027031,12.5,0.4052341800796075,3319901056.665,2074.330078
2014-12-04,2071.919921875,-0.0011625717317853557,12.380000114440918,0.3933918527424631,3476194762.76,2071.919922
2014-12-05,2075.3701171875,0.0016638315989210284,11.890000343322754,0.3766626728447417,3376386657.625,2075.370117
2014-12-08,2060.31005859375,-0.0072830221497151015,14.210000038146973,0.3892483235785531,2828689149.22,2060.310059
2014-12-09,2059.820068359375,-0.00023785182583413444,15.350000381469727,0.376547082368565,2945130437.765,2059.820068
2014-12-10,2026.1400146484375,-0.01648612118304893,18.530000686645508,0.4141843276780092,1721424125.89,2026.140015
2014-12-11,2035.3299560546875,0.004525433971620529,20.079999923706055,0.3709834919948387,1973090996.935,2035.329956
2014-12-12,2002.3299560546875,-0.016346465791658105,21.079999923706055,0.4120414725609165,1283490315.53,2002.329956
2014-12-15,1989.6300048828125,-0.00636278627172171,20.420000076293945,0.3713110672499746,941478891.72,1989.630005
2014-12-16,1972.739990234375,-0.00852525986538133,23.56999969482422,0.3691415647651931,309244442.325,1972.73999
2014-12-17,2012.8900146484375,0.020148073243295705,19.440000534057617,0.3938552039114122,1672429973.235,2012.890015
2014-12-18,2061.22998046875,0.023731374885708867,16.809999465942383,0.3562623892775612,3712017423.96,2061.22998
2014-12-19,2070.64990234375,0.0045596379674188725,16.489999771118164,0.3625926496834416,3945503609.73,2070.649902
2014-12-22,2078.5400390625,0.0038032224799273706,15.25,0.3534978420163268,3231917836.16,2078.540039
2014-12-23,2082.169921875,0.0017448386297047591,14.800000190734863,0.3461225300114908,3385274201.685,2082.169922
2014-12-24,2081.8798828125,-0.00013930624107505452,14.369999885559082,0.3672995669049341,3273156972.45,2081.879883
2014-12-26,2088.77001953125,0.0033041099821211617,14.5,0.3852232768819477,3242962064.015,2088.77002
2014-12-29,2090.570068359375,0.0008614034280896021,15.0600004196167,0.3779126893512104,3379718368.845,2090.570068
2014-12-30,2080.35009765625,-0.004900593034504297,15.920000076293945,0.3934443687120737,3006182550.555,2080.350098
2014-12-31,2058.89990234375,-0.010364383561250357,19.200000762939453,0.4223165672221753,2250907928.215,2058.899902
2015-01-02,2058.199951171875,-0.00034002147313572095,17.790000915527344,0.3963443142161238,2392799190.8,2058.199951
2015-01-05,2020.5799560546875,-0.01844721353258727,19.920000076293945,0.4395794279529395,1322638287.7695,2020.579956
2015-01-06,2002.6099853515625,-0.0089332546906995,21.1200008392334,0.4275643035006467,854915033.915,2002.609985
2015-01-07,2025.9000244140625,0.011562735844876215,19.309999465942383,0.4088697459296259,1638301268.76,2025.900024
2015-01-08,2062.139892578125,0.01773016812715511,17.010000228881836,0.3825495668782606,3003367718.7,2062.139893
2015-01-09,2044.81005859375,-0.008439322147078876,17.549999237060547,0.4279261633974035,2196266563.3,2044.810059
2015-01-12,2028.260009765625,-0.00812661684347038,19.600000381469727,0.4210508358031931,1714465581.925,2028.26001
2015-01-13,2023.030029296875,-0.002581885435816389,20.559999465942383,0.403434514689394,1755547815.25,2023.030029
2015-01-14,2011.27001953125,-0.005830028967975132,21.479999542236328,0.4286289522132945,1298712113.195,2011.27002
2015-01-15,1992.6700439453125,-0.00929090300456803,22.389999389648438,0.4383547649085605,435398119.28,1992.670044
2015-01-16,2019.4200439453125,0.013334893186267571,20.950000762939453,0.4131917387188716,2342499305.725,2019.420044
2015-01-20,2022.550048828125,0.0015487524334005798,19.889999389648438,0.4061328282400458,1000167524.395,2022.550049
2015-01-21,2032.1199951171875,0.0047204650221894795,18.850000381469727,0.4173589553410755,1358011057.845,2032.119995
2015-01-22,2063.14990234375,0.015154313070629755,16.399999618530273,0.3931510591712237,2315044769.13,2063.149902
2015-01-23,2051.820068359375,-0.0055066562793015805,16.65999984741211,0.3984798597747868,1546202421.835,2051.820068
2015-01-26,2057.090087890625,0.0025651679986227194,15.520000457763672,0.3944778695342,1724235571.65,2057.090088
2015-01-27,2029.550048828125,-0.01347828781585747,17.219999313354492,0.4155470034086194,945326209.22,2029.550049
2015-01-28,2002.1600341796875,-0.013587502811021501,20.440000534057617,0.3994325422202359,627881136.837,2002.160034
2015-01-29,2021.25,0.009489517058263175,18.760000228881836,0.3895690115572683,1317105063.17,2021.25
2015-01-30,1994.989990234375,-0.013077099006318704,20.969999313354492,0.4252528150685474,751991676.975,1994.98999
2015-02-02,2020.8499755859375,0.012879170000215545,19.43000030517578,0.4310740079200653,1322390851.755,2020.849976
2015-02-03,2050.030029296875,0.014336238577453031,17.329999923706055,0.4015428572187683,2201656511.6,2050.030029
2015-02-04,2041.510009765625,-0.004164706572452381,18.329999923706055,0.4189503594846498,1986466632.945,2041.51001
2015-02-05,2062.52001953125,0.010238810710909263,16.850000381469727,0.4016842702739365,2651176778.0,2062.52002
2015-02-06,2055.469970703125,-0.003424027611878877,17.290000915527344,0.4179151299431195,1963229571.85,2055.469971
2015-02-09,2046.739990234375,-0.004256239310481469,18.549999237060547,0.4125673708527621,1847549143.9,2046.73999
2015-02-10,2068.590087890625,0.01061897955406188,17.229999542236328,0.3973920349534909,2868205390.47,2068.590088
2015-02-11,2068.530029296875,-2.9034010157857892e-05,16.959999084472656,0.4210031794249008,2945871387.015,2068.530029
2015-02-12,2088.47998046875,0.00959829506591614,15.34000015258789,0.4050822552625209,3797748162.065,2088.47998
2015-02-13,2096.989990234375,0.004066459227779262,14.6899995803833,0.4008609486181069,3348754192.705,2096.98999
2015-02-17,2100.340087890625,0.0015962996977982868,15.800000190734863,0.384416316521148,3580823495.235,2100.340088
2015-02-18,2099.679931640625,-0.00031435862322926056,15.449999809265137,0.4086027422480369,3546470631.545,2099.679932
2015-02-19,2097.449951171875,-0.0010626217157181372,15.289999961853027,0.4307273144515837,3743935804.055,2097.449951
2015-02-20,2110.300048828125,0.00610784272105569,14.300000190734863,0.4092544131390855,2555134680.1,2110.300049
2015-02-23,2109.659912109375,-0.0003033852119855851,14.5600004196167,0.3798155051355246,2557206388.755,2109.659912
2015-02-24,2115.47998046875,0.0027549724688311628,13.6899995803833,0.3868562280491723,2906097989.78,2115.47998
2015-02-25,2113.860107421875,-0.0007660169636025671,13.84000015258789,0.3933835759663052,3174532943.995,2113.860107
2015-02-26,2110.739990234375,-0.0014771186302544592,13.90999984741211,0.3926474518628874,3213568682.7,2110.73999
2015-02-27,2104.5,-0.0029606830486317293,13.34000015258789,0.3909645444728624,2539460101.735,2104.5
2015-03-02,2117.389892578125,0.0061062381811325395,13.039999961853027,0.3930507521835695,3101129568.45,2117.389893
2015-03-03,2107.780029296875,-0.004548872603817422,13.859999656677246,0.4169674769307656,2886065890.045,2107.780029
2015-03-04,2098.530029296875,-0.004398161230154685,14.229999542236328,0.4180461389256007,2460770454.835,2098.530029
2015-03-05,2101.0400390625,0.0011953652510365842,14.039999961853027,0.4061241224923896,2565651617.33,2101.040039
2015-03-06,2071.260009765625,-0.014275356362467129,15.199999809265137,0.4373062042363092,1674265497.195,2071.26001
2015-03-09,2079.429931640625,0.003936662357975962,15.0600004196167,0.3920254207568463,1905671128.845,2079.429932
2015-03-10,2044.1600341796875,-0.017106820937141443,16.690000534057617,0.4160485984371244,600779581.485,2044.160034
2015-03-11,2040.239990234375,-0.0019195206764850425,16.8700008392334,0.4082818390758355,418278295.795,2040.23999
2015-03-12,2065.949951171875,0.012522702206037017,15.420000076293945,0.3940271996564574,1547603449.66,2065.949951
2015-03-13,2053.39990234375,-0.0060932370901962685,16.0,0.4358792048903357,1159434440.4,2053.399902
2015-03-16,2081.18994140625,0.013442909023855698,15.609999656677246,0.3814576039010314,2064486972.81,2081.189941
2015-03-17,2074.280029296875,-0.00332569770778246,15.65999984741211,0.4137962350149956,1788279868.59,2074.280029
2015-03-18,2099.5,0.012085101501629225,13.970000267028809,0.4207407082152188,3140160119.255,2099.5
2015-03-19,2089.27001953125,-0.0048844891269501645,14.069999694824219,0.4325809552427576,2744295207.82,2089.27002
2015-03-20,2108.10009765625,0.008972382193259243,13.020000457763672,0.4073308332513435,2028510991.73,2108.100098
2015-03-23,2104.419921875,-0.0017472566067135986,13.40999984741211,0.385255378071094,2075187395.795,2104.419922
2015-03-24,2091.5,-0.006158345701591017,13.619999885559082,0.4040231357800206,1912572189.725,2091.5
2015-03-25,2061.050048828125,-0.01466592652723886,15.4399995803833,0.4262939712038759,590575196.015,2061.050049
2015-03-26,2056.14990234375,-0.0023803307374734572,15.800000190734863,0.4109636743530749,367453019.685,2056.149902
2015-03-27,2061.02001953125,0.002365760729503563,15.069999694824219,0.3971046117093831,831056261.42,2061.02002
2015-03-30,2086.239990234375,0.012162382647149528,14.510000228881836,0.3912280014681905,1700053107.63,2086.23999
2015-03-31,2067.889892578125,-0.00883468621753103,15.289999961853027,0.4120772266483558,944428600.485,2067.889893
2015-04-01,2059.68994140625,-0.003973254201847354,15.109999656677246,0.4122204182483989,618894196.05,2059.689941
2015-04-02,2066.9599609375,0.003523452303713981,14.670000076293945,0.398479334298282,1074940970.65,2066.959961
2015-04-06,2080.6201171875,0.006587072647165293,14.739999771118164,0.3938303811936173,1735568185.79,2080.620117
2015-04-07,2076.330078125,-0.0020640327085867938,14.779999732971191,0.422460862350084,1689332052.21,2076.330078
2015-04-08,2081.89990234375,0.0026789415573471587,13.979999542236328,0.4154473071646408,1804303641.795,2081.899902
2015-04-09,2091.179931640625,0.004447575873625986,13.09000015258789,0.4036077841700087,2314981154.685,2091.179932
2015-04-10,2102.06005859375,0.0051893768994561995,12.579999923706055,0.39620169659214,2375226911.315,2102.060059
2015-04-13,2092.429931640625,-0.004591806820961608,13.9399995803833,0.4102553454683785,2170858429.685,2092.429932
2015-04-14,2095.840087890625,0.0016284322585136124,13.670000076293945,0.4219832035791459,2422102762.035,2095.840088
2015-04-15,2106.6298828125,0.005134989044996097,12.84000015258789,0.4209145952961688,2975840017.6,2106.629883
2015-04-16,2104.989990234375,-0.0007787467579856155,12.600000381469727,0.4369332696025809,3052527867.335,2104.98999
2015-04-17,2081.179931640625,-0.011375704189052982,13.890000343322754,0.4700284398479777,1202496532.975,2081.179932
2015-04-20,2100.39990234375,0.009192748586536403,13.300000190734863,0.4052837451216505,1894828571.86,2100.399902
2015-04-21,2097.2900390625,-0.0014817025047682009,13.25,0.3904171119992787,1813870697.92,2097.290039
2015-04-22,2107.9599609375,0.005074582853386467,12.710000038146973,0.4154140533846541,2385931787.615,2107.959961
2015-04-23,2112.929931640625,0.002354940842552722,12.479999542236328,0.4214317322768427,2683491662.46,2112.929932
2015-04-24,2117.68994140625,0.0022502668247534885,12.289999961853027,0.4206495530209295,2417361799.865,2117.689941
2015-04-27,2108.919921875,-0.0041499132407345485,13.119999885559082,0.3973053631317962,2273854602.04,2108.919922
2015-04-28,2114.760009765625,0.002765404437345964,12.40999984741211,0.3924257639877558,2418731575.87,2114.76001
2015-04-29,2106.85009765625,-0.003747348127572714,13.390000343322754,0.3996471018553488,2082509144.69,2106.850098
2015-04-30,2085.510009765625,-0.010180553033248607,14.550000190734863,0.4232303874679562,1075418447.88,2085.51001
2015-05-01,2108.2900390625,0.01086377656345583,12.699999809265137,0.4036703527929408,2190755805.11,2108.290039
2015-05-04,2114.489990234375,0.00293643314776304,12.850000381469727,0.4110888553863051,2471501299.955,2114.48999
2015-05-05,2089.4599609375,-0.011908003358530372,14.3100004196167,0.4268248895279076,1496920862.05,2089.459961
2015-05-06,2080.14990234375,-0.004465681140931821,15.149999618530273,0.433388036767755,1009398488.85,2080.149902
2015-05-07,2088.0,0.0037667104694749654,15.130000114440918,0.3940541160878016,1264766567.27,2088.0
2015-05-08,2116.10009765625,0.013368147987361745,12.859999656677246,0.3809299502037688,2526642514.635,2116.100098
2015-05-11,2105.330078125,-0.005102556456082041,13.850000381469727,0.4241374203926459,1982449256.665,2105.330078
2015-05-12,2099.1201171875,-0.0029539964393672236,13.859999656677246,0.4330518482490473,1623774190.45,2099.120117
2015-05-13,2098.47998046875,-0.0003050012906520294,13.760000228881836,0.4102010065621423,1675066004.788,2098.47998
2015-05-14,2121.10009765625,0.010721604261759943,12.739999771118164,0.4103807872791719,3502373806.27,2121.100098
2015-05-15,2122.72998046875,0.0007681188278665374,12.380000114440918,0.4370702565957188,2079597220.45,2122.72998
2015-05-18,2129.199951171875,0.003043312472570392,12.729999542236328,0.4275449131745066,2556607995.905,2129.199951
2015-05-19,2127.830078125,-0.0006435815978420578,12.850000381469727,0.4084860515603303,2571263653.93,2127.830078
2015-05-20,2125.85009765625,-0.0009309494507938609,12.880000114440918,0.4122857479667002,2549845958.165,2125.850098
2015-05-21,2130.820068359375,0.002335145908745062,12.109999656677246,0.4118114767403473,3339607172.69,2130.820068
2015-05-22,2126.06005859375,-0.002236385149483766,12.130000114440918,0.4148094341724771,2362002518.805,2126.060059
2015-05-26,2104.199951171875,-0.01033520490750206,14.0600004196167,0.4198023010170654,1434499900.75,2104.199951
2015-05-27,2123.47998046875,0.009120918929109934,13.270000457763672,0.3969515339282533,2592018999.51,2123.47998
2015-05-28,2120.7900390625,-0.00126756391748728,13.3100004196167,0.4246448306177685,2372898572.905,2120.790039
2015-05-29,2107.389892578125,-0.0063385151840975595,13.84000015258789,0.4466524027857846,1367312810.48,2107.389893
2015-06-01,2111.72998046875,0.002057343499147102,13.970000267028809,0.3937006085165154,1676720619.575,2111.72998
2015-06-02,2109.60009765625,-0.001009105165347357,14.239999771118164,0.4163155163549801,1764351175.44,2109.600098
2015-06-03,2114.070068359375,0.0021166294697554378,13.65999984741211,0.4119066696067353,2192978076.475,2114.070068
2015-06-04,2095.840087890625,-0.00866056221510103,14.710000038146973,0.4298594277056248,1362586521.99,2095.840088
2015-06-05,2092.830078125,-0.001437215232732214,14.210000038146973,0.4354490102283673,1246987308.025,2092.830078
2015-06-08,2079.280029296875,-0.006495560338305673,15.289999961853027,0.3980935236701188,537458208.725,2079.280029
2015-06-09,2080.14990234375,0.000418265519003036,14.470000267028809,0.3884032193250745,633360352.43,2080.149902
2015-06-10,2105.199951171875,0.011970491752514079,13.220000267028809,0.3910877902833592,2185686640.445,2105.199951
2015-06-11,2108.860107421875,0.001737116756528323,12.850000381469727,0.3980221717607867,2107230797.385,2108.860107
2015-06-12,2094.110107421875,-0.007018874653102358,13.779999732971191,0.4374587272981242,1158438209.075,2094.110107
2015-06-15,2084.429931640625,-0.004633289621772008,15.390000343322754,0.428515888469614,700941203.125,2084.429932
2015-06-16,2096.2900390625,0.005673730515754372,14.8100004196167,0.4129130441838494,1429825702.985,2096.290039
2015-06-17,2100.43994140625,0.0019776843950722878,14.5,0.4143963631705481,1588681889.825,2100.439941
2015-06-18,2121.239990234375,0.009854000054009049,13.1899995803833,0.3929569678954591,3215023690.425,2121.23999
2015-06-19,2109.989990234375,-0.005317615237949269,13.960000038146973,0.4262647226732329,1560110311.655,2109.98999
2015-06-22,2122.85009765625,0.006076367981542319,12.739999771118164,0.3888413770180998,2193443565.195,2122.850098
2015-06-23,2124.199951171875,0.0006356664251931932,12.109999656677246,0.3960996356958653,2440180755.17,2124.199951
2015-06-24,2108.580078125,-0.007380465718305196,13.260000228881836,0.4096679417956725,1978176234.185,2108.580078
2015-06-25,2102.31005859375,-0.0029780041565965476,14.010000228881836,0.4052926089482059,1215758082.635,2102.310059
2015-06-26,2101.489990234375,-0.00039015574492218263,14.020000457763672,0.4021753984955405,1419688618.015,2101.48999
2015-06-29,2057.639892578125,-0.021086969508611553,18.850000381469727,0.4379083592872043,84738566.52,2057.639893
2015-06-30,2063.110107421875,0.002654962352467649,18.229999542236328,0.4483414723326423,322708673.28,2063.110107
2015-07-01,2077.419921875,0.006912096434636972,16.09000015258789,0.4269695441444404,954814190.155,2077.419922
2015-07-02,2076.780029296875,-0.00030807018954703835,16.790000915527344,0.4473931888021747,881344196.145,2076.780029
2015-07-06,2068.760009765625,-0.0038692326988973846,17.010000228881836,0.4277602360570253,697459847.88,2068.76001
2015-07-07,2081.340087890625,0.006062560593869115,16.09000015258789,0.4061095493415558,1103449568.355,2081.340088
2015-07-08,2046.6800537109375,-0.016792964912141883,19.65999984741211,0.4115775670781705,-299521222.825,2046.680054
2015-07-09,2051.31005859375,0.0022596476448200065,19.969999313354492,0.3568488826270791,23490.725,2051.310059
2015-07-10,2076.6201171875,0.012262986385008112,16.829999923706055,0.4014040678182733,1111272375.15,2076.620117
2015-07-13,2099.60009765625,0.011005268507354948,13.899999618530273,0.4128810631865383,2255036450.91,2099.600098
2015-07-14,2108.949951171875,0.004443273236500289,13.369999885559082,0.418734346780208,2702435253.695,2108.949951
2015-07-15,2107.39990234375,-0.0007352563007367863,13.229999542236328,0.4245735055487257,2693206592.465,2107.399902
2015-07-16,2124.2900390625,0.007982733444475087,12.109999656677246,0.4102190146230042,3751935768.95,2124.290039
2015-07-17,2126.639892578125,0.0011055716244507963,11.949999809265137,0.4195699393599213,2177729779.33,2126.639893
2015-07-20,2128.280029296875,0.000770936624001628,12.25,0.4090402718785591,2312535031.53,2128.280029
2015-07-21,2119.2099609375,-0.004270796242723307,12.220000267028809,0.4220913444447735,2172362608.325,2119.209961
2015-07-22,2114.14990234375,-0.002390565020189861,12.119999885559082,0.430951225354596,1817913775.56,2114.149902
2015-07-23,2102.14990234375,-0.005692210211379667,12.640000343322754,0.4113682098390234,1382725581.41,2102.149902
2015-07-24,2079.64990234375,-0.01076102069666085,13.739999771118164,0.3929520059119356,1008154404.035,2079.649902
2015-07-27,2067.639892578125,-0.00579175506506413,15.600000381469727,0.3779743992969708,649501589.275,2067.639893
2015-07-28,2093.25,0.01231007380188931,13.4399995803833,0.3711159991176591,1332451218.085,2093.25
2015-07-29,2108.570068359375,0.007292142927383338,12.5,0.3904497419216871,2000721430.64,2108.570068
2015-07-30,2108.6298828125,2.836690402219233e-05,12.130000114440918,0.4084932318885501,2124567236.44,2108.629883
2015-07-31,2103.840087890625,-0.002274103801051197,12.119999885559082,0.4145574020592929,1752550647.24,2103.840088
2015-08-03,2098.0400390625,-0.0027606939449054124,12.5600004196167,0.4091111054284838,1648021007.35,2098.040039
2015-08-04,2093.320068359375,-0.0022522391669328456,13.0,0.3663070780376176,1595999704.43,2093.320068
2015-08-05,2099.840087890625,0.003109838185491043,12.510000228881836,0.4011640614988304,2141108724.67,2099.840088
2015-08-06,2083.56005859375,-0.007783195922561603,13.770000457763672,0.3863788709709246,1288588086.815,2083.560059
2015-08-07,2077.570068359375,-0.0028790228563382314,13.390000343322754,0.417334095631138,1096237294.935,2077.570068
2015-08-10,2104.179931640625,0.01272683563202559,12.229999542236328,0.3933171812339506,2057165110.14,2104.179932
2015-08-11,2084.070068359375,-0.00960306468018235,13.710000038146973,0.4087019834335171,1275863223.12,2084.070068
2015-08-12,2086.050048828125,0.0009496036382143913,13.609999656677246,0.3964553892508278,1223058079.29,2086.050049
2015-08-13,2083.389892578125,-0.0012760258683810477,13.489999771118164,0.4277268052675265,1089861250.35,2083.389893
2015-08-14,2091.5400390625,0.00390433227435949,12.829999923706055,0.4241923404029246,1487209661.655,2091.540039
2015-08-17,2102.43994140625,0.005197891709402214,13.020000457763672,0.4389064208820209,2152341704.645,2102.439941
2015-08-18,2096.919921875,-0.002628982935632962,13.789999961853027,0.4213372197231454,1868365575.56,2096.919922
2015-08-19,2079.610107421875,-0.008289136409596942,15.25,0.4381267337823176,1190144019.27,2079.610107
2015-08-20,2035.72998046875,-0.021325960454146475,19.139999389648438,0.4315754180423469,-1030802215.41,2035.72998
2015-08-21,1970.8900146484375,-0.03236924252187823,28.030000686645508,0.4408967343913364,-700178244.135,1970.890015
2015-08-24,1893.2099609375,-0.04021144434651891,40.7400016784668,0.4269442402379096,-1096251820.545,1893.209961
2015-08-25,1867.6099853515625,-0.013614249742656348,36.02000045776367,0.4314287412345055,-1268401913.79,1867.609985
2015-08-26,1940.510009765625,0.038291299434532355,30.31999969482422,0.4633846955236205,-531337152.78,1940.51001
2015-08-27,1987.6600341796875,0.024007254489689878,26.100000381469727,0.4495154299933511,392226554.68,1987.660034
2015-08-28,1988.8699951171875,0.0006085511568763025,26.049999237060547,0.4654493504021832,62539277.61,1988.869995
2015-08-31,1972.1800537109375,-0.008427078663983956,28.43000030517578,0.474038891076752,-260571411.545,1972.180054
2015-09-01,1913.8499755859375,-0.030022649842428528,31.399999618530273,0.5137934842115072,-983005883.495,1913.849976
2015-09-02,1948.8599853515625,0.018127671423214586,26.09000015258789,0.4629931312745457,-358189013.45,1948.859985
2015-09-03,1951.1300048828125,0.0011641156994190993,25.610000610351562,0.4549318668727014,-623883188.785,1951.130005
2015-09-04,1921.219970703125,-0.015448308754276496,27.799999237060547,0.4805450998753895,-855189057.17,1921.219971
2015-09-08,1969.4100341796875,0.024773637197038845,24.899999618530273,0.4457959872102027,-84956480.96,1969.410034
2015-09-09,1942.0400390625,-0.013995035769085007,26.229999542236328,0.4795756703567406,-560123575.21,1942.040039
2015-09-10,1952.2900390625,0.005264075444936012,24.3700008392334,0.4558266894485284,-207740543.08,1952.290039
2015-09-11,1961.050048828125,0.004477006444986387,23.200000762939453,0.4783717582062788,-9248519.23,1961.050049
2015-09-14,1953.030029296875,-0.0040980412230444685,24.25,0.4691946855433772,-205729261.495,1953.030029
2015-09-15,1978.0899658203125,0.012749687631433027,22.540000915527344,0.4391497833813105,450945217.88,1978.089966
2015-09-16,1995.31005859375,0.008667740715376127,21.350000381469727,0.4579020658743383,867296455.52,1995.310059
2015-09-17,1990.199951171875,-0.0025643444425602624,21.139999389648438,0.4745625288757316,588318101.305,1990.199951
2015-09-18,1958.030029296875,-0.01629623095438415,22.280000686645508,0.5060056279932799,70967074.07,1958.030029
2015-09-21,1966.969970703125,0.004555392033672945,20.139999389648438,0.469593247195754,327056397.28,1966.969971
2015-09-22,1942.739990234375,-0.012394930019378414,22.440000534057617,0.4792072100224528,-171285514.95,1942.73999
2015-09-23,1938.760009765625,-0.002050744229593171,22.1299991607666,0.4671628481368028,-111861435.905,1938.76001
2015-09-24,1932.239990234375,-0.0033686518713071933,23.469999313354492,0.4510611786843658,-73621990.64,1932.23999
2015-09-25,1931.3399658203125,-0.00046590180122052516,23.6200008392334,0.4562680695154208,-42796545.13,1931.339966
2015-09-28,1881.77001953125,-0.026001211162808957,27.6299991607666,0.4260925496923052,-754863666.255,1881.77002
2015-09-29,1884.0899658203125,0.0012320939129821795,26.829999923706055,0.438698310049587,-823790905.13,1884.089966
2015-09-30,1920.030029296875,0.018895898603564554,24.5,0.4560841356377158,-127505007.955,1920.030029
2015-10-01,1923.8199462890625,0.0019719386783378923,22.549999237060547,0.4865944285361747,101770360.85,1923.819946
2015-10-02,1951.3599853515625,0.01421379301640524,20.940000534057617,0.4710740355325888,464894132.85,1951.359985
2015-10-05,1987.050048828125,0.018124593518502152,19.540000915527344,0.4525164687099373,1190335818.16,1987.050049
2015-10-06,1979.9200439453125,-0.003594689344143198,19.399999618530273,0.4523217645376606,1074863035.28,1979.920044
2015-10-07,1995.8299560546875,0.008003519857552988,18.399999618530273,0.4325207660978342,1376634134.43,1995.829956
2015-10-08,2013.4300537109375,0.00877978014455838,17.420000076293945,0.4381777255105231,1702302482.99,2013.430054
2015-10-09,2014.8900146484375,0.0007248485605151345,17.079999923706055,0.4362533125411454,1534615750.36,2014.890015
2015-10-12,2017.4599609375,0.001274664477333154,16.170000076293945,0.4439268262416572,1785772163.64,2017.459961
2015-10-13,2003.68994140625,-0.0068488236901274036,17.670000076293945,0.4515410835166752,1558562755.43,2003.689941
2015-10-14,1994.239990234375,-0.004727430911938946,18.030000686645508,0.459109358674381,1075231156.51,1994.23999
2015-10-15,2023.8599853515625,0.014743551351354967,16.049999237060547,0.456829915535792,2483490048.67,2023.859985
2015-10-16,2033.1099853515625,0.004560061373696911,15.050000190734863,0.4621277574262553,1468426255.455,2033.109985
2015-10-19,2033.6600341796875,0.00027050894387325997,14.979999542236328,0.4587561530723144,1647520253.385,2033.660034
2015-10-20,2030.77001953125,-0.0014221010558941316,15.75,0.4428765055716762,1593583429.55,2030.77002
2015-10-21,2018.93994140625,-0.005842448911133502,16.700000762939453,0.4454962422651119,1298322501.03,2018.939941
2015-10-22,2052.510009765625,0.016490847012593512,14.449999809265137,0.4019942583801438,2146314709.65,2052.51001
2015-10-23,2075.14990234375,0.010969953969042656,14.460000038146973,0.4342010073334301,2277639622.405,2075.149902
2015-10-26,2071.179931640625,-0.0019149330010996835,15.289999961853027,0.4449420993723251,2239254089.225,2071.179932
2015-10-27,2065.889892578125,-0.0025573858650878023,15.430000305175781,0.4409114370579678,2223122158.93,2065.889893
2015-10-28,2090.35009765625,0.011770488488143549,14.329999923706055,0.4274325679583049,3026307014.29,2090.350098
2015-10-29,2089.409912109375,-0.0004498753806609912,14.609999656677246,0.4439898717353771,3363660993.1,2089.409912
2015-10-30,2079.360107421875,-0.004821481688424889,15.069999694824219,0.4307292949570586,2325838399.55,2079.360107
2015-11-02,2104.050048828125,0.011803876338814412,14.149999618530273,0.4323274783695442,3057130012.84,2104.050049
2015-11-03,2109.7900390625,0.0027243529250675635,14.539999961853027,0.4364789109053295,3341666550.2,2109.790039
2015-11-04,2102.31005859375,-0.003551666939647369,15.510000228881836,0.4493006896681243,3163901702.37,2102.310059
2015-11-05,2099.929931640625,-0.0011327897564985534,15.050000190734863,0.4312292985161713,3080623609.67,2099.929932
2015-11-06,2099.199951171875,-0.00034768178002320127,14.329999923706055,0.4456252549141429,2722731926.88,2099.199951
2015-11-09,2078.580078125,-0.009871290656502829,16.520000457763672,0.4642863177567348,2002669231.825,2078.580078
2015-11-10,2081.719970703125,0.0015094551534495793,15.289999961853027,0.4228797413179943,2162825002.33,2081.719971
2015-11-11,2075.0,-0.003233307321568901,16.059999465942383,0.4236070520064356,2142766888.985,2075.0
2015-11-12,2045.969970703125,-0.01408916333663246,18.3700008392334,0.4586904297208477,936173077.87,2045.969971
2015-11-13,2023.0400390625,-0.011270640432154977,20.079999923706055,0.444630050569328,505858397.95,2023.040039
2015-11-16,2053.18994140625,0.014793302794234187,18.15999984741211,0.432936087736641,1317177007.96,2053.189941
2015-11-17,2050.43994140625,-0.0013402770182464607,18.84000015258789,0.4512914814357593,1233059389.21,2050.439941
2015-11-18,2083.580078125,0.016033229877171706,16.850000381469727,0.4175454795566572,3054518391.165,2083.580078
2015-11-19,2081.239990234375,-0.001123740328979217,16.989999771118164,0.4319420074353763,3227424114.875,2081.23999
2015-11-20,2089.169921875,0.0038029552801495115,15.470000267028809,0.437069062678768,2107585698.81,2089.169922
2015-11-23,2086.590087890625,-0.0012356238416844079,15.619999885559082,0.4231194155136695,2041097579.405,2086.590088
2015-11-24,2089.139892578125,0.0012212499449608671,15.930000305175781,0.4138551162576141,2068329483.58,2089.139893
2015-11-25,2088.8701171875,-0.00012914061496704932,15.1899995803833,0.4224594569137007,2226521880.28,2088.870117
2015-11-27,2090.110107421875,0.0005934415594808229,15.119999885559082,0.4315725273750435,2044117201.93,2090.110107
2015-11-30,2080.409912109375,-0.004651800139618523,16.1299991607666,0.4297637364105384,1718802756.74,2080.409912
2015-12-01,2102.6298828125,0.010623938946739742,14.670000076293945,0.4238682991119268,2681642855.55,2102.629883
2015-12-02,2079.510009765625,-0.01105659263944947,15.90999984741211,0.432012259535725,1914484706.85,2079.51001
2015-12-03,2049.6201171875,-0.014477826444149855,18.110000610351562,0.4347225793814835,762878060.235,2049.620117
2015-12-04,2091.68994140625,0.020317856363851305,14.8100004196167,0.4171154808852124,2387312598.92,2091.689941
2015-12-07,2077.070068359375,-0.007014043960397842,15.84000015258789,0.4320520634998727,2056127765.905,2077.070068
2015-12-08,2063.590087890625,-0.00651105262559426,17.600000381469727,0.4306578055135325,1707999374.445,2063.590088
2015-12-09,2047.6199951171875,-0.0077690863656929565,19.610000610351562,0.4470719106923484,888828080.29,2047.619995
2015-12-10,2052.22998046875,0.002248856578594527,19.34000015258789,0.420716070371487,1117329675.26,2052.22998
2015-12-11,2012.3699951171875,-0.019613867755815306,24.389999389648438,0.4465618756772435,145340174.49,2012.369995
2015-12-14,2021.93994140625,0.004744288064068236,22.729999542236328,0.4028054315784026,584071732.6,2021.939941
2015-12-15,2043.4100341796875,0.010562580105914599,20.950000762939453,0.379995166953516,1025373532.065,2043.410034
2015-12-16,2073.070068359375,0.014410635650770942,17.860000610351562,0.3972258234171831,2541139243.2,2073.070068
2015-12-17,2041.8900146484375,-0.015154776635876388,18.940000534057617,0.4407583133722192,1182891674.23,2041.890015
2015-12-18,2005.550048828125,-0.017957495007106417,20.700000762939453,0.4541727710798404,296092458.375,2005.550049
2015-12-21,2021.1500244140625,0.007748306727155985,18.700000762939453,0.4268848629040624,687767931.463,2021.150024
2015-12-22,2038.969970703125,0.008778095591568835,16.600000381469727,0.4286638933251273,1201747914.42,2038.969971
2015-12-23,2064.2900390625,0.012341596527553733,15.569999694824219,0.4113906717345137,1976328034.845,2064.290039
2015-12-24,2060.989990234375,-0.0015999154038626173,15.739999771118164,0.4292247716148266,1560467852.695,2060.98999
2015-12-28,2056.5,-0.0021809364563063482,16.90999984741211,0.4512813302719884,1633583127.97,2056.5
2015-12-29,2078.360107421875,0.01057366417302319,16.079999923706055,0.4208890042415516,2596642777.83,2078.360107
2015-12-30,2063.360107421875,-0.007243398783778332,17.290000915527344,0.4411241127523689,1903021117.565,2063.360107
2015-12-31,2043.93994140625,-0.009456485041468454,18.209999084472656,0.4751025181133984,1065685891.67,2043.939941
2016-01-04,2012.6600341796875,-0.015422041797806152,20.700000762939453,0.4929022936597074,136714596.03,2012.660034
2016-01-05,2016.7099609375,0.002010204139359928,19.34000015258789,0.4561527618642226,237413996.79,2016.709961
2016-01-06,1990.260009765625,-0.013202163002625333,20.59000015258789,0.438569531091029,-359510543.27,1990.26001
2016-01-07,1943.0899658203125,-0.02398581651934517,24.989999771118164,0.4412217328399104,-1342058199.276,1943.089966
2016-01-08,1922.030029296875,-0.01089753744584776,27.010000228881836,0.4504880224244382,-1250644442.471,1922.030029
2016-01-11,1923.6700439453125,0.0008529082958226297,24.299999237060547,0.434142168614186,-1243387760.886,1923.670044
2016-01-12,1938.6800537109375,0.007772514117774243,22.469999313354492,0.4544517413726492,-764107469.4,1938.680054
2016-01-13,1890.280029296875,-0.02528237507790898,25.219999313354492,0.4796702558253721,-1817006984.82,1890.280029
2016-01-14,1921.8399658203125,0.0165580609343845,23.950000762939453,0.4483840911224212,-1177880283.2,1921.839966
2016-01-15,1880.3299560546875,-0.021835772698162614,27.020000457763672,0.4739866090748825,-375450471.2538,1880.329956
2016-01-19,1881.3299560546875,0.0005316801874286625,26.049999237060547,0.4242655554458252,-397255911.35,1881.329956
2016-01-20,1859.3299560546875,-0.011762766025898763,27.59000015258789,0.4373305707143986,-498465362.785,1859.329956
2016-01-21,1868.989990234375,0.005181988635948542,26.690000534057617,0.4644220058679565,-281360365.3517,1868.98999
2016-01-22,1906.9000244140625,0.020080726882213185,22.34000015258789,0.4601168647254748,199434653.795,1906.900024
2016-01-25,1877.0799560546875,-0.015761545172821023,24.149999618530273,0.4891020432379266,-82723996.064,1877.079956
2016-01-26,1903.6300048828125,0.014045237830368151,22.5,0.4705025647573852,278270955.22,1903.630005
2016-01-27,1882.949951171875,-0.01092292230052827,23.110000610351562,0.4753826779455026,-216293166.126,1882.949951
2016-01-28,1893.3599853515625,0.005513350717590626,22.420000076293945,0.4474299121683968,300342896.265,1893.359985
2016-01-29,1940.239990234375,0.02445865099455702,20.200000762939453,0.4429433355756742,726299406.147,1940.23999
2016-02-01,1939.3800048828125,-0.00044333484554215374,19.979999542236328,0.470475826127459,734733069.66,1939.380005
2016-02-02,1903.030029296875,-0.018920968718231457,21.979999542236328,0.4924976943322618,305046280.036,1903.030029
2016-02-03,1912.530029296875,0.004979620021574149,21.649999618530273,0.4649386379736245,237203834.4838,1912.530029
2016-02-04,1915.449951171875,0.0015255682925232605,21.84000015258789,0.4555207816635013,252078863.78,1915.449951
2016-02-05,1880.050048828125,-0.01865415827635175,23.3799991607666,0.4425315737193515,-171172028.955,1880.050049
2016-02-08,1853.43994140625,-0.014255057923056924,26.0,0.4225303029748676,-325606961.895,1853.439941
2016-02-09,1852.2099609375,-0.0006638406467605051,26.540000915527344,0.4436066034457665,-304581054.175,1852.209961
2016-02-10,1851.8599853515625,-0.0001889681307609692,26.290000915527344,0.4706263031353696,-359320306.16,1851.859985
2016-02-11,1829.0799560546875,-0.012377447329256164,28.139999389648438,0.4591948131466125,-534835436.99,1829.079956
2016-02-12,1864.780029296875,0.019330015207046358,25.399999618530273,0.4493281009679127,-67018014.69,1864.780029
2016-02-16,1895.5799560546875,0.01638173774168461,24.110000610351562,0.4418896329800734,471933365.2498,1895.579956
2016-02-17,1926.8199462890625,0.016346110625641508,22.309999465942383,0.4407182520106499,1271543499.2592,1926.819946
2016-02-18,1917.8299560546875,-0.004676632123934432,21.639999389648438,0.4598548841883994,869780396.115,1917.829956
2016-02-19,1917.780029296875,-2.603328180228459e-05,20.530000686645508,0.479824669345405,656853597.28,1917.780029
2016-02-22,1945.5,0.014350731099076697,19.3799991607666,0.431894585154863,1100615702.7426,1945.5
2016-02-23,1921.27001953125,-0.012532577570788739,20.979999542236328,0.4447956835912959,679180787.09,1921.27002
2016-02-24,1929.800048828125,0.004429960034632252,20.719999313354492,0.4683653626122366,954122107.71,1929.800049
2016-02-25,1951.699951171875,0.011284366730450301,19.110000610351562,0.4426651831736352,1653544630.57,1951.699951
2016-02-26,1948.050048828125,-0.001871865329564848,19.809999465942383,0.4480916034967501,1037595498.0336,1948.050049
2016-02-29,1932.22998046875,-0.008154131091571593,20.549999237060547,0.4438486976424237,746722928.8865,1932.22998
2016-03-01,1978.3499755859375,0.023588385401619227,17.700000762939453,0.4217479732486621,2060538256.69,1978.349976
2016-03-02,1986.449951171875,0.004085949861101668,17.09000015258789,0.4375460876578373,2241812060.47,1986.449951
2016-03-03,1993.4000244140625,0.0034926343203167676,16.700000762939453,0.4366845798378894,2448209617.52,1993.400024
2016-03-04,1999.989990234375,0.003300439865942195,16.860000610351562,0.4376016365867313,2080217797.39,1999.98999
2016-03-07,2001.760009765625,0.0008846228008634327,17.350000381469727,0.4374000639940605,1991557373.0815,2001.76001
2016-03-08,1979.260009765625,-0.011303756056006087,18.670000076293945,0.4582436869315409,1567405017.894,1979.26001
2016-03-09,1989.260009765625,0.005039672782814364,18.34000015258789,0.4441903637236979,1895732383.38,1989.26001
2016-03-10,1989.5699462890625,0.00015579279712252259,18.049999237060547,0.4633365909088403,2038781427.78,1989.569946
2016-03-11,2022.18994140625,0.016262545588850763,16.5,0.4145038397888416,2577535793.77,2022.189941
2016-03-14,2019.6400146484375,-0.001261768616611647,16.920000076293945,0.4597954049463026,2706928245.38,2019.640015
2016-03-15,2015.9300537109375,-0.0018386309343174645,16.84000015258789,0.4548680319777391,2854086319.925,2015.930054
2016-03-16,2027.219970703125,0.00558472788177955,14.989999771118164,0.4602095573570398,3325522689.07,2027.219971
2016-03-17,2040.5899658203125,0.006573583068596456,14.4399995803833,0.4257734207317826,3587067585.82,2040.589966
2016-03-18,2049.580078125,0.004395967251025645,14.020000457763672,0.4220418123099203,1982913372.62,2049.580078
2016-03-21,2051.60009765625,0.0009850919042930784,13.789999961853027,0.4231989097806171,2197754127.42,2051.600098
2016-03-22,2049.800048828125,-0.0008777728967723775,14.170000076293945,0.4253705090847602,2217646262.32,2049.800049
2016-03-23,2036.7099609375,-0.00640650953066757,14.9399995803833,0.4439481611434182,1945774298.57,2036.709961
2016-03-24,2035.93994140625,-0.0003781417793762287,14.739999771118164,0.463185742639255,1818046958.865,2035.939941
2016-03-28,2037.050048828125,0.0005451068880724108,15.239999771118164,0.4377405641784613,1904795300.096,2037.050049
2016-03-29,2055.010009765625,0.008778012054237117,13.819999694824219,0.4533893776815987,2577311464.6108,2055.01001
2016-03-30,2063.949951171875,0.004340879993566027,13.5600004196167,0.4471842974541262,2944274165.3628,2063.949951
2016-03-31,2059.739990234375,-0.0020418423596204605,13.949999809265137,0.4439766279474091,2486571351.58,2059.73999
2016-04-01,2072.780029296875,0.0063109590665995086,13.100000381469727,0.44600037337799,2662766852.3634,2072.780029
2016-04-04,2066.1298828125,-0.003213480045854311,14.119999885559082,0.4445182267681688,2502539001.72,2066.129883
2016-04-05,2045.1700439453125,-0.01019629841179448,15.420000076293945,0.4409791074459517,1925384214.09,2045.170044
2016-04-06,2066.659912109375,0.010452797932012814,14.09000015258789,0.4250922400255358,2699898369.68,2066.659912
2016-04-07,2041.9100341796875,-0.01204807397000529,16.15999984741211,0.4740314596924653,1778367908.64,2041.910034
2016-04-08,2047.5999755859375,0.0027827026046169934,15.359999656677246,0.4506023324496995,1929594457.92,2047.599976
2016-04-11,2041.989990234375,-0.0027435458896043485,16.260000228881836,0.4377265310309488,1759036138.5125,2041.98999
2016-04-12,2061.719970703125,0.009615753881390354,14.850000381469727,0.4208742695506162,2620696168.48,2061.719971
2016-04-13,2082.419921875,0.00999006976855732,13.84000015258789,0.4362226423494936,3665229159.9153,2082.419922
2016-04-14,2082.780029296875,0.0001729124301323992,13.720000267028809,0.4305781755677099,3744996413.95,2082.780029
2016-04-15,2080.72998046875,-0.0009847695761457942,13.619999885559082,0.4541938546221646,1612200580.46,2080.72998
2016-04-18,2094.340087890625,0.006519725613798322,13.350000381469727,0.4220893823357814,1941694497.965,2094.340088
2016-04-19,2100.800048828125,0.0030797379028664196,13.239999771118164,0.4278622441846614,2093229325.52,2100.800049
2016-04-20,2102.39990234375,0.0007612550492348547,13.279999732971191,0.4149973110239696,2184773087.71,2102.399902
2016-04-21,2091.47998046875,-0.005207562857292736,13.949999809265137,0.4087930428635166,1915793323.725,2091.47998
2016-04-22,2091.580078125,4.785857954114903e-05,13.220000267028809,0.4266989127911822,1543878959.78,2091.580078
2016-04-25,2087.7900390625,-0.0018136896207625597,14.079999923706055,0.4185518751699185,1598289891.62,2087.790039
2016-04-26,2091.699951171875,0.001871000174236137,13.960000038146973,0.4124311260566459,1606494629.0744,2091.699951
2016-04-27,2095.14990234375,0.0016479941117468755,13.770000457763672,0.4226204024073228,1592998572.3632,2095.149902
2016-04-28,2075.81005859375,-0.009273636061561064,15.220000267028809,0.4291978910255576,1181440575.1425,2075.810059
2016-04-29,2065.300048828125,-0.005075949230557875,15.699999809265137,0.4488837272763885,1140488105.66,2065.300049
2016-05-02,2081.429931640625,0.007779606697244645,14.680000305175781,0.4265985301519623,1707694653.34,2081.429932
2016-05-03,2063.3701171875,-0.008714499388395858,15.600000381469727,0.4507829608751174,1326277025.11,2063.370117
2016-05-04,2051.1201171875,-0.0059545827054732214,16.049999237060547,0.4563751902151012,941401806.06,2051.120117
2016-05-05,2050.6298828125,-0.0002390366927933485,15.90999984741211,0.4650352571153592,873688280.49,2050.629883
2016-05-06,2057.139892578125,0.00316961055355236,14.720000267028809,0.4335829500335319,1238117227.93,2057.139893
2016-05-09,2058.68994140625,0.0007532133076093572,14.569999694824219,0.4603127539413055,1376757320.48,2058.689941
2016-05-10,2084.389892578125,0.012406365236037331,13.630000114440918,0.4425438081509457,2389425327.53,2084.389893
2016-05-11,2064.4599609375,-0.009607522877868035,14.6899995803833,0.4779112452309511,1422476465.598,2064.459961
2016-05-12,2064.110107421875,-0.00016947926796451185,14.40999984741211,0.4411867399429906,1407285385.855,2064.110107
2016-05-13,2046.6099853515625,-0.008514434161752682,15.039999961853027,0.4384148169286275,747015660.104,2046.609985
2016-05-16,2066.659912109375,0.009748976389612807,14.680000305175781,0.4386606601035577,1345041760.32,2066.659912
2016-05-17,2047.2099609375,-0.009455863552163102,15.569999694824219,0.478400871887284,608207850.76,2047.209961
2016-05-18,2047.6300048828125,0.00020515768640194665,15.949999809265137,0.4635321029864753,623281588.94,2047.630005
2016-05-19,2040.0400390625,-0.003713594522721131,16.329999923706055,0.4614145929237893,232951431.3733,2040.040039
2016-05-20,2052.320068359375,0.006001459222805039,15.199999809265137,0.4606825319360664,835991624.5292,2052.320068
2016-05-23,2048.0400390625,-0.002087636568101736,15.819999694824219,0.4470037222644426,768651469.81,2048.040039
2016-05-24,2076.06005859375,0.013588637533989534,14.420000076293945,0.4011996783499474,1762288176.9,2076.060059
2016-05-25,2090.5400390625,0.0069505296515837145,13.899999618530273,0.4339186861292,2368795625.8916,2090.540039
2016-05-26,2090.10009765625,-0.0002104660499284705,13.430000305175781,0.4434690374574275,2633433342.455,2090.100098
2016-05-27,2099.06005859375,0.004277694939439414,13.119999885559082,0.4239579335651376,2138576900.55,2099.060059
2016-05-31,2096.949951171875,-0.0010057686205895422,14.1899995803833,0.4410978893628669,2084096960.835,2096.949951
2016-06-01,2099.330078125,0.001134398653926283,14.199999809265137,0.4320360173545581,2092914812.9,2099.330078
2016-06-02,2105.260009765625,0.002820696166986103,13.630000114440918,0.4208584440326587,2452774845.7,2105.26001
2016-06-03,2099.1298828125,-0.0029160622366948274,13.470000267028809,0.4576083753542059,1974596287.55,2099.129883
2016-06-06,2109.409912109375,0.004885328519363519,13.649999618530273,0.4223488626892477,2386878787.093,2109.409912
2016-06-07,2112.1298828125,0.0012886156291971318,14.050000190734863,0.4129885182019535,2464050344.0943,2112.129883
2016-06-08,2119.1201171875,0.0033041019719552978,14.079999923706055,0.408115827023138,2903662120.65,2119.120117
2016-06-09,2115.47998046875,-0.0017192355978936646,14.640000343322754,0.4286906039215135,2828218932.42,2115.47998
2016-06-10,2096.070068359375,-0.009217532410166207,17.030000686645508,0.4702771500366806,1825522493.345,2096.070068
2016-06-13,2079.06005859375,-0.008148298789709685,20.969999313354492,0.4413817538006465,1091979205.35,2079.060059
2016-06-14,2075.320068359375,-0.0018005050719720472,20.5,0.4185671977133511,1218480835.945,2075.320068
2016-06-15,2071.5,-0.0018424090638102797,20.139999389648438,0.4346825362954003,1022311837.314,2071.5
2016-06-16,2077.989990234375,0.0031280931110462262,19.3700008392334,0.4311251479711908,1429817151.65,2077.98999
2016-06-17,2071.219970703125,-0.003263284144609635,19.40999984741211,0.4462329763713096,705724726.8935,2071.219971
2016-06-20,2083.25,0.005791382778423504,18.3700008392334,0.3937913961219837,977049513.08,2083.25
2016-06-21,2088.89990234375,0.0027083906042095762,18.479999542236328,0.4069086743365472,1139069227.95,2088.899902
2016-06-22,2085.449951171875,-0.0016529289965756533,21.170000076293945,0.4124664287838505,1040508579.03,2085.449951
2016-06-23,2113.320068359375,0.013275567071954875,17.25,0.4119527272185757,2070835113.88,2113.320068
2016-06-24,2037.4100341796875,-0.036580792805582796,25.760000228881836,0.4652826661840676,143335707.955,2037.410034
2016-06-27,2000.5400390625,-0.018262246511702607,23.850000381469727,0.4109883430667818,-388124018.2552,2000.540039
2016-06-28,2036.0899658203125,0.017614121604087707,18.75,0.4269252546487213,393041886.0645,2036.089966
2016-06-29,2070.77001953125,0.016889242971254603,16.639999389648438,0.4349629229513641,1447809568.39,2070.77002
2016-06-30,2098.860107421875,0.01347386314946597,15.630000114440918,0.4197858852270717,2278865077.2698,2098.860107
2016-07-01,2102.949951171875,0.0019467062930313972,14.770000457763672,0.4162656526035255,1967704862.945,2102.949951
2016-07-05,2088.550048828125,-0.006871028985598215,15.579999923706055,0.4452420479617589,1649000298.36,2088.550049
2016-07-06,2099.72998046875,0.005338687058276115,14.960000038146973,0.4112860570870683,2113702588.69,2099.72998
2016-07-07,2097.89990234375,-0.0008719578867335542,14.760000228881836,0.4313027673842912,2176331777.21,2097.899902
2016-07-08,2129.89990234375,0.015138186565992306,13.199999809265137,0.397013866986046,2905121503.63,2129.899902
2016-07-11,2137.159912109375,0.003402819311999039,13.539999961853027,0.4019944260922528,3328334725.065,2137.159912
2016-07-12,2152.139892578125,0.006984842307344863,13.550000190734863,0.3986624250984386,3726095542.25,2152.139893
2016-07-13,2152.429931640625,0.0001347586749824714,13.039999961853027,0.4032610873178437,3529125034.13,2152.429932
2016-07-14,2163.75,0.0052454228016962645,12.819999694824219,0.3983265579949031,4335890146.06,2163.75
2016-07-15,2161.739990234375,-0.000929379059870783,12.670000076293945,0.410285164257454,2212109309.894,2161.73999
2016-07-18,2166.889892578125,0.0023794618218691,12.4399995803833,0.3893205645656913,2542586429.3772,2166.889893
2016-07-19,2163.780029296875,-0.0014362045004157054,11.970000267028809,0.4023484385423358,2592071925.79,2163.780029
2016-07-20,2173.02001953125,0.004261208315764264,11.770000457763672,0.4034885203788348,3044126597.01,2173.02002
2016-07-21,2165.169921875,-0.003619069856525492,12.739999771118164,0.4059758865738804,2683166421.355,2165.169922
2016-07-22,2175.030029296875,0.004543626789510036,12.020000457763672,0.4111368063939561,2497225802.26,2175.030029
2016-07-25,2168.47998046875,-0.0030160187399292937,12.869999885559082,0.389420843152381,2351604645.12,2168.47998
2016-07-26,2169.179931640625,0.000322732160719319,13.050000190734863,0.3937018385641905,2265239341.247,2169.179932
2016-07-27,2166.580078125,-0.0011992609468087778,12.829999923706055,0.3979899189867041,2539950624.53,2166.580078
2016-07-28,2170.06005859375,0.0016049204480923507,12.720000267028809,0.4074621513620114,2750425587.96,2170.060059
2016-07-29,2173.60009765625,0.0016299801176575812,11.869999885559082,0.4203514009966297,2544098511.27,2173.600098
2016-08-01,2170.840087890625,-0.0012705941474910887,12.4399995803833,0.4127359163292911,2640509288.52,2170.840088
2016-08-02,2157.030029296875,-0.006381940812667075,13.369999885559082,0.4300088485795542,2161471365.6373,2157.030029
2016-08-03,2163.7900390625,0.003129042716071062,12.859999656677246,0.4419974729390905,2429117592.48,2163.790039
2016-08-04,2164.25,0.00021254929948888446,12.420000076293945,0.4250603584343335,2611507377.811,2164.25
2016-08-05,2182.8701171875,0.008566697289380087,11.390000343322754,0.4233692639220081,3192828110.233,2182.87
2016-08-08,2180.889892578125,-0.0009075772915414504,11.5,0.4128226137655154,3038872607.5,2180.889893
2016-08-09,2181.739990234375,0.00038971798655573764,11.65999984741211,0.4149252736658402,3218806674.76,2181.73999
2016-08-10,2175.489990234375,-0.0028687970634884152,12.050000190734863,0.4192412797149913,2949217803.134,2175.48999
2016-08-11,2185.7900390625,0.004723415102444228,11.680000305175781,0.4000138553226792,3437947186.23,2185.790039
2016-08-12,2184.050048828125,-0.0007963633869145781,11.550000190734863,0.4166454129946092,2933433025.4525,2184.050049
2016-08-15,2190.14990234375,0.0027890162945221064,11.8100004196167,0.3910541136856228,3233938681.495,2190.149902
2016-08-16,2178.14990234375,-0.005494142216478259,12.640000343322754,0.4127269579988187,2631894879.8132,2178.149902
2016-08-17,2182.219970703125,0.0018668460061554981,12.1899995803833,0.4049564338967023,2972769484.8,2182.219971
2016-08-18,2187.02001953125,0.0021972016963829333,11.430000305175781,0.4145983692190411,3237901856.04,2187.02002
2016-08-19,2183.8701171875,-0.001441309568768645,11.34000015258789,0.41795888973639,1886771204.565,2183.870117
2016-08-22,2182.639892578125,-0.0005634818833231137,12.270000457763672,0.3848539546007872,1957383213.76,2182.639893
2016-08-23,2186.89990234375,0.0019498671783617638,12.380000114440918,0.3903115026115625,2255346967.705,2186.899902
2016-08-24,2175.43994140625,-0.005254055259671375,13.449999809265137,0.418052512459674,1670373835.8607,2175.439941
2016-08-25,2172.469970703125,-0.0013661603966461655,13.630000114440918,0.4229388033329516,1676291895.2055,2172.469971
2016-08-26,2169.0400390625,-0.0015800642387127084,13.649999618530273,0.4349897465798633,1666646338.954,2169.040039
2016-08-29,2180.3798828125,0.005214428428674367,12.9399995803833,0.4094012552688368,2211090143.4635,2180.379883
2016-08-30,2176.1201171875,-0.0019555914071229807,13.119999885559082,0.4210118620466496,1837775695.47,2176.120117
2016-08-31,2170.949951171875,-0.002378691105562325,13.420000076293945,0.4173925017462609,1692810663.39,2170.949951
2016-09-01,2170.860107421875,-4.138538941145242e-05,13.479999542236328,0.4339673470668926,1922523661.06,2170.860107
2016-09-02,2179.97998046875,0.004192241599034752,11.979999542236328,0.4261410651626384,2159846908.34,2179.97998
2016-09-06,2186.47998046875,0.002977242370004518,12.020000457763672,0.4419315202946486,2857730482.75,2186.47998
2016-09-07,2186.159912109375,-0.00014639593829279818,11.9399995803833,0.4566915626372084,3011920153.196,2186.16
2016-09-08,2181.300048828125,-0.0022254881924705927,12.510000228881836,0.4410897560403435,2639822947.56,2181.300049
2016-09-09,2127.81005859375,-0.024827742410836073,17.5,0.4853567194499658,138347397.35,2127.81
2016-09-12,2159.0400390625,0.014570387233434623,15.15999984741211,0.4158896480430473,1467106674.9217,2159.04
2016-09-13,2127.02001953125,-0.014941748278211264,17.850000381469727,0.4723763378770481,206431973.5524,2127.02
2016-09-14,2125.77001953125,-0.0005878493998130452,18.139999389648438,0.454349323429677,453189500.4386,2125.77
2016-09-15,2147.260009765625,0.010058516449440447,16.299999237060547,0.4364888876601508,1763279481.52,2147.26
2016-09-16,2139.159912109375,-0.0037794277955720545,15.369999885559082,0.4925932095704436,1187648409.0,2139.16
2016-09-19,2139.1201171875,-1.8603233825409404e-05,15.529999732971191,0.4414458438230959,1081142560.92,2139.12
2016-09-20,2139.760009765625,0.0002990934842346249,15.920000076293945,0.4693733560274585,1262656626.18,2139.76
2016-09-21,2163.1201171875,0.010858000333636042,13.300000190734863,0.4473738080955764,2208944717.4946,2163.12
2016-09-22,2177.179931640625,0.006478751917641468,12.020000457763672,0.4342212212441612,3278783457.914,2177.18
2016-09-23,2164.68994140625,-0.005753292959718159,12.289999961853027,0.4494454844676225,1752291252.7,2164.69
2016-09-26,2146.10009765625,-0.008624850117916694,14.5,0.4592147427744418,1096990737.4,2146.1
2016-09-27,2159.929931640625,0.006423495165297943,13.100000381469727,0.4332785126155921,1901928594.9558,2159.93
2016-09-28,2171.3701171875,0.005282576603643285,12.390000343322754,0.4807633019817414,2396436211.8,2171.37
2016-09-29,2151.1298828125,-0.009365127730081468,14.020000457763672,0.4811614749621991,1463816460.94,2151.13
2016-09-30,2168.27001953125,0.007936392588027807,13.289999961853027,0.4121652304849839,1833829524.1396,2168.27
2016-10-03,2161.199951171875,-0.0032660231815277996,13.569999694824219,0.4916064154870526,1827744019.75,2161.2
2016-10-04,2150.489990234375,-0.004967881786361872,13.630000114440918,0.4862757735107666,1685482589.92,2150.49
2016-10-05,2159.72998046875,0.004287486231197235,12.989999771118164,0.4645500194753202,2247863461.16,2159.73
2016-10-06,2160.77001953125,0.00048144385260417977,12.84000015258789,0.4517605012705549,2318307923.895,2160.77
2016-10-07,2153.739990234375,-0.0032587874416138973,13.479999542236328,0.4663061057980999,1857342772.49,2153.74
2016-10-10,2163.659912109375,0.004595330317324731,13.380000114440918,0.4131082001072112,2554594364.98,2163.66
2016-10-11,2136.72998046875,-0.012524577697756278,15.359999656677246,0.487976857695697,1489958559.11,2136.73
2016-10-12,2139.179931640625,0.00114593220639847,15.90999984741211,0.4380167192366908,1675949276.5,2139.18
2016-10-13,2132.550048828125,-0.0031040764122334252,16.690000534057617,0.4579159578635863,1008347683.12,2132.55
2016-10-14,2132.97998046875,0.000201584159120749,16.1200008392334,0.458850300819286,1392173735.68,2132.98
2016-10-17,2126.5,-0.003042618111839701,16.209999084472656,0.4422594345263544,1137181848.835,2126.5
2016-10-18,2139.60009765625,0.00614150560569815,15.279999732971191,0.4577460608682859,1928994813.94,2139.6
2016-10-19,2144.2900390625,0.0021895721553502057,14.40999984741211,0.4665717584259715,2300816192.78,2144.29
2016-10-20,2141.340087890625,-0.0013766711313802915,13.75,0.4761448126109823,2051637792.98,2141.34
2016-10-21,2141.159912109375,-8.414514015520069e-05,13.34000015258789,0.4614918723377595,1420346093.2076,2141.16
2016-10-24,2151.330078125,0.004738594647427874,13.020000457763672,0.4597793022558081,1894308247.7068,2151.33
2016-10-25,2143.159912109375,-0.0038049574647063267,13.460000038146973,0.4380763270257558,1735570476.685,2143.16
2016-10-26,2139.429931640625,-0.0017419279211878802,14.239999771118164,0.4596143054465882,1491017956.7165,2139.43
2016-10-27,2133.0400390625,-0.0029911959060084925,15.359999656677246,0.4503419717731824,1282380976.725,2133.04
2016-10-28,2126.409912109375,-0.003113140139625159,16.190000534057617,0.4385119156417364,1109121056.435,2126.41
2016-10-31,2126.14990234375,-0.00012228388419810443,17.059999465942383,0.4510384517492146,1111644470.72,2126.15
2016-11-01,2111.719970703125,-0.006810019108735688,18.559999465942383,0.4506843845853945,675195055.235,2111.72
2016-11-02,2097.93994140625,-0.00654688445345375,19.31999969482422,0.4447566854425211,37847514.2,2097.94
2016-11-03,2088.659912109375,-0.004433213022609017,22.079999923706055,0.455304360686663,-438477709.7425,2088.66
2016-11-04,2085.179931640625,-0.00166752027169359,22.510000228881836,0.4427314541418794,-58173193.5292,2085.18
2016-11-07,2131.52001953125,0.021980199729465077,18.709999084472656,0.4108961226658246,1344535316.835,2131.52
2016-11-08,2139.56005859375,0.003764878397158,18.739999771118164,0.4304071884827772,1794665752.775,2139.56
2016-11-09,2163.260009765625,0.011016119879656117,14.380000114440918,0.4454005681677491,2192023913.03,2163.26
2016-11-10,2167.47998046875,0.0019488457160949935,14.739999771118164,0.4423840912152311,1537673329.78,2167.48
2016-11-11,2164.449951171875,-0.0013989283477977565,14.170000076293945,0.4325825179083341,1618307241.6231,2164.45
2016-11-14,2164.199951171875,-0.00011550945718319383,14.479999542236328,0.4321293119047965,1301794958.7206,2164.2
2016-11-15,2180.389892578125,0.007452955022089647,13.369999885559082,0.4241981636135711,1885661128.745,2180.39
2016-11-16,2176.93994140625,-0.0015835165223760939,13.720000267028809,0.4524373235639996,2143823279.792,2176.94
2016-11-17,2187.1201171875,0.004665469361198049,13.350000381469727,0.4495031695020134,2646420144.01,2187.12
2016-11-18,2181.89990234375,-0.002389651365549028,12.850000381469727,0.4540715757879953,1625513597.16,2181.9
2016-11-21,2198.179931640625,0.007433702070874126,12.420000076293945,0.4333553651249969,2333800005.87,2198.18
2016-11-22,2202.93994140625,0.002163091103593473,12.40999984741211,0.4336200132638634,2600775434.86,2202.94
2016-11-23,2204.719970703125,0.0008076981569082875,12.430000305175781,0.4343325680937753,2513961245.285,2204.72
2016-11-25,2213.35009765625,0.0039067456134240786,12.34000015258789,0.4627135678779712,2432575109.39,2213.35
2016-11-28,2201.719970703125,-0.005268389254735162,13.149999618530273,0.4202422026788976,2121601420.7736,2201.72
2016-11-29,2204.659912109375,0.0013344023532617655,12.899999618530273,0.4189644791060112,2055470103.625,2204.66
2016-11-30,2198.81005859375,-0.002656930555156478,13.329999923706055,0.4472419902165406,1539471588.94,2198.81
2016-12-01,2191.080078125,-0.003521722966763896,14.069999694824219,0.4476188168226065,1085344301.98,2191.08
2016-12-02,2191.949951171875,0.0003969277200850385,14.119999885559082,0.4363783864430333,1419736103.575,2191.95
2016-12-05,2204.7099609375,0.005804426926743211,12.140000343322754,0.4239447146224084,1878563794.465,2204.71
2016-12-06,2212.22998046875,0.003405084468874442,11.789999961853027,0.425363096350221,2185484787.915,2212.23
2016-12-07,2241.35009765625,0.01307735874472371,12.220000267028809,0.424503389773564,3255150163.585,2241.35
2016-12-08,2246.18994140625,0.0021570150168708224,12.640000343322754,0.4208900065542945,3454439962.3572,2246.19
2016-12-09,2259.530029296875,0.005921418532969902,11.75,0.414544692810757,3402208391.075,2259.53
2016-12-12,2256.9599609375,-0.001138082290599307,12.640000343322754,0.4253417422183629,3280072338.0746,2256.96
2016-12-13,2271.719970703125,0.006518483201237046,12.720000267028809,0.4259569792672334,4279301953.0739,2271.72
2016-12-14,2253.280029296875,-0.00815029546185908,13.1899995803833,0.4628850276562489,3631288373.0448,2253.28
2016-12-15,2262.030029296875,0.003875707687553742,12.789999961853027,0.4431902808155756,4178940422.58,2262.03
2016-12-16,2258.070068359375,-0.0017521567509799496,12.199999809265137,0.448954817788295,2509639260.0706,2258.07
2016-12-19,2262.530029296875,0.0019731727152114686,11.710000038146973,0.4174529518766794,2839790435.55,2262.53
2016-12-20,2270.760009765625,0.0036309124011522087,11.449999809265137,0.4159014093110305,3173530533.5,2270.76
2016-12-21,2265.179931640625,-0.0024603857246772165,11.270000457763672,0.4364147510181727,3066078715.95,2265.18
2016-12-22,2260.9599609375,-0.001864711222396842,11.430000305175781,0.4377049664367105,2583601284.31,2260.96
2016-12-23,2263.7900390625,0.00125093253507913,11.4399995803833,0.4314968707696052,2500880951.83,2263.79
2016-12-27,2268.8798828125,0.0022458489045487084,11.989999771118164,0.4439871412496156,2820190468.84,2268.88
2016-12-28,2249.919921875,-0.008391640709771053,12.949999809265137,0.4711663448006256,2132294476.28,2249.92
2016-12-29,2249.260009765625,-0.00029334773186828755,13.369999885559082,0.4550216940722782,1856504137.09,2249.26
2016-12-30,2238.830078125,-0.0046478346968550355,14.039999961853027,0.4624837710692494,1609280877.675,2238.83
2017-01-03,2257.830078125,0.008450766753157701,12.850000381469727,0.4190440744885486,2289156551.215,2257.83
2017-01-04,2270.75,0.005705963770549438,11.850000381469727,0.4476512288721382,2751534496.5096,2270.75
2017-01-05,2269.0,-0.0007709676024818535,11.670000076293945,0.4563143810661462,3318908621.78,2269.0
2017-01-06,2276.97998046875,0.0035107891805798985,11.319999694824219,0.432638320816205,3211639551.11,2276.98
2017-01-09,2268.89990234375,-0.0035549054715602324,11.5600004196167,0.4450141198439598,3199197351.67,2268.9
2017-01-10,2268.89990234375,0.0,11.489999771118164,0.4463205705813816,3280307540.08,2268.9
2017-01-11,2275.320068359375,0.002825642389102434,11.260000228881836,0.4543192342702385,3700475442.11,2275.32
2017-01-12,2270.43994140625,-0.0021471123937297776,11.539999961853027,0.4383313912375849,3707984953.205,2270.44
2017-01-13,2274.639892578125,0.0018481313951461686,11.229999542236328,0.4589045857611223,3511712220.87,2274.64
2017-01-17,2267.889892578125,-0.0029719144562179167,11.869999885559082,0.4540386116232257,3429336677.415,2267.89
2017-01-18,2271.889892578125,0.0017622004698090166,12.479999542236328,0.4358749027236334,3768468753.7328,2271.89
2017-01-19,2263.68994140625,-0.0036158376243191626,12.779999732971191,0.4419590687608102,3297701001.09,2263.69
2017-01-20,2271.31005859375,0.0033605840613004645,11.539999961853027,0.4366324882275357,1578099266.28,2271.31
2017-01-23,2265.199951171875,-0.002693749646070387,11.770000457763672,0.4313589726253485,1708750825.282,2265.2
2017-01-24,2280.070068359375,0.006543140528962432,11.069999694824219,0.4274712260362879,2289289788.8202,2280.07
2017-01-25,2298.3701171875,0.007994052795968543,10.8100004196167,0.4284546909845899,3111756195.635,2298.37
2017-01-26,2296.679931640625,-0.0007356549352630637,10.630000114440918,0.4268858177617032,3143210035.2042,2296.68
2017-01-27,2294.68994140625,-0.0008668394897410892,10.579999923706055,0.4417140497091631,2348826405.6709,2294.69
2017-01-30,2280.89990234375,-0.006027673496096675,11.880000114440918,0.4198901314052795,1930516927.79,2280.9
2017-01-31,2278.8701171875,-0.0008903016080328285,11.989999771118164,0.4281987107850467,1673467850.97,2278.87
2017-02-01,2279.550048828125,0.0002983189881167192,11.8100004196167,0.4423206844121136,1969052937.1332,2279.55
2017-02-02,2280.85009765625,0.0005701468386902775,11.930000305175781,0.4227885634762301,2055582517.862,2280.85
2017-02-03,2297.419921875,0.007238496854554022,10.970000267028809,0.4362984375733549,2402640119.98,2297.42
2017-02-06,2292.56005859375,-0.00211759751370888,11.369999885559082,0.4417424564030019,2450586241.34,2292.56
2017-02-07,2293.080078125,0.00022680346384529315,11.289999961853027,0.4603930475719784,2786921792.84,2293.08
2017-02-08,2294.669921875,0.0006930821486097472,11.449999809265137,0.4389927559656633,3022530587.2519,2294.67
2017-02-09,2307.8701171875,0.005736063735960251,10.880000114440918,0.4474497514830112,3690893759.36,2307.87
2017-02-10,2316.10009765625,0.0035597068220090122,10.850000381469727,0.4352580829512329,3355841268.9983,2316.1
2017-02-13,2328.25,0.0052321335840117555,11.069999694824219,0.4225522056500023,3976258048.7312,2328.25
2017-02-14,2337.580078125,0.003999327195672642,10.739999771118164,0.4237849022739585,4283994471.009,2337.58
2017-02-15,2349.25,0.0049798886657344,11.970000267028809,0.4396353950597916,4821739776.5533,2349.25
2017-02-16,2347.219970703125,-0.0008644916015505544,11.760000228881836,0.4406380168461049,5052474668.4061,2347.22
2017-02-17,2351.159912109375,0.0016771493272376148,11.489999771118164,0.4360340666650448,2957371270.885,2351.16
2017-02-21,2365.3798828125,0.006029850020069283,11.569999694824219,0.4222974855081738,3601146629.0568,2365.38
2017-02-22,2362.820068359375,-0.0010827861468039046,11.739999771118164,0.4275246743737815,3786308765.79,2362.82
2017-02-23,2363.81005859375,0.00041889897125901854,11.710000038146973,0.4410640971175358,3613693302.1545,2363.81
2017-02-24,2367.340087890625,0.0014922502320313669,11.470000267028809,0.4269581224884202,3063691354.02,2367.34
2017-02-27,2369.75,0.0010174652677337193,12.09000015258789,0.4340175581927449,3308125236.36,2369.75
2017-02-28,2363.639892578125,-0.002581706115194926,12.920000076293945,0.4313549296472622,3142043910.2625,2363.64
2017-03-01,2395.9599609375,0.013581211083725009,12.539999961853027,0.4027109502758162,4687762677.2366,2395.96
2017-03-02,2381.919921875,-0.005877116972104801,11.8100004196167,0.4588117110801566,3832673726.5956,2381.92
2017-03-03,2383.1201171875,0.0005037503685345612,10.960000038146973,0.4727399961905542,3380582002.098,2383.12
2017-03-06,2375.31005859375,-0.0032826227635656124,11.239999771118164,0.4436087238817953,3254215850.4566,2375.31
2017-03-07,2368.389892578125,-0.002917625902089327,11.449999809265137,0.4641106371395813,3255287384.2168,2368.38
2017-03-08,2362.97998046875,-0.0022868279640642086,11.859999656677246,0.4475738168001834,3175375285.9729,2362.98
2017-03-09,2364.8701171875,0.0007995756127661124,12.300000190734863,0.4386023124740605,3506070221.9305,2364.87
2017-03-10,2372.60009765625,0.00326333970585857,11.65999984741211,0.4377832497583833,3279581350.992,2372.6
2017-03-13,2373.469970703125,0.0003665656191698119,11.350000381469727,0.4395029667031718,3429978628.471,2373.47
2017-03-14,2365.449951171875,-0.003384748980891139,12.300000190734863,0.4461259972089322,3134659287.341,2365.45
2017-03-15,2385.260009765625,0.008339879124686256,11.630000114440918,0.451518050357638,4230261604.79,2385.26
2017-03-16,2381.3798828125,-0.0016280347991832755,11.210000038146973,0.4483764683625433,4489649237.14,2381.38
2017-03-17,2378.25,-0.0013151792642318583,11.279999732971191,0.4688150154534583,2358067594.555,2378.25
2017-03-20,2373.469970703125,-0.002011916080379983,11.34000015258789,0.4362128418542517,2490429000.925,2373.47
2017-03-21,2344.02001953125,-0.012485594590102345,12.470000267028809,0.4458275779281566,888775805.0051,2344.02
2017-03-22,2348.449951171875,0.0018881028474631023,12.8100004196167,0.4134058919586519,1232622905.675,2348.45
2017-03-23,2345.9599609375,-0.001060832144830215,13.119999885559082,0.4354387082496912,914841135.195,2345.96
2017-03-24,2343.97998046875,-0.0008443522139387483,12.960000038146973,0.4430398188312605,1284651965.4236,2343.98
2017-03-27,2341.590087890625,-0.0010201075858455866,12.5,0.4209532906424873,1342419748.2073,2341.59
2017-03-28,2358.570068359375,0.007225308829624133,11.529999732971191,0.4192413243168166,2632905699.18,2358.57
2017-03-29,2361.1298828125,0.0010847362038299835,11.420000076293945,0.4483917108537165,3181445589.0,2361.13
2017-03-30,2368.06005859375,0.002930810911704995,11.539999961853027,0.4470359316334897,3805342979.9172,2368.06
2017-03-31,2362.719970703125,-0.0022575939382667443,12.369999885559082,0.4417097899763125,2477170051.825,2362.72
2017-04-03,2358.840087890625,-0.0016434753080130093,12.380000114440918,0.4684719015599101,2586013256.285,2358.84
2017-04-04,2360.159912109375,0.0005593660746612272,11.789999961853027,0.4308601534426649,2859520874.8561,2360.16
2017-04-05,2352.949951171875,-0.0030595368115227117,12.890000343322754,0.4474980805828556,2379113132.35,2352.95
2017-04-06,2357.489990234375,0.0019276502937355389,12.390000343322754,0.4432624961089022,2075455691.615,2357.49
2017-04-07,2355.5400390625,-0.0008274724629453445,12.869999885559082,0.4337873503862183,2015509920.259,2355.54
2017-04-10,2357.159912109375,0.0006874501357838625,14.050000190734863,0.4433170502858717,2310829477.06,2357.16
2017-04-11,2353.780029296875,-0.001434908291958692,15.069999694824219,0.4562648716869298,1935589540.255,2353.78
2017-04-12,2344.929931640625,-0.003767037418986874,15.770000457763672,0.4196952293413887,1410798372.855,2344.93
2017-04-13,2328.949951171875,-0.006838020289804625,15.960000038146973,0.4331578332292741,897466670.7879,2328.95
2017-04-17,2349.010009765625,0.008576465691107593,14.65999984741211,0.4378271576046862,2344564435.57,2349.01
2017-04-18,2342.18994140625,-0.002907602845833246,14.420000076293945,0.4802531462781795,2146742288.505,2342.19
2017-04-19,2338.169921875,-0.0017178253968683777,14.930000305175781,0.4623722947183398,1937690305.795,2338.17
2017-04-20,2355.840087890625,0.0075288503629735715,14.149999618530273,0.4536321199007042,3256252297.39,2355.84
2017-04-21,2348.68994140625,-0.0030396881071155235,14.630000114440918,0.4647179390588406,1504569269.4993,2348.69
2017-04-24,2374.14990234375,0.01078173658811199,10.84000015258789,0.3999839380589093,2542349546.24,2374.15
2017-04-25,2388.610107421875,0.006072214211751081,10.760000228881836,0.4325019039032787,3046181398.8431,2388.61
2017-04-26,2387.449951171875,-0.00048582147568687617,10.850000381469727,0.4464376320635675,3004122873.5088,2387.45
2017-04-27,2388.77001953125,0.0005527670002987151,10.359999656677246,0.4483919249593627,3172588354.0653,2388.77
2017-04-28,2384.199951171875,-0.001914979471489886,10.819999694824219,0.4597274796284389,2661533678.466,2384.2
2017-05-01,2388.330078125,0.0017307918268940625,10.109999656677246,0.457717320716082,2936505640.498,2388.33
2017-05-02,2391.169921875,0.0011883435858113245,10.59000015258789,0.4508568241121363,3236252324.9065,2391.17
2017-05-03,2388.1298828125,-0.001272169395827305,10.680000305175781,0.4462207311449138,3329037094.5019,2388.13
2017-05-04,2389.52001953125,0.000581933287869596,10.460000038146973,0.4557123383654862,3557770432.6442,2389.52
2017-05-05,2399.2900390625,0.004080359407478085,10.569999694824219,0.4301118186006699,3228449803.21,2399.29
2017-05-08,2399.3798828125,3.744527190807645e-05,9.770000457763672,0.4344419897820663,3618016837.51,2399.38
2017-05-09,2396.919921875,-0.001025774556793202,9.960000038146973,0.4282324757575698,3808223235.88,2396.92
2017-05-10,2399.6298828125,0.001129962717449473,10.210000038146973,0.430030355862409,3390014045.745,2399.63
2017-05-11,2394.43994140625,-0.0021651513741067774,10.600000381469727,0.4188036905656161,3172535331.7,2394.44
2017-05-12,2390.89990234375,-0.0014795353407937029,10.399999618530273,0.4482292029322113,3114109853.76,2390.9
2017-05-15,2402.320068359375,0.004765142303014613,10.420000076293945,0.4272858290736319,3630440536.484,2402.32
2017-05-16,2400.669921875,-0.0006871330369859763,10.649999618530273,0.4386188886188417,3952074761.765,2400.67
2017-05-17,2357.030029296875,-0.018345468171115265,15.59000015258789,0.4417986963423026,398856431.6096,2357.03
2017-05-18,2365.719970703125,0.00368003862721622,14.65999984741211,0.4313099780169515,1331283510.615,2365.72
2017-05-19,2381.72998046875,0.00674470320820042,12.039999961853027,0.4213035187335709,1852734749.635,2381.73
2017-05-22,2394.02001953125,0.005146863296008775,10.930000305175781,0.4015911091659006,2519774841.775,2394.02
2017-05-23,2398.419921875,0.001836185172380489,10.720000267028809,0.4062053531128334,2867337045.92,2398.42
2017-05-24,2404.389892578125,0.0024860338045762376,10.020000457763672,0.4069511381323974,3657338702.7,2404.39
2017-05-25,2415.070068359375,0.004432112041977909,9.989999771118164,0.4017913874520452,4300610677.09,2415.07
2017-05-26,2415.820068359375,0.00031050178530289685,9.8100004196167,0.39521420281238,3210988881.91,2415.82
2017-05-30,2412.909912109375,-0.0012053507295339827,10.380000114440918,0.396819448405569,3190396960.998,2412.91
2017-05-31,2411.800048828125,-0.00046007461995145604,10.40999984741211,0.4156693431311746,2962182038.6199,2411.8
2017-06-01,2430.06005859375,0.007542595584847156,9.890000343322754,0.4117664095539625,3945015539.735,2430.06
2017-06-02,2439.070068359375,0.00370087461804669,9.75,0.3948666596941459,3821719369.875,2439.07
2017-06-05,2436.10009765625,-0.0012184071404286456,10.069999694824219,0.4271151403295845,3844934696.95,2436.1
2017-06-06,2429.330078125,-0.0027829086662043423,10.449999809265137,0.4214267205830233,3418486599.26,2429.33
2017-06-07,2433.139892578125,0.0015670287963471807,10.390000343322754,0.4178008695211828,3717447227.775,2433.14
2017-06-08,2433.7900390625,0.00026716903566459393,10.15999984741211,0.4157672402315465,4125291760.574,2433.79
2017-06-09,2431.77001953125,-0.0008303338661868054,10.699999809265137,0.4302007579018193,2645365699.71,2431.77
2017-06-12,2429.389892578125,-0.0009792424797181454,11.460000038146973,0.393552982258174,2268654010.51,2429.39
2017-06-13,2440.35009765625,0.004501358843230108,10.420000076293945,0.44041644028208,3163658623.71,2440.35
2017-06-14,2437.919921875,-0.0009963269653177065,10.640000343322754,0.4544073905854617,2956299216.66,2437.92
2017-06-15,2432.4599609375,-0.0022421097968399195,10.899999618530273,0.4303788509341369,2129686005.5272,2432.46
2017-06-16,2433.14990234375,0.000283599150058933,10.380000114440918,0.4476249832055359,1657165659.0324,2433.15
2017-06-19,2453.4599609375,0.00831258320689443,10.369999885559082,0.4171008414723053,2727580040.2504,2453.46
2017-06-20,2437.030029296875,-0.00671916044693166,10.859999656677246,0.4245352935729748,2153739574.56,2437.03
2017-06-21,2435.610107421875,-0.0005828141932715525,10.75,0.4207969562850306,2606582315.5285,2435.61
2017-06-22,2434.5,-0.00045588597243817475,10.479999542236328,0.4229745973920933,2439881362.9835,2434.5
2017-06-23,2438.300048828125,0.0015596985554084952,10.020000457763672,0.4275067421549505,2240870140.595,2438.3
2017-06-26,2439.070068359375,0.0003157519397332109,9.899999618530273,0.4179566678960331,2101967153.28,2439.07
2017-06-27,2419.3798828125,-0.008105586575672952,11.0600004196167,0.4169774155992616,904884267.055,2419.38
2017-06-28,2440.68994140625,0.008769501646550992,10.029999732971191,0.406576196181644,2189595144.23,2440.69
2017-06-29,2419.699951171875,-0.008637216844141982,11.4399995803833,0.4325665260815717,783130878.62,2419.7
2017-06-30,2423.409912109375,0.0015320576108743822,11.180000305175781,0.412161330916597,1311817692.38,2423.41
2017-07-03,2429.010009765625,0.0023081679791472354,11.220000267028809,0.4155196358561256,1224692497.25,2429.01
2017-07-05,2432.5400390625,0.0014522240362886407,11.069999694824219,0.3914672750689251,1634813999.92,2432.54
2017-07-06,2409.75,-0.009412987306865794,12.539999961853027,0.4129503491361324,741086536.4892,2409.75
2017-07-07,2425.179931640625,0.006382712569615201,11.1899995803833,0.4114299703596454,1748675386.83,2425.18
2017-07-10,2427.429931640625,0.0009273361035129213,11.109999656677246,0.4403246539468533,2236989312.25,2427.43
2017-07-11,2425.530029296875,-0.0007829870660822635,10.890000343322754,0.4312967794223435,2406964140.2,2425.53
2017-07-12,2443.25,0.007279050947821553,10.300000190734863,0.4124622644668541,3568376131.86,2443.25
2017-07-13,2447.830078125,0.0018728294734726703,9.899999618530273,0.4260977907755244,3700871269.6075,2447.83
2017-07-14,2459.27001953125,0.004662616170009848,9.510000228881836,0.4138859684629546,3578023271.935,2459.27
2017-07-17,2459.139892578125,-5.291423670694684e-05,9.819999694824219,0.4246360199862263,3703191401.24,2459.14
2017-07-18,2460.610107421875,0.0005976786981110038,9.890000343322754,0.4400387772454922,4072611129.005,2460.61
2017-07-19,2473.830078125,0.00535825821605318,9.789999961853027,0.4347892539907609,4840080936.838,2473.83
2017-07-20,2473.449951171875,-0.00015367108860697698,9.579999923706055,0.4272144670881767,4896440336.01,2473.45
2017-07-21,2472.5400390625,-0.0003679393292088662,9.359999656677246,0.4128268110624987,2571479568.1,2472.54
2017-07-24,2469.909912109375,-0.0010643009954085514,9.430000305175781,0.3848751899202525,2659292906.06,2469.91
2017-07-25,2477.1298828125,0.002918907519897651,9.430000305175781,0.4028323217293593,2994489327.56,2477.13
2017-07-26,2477.830078125,0.0002826240061200025,9.600000381469727,0.4237175771428031,3258291857.5,2477.83
2017-07-27,2475.419921875,-0.0009731616373942487,10.109999656677246,0.4341303841395004,2754693742.5383,2475.42
2017-07-28,2472.10009765625,-0.001342015678115871,10.289999961853027,0.417921255061868,2485956113.47,2472.1
2017-07-31,2470.300048828125,-0.0007284108345597673,10.260000228881836,0.3911388120950201,2200485777.7,2470.3
2017-08-01,2476.35009765625,0.002446120774938443,10.09000015258789,0.392661261105748,2618834737.1,2476.35
2017-08-02,2477.570068359375,0.0004925274073475094,10.279999732971191,0.3949479896953975,2863270487.975,2477.57
2017-08-03,2472.159912109375,-0.002186041834946195,10.4399995803833,0.3964415463681588,2455822536.63,2472.16
2017-08-04,2476.830078125,0.0018873214175396669,10.029999732971191,0.4018270953651331,2745629049.995,2476.83
2017-08-07,2480.909912109375,0.0016458446442806363,9.930000305175781,0.3982311639829896,2427472788.585,2480.91
2017-08-08,2474.919921875,-0.0024173522303856387,10.960000038146973,0.4053271063457837,2833733962.5,2474.92
2017-08-09,2474.02001953125,-0.00036367479271248726,11.109999656677246,0.3994905700268409,2212185636.3325,2474.02
2017-08-10,2438.2099609375,-0.01458021840074153,16.040000915527344,0.3926988802664312,-71863267.1825,2438.21
2017-08-11,2441.320068359375,0.0012747571279874137,15.510000228881836,0.4007118458281302,1004666119.505,2441.32
2017-08-14,2465.840087890625,0.009993651246049673,12.329999923706055,0.4062752536471603,2444267277.91,2465.84
2017-08-15,2464.610107421875,-0.0004989323268835832,12.039999961853027,0.415967044488105,2465323193.88,2464.61
2017-08-16,2468.110107421875,0.0014190955233326363,11.739999771118164,0.4041878543841765,2494515506.518,2468.11
2017-08-17,2430.010009765625,-0.015557342487191761,15.550000190734863,0.4379918989405934,-150856112.06,2430.01
2017-08-18,2425.550048828125,-0.001837053661351895,14.260000228881836,0.4250306896859304,660227660.9508,2425.55
2017-08-21,2428.3701171875,0.0011619757145657772,13.1899995803833,0.3902801888411182,582867140.84,2428.37
2017-08-22,2452.510009765625,0.00989169526062561,11.350000381469727,0.3903099902724262,1867699281.71,2452.51
2017-08-23,2444.0400390625,-0.0034595701326392003,12.25,0.409688255193762,1540224819.7178,2444.04
2017-08-24,2438.969970703125,-0.002076616747138438,12.229999542236328,0.3959162754964791,1256576763.93,2438.97
2017-08-25,2443.050048828125,0.001671471668937663,11.279999732971191,0.4197876666775023,1296966623.0748,2443.05
2017-08-28,2444.239990234375,0.00048695347329630323,11.319999694824219,0.4134337711197278,1424962015.87,2444.24
2017-08-29,2446.300048828125,0.0008424667620099413,11.699999809265137,0.4217053733690464,1836728486.97,2446.3
2017-08-30,2457.590087890625,0.0046045317880603065,11.220000267028809,0.4245328615337286,2988261800.76,2457.59
2017-08-31,2471.64990234375,0.005704673584713937,10.59000015258789,0.4346561402690866,4140015061.8,2471.65
2017-09-01,2476.550048828125,0.0019805780423354236,10.130000114440918,0.4368107606435296,3129196677.355,2476.55
2017-09-05,2457.85009765625,-0.007579458552145368,12.229999542236328,0.4183971157799928,2211126449.74,2457.85
2017-09-06,2465.5400390625,0.0031238424931441244,11.630000114440918,0.4138452879771391,2689585473.8943,2465.54
2017-09-07,2465.10009765625,-0.00017845204485311683,11.550000190734863,0.4125721609949205,3312763793.73,2465.1
2017-09-08,2461.429931640625,-0.0014899601434583687,12.119999885559082,0.4106665465161866,2114815471.72,2461.43
2017-09-11,2488.110107421875,0.010780975197147491,10.729999542236328,0.3871008783380922,3619729368.945,2488.11
2017-09-12,2496.47998046875,0.0033583025948829004,10.579999923706055,0.4214147804882478,4255184663.05,2496.48
2017-09-13,2498.3701171875,0.0007568342480830381,10.5,0.4108135868117249,4942817316.405,2498.37
2017-09-14,2495.6201171875,-0.001101323850828173,10.4399995803833,0.4175552933311067,3820455990.12,2495.62
2017-09-15,2500.22998046875,0.0018454775461593798,10.170000076293945,0.419786115840859,2400578161.6928,2500.23
2017-09-18,2503.8701171875,0.0014548619291288034,10.149999618530273,0.3917723436719136,2315047560.3211,2503.87
2017-09-19,2506.64990234375,0.0011095796167319705,10.180000305175781,0.3924769387204435,2560995797.18,2506.65
2017-09-20,2508.239990234375,0.000634146702309657,9.779999732971191,0.4082706652886295,2946040211.3,2508.24
2017-09-21,2500.60009765625,-0.003050565946915107,9.670000076293945,0.3893277289596782,2446882059.5849,2500.6
2017-09-22,2502.219970703125,0.0006475839951667339,9.59000015258789,0.3837950669883546,2272641441.45,2502.22
2017-09-25,2496.659912109375,-0.00222452269985407,10.210000038146973,0.3876311981701706,1782573615.95,2496.66
2017-09-26,2496.840087890625,7.21641258953909e-05,10.170000076293945,0.389115935299149,2008563329.74,2496.84
2017-09-27,2507.0400390625,0.004076822401987812,9.869999885559082,0.4023681260141424,2925713101.5164,2507.04
2017-09-28,2510.06005859375,0.001203890628937998,9.550000190734863,0.403038732446385,3307177590.27,2510.06
2017-09-29,2519.360107421875,0.0036982630684985196,9.510000228881836,0.4005276670672741,3137768693.5,2519.36
2017-10-02,2529.1201171875,0.003866518829712895,9.449999809265137,0.4060050836333242,3393331793.61,2529.12
2017-10-03,2534.580078125,0.0021565111846602036,9.510000228881836,0.4039841251257845,3765100670.39,2534.58
2017-10-04,2537.739990234375,0.0012459436611136354,9.630000114440918,0.3969398082230115,3903871091.0144,2537.74
2017-10-05,2552.070068359375,0.0056309040312934044,9.1899995803833,0.4041939967726213,5258615223.92,2552.07
2017-10-06,2549.330078125,-0.00107421116523998,9.649999618530273,0.4314912385251888,4106554575.62,2549.33
2017-10-09,2544.72998046875,-0.001806063868014185,10.329999923706055,0.4065234532324762,4170444453.099,2544.73
2017-10-10,2550.639892578125,0.0023197196304787226,10.079999923706055,0.4043067039087412,4303231198.91,2550.64
2017-10-11,2555.239990234375,0.0018018829296631012,9.850000381469727,0.4100205777853835,5023978812.73,2555.24
2017-10-12,2550.929931640625,-0.0016881771203509643,9.90999984741211,0.3959984237118079,5111977258.335,2550.93
2017-10-13,2553.169921875,0.0008777220048461487,9.609999656677246,0.3795967323237662,4516960353.77,2553.17
2017-10-16,2557.639892578125,0.0017492225323056942,9.90999984741211,0.3853150900728591,4995564432.825,2557.64
2017-10-17,2559.360107421875,0.0006723529054335486,10.3100004196167,0.4017422731934563,5487357785.01,2559.36
2017-10-18,2561.260009765625,0.0007420595113298845,10.069999694824219,0.397128498927839,5474784833.21,2561.26
2017-10-19,2562.10009765625,0.00032794411501058107,10.050000190734863,0.4056278693158645,4847992924.965,2562.1
2017-10-20,2575.2099609375,0.005103796185029985,9.970000267028809,0.3974062079565877,3158333646.51,2575.21
2017-10-23,2564.97998046875,-0.003980395312996876,11.069999694824219,0.3941077914923639,2746394034.14,2564.98
2017-10-24,2569.1298828125,0.0016166008745583937,11.15999984741211,0.3790485629606235,3088273412.77,2569.13
2017-10-25,2557.14990234375,-0.004673955687260367,11.229999542236328,0.4082047030986723,2587684237.6676,2557.15
2017-10-26,2560.39990234375,0.0012701392506020426,11.300000190734863,0.3858822100460214,2925319417.9357,2560.4
2017-10-27,2581.070068359375,0.008040609979727442,9.800000190734863,0.3732169662391034,3701538831.28,2581.07
2017-10-30,2572.830078125,-0.003197577376741201,10.5,0.3972575127033467,3566666881.72,2572.83
2017-10-31,2575.260009765625,0.0009440129366797834,10.180000305175781,0.4045489273480774,3696707777.42,2575.26
2017-11-01,2579.360107421875,0.0015908441079037772,10.199999809265137,0.4049695739848408,4096593319.265,2579.36
2017-11-02,2579.85009765625,0.00018994776966696492,9.930000305175781,0.4199135899808155,4125236219.89,2579.85
2017-11-03,2587.840087890625,0.0030922893263145568,9.140000343322754,0.4095757913035804,3975769181.36,2587.84
2017-11-06,2591.1298828125,0.0012704438847759292,9.399999618530273,0.4137341413233457,4219761342.365,2591.13
2017-11-07,2590.639892578125,-0.00018912080508215467,9.890000343322754,0.4245601971448431,4232304484.57,2590.64
2017-11-08,2594.3798828125,0.0014426139320606879,9.779999732971191,0.3937302747855182,4625795733.19,2594.38
2017-11-09,2584.6201171875,-0.003768981339369759,10.5,0.3894728464835977,4379971513.79,2584.62
2017-11-10,2582.300048828125,-0.000898046976053557,11.289999961853027,0.37356907968185,3671429598.51,2582.3
2017-11-13,2584.840087890625,0.0009831509112929737,11.5,0.3711603095843844,3988331511.5,2584.84
2017-11-14,2578.8701171875,-0.0023122805602824315,11.59000015258789,0.3528428156409238,3775361878.485,2578.87
2017-11-15,2564.6201171875,-0.0055409987421235485,13.130000114440918,0.3504694317753059,2973086457.1,2564.62
2017-11-16,2585.639892578125,0.008162652782972124,11.760000228881836,0.3561922468965251,4708182202.78,2585.64
2017-11-17,2578.85009765625,-0.002629416978897403,11.430000305175781,0.3853712475232708,2551103396.99,2578.85
2017-11-20,2582.139892578125,0.001274869888790775,10.649999618530273,0.3410900936386438,2798334560.17,2582.14
2017-11-21,2599.030029296875,0.006519838879752271,9.729999542236328,0.3426316018312751,4234323717.406,2599.03
2017-11-22,2597.080078125,-0.0007505427033294154,9.880000114440918,0.3609259683351487,4452596018.42,2597.08
2017-11-24,2602.419921875,0.0020539842782323348,9.670000076293945,0.338535755632266,3681749088.92,2602.42
2017-11-27,2601.419921875,-0.00038433158680373225,9.869999885559082,0.360858811832183,3824847562.11,2601.42
2017-11-28,2627.0400390625,0.009800332196793882,10.029999732971191,0.3404614816266168,4415707565.47,2627.04
2017-11-29,2626.070068359375,-0.00036929388279105524,10.699999809265137,0.3466082484923063,3077547281.435,2626.07
2017-11-30,2647.580078125,0.008157586662811411,11.279999732971191,0.3504563907820769,4005437413.04,2647.58
2017-12-01,2642.219970703125,-0.0020265829358052656,11.430000305175781,0.3843710955294654,3565285025.1501,2642.18
2017-12-04,2639.43994140625,-0.001052710549286573,11.680000305175781,0.3544915446031176,3179143493.04,2639.41
2017-12-05,2629.570068359375,-0.0037463905259551566,11.329999923706055,0.3568423736211936,3006323536.41,2629.57
2017-12-06,2629.27001953125,-0.0001141121705305892,11.020000457763672,0.3660326002755351,3221604441.55,2629.27
2017-12-07,2636.97998046875,0.002928067010109281,10.15999984741211,0.360674044850763,4078856890.482,2636.99
2017-12-08,2651.5,0.005491202035518228,9.579999923706055,0.3619408581982882,4286751541.56,2651.5
2017-12-11,2659.989990234375,0.0031968421216959086,9.34000015258789,0.3583501233154318,5002864391.03,2659.99
2017-12-12,2664.110107421875,0.0015477237220897777,9.920000076293945,0.3598529952118868,4812998491.91,2664.13
2017-12-13,2662.85009765625,-0.00047306897015086946,10.180000305175781,0.3530068553176299,4925521443.06,2662.86
2017-12-14,2652.010009765625,-0.004079167730762556,10.489999771118164,0.3592966392976793,4995921854.005,2652.07
2017-12-15,2675.81005859375,0.008934313410143169,9.420000076293945,0.3520794102377088,4052381577.72,2675.71
2017-12-18,2690.159912109375,0.005348478579596971,9.529999732971191,0.3525380477302373,4789244130.62,2690.22
2017-12-19,2681.469970703125,-0.003235498043117957,10.029999732971191,0.3426259741449386,4487952788.9,2681.47
2017-12-20,2679.25,-0.0008282360735725192,9.720000267028809,0.3758628493598562,4195335914.92,2679.25
2017-12-21,2684.570068359375,0.001983687012658386,9.619999885559082,0.3665692856405075,4418995150.95,2684.59
2017-12-22,2683.340087890625,-0.00045827163811384963,9.899999618530273,0.3832727155557058,4096336394.665,2683.36
2017-12-26,2680.5,-0.0010589757000589728,10.25,0.3980475826034513,3825725876.34,2680.5
2017-12-27,2682.6201171875,0.0007906283102423473,10.470000267028809,0.3560793251249206,4128878605.015,2682.6
2017-12-28,2687.5400390625,0.0018323190029194691,10.180000305175781,0.3704361222564958,4664796613.88,2687.52
2017-12-29,2673.610107421875,-0.005196632292747694,11.039999961853027,0.3917257256183982,3351766524.91,2674.09
2018-01-02,2695.81005859375,0.008269078218397397,9.770000457763672,0.3586594271415929,5104672299.74,2695.79
2018-01-03,2713.06005859375,0.006378433243936499,9.149999618530273,0.3617313496649001,6227584426.44,2713.06
2018-01-04,2723.989990234375,0.004020542855326603,9.220000267028809,0.3796517869431588,6817650988.48,2723.98
2018-01-05,2743.14990234375,0.007009145888585699,9.220000267028809,0.3764925874005508,6572707311.26,2742.98
2018-01-08,2747.7099609375,0.0016609637672972966,9.520000457763672,0.3820673548316148,6870883578.56,2747.68
2018-01-09,2751.2900390625,0.0013020835172978806,10.079999923706055,0.3767479111544614,6770874051.855,2751.3
2018-01-10,2748.22998046875,-0.0011128458115203799,9.819999694824219,0.3802258957559919,6789551646.719,2748.22
2018-01-11,2767.56005859375,0.007009025768881294,9.880000114440918,0.3600090549752855,7951915844.1114,2767.55
2018-01-12,2786.239990234375,0.006726926399094779,10.15999984741211,0.3805778827968454,7173202577.632,2786.22
2018-01-16,2776.419921875,-0.0035307132616031467,11.65999984741211,0.3720702027417006,6959809025.195,2776.42
2018-01-17,2802.56005859375,0.009371006206502663,11.90999984741211,0.360791030699119,7577134958.967,2802.56
2018-01-18,2798.030029296875,-0.0016176974974735359,12.220000267028809,0.3602269161146211,7644008229.99,2798.07
2018-01-19,2810.300048828125,0.004375647986989861,11.270000457763672,0.3641087029033941,3593970429.88,2810.29
2018-01-22,2832.969970703125,0.00803436438221361,11.029999732971191,0.3305550996844956,4373024751.94,2832.97
2018-01-23,2839.1298828125,0.0021720049682221187,11.100000381469727,0.3541737050598471,4800925654.2188,2839.19
2018-01-24,2837.5400390625,-0.0005601325472319729,11.470000267028809,0.3537028917742587,4411708369.174,2837.6
2018-01-25,2839.25,0.0006024393988326437,11.579999923706055,0.3522102817042903,4760333570.865,2839.28
2018-01-26,2872.8701171875,0.011771638106083948,11.079999923706055,0.3397655716720019,4205395487.39,2872.8
2018-01-29,2853.530029296875,-0.006754736284862339,13.84000015258789,0.3545219907848362,3702808441.51,2853.5
2018-01-30,2822.429931640625,-0.010958642805337426,14.789999961853027,0.341564500575004,3167661452.145,2822.46
2018-01-31,2823.81005859375,0.0004888658586947869,13.539999961853027,0.3627640866651613,3283853686.065,2823.9
2018-02-01,2821.97998046875,-0.000648298352023069,13.470000267028809,0.3608138992077483,3586702014.29,2822.02
2018-02-02,2762.1298828125,-0.021436680516699447,17.309999465942383,0.3706254582132939,1759752169.87,2761.94
2018-02-05,2648.93994140625,-0.041842540938381134,37.31999969482422,0.3793188486570066,-290859250.9026,2648.96
2018-02-06,2695.139892578125,0.017290573348937244,29.979999542236328,0.4188131328460481,880533617.98,2695.19
2018-02-07,2681.659912109375,-0.005014138223752518,27.729999542236328,0.3927548880008951,392240276.78,2681.62
2018-02-08,2581.0,-0.038259052245801506,33.459999084472656,0.4224347672508821,-1572473954.0187,2581.03
2018-02-09,2619.550048828125,0.014825645199524118,29.059999465942383,0.3987053881499903,-407018448.625,2619.55
2018-02-12,2656.0,0.013818665678186015,25.610000610351562,0.4173835610518792,247139927.23,2655.95
2018-02-13,2662.93994140625,0.0026095219802773073,24.969999313354492,0.4134685980602712,644932796.35,2662.97
2018-02-14,2698.6298828125,0.013313439808896987,19.260000228881836,0.4095018642887655,2194669015.25,2698.66
2018-02-15,2731.199951171875,0.011996861776776058,19.1299991607666,0.407739206773797,3755415455.517,2731.2
2018-02-16,2732.219970703125,0.00037339964992089136,19.459999084472656,0.3978645767362991,2205235784.85,2732.21
2018-02-20,2716.260009765625,-0.005858517106837269,20.600000381469727,0.3936411560467815,1944371276.77,2716.26
2018-02-21,2701.330078125,-0.005511664483310419,20.020000457763672,0.4185553252700987,2109151018.45,2701.39
2018-02-22,2703.9599609375,0.0009730774855780666,18.719999313354492,0.4084306233642362,2108961974.2,2703.96
2018-02-23,2747.300048828125,0.015901278245120665,16.489999771118164,0.3884394572645612,3050120601.3,2747.36
2018-02-26,2779.60009765625,0.011688438620627295,15.800000190734863,0.3695247942802478,4120671858.23,2779.6
2018-02-27,2744.280029296875,-0.01278831144146686,18.59000015258789,0.4003239608713739,3083412585.11,2744.28
2018-02-28,2713.830078125,-0.011157806083656574,19.850000381469727,0.3993031599463898,1977841424.44,2713.78
2018-03-01,2677.669921875,-0.013413965854875975,22.469999313354492,0.4243261867302946,669570064.29,2677.51
2018-03-02,2691.25,0.005058785485198669,19.59000015258789,0.4122454540663458,1603757717.42,2691.26
2018-03-05,2720.93994140625,0.010971617610525897,18.729999542236328,0.3988033945384561,2562279324.87,2720.95
2018-03-06,2728.1201171875,0.0026353829319969435,18.360000610351562,0.420584868983078,3119066252.71,2728.13
2018-03-07,2726.800048828125,-0.00048399182571667865,17.760000228881836,0.4326976161104801,3337911437.55,2726.87
2018-03-08,2738.969970703125,0.004453148208884983,16.540000915527344,0.4097195949764394,4143332751.5,2738.96
2018-03-09,2786.570068359375,0.017229546741207358,14.640000343322754,0.3865537056281849,4764827621.28,2786.53
2018-03-12,2783.02001953125,-0.0012747973379978461,15.779999732971191,0.4354749885283394,4860254942.4,2783.03
2018-03-13,2765.31005859375,-0.006383910414315075,16.350000381469727,0.4417259257174707,3836021863.105,2765.3
2018-03-14,2749.47998046875,-0.005740969825188458,17.229999542236328,0.4366968657499389,3378639150.62,2749.51
2018-03-15,2747.330078125,-0.0007822363990968029,16.59000015258789,0.4109766243321769,3305740195.76,2747.33
2018-03-16,2752.010009765625,0.0017019979472321367,15.800000190734863,0.4067167420297723,2377232464.15,2751.79
2018-03-19,2712.919921875,-0.014306040541374188,19.020000457763672,0.4297425415267307,1175145674.42,2712.93
2018-03-20,2716.93994140625,0.0014807086617194543,18.200000762939453,0.4064598119107592,1699815365.82,2716.94
2018-03-21,2711.929931640625,-0.001845692125629128,17.860000610351562,0.4186079689759385,1537756387.43,2711.92
2018-03-22,2643.68994140625,-0.02548488697285478,23.34000015258789,0.4217830030943029,-314435641.46,2643.7
2018-03-23,2588.260009765625,-0.021189807311750464,24.8700008392334,0.4335092284650585,-458889987.57,2588.25
2018-03-26,2658.550048828125,0.02679504070603489,21.030000686645508,0.4254340759839082,830561198.155,2658.55
2018-03-27,2612.6201171875,-0.017427285645321255,22.5,0.4472377388967875,-386192078.94,2612.62
2018-03-28,2605.0,-0.0029209188994627766,22.8700008392334,0.4359926695243567,-700363602.0,2605.0
2018-03-29,2640.8701171875,0.013675777493843633,19.969999313354492,0.4216334453579263,503862629.14,2641.91
2018-04-02,2581.8798828125,-0.022590682343496482,23.6200008392334,0.4544552279155804,-529523973.83,2581.82
2018-04-03,2614.449951171875,0.012535961315741417,21.100000381469727,0.4328593862472088,55832813.425,2614.43
2018-04-04,2644.68994140625,0.011500102346446717,20.059999465942383,0.4266170690468409,882950576.08,2644.68
2018-04-05,2662.840087890625,0.006839421401651613,18.940000534057617,0.4262138894557403,1957752253.445,2662.81
2018-04-06,2604.469970703125,-0.02216406705706575,21.489999771118164,0.477097593991174,55613925.81,2604.44
2018-04-09,2613.159912109375,0.0033309949675937034,21.770000457763672,0.4113571898924514,183350195.13,2613.16
2018-04-10,2656.8701171875,0.016588598996313486,20.469999313354492,0.4388048741431199,1545747105.11,2656.85
2018-04-11,2642.18994140625,-0.005540685772460918,20.239999771118164,0.4548811445927431,1196205218.03,2642.19
2018-04-12,2663.989990234375,0.008216898697656738,18.489999771118164,0.4365379406249075,2190652243.21,2664.01
2018-04-13,2656.300048828125,-0.0028907998267069246,17.40999984741211,0.44038125405451,1373017692.91,2656.31
2018-04-16,2677.840087890625,0.0080763368015635,16.559999465942383,0.4207425794040148,2189160271.28,2677.89
2018-04-17,2706.389892578125,0.010605071613866812,15.25,0.414632037875642,3825295233.32,2706.39
2018-04-18,2708.639892578125,0.0008310204075527849,15.600000381469727,0.4182954914021394,4087229001.94,2708.65
2018-04-19,2693.1298828125,-0.005742581795832535,15.960000038146973,0.4357139839655664,3825622132.49,2693.13
2018-04-20,2670.139892578125,-0.008573177188352155,16.8799991607666,0.4310340187243408,1576649965.66,2670.15
2018-04-23,2670.2900390625,5.6230111184163434e-05,16.34000015258789,0.4201430824298045,1514516029.805,2670.28
2018-04-24,2634.56005859375,-0.013470888006475334,18.020000457763672,0.4491219815767364,504608616.71,2634.57
2018-04-25,2639.39990234375,0.001835374232824094,17.84000015258789,0.4522125967746486,650553973.24,2639.36
2018-04-26,2666.93994140625,0.010380144187376317,16.239999771118164,0.4324412867443539,1950646322.1725,2667.12
2018-04-27,2669.909912109375,0.0011130052713639316,15.40999984741211,0.4148471358838,1956197495.505,2669.94
2018-04-30,2648.050048828125,-0.00822119254892062,15.930000305175781,0.4266868799132368,1346647655.89,2648.07
2018-05-01,2654.800048828125,0.0025458021710269563,15.489999771118164,0.4302565603439968,1850593837.56,2654.7
2018-05-02,2635.669921875,-0.007231951201402076,15.970000267028809,0.418075285692821,1581836989.93,2635.66
2018-05-03,2629.72998046875,-0.00225621758506378,15.899999618530273,0.4224796018345353,1412590884.09,2629.74
2018-05-04,2663.419921875,0.012729810028334398,14.770000457763672,0.4233007668862459,2384530565.08,2663.47
2018-05-07,2672.6298828125,0.003451980554990186,14.75,0.4202944534642835,3145903981.87,2672.6
2018-05-08,2671.919921875,-0.00026567661173348966,14.710000038146973,0.4276686562118553,3196530055.22,2671.92
2018-05-09,2697.7900390625,0.009635647934868707,13.420000076293945,0.413022317879179,4715828884.73,2697.79
2018-05-10,2723.070068359375,0.009327011603848412,13.229999542236328,0.4266558337470744,5561937365.32,2723.05
2018-05-11,2727.719970703125,0.0017061392709614154,12.649999618530273,0.416560064858829,4425220746.24,2727.73
2018-05-14,2730.1298828125,0.0008830995101263284,12.930000305175781,0.4306810565971546,4754646369.36,2730.37
2018-05-15,2711.449951171875,-0.006865655043990948,14.630000114440918,0.442138768990568,3331060808.42,2711.47
2018-05-16,2722.4599609375,0.004052339847514297,13.420000076293945,0.4229957279386879,4245402572.0648,2722.48
2018-05-17,2720.1298828125,-0.0008562387886099643,13.430000305175781,0.4442721358397097,3594238409.76,2720.12
2018-05-18,2712.969970703125,-0.002635665254550723,13.420000076293945,0.4268421301363223,2151459414.28,2713.02
2018-05-21,2733.010009765625,0.007359604547933607,13.079999923706055,0.4265603135310021,3062676879.5,2733.03
2018-05-22,2724.43994140625,-0.003140688592875307,13.220000267028809,0.4322326177045915,2812965624.015,2724.5
2018-05-23,2733.2900390625,0.0032431452068992783,12.579999923706055,0.4391368304777744,3876081266.97,2733.28
2018-05-24,2727.760009765625,-0.002025262957722873,12.529999732971191,0.4494906139964896,4045804067.8,2727.79
2018-05-25,2721.330078125,-0.002360003054185711,13.220000267028809,0.4302073640991877,3155602060.7,2721.3
2018-05-29,2689.860107421875,-0.011631572511792143,17.020000457763672,0.4516745849471354,2307985090.11,2689.83
2018-05-30,2724.010009765625,0.012615875351923656,14.9399995803833,0.4154452595477603,3788835456.305,2724.06
2018-05-31,2705.27001953125,-0.006903333243434062,15.430000305175781,0.4461787183322795,3668514396.88,2705.32
2018-06-01,2734.6201171875,0.010790799709239352,13.460000038146973,0.4272626685866477,3988109847.62,2734.58
2018-06-04,2746.8701171875,0.004469594898352192,12.739999771118164,0.4236543028048935,4652474394.15,2746.87
2018-06-05,2748.800048828125,0.000702346269576104,12.399999618530273,0.4441780259862442,4769731072.14,2748.81
2018-06-06,2772.35009765625,0.008530900637311767,11.640000343322754,0.4176729045074301,5830607526.43,2772.3
2018-06-07,2770.3701171875,-0.000714443621984806,12.130000114440918,0.4349159957780388,5339908449.04,2770.33
2018-06-08,2779.030029296875,0.0031210289077518993,12.180000305175781,0.443660652700635,4912654806.5,2778.98
2018-06-11,2782.0,0.0010681370069400842,12.350000381469727,0.4279765061815364,5319632165.72,2782.0
2018-06-12,2786.85009765625,0.0017418672787039569,12.34000015258789,0.4104240964183828,6023685867.13,2786.84
2018-06-13,2775.6298828125,-0.004034254541411819,12.9399995803833,0.4519504656664861,5815433663.97,2775.63
2018-06-14,2782.489990234375,0.0024685005225038026,12.119999885559082,0.4447428743541997,6727663484.26,2782.55
2018-06-15,2779.659912109375,-0.0010176203154941277,11.979999542236328,0.4381615261865274,2864671245.07,2779.44
2018-06-18,2773.75,-0.0021283911808867018,12.3100004196167,0.4270174917212395,3105568040.35,2773.87
2018-06-19,2762.590087890625,-0.00403151795139145,13.350000381469727,0.4350709087750882,2978830498.47,2762.57
2018-06-20,2767.320068359375,0.001710690224112632,12.789999961853027,0.4368946603299017,3635122358.3165,2767.34
2018-06-21,2749.760009765625,-0.006365728843220175,14.640000343322754,0.4437448316206984,2140074979.7492,2749.76
2018-06-22,2754.8798828125,0.0018602032551342518,13.770000457763672,0.4097169017591333,2165247594.04,2754.89
2018-06-25,2717.070068359375,-0.013819722967770787,17.329999923706055,0.4349813196029505,540369643.95,2717.08
2018-06-26,2723.06005859375,0.0022021505056963875,15.920000076293945,0.4305939431896516,1176139452.105,2723.04
2018-06-27,2699.6298828125,-0.008641586313141048,17.90999984741211,0.4463822319978727,138804939.2005,2699.66
2018-06-28,2716.31005859375,0.006159680019031555,16.850000381469727,0.435326023000611,1277153188.93,2716.32
2018-06-29,2718.3701171875,0.0007581158875167304,16.09000015258789,0.4339905333630444,1327486451.41,2718.57
2018-07-02,2726.7099609375,0.0030632608342937573,15.600000381469727,0.4326721653011985,1849445413.58,2726.56
2018-07-03,2713.219970703125,-0.004959629280533839,16.139999389648438,0.4306500915929319,1021590997.21,2713.22
2018-07-05,2736.610107421875,0.00858385674553741,14.970000267028809,0.4361609352057261,2214395300.0,2736.7
2018-07-06,2759.820068359375,0.00844551760058021,13.369999885559082,0.4157937938848649,2694101430.5,2759.79
2018-07-09,2784.169921875,0.00878429078534193,12.6899995803833,0.4380944576946251,4124985704.61,2784.2
2018-07-10,2793.840087890625,0.003467249318822141,12.640000343322754,0.4230257953173014,4665824180.22,2793.82
2018-07-11,2774.02001953125,-0.007119486371916395,13.630000114440918,0.4342778674974629,3988981721.09,2774.04
2018-07-12,2798.2900390625,0.008710991580171523,12.579999923706055,0.4075679188855047,5804466919.03,2798.33
2018-07-13,2801.31005859375,0.0010786555366086858,12.180000305175781,0.4240101152690504,4318722133.1,2801.26
2018-07-16,2798.429931640625,-0.0010286646208985673,12.829999923706055,0.4341955876774082,4536613826.41,2798.44
2018-07-17,2809.550048828125,0.0039658243434432805,12.0600004196167,0.4551267612783561,5274946022.29,2809.6
2018-07-18,2815.6201171875,0.002158182076737347,12.100000381469727,0.4187872587814186,5679877109.12,2815.62
2018-07-19,2804.489990234375,-0.003960826849048971,12.869999885559082,0.4400814225727855,4656701208.47,2804.52
2018-07-20,2801.830078125,-0.0009488977712743818,12.859999656677246,0.4247407367988614,2441052805.07,2801.84
2018-07-23,2806.97998046875,0.001836362343230924,12.619999885559082,0.4068555242800848,2637386284.63,2806.97
2018-07-24,2820.39990234375,0.004769518886053703,12.40999984741211,0.4049563657831913,3446396573.67,2820.34
2018-07-25,2846.070068359375,0.009060435070372463,12.289999961853027,0.4115379244175904,4533887785.96,2846.01
2018-07-26,2837.43994140625,-0.003036902748867476,12.140000343322754,0.3996532341094603,4420080681.505,2837.43
2018-07-27,2818.820068359375,-0.006583834644844799,13.029999732971191,0.3998132339992524,2925301947.86,2818.85
2018-07-30,2802.60009765625,-0.005770789315587166,14.260000228881836,0.3952878206750159,1927611458.56,2802.61
2018-07-31,2816.2900390625,0.004872837219302539,12.829999923706055,0.4008893739432651,2176867642.56,2816.23
2018-08-01,2813.360107421875,-0.001040893067570714,13.149999618530273,0.4092167813086804,2652864480.575,2813.42
2018-08-02,2827.219970703125,0.004914349582208821,12.1899995803833,0.3944033979880846,4221703298.741,2827.27
2018-08-03,2840.35009765625,0.004633432065348053,11.640000343322754,0.4119711736008584,3551087359.34,2840.35
2018-08-06,2850.39990234375,0.0035319826508013463,11.270000457763672,0.4022963017961707,4432342494.785,2850.45
2018-08-07,2858.449951171875,0.0028202017464860063,10.930000305175781,0.39906205033679,5108370076.68,2858.48
2018-08-08,2857.699951171875,-0.0002624143932949963,10.850000381469727,0.4027087885591997,5292109110.1235,2857.72
2018-08-09,2853.580078125,-0.0014427146770401578,11.270000457763672,0.4070787428598802,5211226091.47,2853.58
2018-08-10,2833.280029296875,-0.007139312263245046,13.15999984741211,0.4227900072398826,3077839473.49,2833.27
2018-08-13,2821.929931640625,-0.004014037665980297,14.779999732971191,0.4203249015199041,2837130072.31,2821.95
2018-08-14,2839.9599609375,0.006368930016417806,13.3100004196167,0.4082229566829399,4023188862.41,2839.99
2018-08-15,2818.3701171875,-0.007631208581378779,14.640000343322754,0.4209709354528141,2085245978.14,2818.42
2018-08-16,2840.68994140625,0.007888214552638217,13.449999809265137,0.3891775527246002,3263179010.94,2840.72
2018-08-17,2850.1298828125,0.003317606375262905,12.640000343322754,0.4158415860918889,2411927575.225,2850.14
2018-08-20,2857.050048828125,0.002425074902128621,12.489999771118164,0.4021996305714619,2693750595.1665,2857.05
2018-08-21,2862.9599609375,0.002066399954626874,12.859999656677246,0.4019380960924826,3276857875.32,2862.88
2018-08-22,2861.820068359375,-0.0003982310542438583,12.25,0.4029458152667753,3999483245.42,2861.83
2018-08-23,2856.97998046875,-0.0016926939235348826,12.40999984741211,0.4025003945482466,3824789266.98,2856.98
2018-08-24,2874.68994140625,0.006179705928285095,11.989999771118164,0.3929194298921378,3501195296.745,2874.7
2018-08-27,2896.739990234375,0.007641141407110474,12.15999984741211,0.3959603180511393,4941883900.13,2896.71
2018-08-28,2897.52001953125,0.000269242077598264,12.5,0.4024343698875312,5118946552.53,2897.57
2018-08-29,2914.0400390625,0.005685242468912222,12.25,0.4100195969297476,6270317608.04,2914.04
2018-08-30,2901.1298828125,-0.004440172044458457,13.529999732971191,0.4283233123394831,5975640565.56,2901.13
2018-08-31,2901.52001953125,0.0001344684673050267,12.859999656677246,0.425852063066878,3966964283.56,2901.44
2018-09-04,2896.719970703125,-0.0016556920488790539,13.15999984741211,0.4079348103433497,3366180323.97,2896.73
2018-09-05,2888.60009765625,-0.0028070628012661913,13.90999984741211,0.393477663593455,2711506950.41,2888.66
2018-09-06,2878.050048828125,-0.0036589910366187084,14.649999618530273,0.3917426253018848,1178267245.493,2878.08
2018-09-07,2871.679931640625,-0.0022157978950136936,14.880000114440918,0.4151575251933794,2473373750.75,2871.73
2018-09-10,2877.1298828125,0.0018960282146931462,14.15999984741211,0.4261918061784981,2217879823.06,2877.16
2018-09-11,2887.889892578125,0.0037328656897148704,13.220000267028809,0.385127012090088,3524473808.96,2887.91
2018-09-12,2888.919921875,0.00035660834989403867,13.140000343322754,0.4129380153364832,3886323590.68,2888.92
2018-09-13,2904.179931640625,0.005268352159391476,12.369999885559082,0.4036682311399039,5055063637.47,2904.2
2018-09-14,2904.97998046875,0.0002754439007661702,12.069999694824219,0.3927904674036228,3677162317.26,2905.02
2018-09-17,2888.800048828125,-0.00558529099154903,13.680000305175781,0.4256561791471444,2456434907.84,2888.85
2018-09-18,2904.31005859375,0.005354652867625376,12.789999961853027,0.3940425754512729,3278023101.29,2904.32
2018-09-19,2907.949951171875,0.0012524880331721278,11.75,0.3895250715805848,3951373405.1,2907.94
2018-09-20,2930.75,0.007810014185328562,11.800000190734863,0.4014920191973742,5910353360.946,2930.75
2018-09-21,2929.669921875,-0.0003686009370067467,11.680000305175781,0.4292120436623198,2724444350.07,2929.22
2018-09-24,2919.3701171875,-0.0035218823140139577,12.199999809265137,0.3906230302327947,2703187780.086,2919.37
2018-09-25,2915.56005859375,-0.0013059484931181586,12.420000076293945,0.3853106818154539,3379749724.73,2915.58
2018-09-26,2905.969970703125,-0.0032946996811595852,12.890000343322754,0.397648123143242,3276840640.215,2906.02
2018-09-27,2914.0,0.0027594762285110264,12.40999984741211,0.3737747905691267,4843758173.1,2914.0
2018-09-28,2913.97998046875,-6.870144138027001e-06,12.119999885559082,0.397763054470822,3114529990.5513,2913.95
2018-10-01,2924.590087890625,0.003634492342198037,12.0,0.3811759343076275,3672224009.1,2924.64
2018-10-02,2923.429931640625,-0.0003967689102788441,12.050000190734863,0.3991487326544982,2934354579.4,2923.42
2018-10-03,2925.510009765625,0.0007112667367188408,11.609999656677246,0.4119430050685629,3028216317.22,2925.48
2018-10-04,2901.610107421875,-0.008203035421010085,14.220000267028809,0.4118229553880048,1136127138.82,2901.61
2018-10-05,2885.570068359375,-0.0055433145846226495,14.819999694824219,0.397385537620392,1310544943.09,2885.57
2018-10-08,2884.429931640625,-0.0003951947083491447,15.6899995803833,0.380631091272324,1115410435.65,2884.55
2018-10-09,2880.340087890625,-0.0014189098341548245,15.949999809265137,0.3936011568298974,1034143167.32,2880.35
2018-10-10,2785.679931640625,-0.03341638904260158,22.959999084472656,0.399704134679423,-1396394101.0834,2785.76
2018-10-11,2728.3701171875,-0.020787579972541437,24.979999542236328,0.3953675801360995,-2204206434.5764,2728.39
2018-10-12,2767.1298828125,0.0141062354083763,21.309999465942383,0.4340848075147121,-799233330.975,2767.03
2018-10-15,2750.7900390625,-0.005922482291300213,21.299999237060547,0.4189438387536269,-1381848130.18,2750.8
2018-10-16,2809.919921875,0.021267828034901015,17.6200008392334,0.3891040602839659,474268302.36,2810.03
2018-10-17,2809.2099609375,-0.0002526942626648321,17.399999618530273,0.4147196288334451,758333640.66,2809.2
2018-10-18,2768.780029296875,-0.014496490575340637,20.059999465942383,0.4149643849742547,-1029438669.56,2769.15
2018-10-19,2767.780029296875,-0.0003612351352799692,19.889999389648438,0.4151110498517765,163142302.96,2767.73
2018-10-22,2755.8798828125,-0.00430879709647769,19.639999389648438,0.4009983358234329,44405327.86,2755.87
2018-10-23,2740.68994140625,-0.005527076180694479,20.709999084472656,0.396488373687246,721931.91,2740.68
2018-10-24,2656.10009765625,-0.03135077386114027,25.229999542236328,0.4273424854285284,-1077040424.97,2656.29
2018-10-25,2705.570068359375,0.01845371797871387,24.219999313354492,0.4012670648127439,-274658001.14,2705.61
2018-10-26,2658.68994140625,-0.017479138010003226,24.15999984741211,0.4135767339895953,-671401605.16,2658.5
2018-10-29,2641.25,-0.006581208295194152,24.700000762939453,0.3987531072794071,-858555385.87,2641.12
2018-10-30,2682.6298828125,0.01554532297187805,23.350000381469727,0.3822592453700422,-392313380.19,2682.64
2018-10-31,2711.739990234375,0.0107928787545708,21.229999542236328,0.4136474257248404,510464123.74,2711.7
2018-11-01,2740.3701171875,0.010502498868529386,19.34000015258789,0.4125491476018352,1403817171.71,2740.34
2018-11-02,2723.06005859375,-0.0063367210558800124,19.510000228881836,0.4463509809455284,476260173.04,2722.7
2018-11-05,2738.31005859375,0.005584693697194609,19.959999084472656,0.3930471744406636,528749576.53,2738.31
2018-11-06,2755.449951171875,0.006239787744408254,19.90999984741211,0.405236640320379,998457377.19,2755.5
2018-11-07,2813.889892578125,0.020987078560773753,16.360000610351562,0.3977210078256171,3237433461.43,2813.79
2018-11-08,2806.830078125,-0.0025120689884907677,16.719999313354492,0.4086246320227739,2806110743.01,2806.84
2018-11-09,2781.010009765625,-0.009241585915372497,17.360000610351562,0.4066339195302693,1144125546.8,2781.13
2018-11-12,2726.219970703125,-0.0198981509854681,20.450000762939453,0.4036965981863512,-144822213.3,2726.26
2018-11-13,2722.179931640625,-0.0014830188221734986,20.020000457763672,0.411928213439856,-147305645.11,2722.04
2018-11-14,2701.580078125,-0.007596188818451033,21.25,0.4008958265535075,-619059505.11,2701.74
2018-11-15,2730.199951171875,0.010538032742642756,19.979999542236328,0.4060662951858883,174032784.77,2730.36
2018-11-16,2736.27001953125,0.0022208375374832556,18.139999389648438,0.4137444720818583,532424709.075,2736.29
2018-11-19,2690.72998046875,-0.01678316123572099,20.100000381469727,0.3762483024449731,-74809599.57,2690.78
2018-11-20,2641.889892578125,-0.018317995556586197,22.479999542236328,0.3820896336317643,-681335405.54,2641.8
2018-11-21,2649.929931640625,0.003038669310766906,20.799999237060547,0.4175136674448828,-601903150.805,2649.99
2018-11-23,2632.56005859375,-0.006576419711855408,21.520000457763672,0.4239690721226224,-516121747.37,2632.56
2018-11-26,2673.449951171875,0.015412975845366716,18.899999618530273,0.41321448497774,93513112.41,2673.45
2018-11-27,2682.169921875,0.003256384364612508,19.020000457763672,0.4041617372263907,436332486.5,2682.12
2018-11-28,2743.7900390625,0.022714051303114324,18.489999771118164,0.4328471984165817,2232535254.12,2743.78
2018-11-29,2737.800048828125,-0.0021854945453938512,18.790000915527344,0.439272808893976,2256852360.98,2737.76
2018-11-30,2760.169921875,0.008137547716617455,18.06999969482422,0.4332969186356036,1746919857.67,2760.16
2018-12-03,2790.3701171875,0.010882001794362495,16.440000534057617,0.4040020273507808,2852734190.682,2790.37
2018-12-04,2700.06005859375,-0.03290022883855581,20.739999771118164,0.4212987482842092,211888511.05,2700.06
2018-12-06,2695.949951171875,-0.001523387914144081,21.190000534057617,0.4078082010460755,431713555.91,2695.95
2018-12-07,2633.080078125,-0.02359633545632267,23.229999542236328,0.4357838151029154,-504674341.2,2632.99
2018-12-10,2637.719970703125,0.0017606032229169344,22.639999389648438,0.3780443759714829,-375947314.93,2637.72
2018-12-11,2636.780029296875,-0.0003564096753061463,21.760000228881836,0.4023246853566826,-201598330.33,2637.03
2018-12-12,2651.070068359375,0.005404871010351364,21.459999084472656,0.3879206557960146,236728313.07,2651.07
2018-12-13,2650.5400390625,-0.00019995031241482053,20.649999618530273,0.4021361239082947,265020913.47,2650.54
2018-12-14,2599.949951171875,-0.01927121226870021,21.6299991607666,0.4065261814044208,-804333850.05,2599.95
2018-12-17,2545.93994140625,-0.020992284828576402,24.520000457763672,0.4025379159553988,-1673337523.3215,2545.94
2018-12-18,2546.159912109375,8.639685378852846e-05,25.579999923706055,0.4109752592651808,-1424748790.78,2546.16
2018-12-19,2506.9599609375,-0.015515459175936108,25.579999923706055,0.4379963348733017,-2235910856.23,2506.96
2018-12-20,2467.419921875,-0.015897809484104464,28.3799991607666,0.4147437049843939,-2567871605.38,2467.41
2018-12-21,2416.6201171875,-0.020803120498540828,30.110000610351562,0.4092493619023651,-1350551226.89,2416.63
2018-12-24,2351.10009765625,-0.02748657287831424,36.06999969482422,0.4277407996032184,-1726171988.74,2351.1
2018-12-26,2467.699951171875,0.0484031776708056,30.40999984741211,0.4551074201838129,-624662702.74,2467.7
2018-12-27,2488.830078125,0.008526228968816163,29.959999084472656,0.4710263956514197,-218526888.785,2488.83
2018-12-28,2485.739990234375,-0.0012423539102313086,28.34000015258789,0.4508256388040964,-523373659.13,2485.74
2018-12-31,2506.85009765625,0.00845662586220719,25.420000076293945,0.4472231673852819,-246393093.455,2506.85
2019-01-02,2510.030029296875,0.0012676930626263072,23.219999313354492,0.4822586957108941,-96696805.65,2510.03
2019-01-03,2447.889892578125,-0.025068331818915546,25.450000762939453,0.4627767874305583,-1015709459.62,2447.89
2019-01-04,2531.93994140625,0.033759399060347306,21.3799991607666,0.4439222029591675,88481012.8,2531.94
2019-01-07,2549.68994140625,0.006985975995229765,21.399999618530273,0.4537095628460786,472253328.95,2549.69
2019-01-08,2574.409912109375,0.009648587336497094,20.469999313354492,0.4518629959372734,1087226846.17,2574.41
2019-01-09,2584.9599609375,0.004089671332821787,19.979999542236328,0.4662657951478837,1294438198.62,2584.96
2019-01-10,2596.639892578125,0.004508241374462152,19.5,0.4529274889113129,1534655632.059,2596.63
2019-01-11,2596.260009765625,-0.0001463085444823875,18.190000534057617,0.4614641754598831,1118377810.16,2596.26
2019-01-14,2582.610107421875,-0.005271394587249567,19.06999969482422,0.4592292602864333,688458333.12,2582.61
2019-01-15,2610.300048828125,0.010664618879761001,18.600000381469727,0.4563619519652734,1966014371.59,2610.3
2019-01-16,2616.10009765625,0.00221952052908847,19.040000915527344,0.4577162461948135,2089639177.24,2616.1
2019-01-17,2635.9599609375,0.007562730706236032,18.059999465942383,0.468120247629983,3018602481.57,2635.96
2019-01-18,2670.7099609375,0.013096912839855257,17.799999237060547,0.4575203947300968,1559369882.52,2670.71
2019-01-22,2632.89990234375,-0.014258476827971656,20.799999237060547,0.4287782924742844,741811818.3125,2632.9
2019-01-23,2638.699951171875,0.0022004899194500993,19.520000457763672,0.431434087428765,924567396.87,2638.7
2019-01-24,2642.330078125,0.0013747801109778024,18.889999389648438,0.4293705729757185,1205020174.77,2642.33
2019-01-25,2664.760009765625,0.008452867700517785,17.420000076293945,0.4170022734771224,1315967588.27,2664.76
2019-01-28,2643.85009765625,-0.007877775848708524,18.8700008392334,0.4334830182685116,1029074479.16,2643.85
2019-01-29,2640.0,-0.0014573079351150042,19.1299991607666,0.423230403944224,872710620.18,2640.0
2019-01-30,2681.050048828125,0.015429609891559615,17.65999984741211,0.4309470604899384,2059768944.55,2681.05
2019-01-31,2704.10009765625,0.0085606488097687,16.56999969482422,0.4179167373640004,2816569716.63,2704.1
2019-02-01,2706.530029296875,0.000898206584806438,16.139999389648438,0.4328376794473127,2037890380.93,2706.53
2019-02-04,2724.8701171875,0.006753381117479584,15.729999542236328,0.4273491417341539,2651320973.3,2724.87
2019-02-05,2737.699951171875,0.004697370437350301,15.569999694824219,0.4340377259893463,3402101379.91,2737.7
2019-02-06,2731.610107421875,-0.0022269157175083265,15.380000114440918,0.4406807004348221,2899263645.91,2731.61
2019-02-07,2706.050048828125,-0.009401193202230651,16.3700008392334,0.449229454639596,1478314706.253,2706.04
2019-02-08,2707.8798828125,0.0006759725660128169,15.720000267028809,0.4446579741898839,1678506190.035,2707.88
2019-02-11,2709.800048828125,0.000708851803818078,15.970000267028809,0.410361816200837,1697150333.89,2709.8
2019-02-12,2744.72998046875,0.01280785290283859,15.430000305175781,0.4109739201697958,3152210828.46,2744.73
2019-02-13,2753.030029296875,0.003019431593711097,15.649999618530273,0.4291487931390902,3507457725.65,2753.03
2019-02-14,2745.72998046875,-0.0026551633836984223,16.219999313354492,0.4493304661632891,3090404163.37,2745.73
2019-02-15,2775.60009765625,0.010820004664958027,14.90999984741211,0.4192599763843758,2110208349.56,2775.6
2019-02-19,2779.760009765625,0.0014976213265915916,14.880000114440918,0.4056814991450234,2495344036.92,2779.76
2019-02-20,2784.699951171875,0.001775533560740783,14.020000457763672,0.4338296165302072,2647972675.448,2784.7
2019-02-21,2774.8798828125,-0.0035326693258417308,14.460000038146973,0.435948105129791,2191834768.79,2774.88
2019-02-22,2792.669921875,0.006390638694711015,13.510000228881836,0.4146083121410495,2564574167.79,2792.67
2019-02-25,2796.110107421875,0.0012311044497517187,14.850000381469727,0.4027784910177692,2718344115.64,2796.11
2019-02-26,2793.89990234375,-0.000790769672840419,15.170000076293945,0.4361999328393908,2779307701.91,2793.9
2019-02-27,2792.3798828125,-0.0005441974362980773,14.699999809265137,0.4361609333344247,2821204312.03,2792.38
2019-02-28,2784.489990234375,-0.00282950759895062,14.779999732971191,0.4286111088497488,2457292621.19,2784.49
2019-03-01,2803.68994140625,0.006871656588713471,13.569999694824219,0.4320047353705026,2849712007.54,2803.69
2019-03-04,2792.81005859375,-0.003888107395255247,14.630000114440918,0.4254243623902551,2814839966.48,2792.81
2019-03-05,2789.64990234375,-0.0011321734897071778,14.739999771118164,0.4255348945094788,2834080426.94,2789.65
2019-03-06,2771.449951171875,-0.00654547360412483,15.739999771118164,0.4821749213855121,2111785443.814,2771.45
2019-03-07,2748.929931640625,-0.008158911138330893,16.59000015258789,0.47760212106215,557643405.82,2748.93
2019-03-08,2743.070068359375,-0.002133964131454391,16.049999237060547,0.453461437678349,875458278.44,2743.07
2019-03-11,2783.300048828125,0.014559535563489767,14.329999923706055,0.4435497572966086,2811441414.66,2783.3
2019-03-12,2791.52001953125,0.0029489657278052306,13.770000457763672,0.45052943859917,3361779820.78,2791.52
2019-03-13,2810.919921875,0.006925546757019063,13.40999984741211,0.432314464362894,4416755271.62,2810.93
2019-03-14,2808.47998046875,-0.0008683993315958816,13.5,0.4315012099535363,4136001114.52,2808.48
2019-03-15,2822.47998046875,0.004972519408430465,12.880000114440918,0.4372074854875413,2278105805.78,2822.48
2019-03-18,2832.93994140625,0.0036990967989085632,13.100000381469727,0.4366515172425695,2707893175.3,2832.94
2019-03-19,2832.570068359375,-0.00013057007992678393,13.5600004196167,0.4428023209204248,2886374466.81,2832.57
2019-03-20,2824.22998046875,-0.0029486967407699183,13.90999984741211,0.4641135100005041,3150949854.34,2824.23
2019-03-21,2854.8798828125,0.010794015494688836,13.630000114440918,0.4413591970157528,4391527361.17,2854.88
2019-03-22,2800.7099609375,-0.019156827134272802,16.479999542236328,0.4453404370015361,1684721855.07,2800.71
2019-03-25,2798.360107421875,-0.000839372833310037,16.329999923706055,0.434858324308545,1652744525.93,2798.36
2019-03-26,2818.4599609375,0.007157052947934339,14.680000305175781,0.4181503753229488,2289489604.88,2818.46
2019-03-27,2805.3701171875,-0.004655143276599105,15.149999618530273,0.4257029646687748,1714094104.93,2805.37
2019-03-28,2815.43994140625,0.0035830547152615466,14.430000305175781,0.4204475640956093,2161053226.81,2815.44
2019-03-29,2834.39990234375,0.006711706043324384,13.710000038146973,0.4296822366158512,2536729465.51,2834.41
2019-04-01,2867.18994140625,0.011502195518044545,13.399999618530273,0.4000002045112154,3828722920.45,2867.19
2019-04-02,2867.239990234375,1.745555485843653e-05,13.359999656677246,0.4106769500666387,4007118721.27,2867.24
2019-04-03,2873.39990234375,0.00214607242008924,13.739999771118164,0.3964985233753913,4508422261.37,2873.4
2019-04-04,2879.389892578125,0.002082465242994047,13.579999923706055,0.4134606151704433,4919287343.33,2879.39
2019-04-05,2892.739990234375,0.00462571762309949,12.819999694824219,0.4007398665134652,4172201282.74,2892.74
2019-04-08,2895.77001953125,0.001046911750523627,13.180000305175781,0.438380784857507,4386606537.93,2895.77
2019-04-09,2878.199951171875,-0.006085976435669771,14.279999732971191,0.4378361634913171,3715873468.49,2878.2
2019-04-10,2888.2099609375,0.0034718377544997736,13.300000190734863,0.4166839295059643,4484511507.27,2888.21
2019-04-11,2888.320068359375,3.812234034228368e-05,13.020000457763672,0.4133299088995252,4721750714.78,2888.32
2019-04-12,2907.409912109375,0.006587578389545712,12.010000228881836,0.4129393705918706,4364967900.26,2907.41
2019-04-15,2905.580078125,-0.000629567244356366,12.319999694824219,0.4009609809046476,4543714311.07,2905.58
2019-04-16,2907.06005859375,0.0005092283251393326,12.180000305175781,0.4011210879671217,5211638562.95,2907.06
2019-04-17,2900.449951171875,-0.0022764008207385444,12.600000381469727,0.4026479900310597,5275554128.4,2900.47
2019-04-18,2905.030029296875,0.0015778468242499954,12.09000015258789,0.4075458729460488,2595828541.24,2905.03
2019-04-22,2907.969970703125,0.0010115058169324342,12.420000076293945,0.4034221603407323,2883829567.29,2907.97
2019-04-23,2933.679931640625,0.00880235117499506,12.279999732971191,0.3964421714117936,3708523161.62,2933.68
2019-04-24,2927.25,-0.0021941686030357843,13.140000343322754,0.4152197751149883,3347828563.55,2927.25
2019-04-25,2926.169921875,-0.00036904174027263537,13.25,0.4323092142539821,3461944378.65,2926.17
2019-04-26,2939.8798828125,0.0046743503233042105,12.729999542236328,0.414497149359352,3316026880.92,2939.88
2019-04-29,2943.030029296875,0.0010709485042346145,13.109999656677246,0.3944859343295112,3489304625.13,2943.03
2019-04-30,2945.830078125,0.0009509646987915232,13.119999885559082,0.3927139317532592,3022369058.66,2945.83
2019-05-01,2923.72998046875,-0.007530445850291834,14.800000190734863,0.4075883999887943,2294443396.82,2923.73
2019-05-02,2917.52001953125,-0.002126244648682274,14.420000076293945,0.4092648300886249,1588138611.89,2917.52
2019-05-03,2945.639892578125,0.009592127478916801,12.869999885559082,0.3823921649029572,3683628614.6,2945.64
2019-05-06,2932.469970703125,-0.004481013189072236,15.4399995803833,0.4156989633302715,3269513326.26,2932.47
2019-05-07,2884.050048828125,-0.01664948808890543,19.31999969482422,0.4214042277595567,1387700954.2385,2884.05
2019-05-08,2879.419921875,-0.0016067153894203656,19.399999618530273,0.410670807930837,1315362873.45,2879.42
2019-05-09,2870.719970703125,-0.0030259986619283197,19.100000381469727,0.4102910062479018,611175785.84,2870.72
2019-05-10,2881.39990234375,0.003713394069919218,16.040000915527344,0.423492587407047,1407780723.75,2881.4
2019-05-13,2811.8701171875,-0.024426469138497886,20.549999237060547,0.4190373835404879,-660387652.62,2811.87
2019-05-14,2834.409912109375,0.007983987523216385,18.059999465942383,0.4204238068431046,-137878630.94,2834.41
2019-05-15,2850.9599609375,0.005821994327722457,16.440000534057617,0.4193975685237584,1154771281.38,2850.96
2019-05-16,2876.320068359375,0.008855957116499447,15.289999961853027,0.4400783586226289,3114396509.76,2876.32
2019-05-17,2859.530029296875,-0.0058544371740438805,15.960000038146973,0.4633863228288788,1101371353.02,2859.51
2019-05-20,2840.22998046875,-0.00677225797540526,16.309999465942383,0.4192019056156809,511229616.92,2840.23
2019-05-21,2864.360107421875,0.008459949093190922,14.949999809265137,0.4242964241168797,1077281483.64,2864.36
2019-05-22,2856.27001953125,-0.0028283923638996455,14.75,0.4270291304148654,970565608.75,2856.27
2019-05-23,2822.239990234375,-0.011985692241282209,16.920000076293945,0.4344893373502281,-322305972.065,2822.24
2019-05-24,2826.06005859375,0.0013526437720372542,15.850000381469727,0.4435333214313886,425214209.92,2826.06
2019-05-28,2802.389892578125,-0.008410950000260264,17.5,0.4337622225886776,86997253.178,2802.39
2019-05-29,2783.02001953125,-0.00693591016723083,17.899999618530273,0.4368753273205344,-617453262.73,2783.02
2019-05-30,2788.860107421875,0.002096272674997124,17.299999237060547,0.4423648638852451,-249167557.38,2788.87
2019-05-31,2752.06005859375,-0.013283205250453456,18.709999084472656,0.4550250560004093,-655603961.19,2752.06
2019-06-03,2744.449951171875,-0.0027690706543079813,18.860000610351562,0.4292220916124778,-998686295.49,2744.31
2019-06-04,2803.27001953125,0.021205927081077824,16.969999313354492,0.4442348785171078,508859114.11,2803.27
2019-06-05,2826.14990234375,0.008128726978813283,16.09000015258789,0.4368034682530867,1316830936.97,2826.15
2019-06-06,2843.489990234375,0.00611684067600482,15.930000305175781,0.4257320637979898,2139446209.27,2843.49
2019-06-07,2873.340087890625,0.010442979247259565,16.299999237060547,0.4193306602461454,2312457965.46,2873.34
2019-06-10,2886.72998046875,0.004649220074766092,15.9399995803833,0.429004630027272,2992053140.71,2886.73
2019-06-11,2885.719970703125,-0.0003499414579515303,15.989999771118164,0.427217653480594,2919367097.67,2885.72
2019-06-12,2879.840087890625,-0.002039657827237029,15.90999984741211,0.4304244227928813,2534629945.1,2879.84
2019-06-13,2891.639892578125,0.00408901050284971,15.819999694824219,0.4419949546369403,3341129060.47,2891.64
2019-06-14,2886.97998046875,-0.0016128117861526903,15.279999732971191,0.4349047746692006,2601722033.3,2886.99
2019-06-17,2889.669921875,0.0009313154323526973,15.350000381469727,0.4088971990342851,3026953726.93,2889.67
2019-06-18,2917.75,0.009670489592970455,15.149999618530273,0.375277304558986,4231361794.49,2917.75
2019-06-19,2926.4599609375,0.0029807167930240297,14.329999923706055,0.4006926818407188,4655163284.88,2926.46
2019-06-20,2954.179931640625,0.009427605335873501,14.75,0.4263890290296533,6809353453.165,2954.18
2019-06-21,2950.4599609375,-0.001260016279728049,15.399999618530273,0.4261558789190537,2788279329.82,2950.5
2019-06-24,2945.35009765625,-0.0017333884605870153,15.260000228881836,0.4336189375782864,2682082373.12,2945.36
2019-06-25,2917.3798828125,-0.00954177564038794,16.280000686645508,0.3975185628924664,1715046079.76,2917.38
2019-06-26,2913.780029296875,-0.0012346956788036323,16.209999084472656,0.4084676249491839,1979085658.9,2913.78
2019-06-27,2924.919921875,0.003815885792590734,15.819999694824219,0.4039911354962216,2235671648.66,2924.92
2019-06-28,2941.760009765625,0.005740941840599589,15.079999923706055,0.3976847565151503,2150116149.59,2941.76
2019-07-01,2964.330078125,0.007643018610953511,14.0600004196167,0.4046809757945559,3009288045.35,2964.33
2019-07-02,2973.010009765625,0.0029238472769890222,12.930000305175781,0.4133743809995305,4032391466.0,2973.01
2019-07-03,2995.820068359375,0.007643095660683663,12.569999694824219,0.3692637221910182,6001563023.13,2995.82
2019-07-05,2990.409912109375,-0.0018075342045484888,13.279999732971191,0.4290745519059785,3605487091.6,2990.41
2019-07-08,2975.949951171875,-0.0048471730101233845,13.960000038146973,0.3942995789102878,3363916928.12,2975.95
2019-07-09,2979.6298828125,0.0012357930584538934,14.09000015258789,0.3950082726999415,5031135139.11,2979.63
2019-07-10,2993.070068359375,0.0045005469360823724,13.029999732971191,0.3868796710927307,6799856780.29,2993.07
2019-07-11,2999.909912109375,0.002282619578949152,12.930000305175781,0.388058418312824,6114535111.83,2999.91
2019-07-12,3013.77001953125,0.0046095343020660096,12.390000343322754,0.3956061164972284,6592506392.835,3013.77
2019-07-15,3014.300048828125,0.00017585372838446744,12.680000305175781,0.3920375048298314,7692487282.54,3014.3
2019-07-16,3004.0400390625,-0.00340958455501017,12.859999656677246,0.3780233750171313,7100241254.76,3004.04
2019-07-17,2984.419921875,-0.006552665466093899,13.970000267028809,0.4085264590450443,5114619730.99,2984.42
2019-07-18,2995.110107421875,0.0035755977088189894,13.529999732971191,0.4201358074598786,3282828552.72,2995.1
2019-07-19,2976.610107421875,-0.006195889464843951,14.449999809265137,0.4379244332663987,1383015562.49,2976.61
2019-07-22,2985.030029296875,0.002824701686249931,13.529999732971191,0.424543477231931,1771523942.15,2985.02
2019-07-23,3005.469970703125,0.006824145139276538,12.609999656677246,0.4186819719972891,2820676279.24,3005.47
2019-07-24,3019.56005859375,0.0046771928134763385,12.069999694824219,0.4069725372439085,3468012100.89,3019.56
2019-07-25,3003.669921875,-0.005276296483600618,12.739999771118164,0.4407352782790205,2968165793.66,3003.67
2019-07-26,3025.860107421875,0.007360535770782661,12.15999984741211,0.4307975150135486,2879676877.87,3025.86
2019-07-29,3020.969970703125,-0.0016174219290565617,12.829999923706055,0.393661142746885,2448648425.13,3020.97
2019-07-30,3013.179931640625,-0.0025819853720445707,13.9399995803833,0.4146554604089316,2242310116.13,3013.18
2019-07-31,2980.3798828125,-0.010945206952139408,16.1200008392334,0.4272949768750567,1014922967.4,2980.36
2019-08-01,2953.56005859375,-0.009039527568805994,17.8700008392334,0.428041422373519,222745764.82,2953.56
2019-08-02,2932.050048828125,-0.007309388539565198,17.610000610351562,0.429891885086982,444632947.12,2932.05
2019-08-05,2844.739990234375,-0.030230182169694864,24.59000015258789,0.4266611613218344,-1090684445.17,2844.74
2019-08-06,2881.77001953125,0.012933023911166686,20.170000076293945,0.4360415905484171,-234410228.53,2881.77
2019-08-07,2883.97998046875,0.0007665823338589561,19.489999771118164,0.4479010939063987,-221865700.85,2883.98
2019-08-08,2938.090087890625,0.018588462466865074,16.90999984741211,0.4233423482067492,3156826139.81,2938.09
2019-08-09,2918.64990234375,-0.006638593133657444,17.969999313354492,0.440176213121026,1145370587.31,2918.65
2019-08-12,2882.699951171875,-0.012393809115915033,21.09000015258789,0.424509545361358,328898414.8821,2882.69
2019-08-13,2926.320068359375,0.015018346267301474,17.520000457763672,0.4153252156632191,895203143.9,2926.32
2019-08-14,2840.60009765625,-0.02973035245453559,22.100000381469727,0.4533322257624816,-1227145326.79,2840.6
2019-08-15,2847.60009765625,0.0024612366981804357,21.18000030517578,0.4208179954751673,-591406462.91,2847.6
2019-08-16,2888.679931640625,0.014323058172244885,18.469999313354492,0.4222141584113404,323774772.26,2888.68
2019-08-19,2923.64990234375,0.012033175564397425,16.8799991607666,0.4081949145015234,1257211506.35,2923.64
2019-08-20,2900.510009765625,-0.007946215312115257,17.5,0.4347193852030942,629628005.52,2900.51
2019-08-21,2924.429931640625,0.008212979557352895,15.800000190734863,0.4119115170329312,1620355876.32,2924.43
2019-08-22,2922.949951171875,-0.0005062029592783901,16.68000030517578,0.4255389004630603,1253027264.97,2922.95
2019-08-23,2847.110107421875,-0.026288881122837893,19.8700008392334,0.4688711169177216,-252362535.645,2847.11
2019-08-26,2878.3798828125,0.010923112730798046,19.31999969482422,0.4186234405259466,156623383.0452,2878.38
2019-08-27,2869.159912109375,-0.003208321800556746,20.309999465942383,0.4233502800538463,-70147682.44,2869.16
2019-08-28,2887.93994140625,0.0065241515305629605,19.350000381469727,0.4204428945252792,-278980261.67,2887.94
2019-08-29,2924.580078125,0.01260748244109422,17.8799991607666,0.41304341296725,2744423694.5,2924.58
2019-08-30,2926.4599609375,0.0006425807598766653,18.979999542236328,0.4408914300972,1673083468.99,2926.46
2019-09-03,2906.27001953125,-0.006923009332685304,19.65999984741211,0.4410088349751432,655098872.0522,2906.27
2019-09-04,2937.780029296875,0.010783725278421308,17.329999923706055,0.4038854401741814,1607852089.8838,2937.78
2019-09-05,2976.0,0.012925912921759597,16.270000457763672,0.4087151574887976,5789727023.7489,2976.0
2019-09-06,2978.7099609375,0.0009101908043769313,15.0,0.4158855487577382,2963183464.97,2978.71
2019-09-09,2978.429931640625,-9.401467889968984e-05,15.270000457763672,0.4204562970888388,2738909582.18,2978.43
2019-09-10,2979.389892578125,0.00032225242593053594,15.199999809265137,0.4199174403074446,2948241304.16,2979.39
2019-09-11,3000.929931640625,0.007203672326387078,14.609999656677246,0.4176090688947461,4264664219.45,3000.9
2019-09-12,3009.570068359375,0.002875016278233389,14.220000267028809,0.4232662033306654,6175559030.38,3009.57
2019-09-13,3007.389892578125,-0.0007246768769650913,13.739999771118164,0.4210920795110742,4760360938.725,3007.37
2019-09-16,2997.9599609375,-0.0031405129163566414,14.670000076293945,0.4306836956840481,3596891436.93,2997.96
2019-09-17,3005.699951171875,0.002578425372462334,14.4399995803833,0.4351173344407659,4604086110.13,3005.64
2019-09-18,3006.72998046875,0.00034263328426753503,13.949999809265137,0.450168685992697,4343912105.45,3006.73
2019-09-19,3006.7900390625,1.9974521929810862e-05,14.050000190734863,0.4434615198902857,4314537265.5,3006.76
2019-09-20,2992.070068359375,-0.004907599104880589,15.319999694824219,0.4570764786654824,1460973065.32,2991.98
2019-09-23,2991.780029296875,-9.694061782816732e-05,14.90999984741211,0.4274788298841986,1159392730.165,2991.79
2019-09-24,2966.60009765625,-0.008451988963551926,17.049999237060547,0.418510146335926,311838845.98,2966.61
2019-09-25,2984.8701171875,0.006139685241963733,15.960000038146973,0.4016990512771384,446764901.715,2984.86
2019-09-26,2977.6201171875,-0.0024318710096125074,16.06999969482422,0.4057586980716817,953488275.095,2977.62
2019-09-27,2961.7900390625,-0.0053305345791292424,17.219999313354492,0.4173101388743005,1047297558.06,2961.79
2019-09-30,2976.739990234375,0.005034910215249155,16.239999771118164,0.3758225499161354,1546094551.455,2976.74
2019-10-01,2940.25,-0.01233412694541336,18.559999465942383,0.3951803346556286,752856808.06,2940.25
2019-10-02,2887.610107421875,-0.018065404187643352,20.559999465942383,0.4064319167621819,-800325334.37,2887.62
2019-10-03,2910.6298828125,0.007940304773866202,19.1200008392334,0.4086137485746184,210501941.08,2910.64
2019-10-04,2952.010009765625,0.014116785239259855,17.040000915527344,0.417775330700379,1414848353.03,2951.97
2019-10-07,2938.7900390625,-0.004488352273681606,17.860000610351562,0.4074213364117548,1120509472.34,2938.79
2019-10-08,2893.06005859375,-0.015683159552110304,20.280000686645508,0.4175406435885903,13074552.67,2893.06
2019-10-09,2919.39990234375,0.009063296514845831,18.639999389648438,0.3986111243828799,949703459.415,2919.4
2019-10-10,2938.1298828125,0.006395202411782819,17.56999969482422,0.4167044727119767,1312512622.72,2938.13
2019-10-11,2970.27001953125,0.010879579673789053,15.579999923706055,0.4029980428311062,2254375191.63,2970.27
2019-10-14,2966.14990234375,-0.0013880816732187995,14.569999694824219,0.4348970507509803,2250020696.455,2966.15
2019-10-15,2995.679931640625,0.009906445376488549,13.539999961853027,0.4338570144445334,4666622782.175,2995.68
2019-10-16,2989.68994140625,-0.0020015445531935683,13.680000305175781,0.4054182145997133,4370167753.48,2989.69
2019-10-17,2997.949951171875,0.002759021969774622,13.789999961853027,0.4320709440979089,4941474775.12,2997.95
2019-10-18,2986.199951171875,-0.003927045709799515,14.25,0.4282498811249751,1448209579.075,2986.2
2019-10-21,3006.719970703125,0.006848114105334702,14.0,0.4118862620726413,2035226238.25,3006.73
2019-10-22,2995.989990234375,-0.0035750492583765947,14.460000038146973,0.4265524232418356,1810500602.96,2995.99
2019-10-23,3004.52001953125,0.0028431033458300448,14.010000228881836,0.4163929070363341,2087765684.385,3004.52
2019-10-24,3010.2900390625,0.0019186046591705974,13.710000038146973,0.4226789016424884,2693848934.945,3010.27
2019-10-25,3022.550048828125,0.004064429510655998,12.649999618530273,0.4628044642163383,2239490995.315,3022.51
2019-10-28,3039.419921875,0.005565819916117931,13.109999656677246,0.4186654030451846,3277916673.93,3039.42
2019-10-29,3036.889892578125,-0.0008327519564801378,13.199999809265137,0.4272109325092106,2837080200.1648,3036.88
2019-10-30,3046.77001953125,0.0032480894008575234,12.329999923706055,0.4418272523488115,3836179033.865,3046.77
2019-10-31,3037.56005859375,-0.003027438634539692,13.220000267028809,0.4520653062123436,3944362020.29,3037.58
2019-11-01,3066.909912109375,0.009615930559647268,12.300000190734863,0.4340200312124866,3964008807.11,3066.91
2019-11-04,3078.27001953125,0.003697245805312832,12.829999923706055,0.4108674625070812,4837177236.43,3078.27
2019-11-05,3074.6201171875,-0.0011864027118200227,13.100000381469727,0.4119033301403679,4761056422.36,3074.62
2019-11-06,3076.780029296875,0.0007022505922886779,12.619999885559082,0.3974066587201184,4329850318.33,3076.78
2019-11-07,3085.179931640625,0.0027263752442809874,12.729999542236328,0.400258443024283,4991959905.26,3085.18
2019-11-08,3093.080078125,0.0025574031451167656,12.069999694824219,0.4240191737210797,4766459239.22,3093.08
2019-11-11,3087.010009765625,-0.0019643954133385932,12.6899995803833,0.4350152194285074,4311833278.895,3087.01
2019-11-12,3091.840087890625,0.0015634233012633558,12.680000305175781,0.4297529885975368,4689719886.6,3091.84
2019-11-13,3094.0400390625,0.0007112815701173503,13.0,0.4423195355179562,4045997658.25,3094.04
2019-11-14,3096.6298828125,0.0008366926144560694,13.050000190734863,0.4312089557380604,2749752101.04,3096.63
2019-11-15,3120.4599609375,0.0076660287779724,12.050000190734863,0.4367922691341847,2929398690.12,3120.46
2019-11-18,3122.030029296875,0.0005030263228107401,12.460000038146973,0.4233704583602361,3329456027.34,3122.03
2019-11-19,3120.179931640625,-0.0005927700996934959,12.859999656677246,0.4223103013143314,3366308352.82,3120.18
2019-11-20,3108.4599609375,-0.003763256420940664,12.779999732971191,0.4351327995715936,2652596440.78,3108.46
2019-11-21,3103.5400390625,-0.001584006086188694,13.130000114440918,0.4313329199883525,2212434207.68,3103.54
2019-11-22,3110.2900390625,0.0021725739423761325,12.34000015258789,0.4171312459463049,2485387820.37,3110.29
2019-11-25,3133.639892578125,0.007479251887467342,11.869999885559082,0.3815469851906938,4539121986.01,3133.64
2019-11-26,3140.52001953125,0.0021931636449394887,11.539999961853027,0.3905299170061104,5855883490.655,3140.52
2019-11-27,3153.6298828125,0.00416573562529976,11.75,0.3951411544751019,8220194842.54,3153.63
2019-11-29,3140.97998046875,-0.0040192862299885945,12.619999885559082,0.4222843356811773,3675461360.14,3140.98
2019-12-02,3113.8701171875,-0.008668483693965001,14.90999984741211,0.4060870145061044,2328338779.22,3113.87
2019-12-03,3093.199951171875,-0.00666022525804344,15.960000038146973,0.3966289452366156,1567258574.77,3093.2
2019-12-04,3112.760009765625,0.0063036576087700524,14.800000190734863,0.3993135314633145,3054096970.25,3112.76
2019-12-05,3117.429931640625,0.0014991269266300122,14.520000457763672,0.4102758429189929,2517959778.15,3117.43
2019-12-06,3145.909912109375,0.009094246030425523,13.619999885559082,0.4164799109461745,4625510342.805,3145.91
2019-12-09,3135.9599609375,-0.003167833684475596,15.859999656677246,0.4079919688518824,4070175819.92,3135.96
2019-12-10,3132.52001953125,-0.0010975361689826713,15.680000305175781,0.413869936635151,3033918627.015,3132.52
2019-12-11,3141.6298828125,0.0029039375293500314,14.989999771118164,0.4261271523915805,4094177057.485,3141.63
2019-12-12,3168.570068359375,0.00853866737555542,13.9399995803833,0.4329249171953816,6666654036.02,3168.57
2019-12-13,3168.800048828125,7.257915021519068e-05,12.630000114440918,0.4704284789735953,6194083045.225,3168.8
2019-12-16,3191.449951171875,0.007122360942542372,12.140000343322754,0.4128007487682213,8353045479.53,3191.45
2019-12-17,3192.52001953125,0.00033523602846052825,12.289999961853027,0.405531822505894,8662702294.0,3192.52
2019-12-18,3191.139892578125,-0.00043239364052283236,12.579999923706055,0.4187493966278222,7674543991.355,3191.14
2019-12-19,3205.3701171875,0.004449378821865579,12.5,0.4553406916296702,9993524947.24,3205.37
2019-12-20,3221.219970703125,0.004932595804334028,12.510000228881836,0.4660279602051975,4951714503.06,3221.22
2019-12-23,3224.010009765625,0.0008657687142985537,12.609999656677246,0.436724311595567,5444594719.63,3224.01
2019-12-24,3223.3798828125,-0.0001954673024684439,12.670000076293945,0.4784676278315613,5654027703.52,3223.38
2019-12-26,3239.909912109375,0.005115062410053994,12.649999618530273,0.4692823254348721,9473289627.0,3239.91
2019-12-27,3240.02001953125,3.3984139657050605e-05,13.430000305175781,0.4333843305746878,5564261213.305,3240.02
2019-12-30,3221.2900390625,-0.005797596079348821,14.819999694824219,0.4416383155018277,5178013685.98,3221.29
2019-12-31,3230.780029296875,0.0029416906441905866,13.779999732971191,0.4339692482213235,4923714765.87,3230.78
2020-01-02,3257.85009765625,0.008343895362315834,12.470000267028809,0.4288030723229194,9617965181.28,3257.85
2020-01-03,3234.85009765625,-0.007084909364953873,14.020000457763672,0.4401805385264468,4752556827.98,3234.85
2020-01-06,3246.280029296875,0.003527145194272663,13.850000381469727,0.4015431718010558,7562268989.015,3246.28
2020-01-07,3237.179931640625,-0.002807175084594604,13.789999961853027,0.4009158621496494,7554882609.715,3237.18
2020-01-08,3253.050048828125,0.004890473485641422,13.449999809265137,0.3878966244116067,9871354766.36,3253.05
2020-01-09,3274.699951171875,0.006633214116906316,12.539999961853027,0.4103265628419638,11566402277.785,3274.7
2020-01-10,3265.35009765625,-0.002859262487506342,12.5600004196167,0.4283374899737292,10212821940.76,3265.35
2020-01-13,3288.1298828125,0.006951994045934384,12.319999694824219,0.4133727621783929,9050514635.285,3288.13
2020-01-14,3283.14990234375,-0.0015156808368956831,12.390000343322754,0.4161430374261313,8220541154.19,3283.15
2020-01-15,3289.2900390625,0.0018684502436876471,12.420000076293945,0.425518499392316,9009324948.695,3289.29
2020-01-16,3316.81005859375,0.008331747422232638,12.319999694824219,0.4267273718654227,8261237726.605,3316.81
2020-01-17,3329.6201171875,0.0038547232474837045,12.100000381469727,0.438130213272335,3694541951.17,3329.62
2020-01-21,3320.7900390625,-0.002655500369584729,12.850000381469727,0.4317117299139604,4021473536.42,3320.79
2020-01-22,3321.75,0.0002890342966814785,12.90999984741211,0.4379383681245206,4089394998.53,3321.75
2020-01-23,3325.5400390625,0.001140326193358021,12.979999542236328,0.4328799609289327,4020590647.99,3325.54
2020-01-24,3295.469970703125,-0.00908328942619363,14.5600004196167,0.4598446133644512,1956664193.75,3295.47
2020-01-27,3243.6298828125,-0.015855752356843666,18.229999542236328,0.4240570085028368,637914290.715,3243.63
2020-01-28,3276.239990234375,0.01000338350035257,16.280000686645508,0.4364531415296924,1618532887.48,3276.24
2020-01-29,3273.39990234375,-0.0008672501435853519,16.389999389648438,0.4495009717244063,1747056326.255,3273.4
2020-01-30,3283.659912109375,0.0031294569302104946,15.489999771118164,0.4370351163484886,2070348731.46,3283.66
2020-01-31,3225.52001953125,-0.017864443571362187,18.84000015258789,0.4245688077397516,1546000851.2088,3225.52
2020-02-03,3248.919921875,0.00722842576123206,17.969999313354492,0.4081356756099931,1886168623.79,3248.92
2020-02-04,3297.590087890625,0.014869315917506398,16.049999237060547,0.3892757757028774,3359119024.26,3297.59
2020-02-05,3334.68994140625,0.011187778658973357,15.149999618530273,0.4103631469306881,4067938357.195,3334.69
2020-02-06,3345.780029296875,0.0033201550570023386,14.960000038146973,0.4185948728444519,5336330666.12,3345.78
2020-02-07,3327.7099609375,-0.005415491009459927,15.470000267028809,0.4309279055121234,4120952063.89,3327.7
2020-02-10,3352.090087890625,0.007299690120573743,15.039999961853027,0.4099419814244324,5361523681.94,3352.1
2020-02-11,3357.75,0.001687048686003223,15.180000305175781,0.424073492040673,5722246613.725,3357.75
2020-02-12,3379.449951171875,0.006441853105203066,13.739999771118164,0.4089691952465333,7967208231.825,3379.45
2020-02-13,3373.93994140625,-0.0016317763599893453,14.149999618530273,0.4238629293252255,7211357199.895,3373.94
2020-02-14,3380.159912109375,0.0018418360984853166,13.680000305175781,0.4321815294267773,5770086242.8,3380.14
2020-02-18,3370.2900390625,-0.002924213986148061,14.829999923706055,0.4083744127893614,5660220154.705,3370.29
2020-02-19,3386.14990234375,0.004694748284284955,14.380000114440918,0.4168811307975447,6381535398.14,3386.12
2020-02-20,3373.22998046875,-0.0038228174279968385,15.5600004196167,0.4253121493672235,4437306750.29,3373.23
2020-02-21,3337.75,-0.010573809232820253,17.079999923706055,0.4209100953341571,1322774452.925,3337.68
2020-02-24,3225.889892578125,-0.034088079420440565,25.030000686645508,0.3812108830345568,-773233389.695,3225.89
2020-02-25,3128.2099609375,-0.03074790437535313,27.850000381469727,0.3938587099817335,-1631927245.395,3128.27
2020-02-26,3116.389892578125,-0.0037856973235292912,27.559999465942383,0.3988901850853517,-1624169660.48,3116.43
2020-02-27,2978.760009765625,-0.045168136352262245,39.15999984741211,0.3618779294356905,-2958422908.85,2978.56
2020-02-28,2954.219970703125,-0.008272463109652683,40.11000061035156,0.3804133117028765,-1423445495.335,2954.21
2020-03-02,3090.22998046875,0.04501086876941329,33.41999816894531,0.4484957271528808,-132090238.964,3090.26
2020-03-03,3003.3701171875,-0.02851048492291497,36.81999969482422,0.4569051671550912,-1094764736.135,3003.37
2020-03-04,3130.1201171875,0.04133634936063402,31.989999771118164,0.420300313955553,1292494130.465,3130.12
2020-03-05,3023.93994140625,-0.03451078243998218,39.619998931884766,0.4425328495207397,-992248105.7,3024.08
2020-03-06,2972.3701171875,-0.017200943652385448,41.939998626708984,0.452161801137124,-1026984872.86,2972.4
2020-03-09,2746.56005859375,-0.07901041294037192,54.459999084472656,0.4164649367778293,-1664364382.5271,2746.52
2020-03-10,2882.22998046875,0.048215052425859106,47.29999923706055,0.4182497640665764,-1000251181.05,2882.24
2020-03-11,2741.3798828125,-0.05010289280860558,53.900001525878906,0.439414688921793,-1628876725.0996,2741.38
2020-03-12,2480.639892578125,-0.09994485240247286,75.47000122070312,0.3775964436331328,-2170934233.25,2480.64
2020-03-13,2711.02001953125,0.08880840694923542,57.83000183105469,0.3909358493769589,-1540240423.73,2710.94
2020-03-16,2386.1298828125,-0.12765219747281709,82.69000244140625,0.3725371608942804,-1758235173.66,2386.13
2020-03-17,2529.18994140625,0.05822631263569189,75.91000366210938,0.3524576556460001,-1153920356.04,2529.09
2020-03-18,2398.10009765625,-0.05322227233208032,76.44999694824219,0.3542091603710403,-231405936.04,2398.42
2020-03-19,2409.389892578125,0.004696760970401392,72.0,0.3533346475913093,-1009988451.14,2409.53
2020-03-20,2304.919921875,-0.04432762405336721,66.04000091552734,0.4114038472144248,-641778574.9,2304.88
2020-03-23,2237.39990234375,-0.02973150100957689,61.59000015258789,0.3665711996579459,-67803558.89,2237.4
2020-03-24,2447.330078125,0.08968323251796306,61.66999816894531,0.4022078447187233,600219982.04,2447.33
2020-03-25,2475.56005859375,0.0114689904208225,63.95000076293945,0.4611852249864139,-157646663.16,2475.56
2020-03-26,2630.070068359375,0.06054383107424677,61.0,0.4809410635531237,1106729624.63,2630.07
2020-03-27,2541.469970703125,-0.03426784554162676,65.54000091552734,0.482825712625796,-289385495.09,2541.47
2020-03-30,2626.64990234375,0.032966590569975196,57.08000183105469,0.4727400191733635,98620248.765,2626.65
2020-03-31,2584.590087890625,-0.01614231078841577,53.540000915527344,0.4974165798378228,-148210827.385,2584.59
2020-04-01,2470.5,-0.04514636273278683,57.060001373291016,0.51140108308801,-772849977.51,2470.5
2020-04-02,2526.89990234375,0.02257265705696021,50.90999984741211,0.4852214659749498,-507398426.73,2526.9
2020-04-03,2488.64990234375,-0.015252860825945014,46.79999923706055,0.5064751559582124,-463079691.085,2488.65
2020-04-06,2663.679931640625,0.06796824414483105,45.2400016784668,0.4466981133829928,1555164529.5,2663.68
2020-04-07,2659.409912109375,-0.0016043390483631015,46.70000076293945,0.4821102904797565,1533925065.67,2659.41
2020-04-08,2749.97998046875,0.033489371191285144,43.349998474121094,0.5011144447015412,3331832669.22,2749.98
2020-04-09,2789.820068359375,0.014383470303699575,41.66999816894531,0.4885742217850174,2608412646.265,2789.82
2020-04-13,2761.6298828125,-0.010156059444677012,41.16999816894531,0.4939596630089279,3422977566.7,2761.63
2020-04-14,2846.06005859375,0.03011455957230691,37.7599983215332,0.477697023227711,5900187805.415,2846.06
2020-04-15,2783.360107421875,-0.022276732672368738,40.84000015258789,0.5115120688053725,5008143202.52,2783.36
2020-04-16,2799.550048828125,0.005799837839541411,40.11000061035156,0.5047362316697889,6412033863.95,2799.55
2020-04-17,2874.56005859375,0.026440932021320585,38.150001525878906,0.4636443436908711,1907158483.97,2874.56
2020-04-20,2823.159912109375,-0.018042845615347858,43.83000183105469,0.4490465547333714,2399843521.8,2823.16
2020-04-21,2736.56005859375,-0.031155115236330744,45.40999984741211,0.4682908603841251,715645747.945,2736.56
2020-04-22,2799.31005859375,0.022671300582136844,41.97999954223633,0.4571858073227632,1825912217.415,2799.31
2020-04-23,2797.800048828125,-0.0005395676601960275,41.380001068115234,0.4516551070063476,2109103844.76,2797.8
2020-04-24,2836.739990234375,0.013822090566839584,35.93000030517578,0.4397585510685881,1264910712.435,2836.74
2020-04-27,2878.47998046875,0.014606868181735955,33.290000915527344,0.4321319357552623,1284877773.77,2878.48
2020-04-28,2863.389892578125,-0.005256170190484077,33.56999969482422,0.4409439860377155,931551338.59,2863.39
2020-04-29,2939.510009765625,0.026236704045073722,31.229999542236328,0.4450376971365347,2502561142.13,2939.51
2020-04-30,2912.429931640625,-0.00925514331905486,34.150001525878906,0.4577286945699581,3331688945.69,2912.43
2020-05-01,2830.7099609375,-0.02846021101477625,37.189998626708984,0.4830671741057962,721282137.78,2830.71
2020-05-04,2842.739990234375,0.004240822578849723,35.970001220703125,0.4631966645770912,1434455810.55,2842.74
2020-05-05,2868.43994140625,0.008999935197779863,33.61000061035156,0.4545980040762348,1599407222.935,2868.44
2020-05-06,2848.419921875,-0.00700388039904265,34.119998931884766,0.4734736874403063,2848289581.415,2848.42
2020-05-07,2881.18994140625,0.0114389557548904,31.440000534057617,0.4572907287911437,5535217748.34,2881.19
2020-05-08,2929.800048828125,0.016730795065226012,27.979999542236328,0.4408165052079361,3754598011.47,2929.8
2020-05-11,2930.18994140625,0.00013306936679136072,27.56999969482422,0.4750913889918409,3694572513.335,2930.19
2020-05-12,2870.1201171875,-0.020713365772047965,33.040000915527344,0.4657800253082059,3171271930.785,2870.12
2020-05-13,2820.0,-0.01761699662428029,35.279998779296875,0.4669847266839647,1692331800.19,2820.0
2020-05-14,2852.5,0.011458917804072044,32.61000061035156,0.4818504403930524,2008374901.54,2852.5
2020-05-15,2863.699951171875,0.003918675203722799,31.889999389648438,0.4835238977265574,951835268.415,2863.7
2020-05-18,2953.909912109375,0.031015208770073244,29.299999237060547,0.4326065214965414,1898068853.575,2953.91
2020-05-19,2922.93994140625,-0.010539747711598935,30.530000686645508,0.4768075367596875,2187327786.005,2922.94
2020-05-20,2971.610107421875,0.016513990613415075,27.989999771118164,0.4627614933263538,3914361758.755,2971.61
2020-05-21,2948.510009765625,-0.007803968309953113,29.530000686645508,0.4940475341956746,2240088610.32,2948.51
2020-05-22,2955.449951171875,0.002350945686812267,28.15999984741211,0.5117154107338426,1639866651.81,2955.45
2020-05-26,2991.77001953125,0.012214285021459936,28.010000228881836,0.4713756156536659,1843470207.025,2991.77
2020-05-27,3036.1298828125,0.014718447490315256,27.6200008392334,0.4770791751680188,2008928444.285,3036.13
2020-05-28,3029.72998046875,-0.0021101393249196576,28.59000015258789,0.4914846641357251,2084873831.765,3029.73
2020-05-29,3044.31005859375,0.0048007935523077805,27.510000228881836,0.5226032380975572,2565182967.815,3044.31
2020-06-01,3055.72998046875,0.003744216478363427,28.229999542236328,0.4705291778236007,3294277294.46,3055.73
2020-06-02,3080.820068359375,0.008177307282400292,26.84000015258789,0.480475161888612,3882599622.2,3080.82
2020-06-03,3122.8701171875,0.013556670812562288,25.65999984741211,0.4411426820104583,4130602363.45,3122.87
2020-06-04,3112.35009765625,-0.0033743890836088752,25.809999465942383,0.4762781262367834,3293310852.065,3112.35
2020-06-05,3193.929931640625,0.025874012821637038,24.520000457763672,0.4520950311857746,4239083647.16,3193.93
2020-06-08,3232.389892578125,0.01196965640580494,25.809999465942383,0.4615162289822192,5719836995.195,3232.39
2020-06-09,3207.179931640625,-0.007829743419721424,27.56999969482422,0.4733344269609336,8317776232.565,3207.18
2020-06-10,3190.139892578125,-0.0053272557351817795,27.56999969482422,0.4668813309845077,9662665164.955,3190.14
2020-06-11,3002.10009765625,-0.060752692996288715,40.790000915527344,0.4772346592205643,2607526818.135,3002.1
2020-06-12,3041.31005859375,0.012976286605210774,36.09000015258789,0.497032720319472,5515247892.045,3041.31
2020-06-15,3066.590087890625,0.008277860818175498,34.400001525878906,0.4962113377024106,5224988328.58,3066.59
2020-06-16,3124.739990234375,0.018784852866710722,33.66999816894531,0.4833457394854558,6307848460.515,3124.74
2020-06-17,3113.489990234375,-0.0036067962326296055,33.470001220703125,0.500161257391378,7569718916.155,3113.49
2020-06-18,3115.340087890625,0.0005940434038027576,32.939998626708984,0.5125736927102571,6015265525.47,3115.34
2020-06-19,3097.739990234375,-0.0056655135656740185,35.119998931884766,0.5253973432110831,2194659186.315,3097.99
2020-06-22,3117.860107421875,0.006474093296658268,31.770000457763672,0.4691894963185868,2961974574.115,3117.86
2020-06-23,3131.2900390625,0.004298169191484291,31.3700008392334,0.4815507168529208,4442163715.345,3131.29
2020-06-24,3050.330078125,-0.02619526559566232,33.84000015258789,0.4819927075995861,2403953469.69,3050.33
2020-06-25,3083.760009765625,0.010899827728216849,32.220001220703125,0.4560353400649867,3740909267.825,3083.76
2020-06-26,3009.050048828125,-0.024525204274830514,34.72999954223633,0.4579690863264387,626711354.47,3009.05
2020-06-29,3053.239990234375,0.01457888811353314,31.780000686645508,0.4573019377956607,1327171925.795,3053.24
2020-06-30,3100.2900390625,0.015292349435755526,30.43000030517578,0.4471830362175402,4122973164.39,3100.29
2020-07-01,3115.860107421875,0.0050095639758716,28.6200008392334,0.4363393346582023,8066028171.65,3115.86
2020-07-02,3130.010009765625,0.004530970476816165,27.68000030517578,0.4602839293692657,3223157667.6975,3130.01
2020-07-06,3179.719970703125,0.015756930832163007,27.940000534057617,0.4441070032748373,7165222951.5979,3179.72
2020-07-07,3145.320068359375,-0.010877477869643215,29.43000030517578,0.4509267731885598,4795915205.5448,3145.32
2020-07-08,3169.93994140625,0.0077969862634308384,28.079999923706055,0.4724208272866914,7934563427.67,3169.94
2020-07-09,3152.050048828125,-0.005659591476195658,29.260000228881836,0.4679517728397745,10100799362.91,3152.05
2020-07-10,3185.0400390625,0.010411809774444336,27.290000915527344,0.4429336691594742,5251920785.42,3185.04
2020-07-13,3155.219970703125,-0.009406645216058607,32.189998626708984,0.4419334432333477,7831814423.35,3155.22
2020-07-14,3197.52001953125,0.013317300582903258,29.520000457763672,0.4099608308228492,6706999452.5472,3197.52
2020-07-15,3226.56005859375,0.009041056936354153,27.760000228881836,0.446398945381131,6208912032.7277,3226.56
2020-07-16,3215.570068359375,-0.003411915214114103,28.0,0.452120342117487,6771658646.3301,3215.57
2020-07-17,3224.72998046875,0.0028445625875832548,25.68000030517578,0.4581567200827884,2257721540.479,3224.73
2020-07-20,3251.840087890625,0.008371797255140478,24.459999084472656,0.4343320313422064,3151371150.94,3251.84
2020-07-21,3257.300048828125,0.0016776293345603932,24.84000015258789,0.4250497319786993,4071387610.375,3257.3
2020-07-22,3276.02001953125,0.00573063059447243,24.31999969482422,0.4406967088496384,4338628563.47,3276.02
2020-07-23,3235.659912109375,-0.012396378412246278,26.079999923706055,0.4431374209797072,1625972274.1,3235.66
2020-07-24,3215.6298828125,-0.006209640024275487,25.84000015258789,0.4293172206455138,1281189858.7,3215.63
2020-07-27,3239.409912109375,0.007367928821482295,24.739999771118164,0.4329753000463422,2003080144.788,3239.41
2020-07-28,3218.43994140625,-0.0064944354186469155,25.440000534057617,0.4206399792447795,2382701642.64,3218.44
2020-07-29,3258.43994140625,0.01235178335174325,24.100000381469727,0.4541818917551838,2233463152.785,3258.44
2020-07-30,3246.219970703125,-0.003757301763455345,24.760000228881836,0.4520949001808909,2131084168.25,3246.22
2020-07-31,3271.1201171875,0.007641236242175609,24.459999084472656,0.4544956315306523,2520246114.505,3271.12
2020-08-03,3294.610107421875,0.007155362664359899,24.280000686645508,0.4664776728692386,2869983618.76,3294.62
2020-08-04,3306.510009765625,0.0036054230261335363,23.760000228881836,0.4602789505093744,3419239303.505,3306.51
2020-08-05,3327.77001953125,0.006409160435516981,22.989999771118164,0.4626513615345074,5282767564.74,3327.77
2020-08-06,3349.159912109375,0.006407126020665288,22.649999618530273,0.4732734397669463,7228713223.545,3349.16
2020-08-07,3351.280029296875,0.0006328292699571136,22.209999084472656,0.4341085712273926,2835553301.955,3351.28
2020-08-10,3360.469970703125,0.0027384652733921655,22.1299991607666,0.4075750816605606,3229669386.765,3360.47
2020-08-11,3333.68994140625,-0.008001055401377855,24.030000686645508,0.3976864083287127,2675466205.06,3333.69
2020-08-12,3380.35009765625,0.013899502293613253,22.280000686645508,0.4077092750103803,5435407016.51,3380.35
2020-08-13,3373.429931640625,-0.0020492726761567326,22.1299991607666,0.4277637975907981,5602298616.9,3373.43
2020-08-14,3372.85009765625,-0.00017189739627809786,22.049999237060547,0.429964672295049,5235179076.49,3372.85
2020-08-17,3381.989990234375,0.002706177507423746,21.350000381469727,0.3981889698446423,7143665838.33,3381.99
2020-08-18,3389.780029296875,0.002300740419816094,21.510000228881836,0.3925762465583085,13497596578.59,3389.78
2020-08-19,3374.85009765625,-0.004414123345181764,22.540000915527344,0.4169791389026597,8370115336.845,3374.85
2020-08-20,3385.510009765625,0.003153654768345504,22.719999313354492,0.4221013869134167,10050121360.475,3385.51
2020-08-21,3397.159912109375,0.0034351999829738133,22.540000915527344,0.4198651643009273,3109556133.045,3397.16
2020-08-24,3431.280029296875,0.009993615364901842,22.3700008392334,0.397553503630469,4094179524.815,3431.28
2020-08-25,3443.6201171875,0.003589899745540137,22.030000686645508,0.3944052059324803,7505133167.625,3443.62
2020-08-26,3478.72998046875,0.010144001344842835,23.270000457763672,0.3819338817825617,11270844825.18,3478.73
2020-08-27,3484.550048828125,0.0016716460318093596,24.469999313354492,0.398853649343223,8824780467.27,3484.55
2020-08-28,3508.010009765625,0.006710002849569463,22.959999084472656,0.410140010989953,4263904048.555,3508.01
2020-08-31,3500.31005859375,-0.0021973751755091087,26.40999984741211,0.3853379353301456,4109427220.395,3500.31
2020-09-01,3526.64990234375,0.007496831420706229,26.1200008392334,0.3869059147710363,7715762991.605,3526.65
2020-09-02,3580.840087890625,0.015249050143870235,26.56999969482422,0.3690999380023941,9877306251.22,3580.84
2020-09-03,3455.06005859375,-0.03575759414218638,33.599998474121094,0.3549698409370823,2845165509.255,3455.06
2020-09-04,3426.9599609375,-0.008166280754274169,30.75,0.3598175525493011,1920532148.19,3426.96
2020-09-08,3331.840087890625,-0.028148829086466876,31.459999084472656,0.3970766078291902,585842457.16,3331.84
2020-09-09,3398.9599609375,0.019944760662180983,28.809999465942383,0.3936255388719963,2629031019.705,3398.96
2020-09-10,3339.18994140625,-0.017741245925396498,29.709999084472656,0.4261498067117699,828075896.505,3339.19
2020-09-11,3340.969970703125,0.000532930158087197,26.8700008392334,0.4205467098317492,1970983598.675,3340.97
2020-09-14,3383.5400390625,0.0126613350250242,25.850000381469727,0.4265500487463264,4690390788.465,3383.54
2020-09-15,3401.199951171875,0.005205785930499474,25.59000015258789,0.4205305189025413,3699068903.825,3401.2
2020-09-16,3385.489990234375,-0.00462964689215184,26.040000915527344,0.4089217962184989,2436980041.135,3385.49
2020-09-17,3357.010009765625,-0.008447949528552101,26.459999084472656,0.4384376765128684,-1128367929.05,3357.01
2020-09-18,3319.469970703125,-0.011245576947828795,25.829999923706055,0.4419446216744032,189695161.11,3319.47
2020-09-21,3281.06005859375,-0.011638564027299125,27.780000686645508,0.4273331279367117,-281008442.575,3281.06
2020-09-22,3315.570068359375,0.010463016398377434,26.860000610351562,0.417135118031475,5709698508.335,3315.57
2020-09-23,3236.919921875,-0.0240073389143749,28.579999923706055,0.4269790635700576,369771626.41,3236.92
2020-09-24,3246.590087890625,0.002983005554629159,28.510000228881836,0.4294979682960529,900508517.645,3246.59
2020-09-25,3298.4599609375,0.01585043922418805,26.3799991607666,0.4219780995990502,1152474010.215,3298.46
2020-09-28,3351.60009765625,0.015982191853854744,26.190000534057617,0.4026469269581197,4517899794.35,3351.6
2020-09-29,3335.469970703125,-0.004824282704444016,26.270000457763672,0.4017022212302366,4010212137.2,3335.48
2020-09-30,3363.0,0.008219842568379931,26.3700008392334,0.4085287525815337,5557840248.41,3363.0
2020-10-01,3380.800048828125,0.005278949564294422,26.700000762939453,0.4316161878542368,6239146650.05,3380.8
2020-10-02,3348.419921875,-0.00962381286637104,27.6299991607666,0.4473773229910414,921593487.33,3348.44
2020-10-05,3408.60009765625,0.01781310900290123,27.959999084472656,0.3950187407932165,3270910015.35,3408.62
2020-10-06,3360.969970703125,-0.014072064387523397,29.479999542236328,0.4306080895244397,1638545345.885,3360.95
2020-10-07,3419.43994140625,0.01724716377024116,28.059999465942383,0.4050032645094082,5088863990.655,3419.44
2020-10-08,3446.830078125,0.00797821289486933,26.360000610351562,0.4065638393431607,5698565178.63,3446.83
2020-10-09,3477.139892578125,0.008755095180752903,25.0,0.3967851510102562,8490294012.0,3477.13
2020-10-12,3534.219970703125,0.016282530158324704,25.06999969482422,0.366112294061427,11402665926.06,3534.22
2020-10-13,3511.929931640625,-0.006326891629163001,26.06999969482422,0.405843856613107,15345566294.285,3511.93
2020-10-14,3488.669921875,-0.006645172084059681,26.399999618530273,0.3878597071448197,9657031320.765,3488.67
2020-10-15,3483.340087890625,-0.0015289235142130764,26.969999313354492,0.3889028089863526,10450888042.285,3483.34
2020-10-16,3483.81005859375,0.0001349104566301662,27.40999984741211,0.4114023968450127,3113195433.03,3483.81
2020-10-19,3426.919921875,-0.01646466351494169,29.18000030517578,0.404272163652245,1779103505.77,3426.92
2020-10-20,3443.1201171875,0.004716195320000338,29.350000381469727,0.4106817925067524,1919650383.375,3443.12
2020-10-21,3435.56005859375,-0.002198114011569885,28.649999618530273,0.3990352107456382,2532500561.955,3435.55
2020-10-22,3453.489990234375,0.005205354003491536,28.110000610351562,0.4046906726544932,1919485629.15,3453.49
2020-10-23,3465.389892578125,0.003439838320389299,27.549999237060547,0.408917404723678,2051710146.975,3465.39
2020-10-26,3400.969970703125,-0.018764472985321135,32.459999084472656,0.4029496664752715,1252594353.345,3400.97
2020-10-27,3390.679931640625,-0.0030302053504467352,33.349998474121094,0.4104209202204731,1772712889.76,3390.68
2020-10-28,3271.030029296875,-0.035925542108577346,40.279998779296875,0.4026973168980006,-1257767671.97,3271.03
2020-10-29,3310.110107421875,0.011876524939998134,37.59000015258789,0.4185464773009897,238673808.8,3310.11
2020-10-30,3269.9599609375,-0.0122037134452615,38.02000045776367,0.4356956531698425,-78315991.44,3269.96
2020-11-02,3310.239990234375,0.012242950890591686,37.130001068115234,0.4009214426588313,-180393838.71,3310.24
2020-11-03,3369.159912109375,0.01764273768407776,35.54999923706055,0.4110494062060992,1148540385.69,3369.16
2020-11-04,3443.43994140625,0.02180752565509181,29.56999969482422,0.3953823332573327,7031418413.0,3443.43
2020-11-05,3510.449951171875,0.019273265776702075,27.579999923706055,0.4234849832239805,10299618466.89,3510.45
2020-11-06,3509.43994140625,-0.0002877565853740549,24.860000610351562,0.4169414313646344,4715264679.745,3509.44
2020-11-09,3550.5,0.011631974746343587,25.75,0.3791776334977754,3868072512.47,3550.5
2020-11-10,3545.530029296875,-0.0014007752208673452,24.799999237060547,0.3992407224440306,2876030927.365,3545.53
2020-11-11,3572.659912109375,0.0076227283629926035,23.450000762939453,0.3985287918335592,5991548647.285,3572.66
2020-11-12,3537.010009765625,-0.010028651547070666,25.350000381469727,0.4491547659584971,4706756829.145,3537.01
2020-11-13,3585.14990234375,0.013518546706293932,23.100000381469727,0.4310611745400856,6032392988.78,3585.15
2020-11-16,3626.909912109375,0.011580734922832292,22.450000762939453,0.4149708789598092,5568672439.8,3626.91
2020-11-17,3609.530029296875,-0.004803443784647143,22.709999084472656,0.4405555178910563,5804661986.965,3609.53
2020-11-18,3567.7900390625,-0.011631210647481183,23.84000015258789,0.4169990300039852,3498178742.84,3567.8
2020-11-19,3581.8701171875,0.003938675690733362,23.110000610351562,0.4385973044493057,5497968394.225,3581.85
2020-11-20,3557.5400390625,-0.006815737372919628,23.700000762939453,0.4380848897855693,2325158176.47,3557.54
2020-11-23,3577.590087890625,0.005620108181849659,22.65999984741211,0.3887843210285704,2918269606.43,3577.59
2020-11-24,3635.409912109375,0.016032458814033035,21.639999389648438,0.3809157738969141,5403454168.24,3635.41
2020-11-25,3629.64990234375,-0.0015856747555105244,21.25,0.4131739874241785,9343961755.4,3629.65
2020-11-27,3638.35009765625,0.002394111025902035,20.84000015258789,0.4149771590007137,3668362083.55,3638.35
2020-11-30,3621.6298828125,-0.004606140636973066,20.56999969482422,0.4017896374936631,3615189588.58,3621.63
2020-12-01,3662.449951171875,0.011208140661594257,20.770000457763672,0.3666082031127392,6489658542.445,3662.45
2020-12-02,3669.010009765625,0.0017895645286039041,21.170000076293945,0.4125351210578447,7234392510.15,3669.01
2020-12-03,3666.719970703125,-0.0006243520802939884,21.280000686645508,0.4024223331459156,7150499861.71,3666.72
2020-12-04,3699.1201171875,0.008797463715186638,20.790000915527344,0.4039764181075391,4429232864.88,3699.12
2020-12-07,3691.9599609375,-0.0019375134389640891,21.299999237060547,0.4161356283694833,5364166169.375,3691.94
2020-12-08,3702.25,0.0027832711701716306,20.68000030517578,0.4162846983055797,6445187580.545,3702.25
2020-12-09,3672.820068359375,-0.007980964948473002,22.270000457763672,0.4372348359564803,3904181425.35,3672.48
2020-12-10,3668.10009765625,-0.0012859345277718148,22.520000457763672,0.4310190575078253,3592753045.805,3668.08
2020-12-11,3663.4599609375,-0.0012657980842316618,23.309999465942383,0.4727772032241087,4490477858.84,3663.45
2020-12-14,3647.489990234375,-0.00436878824514686,24.719999313354492,0.4367159284302969,5001079403.52,3647.49
2020-12-15,3694.6201171875,0.012838482022218045,22.889999389648438,0.4279810412782507,7015978260.965,3694.62
2020-12-16,3701.169921875,0.0017712256203239463,22.5,0.437737344397128,17442058897.475,3701.17
2020-12-17,3722.47998046875,0.0057411428089828576,21.93000030517578,0.4444728640226526,10162605389.61,3722.42
2020-12-18,3709.409912109375,-0.003517296952148641,21.56999969482422,0.4505207138830363,4436633609.885,3709.76
2020-12-21,3694.919921875,-0.003913928486909413,25.15999984741211,0.4491816687520021,5570621455.1,3694.92
2020-12-22,3687.260009765625,-0.0020752446917704503,24.229999542236328,0.4651098701045625,5892000510.45,3687.27
2020-12-23,3690.010009765625,0.000745533271818033,23.309999465942383,0.4510741615116445,5069183691.275,3689.98
2020-12-24,3703.06005859375,0.0035303499794867577,21.530000686645508,0.4411729741132059,3491944084.88,3703.06
2020-12-28,3735.360107421875,0.00868470753841244,21.700000762939453,0.4090533970141697,8650760937.925,3735.36
2020-12-29,3727.0400390625,-0.002229864827279826,23.079999923706055,0.4176826758531842,14474206262.475,3727.04
2020-12-30,3732.0400390625,0.00134064809508061,22.770000457763672,0.4420295575400605,11540661765.27,3732.04
2020-12-31,3756.070068359375,0.006418204711703623,22.75,0.4565082603652914,4349151400.29,3756.07
2021-01-04,3700.64990234375,-0.014864762712026192,26.969999313354492,0.4655627224364879,2933810591.375,3700.65
2021-01-05,3726.860107421875,0.00705763138336124,25.34000015258789,0.4461689823405622,5428029874.135,3726.86
2021-01-06,3748.139892578125,0.005693603382475487,25.06999969482422,0.4416881194994355,4897741234.61,3748.14
2021-01-07,3803.7900390625,0.0147382601077517,22.3700008392334,0.4501758337837029,8930472210.25,3803.79
2021-01-08,3824.679931640625,0.005476837393516121,21.559999465942383,0.4798055458469519,14017164015.64,3824.68
2021-01-11,3799.610107421875,-0.006576327616620858,24.079999923706055,0.4545685197454731,22474810521.98,3799.61
2021-01-12,3801.18994140625,0.0004157020305690651,23.329999923706055,0.4631804475389043,6324750632.455,3801.19
2021-01-13,3809.840087890625,0.0022730563867252584,22.209999084472656,0.4391499816906072,13519394705.035,3809.84
2021-01-14,3795.5400390625,-0.00376051306874281,23.25,0.4402689492659998,5896350522.335,3795.54
2021-01-15,3768.25,-0.0072160007982784435,24.34000015258789,0.4165223841914462,1080777173.89,3768.25
2021-01-19,3798.909912109375,0.008103457635762368,23.239999771118164,0.3966866945317829,3142342935.995,3798.91
2021-01-20,3851.85009765625,0.013839417376511065,21.579999923706055,0.4087205438744565,14161901378.69,3851.85
2021-01-21,3853.070068359375,0.00031667316131311907,21.31999969482422,0.411097710134375,15662355773.49,3853.07
2021-01-22,3841.469970703125,-0.0030151526629378367,21.90999984741211,0.4154702169904915,5280898768.9,3841.47
2021-01-25,3855.360107421875,0.003609317513017629,23.190000534057617,0.4026191187874385,5934458912.635,3855.36
2021-01-26,3849.6201171875,-0.0014899431611539171,23.020000457763672,0.4052397101639195,8511854543.465,3849.62
2021-01-27,3750.77001953125,-0.026013315126100167,37.209999084472656,0.365412190305777,1420076056.605,3750.77
2021-01-28,3787.3798828125,0.009713298778759594,30.209999084472656,0.408175214361562,4349938845.58,3787.38
2021-01-29,3714.239990234375,-0.019500377654791734,33.09000015258789,0.4170176147635956,104559707.555,3714.24
2021-02-01,3773.860107421875,0.015924300234678057,30.239999771118164,0.4099243994927649,4569465209.7,3773.77
2021-02-02,3826.31005859375,0.013802528814311543,25.559999465942383,0.3837516974582879,5976740319.905,3826.31
2021-02-03,3830.169921875,0.0010082606153449802,22.90999984741211,0.3808141636270714,7623955691.88,3830.17
2021-02-04,3871.739990234375,0.010794847643921912,21.770000457763672,0.3806103324663089,7510935055.04,3871.74
2021-02-05,3886.830078125,0.0038899196077633036,20.8700008392334,0.3823645390902688,4121386179.365,3886.83
2021-02-08,3915.590087890625,0.007372107476289358,21.239999771118164,0.3876157751521385,5729262627.86,3915.59
2021-02-09,3911.22998046875,-0.001114145421722057,21.6299991607666,0.3647906781747952,6329669098.295,3911.24
2021-02-10,3909.8798828125,-0.00034524452239104164,21.989999771118164,0.4055309518811935,4665452351.94,3909.88
2021-02-11,3916.3798828125,0.001661074814588659,21.25,0.4142857685987099,5250019481.715,3916.38
2021-02-12,3934.830078125,0.0046999709261612566,19.969999313354492,0.4447605202155099,13412625514.235,3934.83
2021-02-16,3932.590087890625,-0.0005694345154143576,21.459999084472656,0.4081361235507849,12389004012.05,3932.59
2021-02-17,3931.330078125,-0.0003204533489178374,21.5,0.3971147085173478,10640215302.68,3931.33
2021-02-18,3913.969970703125,-0.004425614227242747,22.489999771118164,0.4235739475740132,10758085126.21,3913.97
2021-02-19,3906.7099609375,-0.0018566190956654793,22.049999237060547,0.4142646419661676,1432866575.86,3906.71
2021-02-22,3876.5,-0.007762892893710571,23.450000762939453,0.3846873378158945,84644662.8,3876.49
2021-02-23,3881.3701171875,0.0012555296115266401,23.110000610351562,0.3708953863605618,249909119.89,3881.36
2021-02-24,3925.429931640625,0.011287667670986323,21.34000015258789,0.3965069297480546,331152215.69,3925.43
2021-02-25,3829.340087890625,-0.024783394424172656,28.889999389648438,0.4200067458323636,-2615732366.34,3829.34
2021-02-26,3811.14990234375,-0.004761532293798609,27.950000762939453,0.4159195218802622,72996562.66,3811.15
2021-03-01,3901.820068359375,0.023512173225693545,23.350000381469727,0.394959867630793,2570605295.54,3901.81
2021-03-02,3870.2900390625,-0.008113678739508856,24.100000381469727,0.3974546018787935,709349327.88,3870.29
2021-03-03,3819.719970703125,-0.013152335894801581,26.670000076293945,0.4041270806255461,-1189763828.035,3819.72
2021-03-04,3768.469970703125,-0.013508038064390604,28.56999969482422,0.4038654846781006,-4255747479.39,3768.47
2021-03-05,3841.93994140625,0.019308356338710198,24.65999984741211,0.3947125491030975,1088733698.23,3841.94
2021-03-08,3821.35009765625,-0.00537364322402567,25.469999313354492,0.3889144803593895,355126515.14,3821.29
2021-03-09,3875.43994140625,0.014055400743931301,24.030000686645508,0.4228940071670222,3559788830.125,3875.44
2021-03-10,3898.81005859375,0.006012203770987767,22.559999465942383,0.4474565708143866,3751456092.12,3898.77
2021-03-11,3939.340087890625,0.010341825500656654,21.90999984741211,0.4378672053404048,7759883804.97,3939.34
2021-03-12,3943.340087890625,0.001014883327531635,20.690000534057617,0.4433260429176743,6676473248.88,3943.34
2021-03-15,3968.93994140625,0.006470939539413578,20.030000686645508,0.4143219919461456,6363289432.175,3968.94
2021-03-16,3962.7099609375,-0.0015709169785971255,19.790000915527344,0.4067279704765854,6438768426.51,3962.71
2021-03-17,3974.1201171875,0.0028752446501592033,19.229999542236328,0.4258543834299509,10792991684.58,3974.12
2021-03-18,3915.4599609375,-0.014870560065947558,21.579999923706055,0.4472050239117022,1386685223.845,3915.46
2021-03-19,3913.10009765625,-0.0006028856737536614,20.950000762939453,0.4699511750330993,1144755957.995,3913.1
2021-03-22,3940.590087890625,0.007000556898342225,18.8799991607666,0.4001282879069113,2899985041.41,3940.59
2021-03-23,3910.52001953125,-0.007660118119334314,20.299999237060547,0.4074363448475149,2889613523.39,3910.52
2021-03-24,3889.139892578125,-0.005482336600348248,21.200000762939453,0.4347250872837185,-97228530.47,3889.14
2021-03-25,3909.52001953125,0.0052265834327283045,19.809999465942383,0.4382182544970515,-779267229.09,3909.52
2021-03-26,3974.5400390625,0.01649441865871637,18.860000610351562,0.4356906928585542,1805320053.29,3974.54
2021-03-29,3971.090087890625,-0.0008683896263868007,20.739999771118164,0.4115961584240158,2592391532.405,3971.1
2021-03-30,3958.550048828125,-0.0031628294096499587,19.610000610351562,0.4154013300252681,2627291885.9,3958.55
2021-03-31,3972.889892578125,0.0036159535924209507,19.399999618530273,0.442057708288362,7823646829.12,3972.89
2021-04-01,4019.8701171875,0.011755830427674141,17.329999923706055,0.4069966981380216,5857682262.57,4019.87
2021-04-05,4077.909912109375,0.0143349877622434,17.90999984741211,0.4120635031612724,10520577305.67,4077.91
2021-04-06,4073.93994140625,-0.0009740049407973572,18.1200008392334,0.4120208711360169,11522017291.84,4073.94
2021-04-07,4079.949951171875,0.001474145698107776,17.15999984741211,0.4096726831004018,13382781760.48,4079.95
2021-04-08,4097.169921875,0.00421175094059123,16.950000762939453,0.439302853615594,23633529559.57,4097.17
2021-04-09,4128.7998046875,0.0076902881356879504,16.690000534057617,0.4431099301847492,22995942965.025,4128.8
2021-04-12,4127.990234375,-0.00019609807474019192,16.90999984741211,0.4070773404218757,24218668212.87,4127.99
2021-04-13,4141.58984375,0.0032890718770630656,16.649999618530273,0.4245028850124445,21189337116.555,4141.59
2021-04-14,4124.66015625,-0.004096104320730376,16.989999771118164,0.4256565571508073,16223062386.76,4124.66
2021-04-15,4170.419921875,0.011033101401119794,16.56999969482422,0.4329183043816635,15439854174.89,4170.42
2021-04-16,4185.47021484375,0.003602323390516915,16.25,0.4223483944341668,7343807353.8,4185.47
2021-04-19,4163.259765625,-0.0053206898937574465,17.290000915527344,0.4093097100504328,4529045434.48,4163.26
2021-04-20,4134.93994140625,-0.006825561005078029,18.68000030517578,0.4108749356058148,4573888780.54,4134.94
2021-04-21,4173.419921875,0.009263020919853204,17.5,0.4359921030239911,7080704883.205,4173.42
2021-04-22,4134.97998046875,-0.009253337860554822,18.709999084472656,0.4222798135119361,4462044368.175,4134.98
2021-04-23,4180.169921875,0.0108694098955322,17.329999923706055,0.4287976887214682,3492813343.76,4180.17
2021-04-26,4187.6201171875,0.0017806845645829128,17.639999389648438,0.4232730742771827,4863652335.665,4187.62
2021-04-27,4186.72021484375,-0.0002149189814453223,17.559999465942383,0.4325786145639929,5571549852.905,4186.72
2021-04-28,4183.18017578125,-0.0008458975873963936,17.280000686645508,0.4295906211160247,8496825793.315,4183.18
2021-04-29,4211.47021484375,0.0067400415367036,17.610000610351562,0.4276566019426754,12660438711.375,4211.47
2021-04-30,4181.169921875,-0.007220713417121161,18.610000610351562,0.4267605185762106,4311255759.54,4181.17
2021-05-03,4192.66015625,0.002744321649512216,18.309999465942383,0.4385442000522013,3692946565.195,4192.66
2021-05-04,4164.66015625,-0.0067007374898473415,19.479999542236328,0.406691255682405,2063402283.785,4164.66
2021-05-05,4167.58984375,0.00070321644711413,19.149999618530273,0.406959297227831,1375233047.77,4167.59
2021-05-06,4201.6201171875,0.008132299498631923,18.389999389648438,0.437333217961957,6361758065.13,4201.62
2021-05-07,4232.60009765625,0.007346291419187523,16.690000534057617,0.4232979281262118,3613599670.325,4232.6
2021-05-10,4188.43017578125,-0.0104904805031385,19.65999984741211,0.4096617335842976,2172247871.7,4188.43
2021-05-11,4152.10009765625,-0.008711750141781494,21.84000015258789,0.3771009982799587,1059855547.6,4152.1
2021-05-12,4063.0400390625,-0.021682782358302788,27.59000015258789,0.4283118475711509,-1306286223.515,4063.04
2021-05-13,4112.5,0.012099644578093205,23.1299991607666,0.3959075885718239,-1761338908.21,4112.5
2021-05-14,4173.85009765625,0.014807778563623586,18.809999465942383,0.4258606986724504,7218890129.58,4173.850098
2021-05-17,4163.2900390625,-0.0025332581839609958,19.719999313354492,0.4332353842995003,5984868978.255,4163.290039
2021-05-18,4127.830078125,-0.00855377238403321,21.34000015258789,0.4193896093596625,5427986458.295,4127.830078
2021-05-19,4115.68017578125,-0.0029477518113782963,22.18000030517578,0.4445952758234253,4283887238.36,4115.680176
2021-05-20,4159.1201171875,0.010499429334508648,20.670000076293945,0.4319501421843,6943954468.34,4159.120117
2021-05-21,4155.85986328125,-0.0007841880752526009,20.149999618530273,0.4439890459150364,927838613.86,4155.859863
2021-05-24,4197.0498046875,0.009862497481215371,18.399999618530273,0.4119656634334254,4144371903.72,4197.049805
2021-05-25,4188.1298828125,-0.002127545400828268,18.84000015258789,0.4363434797505423,4761099408.95,4188.129883
2021-05-26,4195.990234375,0.0018750575506114586,17.360000610351562,0.4258394247718322,5909801988.81,4195.990234
2021-05-27,4200.8798828125,0.001164636089862725,16.739999771118164,0.4232255128003583,3778201802.25,4200.879883
2021-05-28,4204.10986328125,0.0007685864528870212,16.760000228881836,0.410119038111816,2994737780.07,4204.109863
2021-06-01,4202.0400390625,-0.0004924547586302452,17.899999618530273,0.4184248522486599,3473156271.73,4202.040039
2021-06-02,4208.1201171875,0.0014458890369013488,17.479999542236328,0.428626908591428,4142372168.85,4208.120117
2021-06-03,4192.85009765625,-0.0036353030560487554,18.040000915527344,0.4093282724980299,723554093.26,4192.850098
2021-06-04,4229.89013671875,0.008795303383015707,16.420000076293945,0.4356279200014816,2749221583.75,4229.890137
2021-06-07,4226.52001953125,-0.0007970562694215033,16.420000076293945,0.4528202135824101,6382166379.35,4226.52002
2021-06-08,4227.259765625,0.00017500954944082991,17.06999969482422,0.4348310821286926,6684619034.05,4227.259766
2021-06-09,4219.5498046875,-0.001825532590615353,17.889999389648438,0.4434164013210893,7411798495.66,4219.549805
2021-06-10,4239.18017578125,0.00464145477646305,16.100000381469727,0.4249963701772216,14222065213.55,4239.180176
2021-06-11,4247.43994140625,0.0019465389328079397,15.649999618530273,0.4202214326586701,12444445188.56,4247.439941
2021-06-14,4255.14990234375,0.0018135563851373604,16.389999389648438,0.433898029204131,13822328582.85,4255.149902
2021-06-15,4246.58984375,-0.0020137199542773487,17.020000457763672,0.4322428612968664,14868150865.17,4246.589844
2021-06-16,4223.7001953125,-0.005404703747025508,18.149999618530273,0.4457731014003457,16162825911.65,4223.700195
2021-06-17,4221.85986328125,-0.00043581054367258787,17.75,0.4535551893617876,19555211812.83,4221.859863
2021-06-18,4166.4501953125,-0.013211355687284154,20.700000762939453,0.4645627309274666,3011714346.64,4166.450195
2021-06-21,4224.7900390625,0.013905163512319518,17.889999389648438,0.4193206597702649,4156428235.77,4224.790039
2021-06-22,4246.43994140625,0.005111406378990324,16.65999984741211,0.4218615723266891,7256119526.58,4246.439941
2021-06-23,4241.83984375,-0.0010838705186486663,16.31999969482422,0.4310007994069783,8971871377.97,4241.839844
2021-06-24,4266.490234375,0.005794429545916913,15.970000267028809,0.3969833247238242,8606613070.15,4266.490234
2021-06-25,4280.7001953125,0.0033250631646861706,15.619999885559082,0.4238908142914095,3757348019.24,4280.700195
2021-06-28,4290.60986328125,0.0023122888604731884,15.760000228881836,0.4169124047622594,11777060174.32,4290.609863
2021-06-29,4291.7998046875,0.0002772977426861445,16.020000457763672,0.4101825589109703,6450709613.24,4291.799805
2021-06-30,4297.5,0.0013272784229076962,15.829999923706055,0.4092254497000798,7786851176.52,4297.5
2021-07-01,4319.93994140625,0.005208041432254618,15.479999542236328,0.4233233549165893,9713480888.99,4319.939941
2021-07-02,4352.33984375,0.007472095894691222,15.069999694824219,0.4263065891238251,8802031881.65,4352.339844
2021-07-06,4343.5400390625,-0.002023902770021735,16.440000534057617,0.4494399522509937,13550067605.2,4343.540039
2021-07-07,4358.1298828125,0.003353346553662817,16.200000762939453,0.469890942657958,15767277354.03,4358.129883
2021-07-08,4320.81982421875,-0.008597881009555053,19.0,0.4396126731712657,21638186950.32,4320.819824
2021-07-09,4369.5498046875,0.01121482590241385,16.18000030517578,0.4591317231747742,14064261154.51,4369.55
2021-07-12,4384.6298828125,0.003445232695593603,16.170000076293945,0.4472468223869815,21980567522.19,4384.629883
2021-07-13,4369.2099609375,-0.003523011181165714,17.1200008392334,0.4681178935620991,16283247878.31,4369.209961
2021-07-14,4374.2998046875,0.001164256565468591,16.329999923706055,0.4684579188757749,13207386454.84,4374.299805
2021-07-15,4360.02978515625,-0.0032675735627449853,17.010000228881836,0.4439776177943404,8977493073.29,4360.029785
2021-07-16,4327.16015625,-0.007567415006812794,18.450000762939453,0.4632855927591586,4110633637.21,4327.160156
2021-07-19,4258.490234375,-0.015996781399984172,22.5,0.4265089373422389,1109702504.09,4258.490234
2021-07-20,4323.06005859375,0.015048806004799076,19.729999542236328,0.4407780986998683,4419864297.39,4323.060059
2021-07-21,4358.68994140625,0.008208041662143728,17.90999984741211,0.4429841932486178,4992659380.07,4358.689941
2021-07-22,4367.47998046875,0.00201463920924283,17.690000534057617,0.4487098337915939,11324202448.64,4367.47998
2021-07-23,4411.7900390625,0.0100943323862559,17.200000762939453,0.4223104945119056,3975962943.64,4411.790039
2021-07-26,4422.2998046875,0.00237936692272811,17.579999923706055,0.4089724311329041,6070990493.2,4422.299805
2021-07-27,4401.4599609375,-0.004723583382176599,19.360000610351562,0.4230596418675487,3346037297.64,4401.459961
2021-07-28,4400.64013671875,-0.00018627923155278836,18.309999465942383,0.4435008421003932,5633208348.33,4400.640137
2021-07-29,4419.14990234375,0.0041973318452726005,17.700000762939453,0.4219046970837454,6177326865.88,4419.149902
2021-07-30,4395.259765625,-0.005420713608261352,18.239999771118164,0.4415151761473451,2996654586.44,4395.259766
2021-08-02,4387.16015625,-0.00184450567006067,19.459999084472656,0.4185896889847497,2131192081.8,4387.160156
2021-08-03,4423.14990234375,0.008169961338918341,18.040000915527344,0.4250541170600391,4483257446.74,4423.149902
2021-08-04,4402.66015625,-0.004643150661296502,17.969999313354492,0.4378317324178266,4446237647.61,4402.660156
2021-08-05,4429.10009765625,0.005987485990420538,17.280000686645508,0.4256259065817939,8574465232.04,4429.100098
2021-08-06,4436.52001953125,0.0016738645485290249,16.149999618530273,0.4399321546789184,3826344850.47,4436.52002
2021-08-09,4432.35009765625,-0.0009403502649565354,16.719999313354492,0.4512734740546008,275918381.67,4432.350098
2021-08-10,4436.75,0.0009921869538640493,16.790000915527344,0.4280418994348373,4963943638.24,4436.75
2021-08-11,4442.41015625,0.0012749307180150993,16.170000076293945,0.4216760843868489,4465499891.71,4447.700195
2021-08-12,4460.830078125,0.00413780773547856,15.59000015258789,0.4212097552252622,4693167132.0,4460.830078
2021-08-13,4468.0,0.001606016320923942,15.449999809265137,0.4114017920216073,7931442975.08,4468.0
2021-08-16,4479.7099609375,0.002617422261993241,16.1200008392334,0.4343535761020886,6589462624.58,4479.709961
2021-08-17,4448.080078125,-0.007085743507136755,17.90999984741211,0.4457664643825161,3238500555.47,4448.080078
2021-08-18,4400.27001953125,-0.010806652845255726,21.56999969482422,0.4311681870538025,2285184486.31,4400.27002
2021-08-19,4405.7998046875,0.0012559032561583194,21.670000076293945,0.4349620618676432,1668805359.37,4405.799805
2021-08-20,4441.669921875,0.008108603890741861,18.559999465942383,0.4548896479576169,2624107334.41,4441.669922
2021-08-23,4479.52978515625,0.008487667984411473,17.149999618530273,0.42155617345877,6309056857.53,4479.529785
2021-08-24,4486.22998046875,0.0014946188019617779,17.219999313354492,0.4052145930564616,8424335450.53,4486.22998
2021-08-25,4496.18994140625,0.0022176574032517493,16.790000915527344,0.4038620365124237,8565102833.21,4496.189941
2021-08-26,4470.0,-0.005841949827603443,18.84000015258789,0.4032164586735544,11573695996.83,4470.0
2021-08-27,4509.3701171875,0.0087690715404527,16.389999389648438,0.3731492168142191,5413071000.09,4509.370117
2021-08-30,4528.7900390625,0.004297324106874001,16.190000534057617,0.4141446393273965,11834437308.69,4528.790039
2021-08-31,4522.68017578125,-0.001350026915892144,16.479999542236328,0.3965728605816978,11756780783.38,4522.680176
2021-09-01,4524.08984375,0.00031164006095174557,16.110000610351562,0.4089223413613394,12735999715.72,4524.089844
2021-09-02,4536.9501953125,0.002838605754405421,16.40999984741211,0.3804063795568746,7892136745.815,4536.950195
2021-09-03,4535.43017578125,-0.00033508726118114396,16.40999984741211,0.4038154449489859,6117722665.87,4535.430176
2021-09-07,4520.02978515625,-0.0034013524523217598,18.139999389648438,0.4273001766437645,9651086359.55,4520.029785
2021-09-08,4514.06982421875,-0.0013194368138158552,17.959999084472656,0.4275330552996268,12085852209.34,4514.069824
2021-09-09,4493.27978515625,-0.004616247150002195,18.799999237060547,0.4165534081096624,10850515444.24,4493.279785
2021-09-10,4458.580078125,-0.007752552286277137,20.950000762939453,0.4294476437248435,8575533932.63,4458.580078
2021-09-13,4468.72998046875,0.0022739003463705387,19.3700008392334,0.4203485043890032,10883477322.67,4468.72998
2021-09-14,4443.0498046875,-0.005763213966258007,19.459999084472656,0.4216607050358158,8337274918.42,4443.049805
2021-09-15,4480.7001953125,0.008438294222079534,18.18000030517578,0.4001816574768229,10748988307.13,4480.700195
2021-09-16,4473.75,-0.001552344712765219,18.690000534057617,0.4310102684591619,9698338486.44,4473.75
2021-09-17,4432.990234375,-0.009152630275798046,20.809999465942383,0.4754490910768471,2430915197.6,4432.990234
2021-09-20,4357.72998046875,-0.017123077726381553,25.709999084472656,0.416729416372693,-515450012.5,4357.72998
2021-09-21,4354.18994140625,-0.0008126886585468895,24.360000610351562,0.4048511960635052,-88955906.31,4354.189941
2021-09-22,4395.64013671875,0.009474585224218401,20.8700008392334,0.4028899510994478,2325637071.0,4395.640137
2021-09-23,4448.97998046875,0.012061680369937378,18.6299991607666,0.3991082383804678,9907492226.81,4448.97998
2021-09-24,4455.47998046875,0.0014599428113637458,17.75,0.4457322032703997,3144507749.9,4455.47998
2021-09-27,4443.10986328125,-0.0027802439201884965,18.760000228881836,0.4260740898424005,5455996178.23,4443.109863
2021-09-28,4352.6298828125,-0.020574317739892933,23.25,0.4315061230826326,-1122505161.53,4352.629883
2021-09-29,4359.4599609375,0.0015679543362843162,22.559999465942383,0.4334887244130263,-847746794.04,4359.459961
2021-09-30,4307.5400390625,-0.011981202945015923,23.139999389648438,0.443721548980112,-5626981781.86,4307.540039
2021-10-01,4357.0400390625,0.011425952113334858,21.100000381469727,0.4369238216604568,1282313860.4,4357.040039
2021-10-04,4300.4599609375,-0.013070952048643392,22.959999084472656,0.4260111335971954,-673990483.35,4300.459961
2021-10-05,4345.72021484375,0.010469517498600922,21.299999237060547,0.4306638949924753,2325347082.15,4345.720215
2021-10-06,4363.5498046875,0.004094399349623856,21.0,0.4424341633726122,3688297737.12,4363.549805
2021-10-07,4399.759765625,0.008264039225066355,19.540000915527344,0.4302946680969285,10695103432.54,4399.759766
2021-10-08,4391.33984375,-0.0019155566024213755,18.770000457763672,0.4428550303921984,4519830824.38,4391.339844
2021-10-11,4361.18994140625,-0.006889441644339911,20.0,0.4494735010879082,2945420885.82,4361.189941
2021-10-12,4350.64990234375,-0.002419705686554252,19.850000381469727,0.4481380499169705,1767145789.86,4350.649902
2021-10-13,4363.7998046875,0.003017955870230793,18.639999389648438,0.4549956428092069,5013612571.12,4363.799805
2021-10-14,4438.259765625,0.016919162285711664,16.860000610351562,0.4543257484080836,12703611616.14,4438.259766
2021-10-15,4471.3701171875,0.00743252063718991,16.299999237060547,0.4468766552209661,7345856711.25,4471.370117
2021-10-18,4486.4599609375,0.003369087801804227,16.309999465942383,0.4185797994502899,15381443262.81,4486.459961
2021-10-19,4519.6298828125,0.007366142784235308,15.699999809265137,0.4423716458545893,11652917492.65,4519.629883
2021-10-20,4536.18994140625,0.003657333598560797,15.489999771118164,0.4206912851204971,11992683769.74,4536.189941
2021-10-21,4549.77978515625,0.002991393168359835,15.010000228881836,0.4095319619949768,13578109706.19,4549.779785
2021-10-22,4544.89990234375,-0.0010731292246628499,15.430000305175781,0.4402161709218276,4023389921.09,4544.899902
2021-10-25,4566.47998046875,0.004736959440853283,15.239999771118164,0.417529058869686,5865738538.28,4566.47998
2021-10-26,4574.7900390625,0.0018181414322437917,15.979999542236328,0.4194870738606946,6903663055.25,4574.790039
2021-10-27,4551.68017578125,-0.005064370371105298,16.979999542236328,0.441287567252049,10052715141.29,4551.680176
2021-10-28,4596.419921875,0.009781288424184353,16.530000686645508,0.437918795509708,11695732285.1,4596.419922
2021-10-29,4605.3798828125,0.0019474372317169752,16.260000228881836,0.4406062419649334,6286503122.08,4605.379883
2021-11-01,4613.669921875,0.0017984589459025813,16.40999984741211,0.4514841522407145,5859154783.09,4613.669922
2021-11-02,4630.64990234375,0.0036736071203886667,16.030000686645508,0.4597127321509444,6378732344.55,4630.649902
2021-11-03,4660.56982421875,0.00644049461288887,15.100000381469727,0.4720991703266545,13181731458.17,4660.569824
2021-11-04,4680.06005859375,0.004173222342817695,15.4399995803833,0.4646994001907616,18650772195.11,4680.060059
2021-11-05,4697.52978515625,0.0037258500452850285,16.479999542236328,0.4441306856683412,9833987161.81,4697.529785
2021-11-08,4701.7001953125,0.0008873940607010411,17.219999313354492,0.4486819382219017,9968863176.85,4701.700195
2021-11-09,4685.25,-0.0035049109263987077,17.780000686645508,0.4413167578555236,14111394595.54,4685.25
2021-11-10,4646.7099609375,-0.008259842163861109,18.729999542236328,0.4423471865108126,6491275289.5,4646.709961
2021-11-11,4649.27001953125,0.0005507883329887164,17.65999984741211,0.4627364066358813,11335745505.24,4649.27002
2021-11-12,4682.85009765625,0.0071966975641295505,16.290000915527344,0.4323128853541174,16097389192.94,4682.850098
2021-11-15,4682.7998046875,-1.0739878016252646e-05,16.489999771118164,0.4368794812097472,17361272999.17,4682.799805
2021-11-16,4700.89990234375,0.003857779057126365,16.3700008392334,0.4239096072423048,15188398771.24,4700.899902
2021-11-17,4688.669921875,-0.0026050154828958227,17.110000610351562,0.4255288805332947,16479408238.12,4688.669922
2021-11-18,4704.5400390625,0.003379064740171245,17.59000015258789,0.4143920464526874,23464318776.78,4704.540039
2021-11-19,4697.9599609375,-0.0013996446049873157,17.90999984741211,0.4434456493405571,6166599259.97,4697.959961
2021-11-22,4682.93994140625,-0.003202258316960638,19.170000076293945,0.4185048625143117,5138825573.88,4682.939941
2021-11-23,4690.7001953125,0.001655761383194232,19.3799991607666,0.4267768798526166,4537303163.05,4690.700195
2021-11-24,4701.4599609375,0.0022912237766679056,18.579999923706055,0.442082379478648,2775244522.72,4701.459961
2021-11-26,4594.6201171875,-0.022987011159321113,28.6200008392334,0.463402641265665,615070535.42,4594.620117
2021-11-29,4655.27001953125,0.013113836082823127,22.959999084472656,0.4263388061107526,3701057825.22,4655.27002
2021-11-30,4567.0,-0.019143381187848973,27.190000534057617,0.4490475874023639,516976966.58,4567.0
2021-12-01,4513.0400390625,-0.01188554145795706,31.1200008392334,0.4419241889855411,-1015727979.11,4513.040039
2021-12-02,4577.10009765625,0.014094638396057846,27.950000762939453,0.4356936883061164,-2423610802.03,4577.1
2021-12-03,4538.43017578125,-0.008484455141738678,30.670000076293945,0.4459077545176418,-1277000975.77,4538.430176
2021-12-06,4591.669921875,0.011662599309685717,27.18000030517578,0.4444940473691861,598889337.73,4591.669922
2021-12-07,4686.75,0.02049560318625332,21.889999389648438,0.4449531791097938,9317764203.03,4686.75
2021-12-08,4701.2099609375,0.0030805355865854978,19.899999618530273,0.4582344717378404,13398192424.62,4701.209961
2021-12-09,4667.4501953125,-0.007206988232523415,21.579999923706055,0.4710949812264985,9477705979.4,4667.450195
2021-12-10,4712.02001953125,0.009503769118209604,18.690000534057617,0.4671186805465633,9983496995.58,4712.02002
2021-12-13,4668.97021484375,-0.009178158342793452,20.309999465942383,0.4701368493700001,6960414036.04,4668.970215
2021-12-14,4634.08984375,-0.0074987228546241624,21.889999389648438,0.458814025039899,4577148484.67,4634.089844
2021-12-15,4709.85009765625,0.016216267351891744,19.290000915527344,0.4653860674065516,12373200395.11,4709.850098
2021-12-16,4668.669921875,-0.008781863311112303,20.56999969482422,0.4720123535813348,4368410277.47,4668.669922
2021-12-17,4620.64013671875,-0.010340964584054646,21.56999969482422,0.4573565608478118,1098354660.09,4620.640137
2021-12-20,4568.02001953125,-0.011453398323256536,22.8700008392334,0.4166394572459271,331234190.68,4568.02002
2021-12-21,4649.22998046875,0.01762175538519628,21.010000228881836,0.4467123030187387,4927778278.86,4649.22998
2021-12-22,4696.56005859375,0.010128728029126677,18.6299991607666,0.435220526964804,14794687722.07,4696.560059
2021-12-23,4725.7900390625,0.006204412685251626,17.959999084472656,0.4366138425093909,7235349038.55,4725.790039
2021-12-27,4791.18994140625,0.013744051573606697,17.68000030517578,0.4506296848842308,7784043207.36,4791.189941
2021-12-28,4786.35009765625,-0.0010106653988870562,17.540000915527344,0.421802626614768,9198138380.32,4786.350098
2021-12-29,4793.06005859375,0.0014009134018575509,16.950000762939453,0.4346541172889316,7065383461.37,4793.060059
2021-12-30,4778.72998046875,-0.002994233841905114,17.329999923706055,0.4052860402732798,8238695757.83,4778.72998
2021-12-31,4766.18017578125,-0.0026296343734735217,17.219999313354492,0.4408385841692358,3338435885.86,4766.180176
2022-01-03,4796.56005859375,0.006353824170387767,16.600000381469727,0.4256954693456193,7580233074.15,4796.560059
2022-01-04,4793.5400390625,-0.0006298202522039276,16.90999984741211,0.4313662812762217,5028022970.29,4793.540039
2022-01-05,4700.580078125,-0.019583264304500858,19.729999542236328,0.4228831161984276,-50455727.15,4700.580078
2022-01-06,4696.0498046875,-0.000964233740180731,19.610000610351562,0.4172671859829597,-2323040772.63,4696.049805
2022-01-07,4677.02978515625,-0.004058441082335662,18.760000228881836,0.4294333359992178,452211857.53,4677.029785
2022-01-10,4670.2900390625,-0.0014420705375393084,19.399999618530273,0.4179765122143289,483338318.23,4670.290039
2022-01-11,4713.06982421875,0.00911828645239865,18.40999984741211,0.4327653873418328,5128605733.42,4713.069824
2022-01-12,4726.35009765625,0.002813792014666916,17.6200008392334,0.4498473771550625,7387201008.9,4726.350098
2022-01-13,4659.02978515625,-0.014346029234399538,20.309999465942383,0.4432440847387186,3349598945.66,4659.029785
2022-01-14,4662.85009765625,0.0008196442695904693,19.190000534057617,0.424451477339394,8103152386.75,4662.850098
2022-01-18,4577.10986328125,-0.018559105398008313,22.790000915527344,0.4550967439224503,3024987909.02,4577.109863
2022-01-19,4532.759765625,-0.009736790941460072,23.850000381469727,0.4514661820465486,-568341859.1,4532.759766
2022-01-20,4482.72998046875,-0.011098742304332276,25.59000015258789,0.4354307461332695,-7496822660.71,4482.72998
2022-01-21,4397.93994140625,-0.01909599532463524,28.850000381469727,0.4322009182063372,-1772597843.72,4397.939941
2022-01-24,4410.1298828125,0.0027679047582704897,29.899999618530273,0.3720455521901057,-1653661644.65,4410.129883
2022-01-25,4356.4501953125,-0.012246590556866721,31.15999984741211,0.4703916810663004,-2405353500.46,4356.450195
2022-01-26,4349.93017578125,-0.0014977569258860512,31.959999084472656,0.5140296469398529,-2195632576.32,4349.930176
2022-01-27,4326.509765625,-0.005398635199970414,30.489999771118164,0.4960077181306831,-1578080006.9,4326.509766
2022-01-28,4431.85009765625,0.024055967914735632,27.65999984741211,0.4647574837452302,-85454135.58,4431.850098
2022-01-31,4515.5498046875,0.01870982622298456,24.829999923706055,0.5083787769271841,3089160807.42,4515.549805
2022-02-01,4546.5400390625,0.00683956034831823,21.959999084472656,0.509548553069884,2674471325.89,4546.540039
2022-02-02,4589.3798828125,0.009378400448323276,22.09000015258789,0.483121002757322,7730074046.62,4589.379883
2022-02-03,4477.43994140625,-0.02469347172011993,24.350000381469727,0.4787889466768222,2957158269.99,4477.439941
2022-02-04,4500.52978515625,0.005143678439862853,23.219999313354492,0.4883861043697994,2970392085.98,4500.529785
2022-02-07,4483.8701171875,-0.003708580927828109,22.860000610351562,0.4628097329533692,1220200355.33,4483.870117
2022-02-08,4521.5400390625,0.008366113466633962,21.440000534057617,0.4875801902232197,3123330275.7045,4521.540039
2022-02-09,4587.18017578125,0.014412842079265076,19.959999084472656,0.5028308149072428,6184981514.96,4587.180176
2022-02-10,4504.080078125,-0.01828182448505622,23.90999984741211,0.5410693475800269,2544163934.49,4504.080078
2022-02-11,4418.64013671875,-0.019151682638085532,27.360000610351562,0.5112187576936246,628675909.92,4418.640137
2022-02-14,4401.669921875,-0.003847990755629027,28.329999923706055,0.5094728786880304,1250192164.5,4401.669922
2022-02-15,4471.06982421875,0.015643717646064204,25.700000762939453,0.5025017966998709,3251691399.97,4471.069824
2022-02-16,4475.009765625,0.0008808197202831991,24.290000915527344,0.5013181003566954,4833309246.81,4475.009766
2022-02-17,4380.259765625,-0.021400504136936505,28.110000610351562,0.4898564913914044,-821183097.31,4380.259766
2022-02-18,4348.8701171875,-0.007191961663865598,27.75,0.5009166494846178,-533679223.17,4348.870117
2022-02-22,4304.759765625,-0.010194735435016256,28.809999465942383,0.4424983652879219,-1625054552.69,4304.759766
2022-02-23,4225.5,-0.01858373574878769,31.020000457763672,0.4883231591864598,-2220759162.12,4225.5
2022-02-24,4288.7001953125,0.014846105252724229,30.31999969482422,0.4483568411285369,378968071.39,4288.700195
2022-02-25,4384.64990234375,0.022126080551265304,27.59000015258789,0.4916010146198582,1776066413.09,4384.649902
2022-02-28,4373.93994140625,-0.0024455914631271725,30.149999618530273,0.5228270697271643,1712560976.79,4373.939941
2022-03-01,4306.259765625,-0.015594467786611332,33.31999969482422,0.5052238876127334,708443963.93,4306.259766
2022-03-02,4386.5400390625,0.01847104678065037,30.739999771118164,0.4811445428665474,2421498537.71,4386.540039
2022-03-03,4363.490234375,-0.005268520744245109,30.479999542236328,0.4784480275856207,1006702014.5,4363.490234
2022-03-04,4328.8701171875,-0.007965684543002283,31.979999542236328,0.4859956376480791,-650053948.24,4328.870117
2022-03-07,4201.08984375,-0.029962586814415104,36.45000076293945,0.4214014092540264,-1462294426.57,4201.089844
2022-03-08,4170.7001953125,-0.007260043975698238,35.130001068115234,0.4366891259827035,-1886069108.635,4170.700195
2022-03-09,4277.8798828125,0.02537359812214035,32.45000076293945,0.4694144357821445,1422701822.08,4277.879883
2022-03-10,4259.52001953125,-0.0043010499202473795,30.229999542236328,0.4972234543040841,2972561100.64,4259.52002
2022-03-11,4204.31005859375,-0.013046278933238398,30.75,0.5166063486927546,-692503450.94,4204.310059
2022-03-14,4173.10986328125,-0.007448675095533375,31.770000457763672,0.4807491901049326,-1832241576.09,4173.109863
2022-03-15,4262.4501953125,0.021182629724146196,29.829999923706055,0.4806548263788225,-45493422.69,4262.450195
2022-03-16,4357.85986328125,0.02213692164839287,26.670000076293945,0.4891805237403097,8190923166.6,4357.859863
2022-03-17,4411.669921875,0.01227220506870097,25.670000076293945,0.5055661755327756,9427733113.76,4411.669922
2022-03-18,4463.1201171875,0.01159481441188781,23.8700008392334,0.5468016916655677,4564414960.55,4463.120117
2022-03-21,4461.18017578125,-0.00043475485430199967,23.530000686645508,0.5029687767159673,5205696539.73,4461.180176
2022-03-22,4511.60986328125,0.01124069955407414,22.940000534057617,0.4899302665058409,7678985456.51,4511.609863
2022-03-23,4456.240234375,-0.012348630252494885,23.56999969482422,0.5036081630767052,5998126383.99,4456.240234
2022-03-24,4520.16015625,0.014242012281618699,21.670000076293945,0.4709981588027948,7694781048.57,4520.160156
2022-03-25,4543.06005859375,0.005053380704236332,20.809999465942383,0.4974489659155003,4652303632.1,4543.060059
2022-03-28,4575.52001953125,0.007119551020043247,19.6299991607666,0.4911877078108415,8319653923.62,4575.52002
2022-03-29,4631.60009765625,0.012182044101392009,18.899999618530273,0.4734424421028874,9140784923.03,4631.600098
2022-03-30,4602.4501953125,-0.0063135889990899585,19.329999923706055,0.5008462176166129,8005330614.83,4602.450195
2022-03-31,4530.41015625,-0.0157763352268816,20.559999465942383,0.4720401713418696,3976160043.38,4530.410156
2022-04-01,4545.85986328125,0.003404420961462762,19.6299991607666,0.4645076789438502,3582782197.39,4545.859863
2022-04-04,4582.64013671875,0.00805838253213409,18.56999969482422,0.4801264735659328,5945441880.37,4582.640137
2022-04-05,4525.1201171875,-0.012631159074006248,21.030000686645508,0.4864905755597764,3591475431.52,4525.120117
2022-04-06,4481.14990234375,-0.009764433912478054,22.100000381469727,0.4357465704499257,1373425175.5,4481.149902
2022-04-07,4500.2099609375,0.004244365552036555,21.549999237060547,0.4587838383451602,710491425.92,4500.209961
2022-04-08,4488.27978515625,-0.002654546675552538,21.15999984741211,0.4454176644954991,4341863239.32,4488.279785
2022-04-11,4412.52978515625,-0.01702133458469568,24.3700008392334,0.434598632259499,-107470892.48,4412.529785
2022-04-12,4397.4501953125,-0.003423300530453588,24.260000228881836,0.4512817202261313,-4365979912.22,4397.450195
2022-04-13,4446.58984375,0.011112603268902177,21.81999969482422,0.4466885713973968,813715293.51,4446.589844
2022-04-14,4392.58984375,-0.012218480383507924,22.700000762939453,0.4728009937210105,389729826.46,4392.589844
2022-04-18,4391.68994140625,-0.00020488927240691623,22.170000076293945,0.4600272157248736,29363519.85,4391.689941
2022-04-19,4462.2099609375,0.015930044749387307,21.3700008392334,0.4533383843796995,3736731847.1,4462.209961
2022-04-20,4459.4501953125,-0.0006186664061829106,20.31999969482422,0.447257554622623,1403102718.62,4459.450195
2022-04-21,4393.66015625,-0.014862855551310616,22.68000030517578,0.4244492622718093,23667370.38,4393.660156
2022-04-22,4271.77978515625,-0.02813207637736781,28.209999084472656,0.4380450198373005,-707370661.08,4271.779785
2022-04-25,4296.1201171875,0.0056817651441125605,27.020000457763672,0.4194350040954677,-337188402.5,4296.120117
2022-04-26,4175.2001953125,-0.028550008928597492,33.52000045776367,0.4520937759341911,-1759144334.57,4175.200195
2022-04-27,4183.9599609375,0.0020958490249647355,31.600000381469727,0.4345284198699164,-2141585988.43,4183.959961
2022-04-28,4287.5,0.024445655340832317,29.989999771118164,0.4520591669512339,-105030297.58,4287.5
2022-04-29,4131.93017578125,-0.03695915978469522,33.400001525878906,0.4635257408922454,-1174932280.81,4131.930176
2022-05-02,4155.3798828125,0.005659199293818418,32.34000015258789,0.4602533123747508,-925363915.06,4155.379883
2022-05-03,4175.47998046875,0.004825465075359858,29.25,0.4610640972332477,-348333228.91,4175.47998
2022-05-04,4300.169921875,0.029425221557326964,25.420000076293945,0.486519374721654,4503160837.97,4300.169922
2022-05-05,4146.8701171875,-0.036300677564099715,31.200000762939453,0.4964853872945992,-1434460340.04,4146.870117
2022-05-06,4123.33984375,-0.005690384413952643,30.190000534057617,0.4708221949621741,-1017344605.79,4123.339844
2022-05-09,3991.239990234375,-0.03256151953960362,34.75,0.416092571494453,-1868208095.55,3991.23999
2022-05-10,4001.050048828125,0.002454881760408867,32.9900016784668,0.4401032121399379,-1986446947.49,4001.050049
2022-05-11,3935.179931640625,-0.01660023209569772,32.560001373291016,0.4540096268136891,-2519691054.66,3935.179932
2022-05-12,3930.080078125,-0.0012968049941122217,31.770000457763672,0.4189913360634772,-3429697353.99,3930.080078
2022-05-13,4023.889892578125,0.023589267956868554,28.8700008392334,0.4529515988834721,-1426612506.71,4023.889893
2022-05-16,4008.010009765625,-0.003954208517722435,27.469999313354492,0.5201815291073775,-1135155035.94,4008.01001
2022-05-17,4088.85009765625,0.019968919581462075,26.100000381469727,0.5111652714097823,521341737.0,4088.850098
2022-05-18,3923.679931640625,-0.041233809291247425,30.959999084472656,0.4975285169080962,-3157560491.09,3923.679932
2022-05-19,3900.7900390625,-0.005850864777348974,29.350000381469727,0.4558133182267513,-3674619775.84,3900.790039
2022-05-20,3901.360107421875,0.0001461310919914638,29.43000030517578,0.4843411666546648,-1408475626.91,3901.360107
2022-05-23,3973.75,0.018384995412059624,28.479999542236328,0.4699115014296484,-827734133.38,3973.75
2022-05-24,3941.47998046875,-0.008153950903556861,29.450000762939453,0.4910733666881201,-975215961.6,3941.47998
2022-05-25,3978.72998046875,0.009406385648931703,28.3700008392334,0.471711243018577,-133835413.89,3978.72998
2022-05-26,4057.840087890625,0.019688166007719943,27.5,0.4923202564732615,3830138869.3,4057.840088
2022-05-27,4158.240234375,0.024441130195821614,25.719999313354492,0.5294658316912269,3229619786.44,4158.240234
2022-05-31,4132.14990234375,-0.006294135193666506,26.190000534057617,0.5281746390081205,3396672527.89,4132.149902
2022-06-01,4101.22998046875,-0.007510905041154814,25.690000534057617,0.5226027525845165,2772951834.21,4101.22998
2022-06-02,4176.81982421875,0.018263225415545037,24.719999313354492,0.502836090063354,8849277572.78,4176.819824
2022-06-03,4108.5400390625,-0.01648240560981762,24.790000915527344,0.5511150953315977,1411442276.51,4108.540039
2022-06-06,4121.43017578125,0.003132489407036587,25.06999969482422,0.524174420356468,889379135.34,4121.430176
2022-06-07,4160.68017578125,0.009478331531719064,24.020000457763672,0.5141049304796693,2723715124.52,4160.680176
2022-06-08,4115.77001953125,-0.010852623040154441,23.959999084472656,0.5157375512811582,1724845025.73,4115.77002
2022-06-09,4017.820068359375,-0.024086457665156047,26.09000015258789,0.5126266841543828,-1424303517.12,4017.820068
2022-06-10,3900.860107421875,-0.0295424148114094,27.75,0.5081973000736029,-1323234349.385,3900.860107
2022-06-13,3749.6298828125,-0.039539931990040245,34.02000045776367,0.4465570296824429,-3321834606.89,3749.629883
2022-06-14,3735.47998046875,-0.0037808180394893753,32.689998626708984,0.4369556006180874,-3167093025.18,3735.47998
2022-06-15,3789.989990234375,0.014487058836534672,29.6200008392334,0.4495462943948837,-1800132695.87,3789.98999
2022-06-16,3666.77001953125,-0.03305220711384038,32.95000076293945,0.4751537842957742,-3841187936.155,3666.77002
2022-06-17,3674.840087890625,0.0021984473410121552,31.1299991607666,0.4546242075357266,-1568342151.595,3674.840088
2022-06-21,3764.7900390625,0.02418247496067316,30.190000534057617,0.4333369922294159,-499821063.11,3764.790039
2022-06-22,3759.889892578125,-0.0013024200953584142,28.950000762939453,0.4616135306437134,-559388352.15,3759.889893
2022-06-23,3795.72998046875,0.009487072485557135,29.049999237060547,0.4685830361104376,-79153741.07,3795.72998
2022-06-24,3911.739990234375,0.0301055397299006,27.229999542236328,0.4418378637812561,1460679109.85,3911.73999
2022-06-27,3900.110107421875,-0.0029774998903402405,26.950000762939453,0.4887134424942297,633722962.61,3900.110107
2022-06-28,3821.550048828125,-0.02034867314949551,28.360000610351562,0.5093057960882763,-818150122.43,3821.550049
2022-06-29,3818.830078125,-0.0007119988201722549,28.15999984741211,0.5115201372928221,-1255958653.98,3818.830078
2022-06-30,3785.3798828125,-0.008797866246368358,28.709999084472656,0.5416797817062462,-1672507660.94,3785.379883
2022-07-01,3825.330078125,0.0104985112966407,26.700000762939453,0.5349502165454436,-656374768.39,3825.330078
2022-07-05,3831.389892578125,0.001582875106192816,27.540000915527344,0.5160234014396452,156356891.75,3831.389893
2022-07-06,3845.080078125,0.003566795705065573,26.729999542236328,0.4971910125406209,1406709619.57,3845.080078
2022-07-07,3902.6201171875,0.0148537231809307,26.079999923706055,0.480003947626228,4093317218.64,3902.620117
2022-07-08,3899.3798828125,-0.0008306163961275814,24.639999389648438,0.5035673053165335,2938311376.105,3899.379883
2022-07-11,3854.429931640625,-0.01159441766052538,26.170000076293945,0.5321284974389261,1166415562.26,3854.429932
2022-07-12,3818.800048828125,-0.009286868497493828,27.290000915527344,0.4951684087286009,212816155.2,3818.800049
2022-07-13,3801.780029296875,-0.004466864111815738,26.81999969482422,0.5013109782735757,-110681093.28,3801.780029
2022-07-14,3790.3798828125,-0.0030031388127653713,26.399999618530273,0.5058429207355144,-518253362.58,3790.379883
2022-07-15,3863.159912109375,0.01901923165863373,24.229999542236328,0.4901037071628266,319856203.87,3863.159912
2022-07-18,3830.85009765625,-0.008398742485836053,25.299999237060547,0.4809447752215689,103448416.49,3830.850098
2022-07-19,3936.68994140625,0.027253517643730518,24.5,0.4811622994897568,1592835036.32,3936.689941
2022-07-20,3959.89990234375,0.005878493941057883,23.8799991607666,0.5034664665792654,1871365589.775,3959.899902
2022-07-21,3998.949951171875,0.009813066689504879,23.110000610351562,0.4943810635708326,3892183355.13,3998.949951
2022-07-22,3961.6298828125,-0.009376287293813235,23.030000686645508,0.5093118401145839,1381150820.92,3961.629883
2022-07-25,3966.840087890625,0.0013143029733058142,23.360000610351562,0.4890939333904459,1352442344.05,3966.840088
2022-07-26,3921.050048828125,-0.011610342599263745,24.690000534057617,0.487950406674341,412291960.7,3921.050049
2022-07-27,4023.610107421875,0.025820048778628646,23.239999771118164,0.4977927386878746,2849955794.42,4023.610107
2022-07-28,4072.429931640625,0.012060319791912022,22.329999923706055,0.4978196256798137,3865075643.205,4072.429932
2022-07-29,4130.2900390625,0.014107775781754484,21.329999923706055,0.495726485955894,3076203280.22,4130.290039
2022-08-01,4118.6298828125,-0.002827076544916096,22.84000015258789,0.508367109990687,3379506186.66,4118.629883
2022-08-02,4091.18994140625,-0.006684688378872039,23.93000030517578,0.4678692242548647,3206674368.82,4091.189941
2022-08-03,4155.169921875,0.015517456270091046,21.950000762939453,0.4770412544202077,4399301794.69,4155.169922
2022-08-04,4151.93994140625,-0.0007776424495844481,21.440000534057617,0.4782319091446017,4932052999.91,4151.939941
2022-08-05,4145.18994140625,-0.0016270690189177373,21.149999618530273,0.4636863422315515,2849414008.47,4145.189941
2022-08-08,4140.06005859375,-0.0012383171221213018,21.290000915527344,0.4581115432536443,2601958343.22,4140.060059
2022-08-09,4122.47021484375,-0.004257744235927063,21.770000457763672,0.4722389696875936,2287916576.93,4122.470215
2022-08-10,4210.240234375,0.021067158460407853,19.739999771118164,0.4636595399600898,4544799439.36,4210.240234
2022-08-11,4207.27001953125,-0.0007057229222020567,20.200000762939453,0.4841286087244718,4177880170.33,4207.27002
2022-08-12,4280.14990234375,0.017174046951492272,19.530000686645508,0.4636248934363894,5431317210.03,4280.149902
2022-08-15,4297.14013671875,0.003961684056234205,19.950000762939453,0.501805490686663,5732429148.8,4297.140137
2022-08-16,4305.2001953125,0.0018739228259470053,19.690000534057617,0.4850019923813635,5959615680.3,4305.200195
2022-08-17,4274.0400390625,-0.007264114867647109,19.899999618530273,0.476647595476505,5036662342.58,4274.040039
2022-08-18,4283.740234375,0.0022669896063849393,19.559999465942383,0.4773975089005565,4368900544.595,4283.740234
2022-08-19,4228.47998046875,-0.012983928713039106,20.600000381469727,0.4943786172571389,1579932221.585,4228.47998
2022-08-22,4137.990234375,-0.0216323664664948,23.799999237060547,0.4734792071945436,-67089661.17,4137.990234
2022-08-23,4128.72998046875,-0.0022403704344373665,24.110000610351562,0.4949828359760536,155283483.485,4128.72998
2022-08-24,4140.77001953125,0.0029119166987232603,22.81999969482422,0.468925460303687,193732262.35,4140.77002
2022-08-25,4199.1201171875,0.013993241836107728,21.780000686645508,0.48102831127768,1577054148.57,4199.120117
2022-08-26,4057.659912109375,-0.03426857631703939,25.559999465942383,0.5007012117730537,-679526616.0,4057.659912
2022-08-29,4030.610107421875,-0.006688675197326077,26.209999084472656,0.4996736217098113,-956175525.045,4030.610107
2022-08-30,3986.159912109375,-0.011089416492115589,26.209999084472656,0.4919867951067731,-1694939749.95,3986.159912
2022-08-31,3955.0,-0.007847738208154098,25.8700008392334,0.4874764130594142,-2371772190.07,3955.0
2022-09-01,3966.85009765625,0.002991752267195835,25.559999465942383,0.4480940054783411,-1731586007.75,3966.850098
2022-09-02,3924.260009765625,-0.010794552570724036,25.469999313354492,0.4856697779974648,-1869356541.86,3924.26001
2022-09-06,3908.18994140625,-0.004103464690896175,26.90999984741211,0.4639834638795471,-2050651652.36,3908.189941
2022-09-07,3979.8701171875,0.018174848666170362,24.639999389648438,0.4600743824203946,-527089230.605,3979.870117
2022-09-08,4006.179931640625,0.006588966880441305,23.610000610351562,0.4787984522046871,657394721.43,4006.179932
2022-09-09,4067.360107421875,0.015156014981211996,22.790000915527344,0.469398394217988,866219879.54,4067.360107
2022-09-12,4110.41015625,0.010528651483996398,23.8700008392334,0.4943562810139393,2177606575.16,4110.410156
2022-09-13,3932.68994140625,-0.044199163031974464,27.270000457763672,0.5412107727909382,-1607218358.03,3932.689941
2022-09-14,3946.010009765625,0.003381289078845384,26.15999984741211,0.5196739592004714,-713170144.05,3946.01001
2022-09-15,3901.35009765625,-0.011382272168150465,26.270000457763672,0.5040683151609301,-1420838510.89,3901.350098
2022-09-16,3873.330078125,-0.007208049775663028,26.299999237060547,0.4740867897429704,-922072085.03,3873.330078
2022-09-19,3899.889892578125,0.00683369772470499,25.760000228881836,0.4425351669290195,-512451352.77,3899.889893
2022-09-20,3855.929931640625,-0.011336114736598901,27.15999984741211,0.4404097647838178,-788667910.685,3855.929932
2022-09-21,3789.929931640625,-0.017264674098507626,27.989999771118164,0.4640897066432818,-1841117496.805,3789.929932
2022-09-22,3757.989990234375,-0.008463293830454077,27.350000381469727,0.4544125531811988,-2522085485.78,3757.98999
2022-09-23,3693.22998046875,-0.017382828767329883,29.920000076293945,0.4032584763644241,-1888874271.19,3693.22998
2022-09-26,3655.0400390625,-0.010394360890281007,32.2599983215332,0.4084539166919349,-1971953164.22,3655.040039
2022-09-27,3647.2900390625,-0.0021226109548244665,32.599998474121094,0.4150904208657961,-1947773550.93,3647.290039
2022-09-28,3719.0400390625,0.0194811441811531,30.18000030517578,0.4382506873440669,-1178481419.77,3719.040039
2022-09-29,3640.469970703125,-0.021352794823098264,31.84000015258789,0.4922403241131742,-2296037811.78,3640.469971
2022-09-30,3585.6201171875,-0.015181351546209143,31.6200008392334,0.4856211540665834,-2317900570.64,3585.620117
2022-10-03,3678.429931640625,0.02555457753092938,30.100000381469727,0.4386597969387558,-1901132679.7,3678.429932
2022-10-04,3790.929931640625,0.030125341416800566,29.06999969482422,0.4379460011439018,19675015.79,3790.929932
2022-10-05,3783.280029296875,-0.0020199875589383964,28.549999237060547,0.5020535757050698,-70021110.48,3783.280029
2022-10-06,3744.52001953125,-0.010297922911394863,30.520000457763672,0.493806087565436,-637120066.18,3744.52002
2022-10-07,3639.659912109375,-0.02840319653147816,31.360000610351562,0.5112437018236254,-2042918959.67,3639.659912
2022-10-10,3612.389892578125,-0.007520673133653233,32.45000076293945,0.4312453499350074,-2188835084.83,3612.389893
2022-10-11,3588.840087890625,-0.006540518412323948,33.630001068115234,0.4262835845936522,-2312305536.87,3588.840088
2022-10-12,3577.030029296875,-0.0032961996501654767,33.56999969482422,0.4298234519729338,-2310834184.73,3577.030029
2022-10-13,3669.909912109375,0.025634259307631524,31.940000534057617,0.4372733325786873,-824431792.5393,3669.909912
2022-10-14,3583.070068359375,-0.02394712074452876,32.02000045776367,0.463913345161882,-2022893671.5,3583.070068
2022-10-17,3677.949951171875,0.02613552455756185,31.3700008392334,0.4086534446099088,-1042940689.21,3677.949951
2022-10-18,3719.97998046875,0.01136276820708737,30.5,0.45513371545858,-138130472.44,3719.97998
2022-10-19,3695.159912109375,-0.006694455239685482,30.760000228881836,0.474157732957769,-495245267.18,3695.159912
2022-10-20,3665.780029296875,-0.007982686738765565,29.979999542236328,0.4855492087748631,-716136471.58,3665.780029
2022-10-21,3752.75,0.023447759860447448,29.690000534057617,0.4545094393486024,261538294.1,3752.75
2022-10-24,3797.340087890625,0.011811940205111782,29.850000381469727,0.4771257111013868,854701687.77,3797.340088
2022-10-25,3859.110107421875,0.01613577001587352,28.459999084472656,0.4586647607217289,1852760603.58,3859.110107
2022-10-26,3830.60009765625,-0.007415140398988385,27.280000686645508,0.4642167754329743,1546095485.355,3830.600098
2022-10-27,3807.300048828125,-0.006101185053184466,27.389999389648438,0.4533808818742287,1337671431.12,3807.300049
2022-10-28,3901.06005859375,0.024328036770855377,25.75,0.4415714133776737,1665443325.94,3901.060059
2022-10-31,3871.97998046875,-0.007482327030336577,25.8799991607666,0.4551191572908189,1343178217.76,3871.97998
2022-11-01,3856.10009765625,-0.00410966372035837,25.809999465942383,0.4182068693902286,1285958789.06,3856.100098
2022-11-02,3759.68994140625,-0.025319843737483083,25.860000610351562,0.4569037362040495,-320007164.42,3759.689941
2022-11-03,3719.889892578125,-0.010642422531956797,25.299999237060547,0.4424763337137096,-636899217.81,3719.889893
2022-11-04,3770.550048828125,0.013526823285562983,24.549999237060547,0.4253027717521739,586325801.69,3770.550049
2022-11-07,3806.800048828125,0.009568061679360085,24.350000381469727,0.44986084461912,1164754583.3,3806.800049
2022-11-08,3828.110107421875,0.0055822828287599435,25.540000915527344,0.4389597367703691,1395166919.065,3828.110107
2022-11-09,3748.570068359375,-0.020996784712302485,26.09000015258789,0.4578347318756721,48172860.36,3748.570068
2022-11-10,3956.3701171875,0.05395251566479686,23.530000686645508,0.4203077948821243,3748513589.55,3956.370117
2022-11-11,3992.929931640625,0.009198312304770084,22.520000457763672,0.4536507211941536,3230477834.58,3992.929932
2022-11-14,3957.25,-0.008975940544917904,23.729999542236328,0.4723185850938373,2909963226.9,3957.25
2022-11-15,3991.72998046875,0.008675376414668534,24.540000915527344,0.4823907214316542,3443458782.71,3991.72998
2022-11-16,3958.7900390625,-0.008286283111873516,24.110000610351562,0.4820850708457932,2633494993.97,3958.790039
2022-11-17,3946.56005859375,-0.0030941046442301,23.93000030517578,0.4891219125336404,2291891827.08,3946.560059
2022-11-18,3965.340087890625,0.004747295648158456,23.1200008392334,0.4726033186966102,1459191770.9,3965.340088
2022-11-21,3949.93994140625,-0.0038912498002758866,22.360000610351562,0.4664919608938746,1300596493.0,3949.939941
2022-11-22,4003.580078125,0.013488606269829617,21.290000915527344,0.4658192887788024,2357135971.39,4003.580078
2022-11-23,4027.260009765625,0.005897266041737126,20.350000381469727,0.4583267182773615,3435195274.96,4027.26001
2022-11-25,4026.1201171875,-0.0002830842622021379,20.5,0.468926403486995,2671542183.19,4026.120117
2022-11-28,3963.93994140625,-0.015564696794065469,22.209999084472656,0.4662435620877441,1355413159.64,3963.939941
2022-11-29,3957.6298828125,-0.001593133701623728,21.889999389648438,0.4621883112569287,1256509409.53,3957.629883
2022-11-30,4080.110107421875,0.030478643521295368,20.579999923706055,0.4612973511738603,4258630099.75,4080.110107
2022-12-01,4076.570068359375,-0.000868009829606109,19.84000015258789,0.4583348452796815,3946988857.99,4076.570068
2022-12-02,4071.699951171875,-0.0011953746637622942,19.059999465942383,0.4684742300374317,2968364135.76,4071.699951
2022-12-05,3998.840087890625,-0.01805624963097152,20.75,0.4547757433748886,1660549368.18,3998.840088
2022-12-06,3941.260009765625,-0.014503869422986426,22.170000076293945,0.4649944678009795,384277370.58,3941.26001
2022-12-07,3933.919921875,-0.0018641072533824854,22.68000030517578,0.4506092726714698,269912768.63,3933.919922
2022-12-08,3963.510009765625,0.007493634413933137,22.290000915527344,0.4523562059697737,1116596555.13,3963.51001
2022-12-09,3934.3798828125,-0.00737671946421159,22.829999923706055,0.4492485256057363,822257889.21,3934.379883
2022-12-12,3990.56005859375,0.014178307299649973,25.0,0.4569938464028686,1864052271.36,3990.560059
2022-12-13,4019.64990234375,0.007263223255456808,22.549999237060547,0.445057671569984,2501285195.12,4019.649902
2022-12-14,3995.320068359375,-0.0060711166238363035,21.139999389648438,0.4597570945156639,1493971163.47,3995.320068
2022-12-15,3895.75,-0.0252374779018254,22.829999923706055,0.5010292674166085,-782189496.89,3895.75
2022-12-16,3852.360107421875,-0.011200239946012047,22.6200008392334,0.5174531252458378,-535152595.34,3852.360107
2022-12-19,3817.659912109375,-0.009048328941103634,22.420000076293945,0.4542557804453602,-988880067.73,3817.659912
2022-12-20,3821.6201171875,0.0010368006978893618,21.479999542236328,0.4427166515618842,-977625207.16,3821.620117
2022-12-21,3878.43994140625,0.014758548669055571,20.06999969482422,0.4656732232954336,103987369.29,3878.439941
2022-12-22,3822.389892578125,-0.014557142498146547,21.969999313354492,0.4419436095666436,-845642032.32,3822.389893
2022-12-23,3844.820068359375,0.005850952271915233,20.8700008392334,0.449819431548537,13198754.275,3844.820068
2022-12-27,3829.25,-0.0040578440346585865,21.649999618530273,0.4460694996899044,9857586.94,3829.25
2022-12-28,3783.219970703125,-0.012093470442948728,22.139999389648438,0.4489981131108366,-970157112.75,3783.219971
2022-12-29,3849.280029296875,0.017310634314993578,21.440000534057617,0.4567968985134722,638811834.53,3849.280029
2022-12-30,3839.5,-0.002543975646110752,21.670000076293945,0.4614394815469711,237404566.72,3839.5
2023-01-03,3824.139892578125,-0.004008572481273731,22.899999618530273,0.4770508605620452,113989742.07,3824.139893
2023-01-04,3852.969970703125,0.007510694562139264,22.010000228881836,0.4588858396545527,731249419.16,3852.969971
2023-01-05,3808.10009765625,-0.011713869136457333,22.459999084472656,0.488033321376014,54549398.25,3808.100098
2023-01-06,3895.080078125,0.022583835589031764,21.1299991607666,0.4614255208387119,1410843211.63,3895.080078
2023-01-09,3892.090087890625,-0.0007679273259917352,21.969999313354492,0.4769528058300595,1516025858.7,3892.090088
2023-01-10,3919.25,0.006953997970594372,20.579999923706055,0.4860421356569608,1820267288.7,3919.25
2023-01-11,3969.610107421875,0.012767571192293659,21.09000015258789,0.460793528282501,2909037627.75,3969.610107
2023-01-12,3983.169921875,0.0034100849120424215,18.829999923706055,0.4755812998008865,3588138953.69,3983.169922
2023-01-13,3999.090087890625,0.003988892144656475,18.350000381469727,0.4741181163885564,3212414026.94,3999.090088
2023-01-17,3990.969970703125,-0.0020325554309970073,19.360000610351562,0.4933497443635087,3110333384.52,3990.969971
2023-01-18,3928.860107421875,-0.015684966977744352,20.34000015258789,0.5034207798114018,1373915601.33,3928.860107
2023-01-19,3898.85009765625,-0.0076676719018120565,20.520000457763672,0.5048306291876291,246824292.59,3898.850098
2023-01-20,3972.610107421875,0.01874167355235201,19.850000381469727,0.5014105033375945,946667741.84,3972.610107
2023-01-23,4019.81005859375,0.011811315951328893,19.809999465942383,0.5139545742306009,1925800675.74,4019.810059
2023-01-24,4016.949951171875,-0.0007117563642928815,19.200000762939453,0.5221390998572865,1881708006.295,4016.949951
2023-01-25,4016.219970703125,-0.0001817415734652883,19.079999923706055,0.5229905650388611,1953087468.83,4016.219971
2023-01-26,4060.429931640625,0.010947708029114267,18.729999542236328,0.5220954975297288,3591705215.65,4060.429932
2023-01-27,4070.56005859375,0.0024917340217047723,18.510000228881836,0.5439849159711077,2369599331.03,4070.560059
2023-01-30,4017.77001953125,-0.01305356931529289,19.940000534057617,0.5420999280871932,1383167166.02,4017.77002
2023-01-31,4076.60009765625,0.014536304416418844,19.399999618530273,0.5172330255866939,2513040467.71,4076.600098
2023-02-01,4119.2099609375,0.010398056296885727,17.8700008392334,0.5271883154322164,3505807061.38,4119.209961
2023-02-02,4179.759765625,0.014592384626853416,18.729999542236328,0.5000707023867839,3707163001.7,4179.759766
2023-02-03,4136.47998046875,-0.010408592637284997,18.329999923706055,0.5278320633050447,2508058831.07,4136.47998
2023-02-06,4111.080078125,-0.006159393193939877,19.43000030517578,0.5516239405814686,2077821729.03,4111.080078
2023-02-07,4164.0,0.012790364037398305,18.65999984741211,0.5270809725787284,3178510104.155,4164.0
2023-02-08,4117.85986328125,-0.011142573012412171,19.6299991607666,0.5365950958310601,2262558501.82,4117.859863
2023-02-09,4081.5,-0.008869009831038,20.709999084472656,0.5301253770187,1528684689.69,4081.5
2023-02-10,4090.4599609375,0.0021928557092181222,20.530000686645508,0.5250037836328783,1732004941.23,4090.459961
2023-02-13,4137.2900390625,0.011383569951155081,20.34000015258789,0.516691437108343,2635978224.0,4137.290039
2023-02-14,4136.1298828125,-0.00028045385549368973,18.90999984741211,0.5498842201221633,2774217661.64,4136.129883
2023-02-15,4147.60009765625,0.002769337533075955,18.229999542236328,0.5296114569521209,3122525229.255,4147.600098
2023-02-16,4090.409912109375,-0.013884689204880729,20.170000076293945,0.5076844207876998,1361668553.54,4090.409912
2023-02-17,4079.090087890625,-0.002771242172283195,20.020000457763672,0.5242480064724983,1222922774.8,4079.090088
2023-02-21,3997.340087890625,-0.02024478397347096,22.8700008392334,0.516926011710105,7498832.76,3997.340088
2023-02-22,3991.050048828125,-0.001574795485643321,22.290000915527344,0.4817069617650202,-59505220.79,3991.050049
2023-02-23,4012.320068359375,0.005315278263237744,21.139999389648438,0.4869525853887543,356863721.86,4012.320068
2023-02-24,3970.0400390625,-0.010593464619775617,21.670000076293945,0.5255381720044323,-9862362.535,3970.040039
2023-02-27,3982.239990234375,0.0030682925395524308,20.950000762939453,0.4836226025709476,329569889.13,3982.23999
2023-02-28,3970.14990234375,-0.0030406198309478327,20.700000762939453,0.4752766573285281,36384164.17,3970.149902
2023-03-01,3951.389892578125,-0.0047364642034928295,20.579999923706055,0.4781212310126199,-338624549.04,3951.389893
2023-03-02,3981.35009765625,0.007553593731197239,19.59000015258789,0.4593283328973655,483490062.87,3981.350098
2023-03-03,4045.639892578125,0.016018749176483382,18.489999771118164,0.4672778460322902,1012177696.82,4045.639893
2023-03-06,4048.419921875,0.0006869307788477386,18.610000610351562,0.4664804186180825,1198838327.17,4048.419922
2023-03-07,3986.3701171875,-0.015445590479263416,19.59000015258789,0.4969991436301199,-232401870.96,3986.370117
2023-03-08,3992.010009765625,0.0014137941356029415,19.110000610351562,0.4799671082370428,-37656026.65,3992.01001
2023-03-09,3918.320068359375,-0.018631857945480945,22.610000610351562,0.4663696432770033,-1417227647.52,3918.320068
2023-03-10,3861.590087890625,-0.014583969436067434,24.799999237060547,0.473246085474881,-1476792273.66,3861.590088
2023-03-13,3855.760009765625,-0.0015109018407386543,26.520000457763672,0.4410493360238066,-1211239364.75,3855.76001
2023-03-14,3919.2900390625,0.016342388235363714,23.729999542236328,0.4742335392022729,-54291434.22,3919.290039
2023-03-15,3891.929931640625,-0.007005363929353692,26.139999389648438,0.4870189939441876,-7192500.97,3891.929932
2023-03-16,3960.280029296875,0.01740957624903139,22.989999771118164,0.4545834200631801,1761416481.07,3960.280029
2023-03-17,3916.639892578125,-0.011080621273952929,25.510000228881836,0.5027364190245129,500667556.0,3916.639893
2023-03-20,3951.570068359375,0.0088788696359412,24.149999618530273,0.4910141005344596,843657608.48,3951.570068
2023-03-21,4002.8701171875,0.012898647518557738,21.3799991607666,0.4932353730798637,1727149186.345,4002.870117
2023-03-22,3936.969970703125,-0.016600248639841553,22.260000228881836,0.4985654975765704,620409637.61,3936.969971
2023-03-23,3948.719970703125,0.0029800838691826925,22.610000610351562,0.5049430551867534,1117406834.52,3948.719971
2023-03-24,3970.989990234375,0.005623963084302019,21.739999771118164,0.5102619690011093,1069605045.77,3970.98999
2023-03-27,3977.530029296875,0.0016455995637674192,20.600000381469727,0.5202519146831531,1099309838.685,3977.530029
2023-03-28,3971.27001953125,-0.0015750832883885124,19.969999313354492,0.5147865058349411,925347545.585,3971.27002
2023-03-29,4027.81005859375,0.014136870775047328,19.1200008392334,0.5044070844833605,2388130098.74,4027.810059
2023-03-30,4050.830078125,0.0056989991994829126,19.020000457763672,0.4802964110138524,3100209919.14,4050.830078
2023-03-31,4109.31005859375,0.014333327782036775,18.700000762939453,0.4924801986569292,3013617210.3,4109.310059
2023-04-03,4124.509765625,0.0036920225658025885,18.549999237060547,0.4909949621863411,3669996236.82,4124.509766
2023-04-04,4100.60009765625,-0.0058138397451621415,19.0,0.47058921751431,3135859617.07,4100.600098
2023-04-05,4090.3798828125,-0.0024954816571209903,19.079999923706055,0.4521537751792697,2411764821.64,4090.379883
2023-04-06,4105.02001953125,0.0035727731328023538,18.399999618530273,0.4610518632123692,2719423867.42,4105.02002
2023-04-10,4109.10986328125,0.000995807017009298,18.969999313354492,0.4776177107286869,2876591366.69,4109.109863
2023-04-11,4108.93994140625,-4.135333298194155e-05,19.100000381469727,0.4493209512233187,2918992354.75,4108.939941
2023-04-12,4091.949951171875,-0.004143456323461692,19.09000015258789,0.4834378350761912,2162355268.21,4091.949951
2023-04-13,4146.22021484375,0.013175510497831056,17.799999237060547,0.4614652618171967,4232364090.6,4146.220215
2023-04-14,4137.64013671875,-0.002071517584578686,17.06999969482422,0.4712228490682429,3243804368.53,4137.640137
2023-04-17,4151.31982421875,0.003300703582615583,16.950000762939453,0.4897075844791494,3670020461.13,4151.319824
2023-04-18,4154.8701171875,0.0008548548034656989,16.829999923706055,0.4762702354727923,3955046025.01,4154.870117
2023-04-19,4154.52001953125,-8.426554794027652e-05,16.459999084472656,0.490984187780291,3801716359.81,4154.52002
2023-04-20,4129.7900390625,-0.005970335188310472,17.170000076293945,0.4865699837432454,3248781983.59,4129.790039
2023-04-21,4133.52001953125,0.0009027812573005889,16.770000457763672,0.470428247084518,1808383997.75,4133.52002
2023-04-24,4137.0400390625,0.000851216778272601,16.889999389648438,0.480196200699697,1964211417.59,4137.040039
2023-04-25,4071.6298828125,-0.01593718381857734,18.760000228881836,0.4680657522137273,838041546.68,4071.629883
2023-04-26,4055.989990234375,-0.003848583503344827,18.84000015258789,0.4715873358716658,526923626.485,4055.98999
2023-04-27,4135.35009765625,0.019377193402696946,17.030000686645508,0.4572756408296262,2720894833.49,4135.350098
2023-04-28,4169.47998046875,0.008219331313243927,15.779999732971191,0.4658101542139469,2503235646.61,4169.47998
2023-05-01,4167.8701171875,-0.0003861810485101813,16.079999923706055,0.4982364084753923,2505038217.07,4167.870117
2023-05-02,4119.580078125,-0.0116539066805732,17.780000686645508,0.5008674789798812,1544399378.37,4119.580078
2023-05-03,4090.75,-0.007022908054892696,18.34000015258789,0.4871801625064546,854395760.535,4090.75
2023-05-04,4061.219970703125,-0.007244913455062729,20.09000015258789,0.4883082544160276,147495020.985,4061.219971
2023-05-05,4136.25,0.018306166381879763,17.190000534057617,0.4730951188407832,2001732898.5,4136.25
2023-05-08,4138.1201171875,0.00045202648488285035,16.979999542236328,0.5027363354883082,2150819381.58,4138.120117
2023-05-09,4119.169921875,-0.004589938949060013,17.709999084472656,0.501476088409772,1659676923.815,4119.169922
2023-05-10,4137.64013671875,0.004473942241913775,16.940000534057617,0.4974758546158466,2410871779.78,4137.640137
2023-05-11,4130.6201171875,-0.001698064889705364,16.93000030517578,0.503267032461344,2252765937.965,4130.620117
2023-05-12,4124.080078125,-0.001584561589439204,17.030000686645508,0.5112410147224805,1639419877.22,4124.080078
2023-05-15,4136.27978515625,0.002953797680316228,17.1200008392334,0.4881419205282216,2028031810.93,4136.279785
2023-05-16,4109.89990234375,-0.006398107681917509,17.989999771118164,0.4959335980274011,1801687388.215,4109.899902
2023-05-17,4158.77001953125,0.011820688622071529,16.8700008392334,0.5025285886110059,3367531356.14,4158.77002
2023-05-18,4198.0498046875,0.009400723063727412,16.049999237060547,0.5251981584721093,4519055007.63,4198.049805
2023-05-19,4191.97998046875,-0.0014469138806756376,16.809999465942383,0.5385508279619176,2458597696.53,4191.97998
2023-05-22,4192.6298828125,0.0001550226798023857,17.209999084472656,0.4892795164320979,2521382324.28,4192.629883
2023-05-23,4145.580078125,-0.011285468768283735,18.530000686645508,0.5050608144039631,1485059995.02,4145.580078
2023-05-24,4115.240234375,-0.0073455126783059654,20.030000686645508,0.4748426125781498,1006070719.61,4115.240234
2023-05-25,4151.27978515625,0.008719456079012033,19.139999389648438,0.4311341202298428,1905607508.91,4151.279785
2023-05-26,4205.4501953125,0.01296468093164016,17.950000762939453,0.4617933920837995,2482939550.54,4205.450195
2023-05-30,4205.52001953125,1.6603130665870935e-05,17.459999084472656,0.4901583311607249,2623417179.175,4205.52002
2023-05-31,4179.830078125,-0.006127358186214238,17.940000534057617,0.514473353199636,1979219306.025,4179.830078
2023-06-01,4221.02001953125,0.00980621508585422,15.649999618530273,0.4890207473236587,3597156050.145,4221.02002
2023-06-02,4282.3701171875,0.014429812390106989,14.600000381469727,0.4972413063584615,3824152780.18,4282.370117
2023-06-05,4273.7900390625,-0.002005591490657821,14.729999542236328,0.4925401502937738,3694645911.7,4273.790039
2023-06-06,4283.85009765625,0.0023511302338512508,13.960000038146973,0.4791190153015813,3901353879.27,4283.850098
2023-06-07,4267.52001953125,-0.003819293926420997,13.9399995803833,0.4893844055568568,3206393300.39,4267.52002
2023-06-08,4293.93017578125,0.006169571607523849,13.649999618530273,0.4817531452407889,4690744162.035,4293.930176
2023-06-09,4298.85986328125,0.0011474010230507758,13.829999923706055,0.520983050716886,4460876877.54,4298.859863
2023-06-12,4338.93017578125,0.009277974981754866,15.010000228881836,0.4953771237946957,4888968952.02,4338.930176
2023-06-13,4369.009765625,0.006908570725908447,14.609999656677246,0.4918589729794237,5707263083.55,4369.009766
2023-06-14,4372.58984375,0.000819089980126364,13.880000114440918,0.4880677617444136,5726802866.27,4372.589844
2023-06-15,4425.83984375,0.012104580493589978,14.5,0.4870249416972668,7219161141.215,4425.839844
2023-06-16,4409.58984375,-0.0036783764677519315,13.539999961853027,0.4902208075399138,3776451349.13,4409.589844
2023-06-20,4388.7099609375,-0.004746353835235695,13.880000114440918,0.5289998352899967,3588264518.57,4388.709961
2023-06-21,4365.68994140625,-0.005259086366924848,13.199999809265137,0.5171411740842914,2925878546.85,4365.689941
2023-06-22,4381.89013671875,0.003703930387334964,12.90999984741211,0.4835888972821182,3876141796.42,4381.890137
2023-06-23,4348.330078125,-0.007688288056503012,13.4399995803833,0.4940926399583859,2764123433.57,4348.330078
2023-06-26,4328.81982421875,-0.0044969343631322545,14.25,0.4995064406424012,2101291409.835,4328.819824
2023-06-27,4378.41015625,0.011390733524182295,13.739999771118164,0.4729385463389773,3647903331.14,4378.410156
2023-06-28,4376.85986328125,-0.000354139388390351,13.430000305175781,0.4915898059290305,3938127415.04,4376.859863
2023-06-29,4396.43994140625,0.004463568114490002,13.539999961853027,0.4761336416993852,4525212179.88,4396.439941
2023-06-30,4450.3798828125,0.0121943502618862,13.59000015258789,0.4635277824857925,4996863320.015,4450.379883
2023-07-03,4455.58984375,0.0011699930926720725,13.569999694824219,0.5056129720557417,5295880263.59,4455.589844
2023-07-05,4446.81982421875,-0.0019702580976126427,14.180000305175781,0.5225956494229894,5020173091.59,4446.819824
2023-07-06,4411.58984375,-0.007954061175894367,15.4399995803833,0.494861406231945,3646148329.68,4411.589844
2023-07-07,4398.9501953125,-0.002869212795733489,14.829999923706055,0.4692738237639609,3200175526.98,4398.950195
2023-07-10,4409.52978515625,0.0024021386106269915,15.069999694824219,0.5023518452880882,3430727087.46,4409.529785
2023-07-11,4439.259765625,0.0067195839982545635,14.84000015258789,0.452987593393885,4637696774.49,4439.259766
2023-07-12,4472.16015625,0.007383905235389676,13.539999961853027,0.4480444040034178,5981589109.79,4472.160156
2023-07-13,4510.0400390625,0.008434482989626346,13.609999656677246,0.46073872670375,7066543410.63,4510.040039
2023-07-14,4505.419921875,-0.0010249321969073577,13.34000015258789,0.4899320172267293,5268012288.61,4505.419922
2023-07-17,4522.7900390625,0.0038479695744211284,13.479999542236328,0.508712913592358,6022155822.92,4522.790039
2023-07-18,4554.97998046875,0.007092066941428499,13.300000190734863,0.4852736765207928,6665653695.185,4554.97998
2023-07-19,4565.72021484375,0.002355134827233485,13.760000228881836,0.5002600932076263,7014538657.98,4565.720215
2023-07-20,4534.8701171875,-0.006779827396258042,13.989999771118164,0.4945137420178977,5627805848.98,4534.870117
2023-07-21,4536.33984375,0.0003240420146131129,13.600000381469727,0.5099526371179022,3722799289.6,4536.339844
2023-07-24,4554.64013671875,0.004026038496874662,13.90999984741211,0.4585450335234472,4221232601.58,4554.640137
2023-07-25,4567.4599609375,0.0028107195758391157,13.859999656677246,0.4837092566910651,4521149636.33,4567.459961
2023-07-26,4566.75,-0.00015545097867608604,13.1899995803833,0.4726600930491669,4482258843.16,4566.75
2023-07-27,4537.41015625,-0.0064453930551966465,14.40999984741211,0.468204674193689,3742041119.62,4537.410156
2023-07-28,4582.22998046875,0.009829375810433305,13.329999923706055,0.4712670214927376,4630459373.51,4582.22998
2023-07-31,4588.9599609375,0.0014676354365690258,13.630000114440918,0.4667415894919888,4792964711.49,4588.959961
2023-08-01,4576.72998046875,-0.0026686453076827377,13.930000305175781,0.4746639869535951,4539451078.85,4576.72998
2023-08-02,4513.39013671875,-0.01393620063833545,16.09000015258789,0.4778877469170969,2341028610.34,4513.390137
2023-08-03,4501.89013671875,-0.0025512254502917386,15.920000076293945,0.48181383188757,3222934867.03,4501.890137
2023-08-04,4478.02978515625,-0.005314169373939137,17.100000381469727,0.4825099714425233,2398288801.35,4478.029785
2023-08-07,4518.43994140625,0.008983618964856888,15.770000457763672,0.459153269896462,3317556416.53,4518.439941
2023-08-08,4499.3798828125,-0.004227205100058029,15.989999771118164,0.457279350465266,2699090654.62,4499.379883
2023-08-09,4467.7099609375,-0.007063619102046559,15.960000038146973,0.4737331331157656,1643834012.62,4467.709961
2023-08-10,4468.830078125,0.0002506825210808472,15.850000381469727,0.4735454553146951,1731289329.38,4468.830078
2023-08-11,4464.0498046875,-0.0010702648992282349,14.84000015258789,0.4881484134452207,2478490073.49,4464.049805
2023-08-14,4489.72021484375,0.005734004879418109,14.819999694824219,0.4822480004507243,3289773887.58,4489.720215
2023-08-15,4437.85986328125,-0.011618139396096794,16.459999084472656,0.5132758795319731,1184360457.48,4437.859863
2023-08-16,4404.330078125,-0.00758408179262382,16.780000686645508,0.4919341291407429,282455379.42,4404.330078
2023-08-17,4370.35986328125,-0.00774281137752908,17.889999389648438,0.4710910892545412,-866868377.14,4370.359863
2023-08-18,4369.7099609375,-0.00014871788395787178,17.299999237060547,0.4509547670507274,249769625.57,4369.709961
2023-08-21,4399.77001953125,0.006855634859800119,17.1299991607666,0.4838726437706416,1059560212.75,4399.77002
2023-08-22,4387.5498046875,-0.002781331046545432,16.969999313354492,0.4776692738142723,1031303019.26,4387.549805
2023-08-23,4436.009765625,0.010984330710790857,15.979999542236328,0.4654177107671634,2362023848.71,4436.009766
2023-08-24,4376.31005859375,-0.013549353984007695,17.200000762939453,0.4942212741879357,315814383.015,4376.310059
2023-08-25,4405.7099609375,0.0066955010602960385,15.680000305175781,0.4803449010435342,1278763489.15,4405.709961
2023-08-28,4433.31005859375,0.006245078594195874,15.079999923706055,0.4812001466023855,2078487731.09,4433.310059
2023-08-29,4497.6298828125,0.014404068712057239,14.449999809265137,0.4503509922995046,4333403767.36,4497.629883
2023-08-30,4514.8701171875,0.003825854181192412,13.880000114440918,0.4835562346781526,4931388574.89,4514.870117
2023-08-31,4507.66015625,-0.0015982129743399298,13.569999694824219,0.4843404076876321,4895374698.74,4507.660156
2023-09-01,4515.77001953125,0.0017975127655187606,13.09000015258789,0.4990546321643607,3769886463.33,4515.77002
2023-09-05,4496.830078125,-0.004202997821382226,14.010000228881836,0.4682909725551228,3613424521.75,4496.830078
2023-09-06,4465.47998046875,-0.006996014491431168,14.449999809265137,0.4851816540577311,2268785020.3,4465.47998
2023-09-07,4451.14013671875,-0.003216433115733608,14.399999618530273,0.4741935813926026,1946021225.1,4451.140137
2023-09-08,4457.490234375,0.0014256060622575006,13.84000015258789,0.4834687389452134,2392190739.73,4457.490234
2023-09-11,4487.4599609375,0.006700951498135765,13.800000190734863,0.4571645870152085,3411540168.46,4487.459961
2023-09-12,4461.89990234375,-0.005712169023004421,14.229999542236328,0.5187398443097566,2552197144.26,4461.899902
2023-09-13,4467.43994140625,0.0012408621175339363,13.479999542236328,0.5198642480057893,2894943035.17,4467.439941
2023-09-14,4505.10009765625,0.008394585533666898,12.819999694824219,0.5086517629300292,4658047719.255,4505.100098
2023-09-15,4450.31982421875,-0.01223414584249305,13.789999961853027,0.5457084649487548,1551356689.05,4450.319824
2023-09-18,4453.52978515625,0.0007210276941744809,14.0,0.5015101362060539,1666875816.115,4453.529785
2023-09-19,4443.9501953125,-0.002153327361533286,14.109999656677246,0.486782364532985,1532740492.43,4443.950195
2023-09-20,4402.2001953125,-0.009439204206291407,15.140000343322754,0.4694721302887977,305798339.72,4402.200195
2023-09-21,4330.0,-0.016536918318488247,17.540000915527344,0.4575665224496367,-1336781302.93,4330.0
2023-09-22,4320.06005859375,-0.0022982374027602503,17.200000762939453,0.4894416368357308,-198493735.14,4320.060059
2023-09-25,4337.43994140625,0.004014994203807021,16.899999618530273,0.4631035438426464,191329390.375,4337.439941
2023-09-26,4273.52978515625,-0.014844165482264415,18.940000534057617,0.4626088640944369,-872376301.71,4273.529785
2023-09-27,4274.509765625,0.00022928777229402897,18.219999313354492,0.4498875376407562,-651152365.2,4274.509766
2023-09-28,4299.7001953125,0.005875877143001418,17.34000015258789,0.4507850074082045,587821699.29,4299.700195
2023-09-29,4288.0498046875,-0.0027132596482903892,17.520000457763672,0.468311757211278,112627059.18,4288.049805
2023-10-02,4288.39013671875,7.936440615274876e-05,17.610000610351562,0.4994031699766297,587249433.9,4288.390137
2023-10-03,4229.4501953125,-0.013839395863447734,19.780000686645508,0.5043530954664196,-835526249.765,4229.450195
2023-10-04,4263.75,0.008077047607828902,18.579999923706055,0.4792585429463432,423799863.23,4263.75
2023-10-05,4258.18994140625,-0.0013048811469964505,18.489999771118164,0.4792163809128453,548377723.835,4258.189941
2023-10-06,4308.5,0.01174564209396145,17.450000762939453,0.4867084822678553,1304725289.63,4308.5
2023-10-09,4335.66015625,0.0062840681193883086,17.700000762939453,0.4726046021367063,1071754182.41,4335.660156
2023-10-10,4358.240234375,0.005194476099985579,17.030000686645508,0.4402233305028053,2758592235.68,4358.240234
2023-10-11,4376.9501953125,0.004283819500095376,16.09000015258789,0.4721494613583745,3460344872.04,4376.950195
2023-10-12,4349.60986328125,-0.006266024940655868,16.690000534057617,0.4649014705310068,3073727009.9,4349.609863
2023-10-13,4327.77978515625,-0.005031495660219321,19.31999969482422,0.4868463553589163,1238457576.38,4327.779785
2023-10-16,4373.6298828125,0.010538642302590162,17.209999084472656,0.4772251655358014,2778377755.52,4373.629883
2023-10-17,4373.2001953125,-9.824987944462293e-05,17.8799991607666,0.5062937310068295,2084098659.14,4373.200195
2023-10-18,4314.60009765625,-0.01349040825115111,19.219999313354492,0.4945513124481273,735266641.53,4314.600098
2023-10-19,4278.0,-0.008519032328058174,21.399999618530273,0.4801707901921763,-116379904.21,4278.0
2023-10-20,4224.16015625,-0.012665149196156023,21.709999084472656,0.4847369895257372,-183334078.76,4224.160156
2023-10-23,4217.0400390625,-0.0016869920654354331,20.3700008392334,0.4658271611858206,-154915708.21,4217.040039
2023-10-24,4247.68017578125,0.007239523519629643,18.969999313354492,0.4656800755977738,592401425.29,4247.680176
2023-10-25,4186.77001953125,-0.014443434657238186,20.190000534057617,0.4727847839270231,-416916153.875,4186.77002
2023-10-26,4137.22998046875,-0.011903081205584698,20.68000030517578,0.4476540092201559,-1628381357.47,4137.22998
2023-10-27,4117.3701171875,-0.004811838578621774,21.270000457763672,0.4676825661605003,-943041560.175,4117.370117
2023-10-30,4166.81982421875,0.011938474300286828,19.75,0.4479043208023632,-69507613.6,4166.819824
2023-10-31,4193.7998046875,0.006454084821687189,18.139999389648438,0.4542111268984342,375855575.08,4193.799805
2023-11-01,4237.85986328125,0.010451194990192647,16.8700008392334,0.4741136021362899,1994589452.32,4237.859863
2023-11-02,4317.77978515625,0.018682938934086124,15.65999984741211,0.4678136626269247,4309298207.55,4317.779785
2023-11-03,4358.33984375,0.009349883544551574,14.90999984741211,0.4666945033619846,3334310731.02,4358.339844
2023-11-06,4365.97998046875,0.0017514577241009022,14.890000343322754,0.4848456667677204,3799986813.93,4365.97998
2023-11-07,4378.3798828125,0.002836093401711537,14.8100004196167,0.4640311394748637,4327725855.11,4378.379883
2023-11-08,4382.77978515625,0.001004411032420549,14.449999809265137,0.4939482691815853,4443682443.69,4382.779785
2023-11-09,4347.35009765625,-0.00811669069906884,15.289999961853027,0.4954407882006222,3312841275.55,4347.350098
2023-11-10,4415.240234375,0.01549575927077207,14.170000076293945,0.4786143306840744,4139281254.29,4415.240234
2023-11-13,4411.5498046875,-0.0008361884413705667,14.760000228881836,0.4837059039342442,4461109774.29,4411.549805
2023-11-14,4495.7001953125,0.01889537047457779,14.15999984741211,0.4823457479547438,6675329379.37,4495.700195
2023-11-15,4502.8798828125,0.001595738207846864,14.180000305175781,0.4966002807900079,6691748543.225,4502.879883
2023-11-16,4508.240234375,0.0011897193967129738,14.319999694824219,0.4752089128361208,6378069623.19,4508.240234
2023-11-17,4514.02001953125,0.001281227937178997,13.800000190734863,0.4663463585968024,4511812051.18,4514.02002
2023-11-20,4547.3798828125,0.007363103793794679,13.40999984741211,0.4966782467257474,5581276229.06,4547.379883
2023-11-21,4538.18994140625,-0.002022975931756932,13.350000381469727,0.4860982500437894,5509028818.45,4538.189941
2023-11-22,4556.6201171875,0.004052905094313886,12.850000381469727,0.4932343093002067,6315183501.49,4556.620117
2023-11-24,4559.33984375,0.000596695609644371,12.460000038146973,0.4688374294889889,4575342698.57,4559.339844
2023-11-27,4550.43017578125,-0.001956069316898734,12.6899995803833,0.46984120606225,4998511593.43,4550.430176
2023-11-28,4554.89013671875,0.0009796385280509412,12.6899995803833,0.4648437295180462,5399869897.41,4554.890137
2023-11-29,4550.580078125,-0.0009466966151023826,12.979999542236328,0.4799993854336956,4924214907.285,4550.580078
2023-11-30,4567.7998046875,0.003776931264994232,12.920000076293945,0.4802820582996328,4434525035.56,4567.799805
2023-12-01,4594.6298828125,0.0058565589538464025,12.630000114440918,0.4552560417177482,4924647138.175,4594.629883
2023-12-04,4569.77978515625,-0.005423188063826245,13.079999923706055,0.4811032272920194,4261615144.34,4569.779785
2023-12-05,4567.18017578125,-0.0005690315939350654,12.850000381469727,0.4810994575336367,4930319626.11,4567.180176
2023-12-06,4549.33984375,-0.003913851944943758,12.970000267028809,0.497798133655521,4084177703.22,4549.339844
2023-12-07,4585.58984375,0.007936610684822654,13.0600004196167,0.4821177709563617,6084693977.68,4585.589844
2023-12-08,4604.3701171875,0.004087134146503857,12.350000381469727,0.5037209102093096,5690578255.97,4604.370117
2023-12-11,4622.43994140625,0.003916813547780507,12.630000114440918,0.5066672971645724,5789060345.0,4622.439941
2023-12-12,4643.7001953125,0.004588812795692121,12.069999694824219,0.4855862798713624,6869626927.89,4643.700195
2023-12-13,4707.08984375,0.013558345175020747,12.1899995803833,0.4676619486337923,8549368690.17,4707.089844
2023-12-14,4719.5498046875,0.0026435651851546282,12.479999542236328,0.4428413339978923,7891862872.08,4719.549805
2023-12-15,4719.18994140625,-7.625240044895065e-05,12.279999732971191,0.4973976008060066,5806518587.68,4719.189941
2023-12-18,4740.56005859375,0.004518122263400315,12.5600004196167,0.4607312977671513,6696774143.065,4740.560059
2023-12-19,4768.3701171875,0.00584926745082015,12.529999732971191,0.4803351506188773,7597039219.43,4768.370117
2023-12-20,4698.35009765625,-0.01479314796530673,13.670000076293945,0.4706128511568676,3712488914.7,4698.350098
2023-12-21,4746.75,0.01024876930727281,13.649999618530273,0.4901684895438972,5337349976.96,4746.75
2023-12-22,4754.6298828125,0.0016586821527599938,13.029999732971191,0.4917534745294711,5687669871.31,4754.629883
2023-12-26,4774.75,0.004222761046978718,12.989999771118164,0.4786735750692797,6310143486.55,4774.75
2023-12-27,4781.580078125,0.0014294356164228361,12.430000305175781,0.4961398263150081,6809006108.73,4781.580078
2023-12-28,4783.35009765625,0.00037010611032783913,12.470000267028809,0.4770028348406885,6874712702.59,4783.350098
2023-12-29,4769.830078125,-0.002830477036734891,12.449999809265137,0.4809692639114702,5166522873.29,4769.830078
2024-01-02,4742.830078125,-0.005676660799721844,13.199999809265137,0.4714816412934671,4388710873.885,4742.830078
2024-01-03,4704.81005859375,-0.008048618327197943,14.039999961853027,0.4673144115102362,3555017927.58,4704.810059
2024-01-04,4688.68017578125,-0.0034342716633180004,14.130000114440918,0.4593073533164274,2174268066.685,4688.680176
2024-01-05,4697.240234375,0.0018240216394342923,13.350000381469727,0.4847927505509672,3809162487.45,4697.240234
2024-01-08,4763.5400390625,0.01401594543635376,13.079999923706055,0.4784129792209011,5977778128.16,4763.540039
2024-01-09,4756.5,-0.001478993852318311,12.760000228881836,0.4988491837869273,5852128042.425,4756.5
2024-01-10,4783.4501953125,0.005649980650495934,12.6899995803833,0.5063148288392718,6965029865.46,4783.450195
2024-01-11,4780.240234375,-0.0006712808369613299,12.4399995803833,0.5015005265161955,3905093120.64,4780.240234
2024-01-12,4783.830078125,0.0007506937530337154,12.699999809265137,0.4983694874512527,5882972500.935,4783.830078
2024-01-16,4765.97998046875,-0.0037383190523563314,13.84000015258789,0.4779968437858665,5092414197.19,4765.97998
2024-01-17,4739.2099609375,-0.005632731271107971,14.789999961853027,0.472816856065716,4389194435.69,4739.209961
2024-01-18,4780.93994140625,0.008766720726242738,14.130000114440918,0.4816457188276474,6332262200.35,4780.939941
2024-01-19,4839.81005859375,0.012238308232548789,13.300000190734863,0.4782963445729173,4204740983.53,4839.810059
2024-01-22,4850.43017578125,0.002191921187231216,13.1899995803833,0.4691111403746719,4537414759.11,4850.430176
2024-01-23,4864.60009765625,0.0029171153407645534,12.550000190734863,0.4624719277826926,5024429245.84,4864.600098
2024-01-24,4868.5498046875,0.000811598976216743,13.140000343322754,0.4514265098058295,5492099945.82,4868.549805
2024-01-25,4894.16015625,0.005246578134979529,13.449999809265137,0.4600295822082793,5548068137.25,4894.160156
2024-01-26,4890.97021484375,-0.0006519977554262368,13.260000228881836,0.4695932065672981,4216357789.225,4890.970215
2024-01-29,4927.93017578125,0.007528365505246271,13.600000381469727,0.4615137052003848,5140652697.8,4927.930176
2024-01-30,4924.97021484375,-0.0006008303969800011,13.3100004196167,0.4655368666198109,5022110250.67,4924.970215
2024-01-31,4845.64990234375,-0.016236851740732305,14.350000381469727,0.4574981371101757,3119171780.48,4845.649902
2024-02-01,4906.18994140625,0.012416286114049768,13.880000114440918,0.4909098295563084,5077584253.37,4906.189941
2024-02-02,4958.60986328125,0.01062777072263188,13.850000381469727,0.4640997371872972,4546961678.91,4958.609863
2024-02-05,4942.81005859375,-0.0031914247092839076,13.670000076293945,0.4655623962724174,4856180132.34,4942.810059
2024-02-06,4954.22998046875,0.0023077459317484283,13.0600004196167,0.4466286617216424,4658369623.645,4954.22998
2024-02-07,4995.06005859375,0.008207682594008503,12.829999923706055,0.4688792248060036,6446332378.845,4995.060059
2024-02-08,4997.91015625,0.0005704205400913764,12.789999961853027,0.4527386893725825,5462013301.73,4997.910156
2024-02-09,5026.60986328125,0.005725917128794222,12.930000305175781,0.4757027016744841,5328163034.08,5026.609863
2024-02-12,5021.83984375,-0.0009494041426520994,13.930000305175781,0.4670367120807134,5238326555.97,5021.839844
2024-02-13,4953.169921875,-0.013768609419845035,15.850000381469727,0.4939371959471152,3109014454.93,4953.169922
2024-02-14,5000.6201171875,0.009534168304217161,14.380000114440918,0.4780804176435319,4891486966.92,5000.620117
2024-02-15,5029.72998046875,0.005804372674040437,14.010000228881836,0.4481056235965201,6175748191.57,5029.72998
2024-02-16,5005.56982421875,-0.0048150435759612975,14.239999771118164,0.4593003608607316,3611085505.705,5005.569824
2024-02-20,4975.509765625,-0.006023426465818105,15.420000076293945,0.4433681663590184,3069871389.01,4975.509766
2024-02-21,4981.7998046875,0.001263401495103622,15.34000015258789,0.4498798609924775,2461813756.45,4981.799805
2024-02-22,5087.02978515625,0.020902888666403996,14.539999961853027,0.4413982192962052,6830228515.51,5087.029785
2024-02-23,5088.7998046875,0.0003478870265016809,13.75,0.463327913102835,3859629412.2,5088.799805
2024-02-26,5069.52978515625,-0.0037939392446677545,13.739999771118164,0.4459740308182568,4513754499.48,5069.529785
2024-02-27,5078.18017578125,0.0017048955387206632,13.430000305175781,0.4599099440715851,4908130934.85,5078.180176
2024-02-28,5069.759765625,-0.0016595313211116292,13.84000015258789,0.4477640321375518,4669272626.53,5069.759766
2024-02-29,5096.27001953125,0.00521547045579851,13.399999618530273,0.445261274895228,6255851750.24,5096.27002
2024-03-01,5137.080078125,0.007975936433387787,13.109999656677246,0.4531911179880403,5332123204.0,5137.080078
2024-03-04,5130.9501953125,-0.0011939745749618424,13.489999771118164,0.4603390592169764,4905430380.59,5130.950195
2024-03-05,5078.64990234375,-0.010245406275918967,14.460000038146973,0.454489865172491,3556955794.43,5078.649902
2024-03-06,5104.759765625,0.0051279328530018375,14.5,0.4466947513382264,4239910445.14,5104.759766
2024-03-07,5157.35986328125,0.010251402284984223,14.4399995803833,0.4435451842750945,5718508592.525,5157.359863
2024-03-08,5123.68994140625,-0.006549922992050483,14.739999771118164,0.4181398232737167,4104732758.15,5123.689941
2024-03-11,5117.93994140625,-0.001122868268028654,15.220000267028809,0.4099702106170511,4713757285.12,5117.939941
2024-03-12,5175.27001953125,0.011139512586668232,13.84000015258789,0.4749313955175592,5938283529.13,5175.27002
2024-03-13,5165.31005859375,-0.0019263840021217504,13.75,0.4691749382769783,5624295731.265,5165.310059
2024-03-14,5150.47998046875,-0.0028752210514948473,14.399999618530273,0.4684485103595023,5282309854.9,5150.47998
2024-03-15,5117.08984375,-0.006504022859738612,14.40999984741211,0.4466854079803728,3342167300.89,5117.089844
2024-03-18,5149.419921875,0.006298184238481497,14.329999923706055,0.4252271520124194,3937922000.13,5149.419922
2024-03-19,5178.509765625,0.005633253044342368,13.819999694824219,0.4571361804176552,4650536931.98,5178.509766
2024-03-20,5224.6201171875,0.008864765516360507,13.039999961853027,0.4526462258524015,7263900892.39,5224.620117
2024-03-21,5241.52978515625,0.003231309094529067,12.920000076293945,0.4340080005127357,7674673966.565,5241.529785
2024-03-22,5234.18017578125,-0.0014031718343261446,13.0600004196167,0.4381486451601021,4650663108.26,5234.180176
2024-03-25,5218.18994140625,-0.0030596403820322138,13.1899995803833,0.4460225708000028,5513707300.29,5218.189941
2024-03-26,5203.580078125,-0.0028037219828060955,13.239999771118164,0.4562260024956261,5052700288.24,5203.580078
2024-03-27,5248.490234375,0.008593595582706115,12.779999732971191,0.4491627115057087,5848870499.28,5248.490234
2024-03-28,5254.35009765625,0.0011158627007610278,13.010000228881836,0.427490735802276,5832130945.06,5254.350098
2024-04-01,5243.77001953125,-0.002015614526957421,13.649999618530273,0.4446142840780537,5465906197.97,5243.77002
2024-04-02,5205.81005859375,-0.007265388203672174,14.609999656677246,0.4561580606562219,4278337802.78,5205.810059
2024-04-03,5211.490234375,0.0010905275233383804,14.329999923706055,0.4277146589599023,4873454757.49,5211.490234
2024-04-04,5147.2099609375,-0.012411035619262378,16.350000381469727,0.4393542804649221,1849412237.27,5147.209961
2024-04-05,5204.33984375,0.011038050135699251,16.030000686645508,0.4513824593118505,3504911241.87,5204.339844
2024-04-08,5202.39013671875,-0.00037470119004190394,15.1899995803833,0.4530716945231615,3398335515.4,5202.390137
2024-04-09,5209.91015625,0.0014444494736345348,14.979999542236328,0.4392675765959717,3630865100.65,5209.910156
2024-04-10,5160.64013671875,-0.00950198183221218,15.800000190734863,0.4793348447078013,2920913807.8,5160.640137
2024-04-11,5199.06005859375,0.007417221983342159,14.90999984741211,0.4506637130342333,5830983335.39,5199.060059
2024-04-12,5123.41015625,-0.014657587802247463,17.309999465942383,0.4714684315632315,2553523575.71,5123.410156
2024-04-15,5061.81982421875,-0.012094195787460293,19.229999542236328,0.4245857214081594,939169796.44,5061.819824
2024-04-16,5051.41015625,-0.002058624527503383,18.399999618530273,0.4308010371822657,871219214.29,5051.410156
2024-04-17,5022.2099609375,-0.005797375076005196,18.209999084472656,0.4466688251734659,12214539.55,5022.209961
2024-04-18,5011.1201171875,-0.0022106017004848155,18.0,0.4178051418557866,-37538291.66,5011.120117
2024-04-19,4967.22998046875,-0.00879712965405588,18.709999084472656,0.4088151174904863,665749991.425,4967.22998
2024-04-22,5010.60009765625,0.008693351156837892,16.940000534057617,0.4163011920151916,1326659406.91,5010.600098
2024-04-23,5070.5498046875,0.011893566567723113,15.6899995803833,0.4528111123852846,2750771165.07,5070.549805
2024-04-24,5071.6298828125,0.00021298737793173927,15.970000267028809,0.4960643289406773,2630505684.31,5071.629883
2024-04-25,5048.419921875,-0.004586934270118803,15.369999885559082,0.4666122714086745,2830701609.05,5048.419922
2024-04-26,5099.9599609375,0.010157381332325244,15.029999732971191,0.4724289678300474,3139888783.76,5099.959961
2024-04-29,5116.169921875,0.0031734080766394612,14.670000076293945,0.4840130318305715,3674119701.96,5116.169922
2024-04-30,5035.68994140625,-0.015855551118928446,15.649999618530273,0.4951547653306711,2090173759.56,5035.689941
2024-05-01,5018.39013671875,-0.0034413534856305716,15.390000343322754,0.468262152059069,1376151941.74,5018.390137
2024-05-02,5064.2001953125,0.009087024725083381,14.680000305175781,0.4728233996370414,3066656377.73,5064.200195
2024-05-03,5127.7900390625,0.012478557659509448,13.489999771118164,0.4519354046666333,4044558565.76,5127.790039
2024-05-06,5180.740234375,0.010273173691247806,13.489999771118164,0.4734998326350474,5431941595.98,5180.740234
2024-05-07,5187.7001953125,0.0013425282288253015,13.229999542236328,0.4601895894708283,5525622777.86,5187.700195
2024-05-08,5187.669921875,-5.835635194628708e-06,13.0,0.4549219939120685,5566559703.53,5187.669922
2024-05-09,5214.080078125,0.005078032639108443,12.6899995803833,0.4598741546523909,6346208011.125,5214.080078
2024-05-10,5222.68017578125,0.0016480400801661688,12.550000190734863,0.4590026541356597,5432035668.68,5222.680176
2024-05-13,5221.419921875,-0.00024133317386620945,13.600000381469727,0.4498164995565674,5594060151.52,5221.419922
2024-05-14,5246.68017578125,0.004826148527454777,13.420000076293945,0.4543210956497381,6255962154.82,5246.680176
2024-05-15,5308.14990234375,0.011647827787300002,12.449999809265137,0.4651904500697817,7955671214.54,5308.149902
2024-05-16,5297.10009765625,-0.002083837474089023,12.420000076293945,0.472574901095364,7245061117.04,5297.100098
2024-05-17,5303.27001953125,0.0011640956878942177,11.989999771118164,0.4894879915517382,4853015125.225,5303.27002
2024-05-20,5308.1298828125,0.0009159703084904436,12.149999618530273,0.4669760107495623,4963617300.3,5308.129883
2024-05-21,5321.41015625,0.002498749766893127,11.859999656677246,0.4671083915258233,5510500288.96,5321.410156
2024-05-22,5307.009765625,-0.002709791209351664,12.289999961853027,0.4756491669509171,4917089987.85,5307.009766
2024-05-23,5267.83984375,-0.007408162283471853,12.770000457763672,0.4450640059808768,3630219246.885,5267.839844
2024-05-24,5304.72021484375,0.006976649076673169,11.930000305175781,0.4506353532200383,4477390255.11,5304.720215
2024-05-28,5306.0400390625,0.00024877090688590897,12.920000076293945,0.4289795700102121,4395458155.06,5306.040039
2024-05-29,5266.9501953125,-0.007394317215743129,14.279999732971191,0.4332755001000636,3426680034.11,5266.950195
2024-05-30,5235.47998046875,-0.0059929575357529075,14.470000267028809,0.431487239693788,2534347787.52,5235.47998
2024-05-31,5277.509765625,0.007995824231928239,12.920000076293945,0.4509197590070617,3652680539.81,5277.509766
2024-06-03,5283.39990234375,0.0011154602235343702,13.109999656677246,0.46109612373867,4212034593.02,5283.399902
2024-06-04,5291.33984375,0.0015016810037842276,13.15999984741211,0.4583795905147441,4652135608.16,5291.339844
2024-06-05,5354.02978515625,0.011778015849955636,12.630000114440918,0.4436897144939897,6324708452.24,5354.029785
2024-06-06,5352.9599609375,-0.0001998366016362496,12.579999923706055,0.4594684945171626,6633452844.91,5352.959961
2024-06-07,5346.990234375,-0.0011158420502788147,12.220000267028809,0.4556791348999804,4936257709.26,5346.990234
2024-06-10,5360.7900390625,0.002577529978241344,12.739999771118164,0.4672186793608573,5088447662.615,5360.790039
2024-06-11,5375.31982421875,0.0027067148552095688,12.850000381469727,0.4569123915694939,6460479148.0,5375.319824
2024-06-12,5421.02978515625,0.008467720241887022,12.039999961853027,0.4583431898693551,7592465321.04,5421.029785
2024-06-13,5433.740234375,0.002341911437117261,11.9399995803833,0.4590012540733238,7263421535.965,5433.740234
2024-06-14,5431.60009765625,-0.00039393828099854034,12.65999984741211,0.4690349018495873,5953643755.055,5431.600098
2024-06-17,5473.22998046875,0.007635164372320702,12.75,0.4728627753489201,6951610730.48,5473.22998
2024-06-18,5487.02978515625,0.0025181541815175734,12.300000190734863,0.465744947236231,6890717242.9,5487.029785
2024-06-20,5473.169921875,-0.002529127395412445,13.279999732971191,0.4476144388241441,6883926636.09,5473.169922
2024-06-21,5464.6201171875,-0.0015633517188238244,13.199999809265137,0.451803886229132,4790673924.23,5464.620117
2024-06-24,5447.8701171875,-0.003069879155868094,13.329999923706055,0.4476349660988331,4995460524.13,5447.870117
2024-06-25,5469.2998046875,0.003925873679182956,12.84000015258789,0.4700154600068445,5599614412.36,5469.299805
2024-06-26,5477.89990234375,0.0015711962247202393,12.550000190734863,0.4751736216180038,6278491751.77,5477.899902
2024-06-27,5482.8701171875,0.0009069098567984213,12.239999771118164,0.4608933607356792,6613362795.08,5482.870117
2024-06-28,5460.47998046875,-0.004092013462368982,12.4399995803833,0.4700927348723485,5094768281.445,5460.47998
2024-07-01,5475.08984375,0.0026719909814296727,12.220000267028809,0.4645306636396381,5738185259.28,5475.089844
2024-07-02,5509.009765625,0.006176205771184939,12.029999732971191,0.4895317213909642,6932596551.94,5509.009766
2024-07-03,5537.02001953125,0.005071562269533203,12.09000015258789,0.4842474191192333,8203968336.17,5537.02002
2024-07-05,5567.18994140625,0.0054339743609688185,12.479999542236328,0.481141539823413,6668320256.6,5567.189941
2024-07-08,5572.85009765625,0.0010161824764054472,12.369999885559082,0.4882685856382483,6266260813.76,5572.850098
2024-07-09,5576.97998046875,0.0007407974780644366,12.510000228881836,0.5029724222680253,7212656349.23,5576.97998
2024-07-10,5633.91015625,0.010156314878106087,12.850000381469727,0.5048272553633313,8525287309.01,5633.910156
2024-07-11,5584.5400390625,-0.008801649969266023,12.920000076293945,0.5114700718879379,5982740161.67,5584.540039
2024-07-12,5615.35009765625,0.00550186402496422,12.460000038146973,0.4825464081162995,6768481430.32,5615.350098
2024-07-15,5631.22021484375,0.002822216423354007,13.119999885559082,0.5030334647602539,6787112127.07,5631.220215
2024-07-16,5667.2001953125,0.0063690499714521565,13.1899995803833,0.4819731001176057,7619103402.855,5667.200195
2024-07-17,5588.27001953125,-0.014025441523644488,14.479999542236328,0.4646175945763572,5656856967.11,5588.27002
2024-07-18,5544.58984375,-0.007847112145350721,15.930000305175781,0.4750666264632051,4488196122.54,5544.589844
2024-07-19,5505.0,-0.007165879226405991,16.520000457763672,0.517329363940429,3681523088.825,5505.0
2024-07-22,5564.41015625,0.010734217246220368,14.90999984741211,0.4642678293378429,4520803771.03,5564.410156
2024-07-23,5555.740234375,-0.0015593176939461273,14.720000267028809,0.4911452919011758,4499477211.77,5555.740234
2024-07-24,5427.1298828125,-0.023421242222893213,18.040000915527344,0.4784994354984643,1789933994.86,5427.129883
2024-07-25,5399.22021484375,-0.005155889019716753,18.459999084472656,0.4278902089535446,1875210274.115,5399.220215
2024-07-26,5459.10009765625,0.01102942040957089,16.389999389648438,0.4598597614636857,3402837819.38,5459.100098
2024-07-29,5463.5400390625,0.0008129795718279098,16.600000381469727,0.48448625927733,3475151090.62,5463.540039
2024-07-30,5436.43994140625,-0.004972514361366365,17.690000534057617,0.4498142127246852,3356663421.66,5436.439941
2024-07-31,5522.2998046875,0.01566998070191694,16.360000610351562,0.4648073205634767,4864174811.01,5522.299805
2024-08-01,5446.68017578125,-0.013788123791989904,18.59000015258789,0.4851221527818499,2991904075.37,5446.680176
2024-08-02,5346.56005859375,-0.018552906608553243,23.389999389648438,0.4824036614265272,2108487296.9,5346.560059
2024-08-05,5186.330078125,-0.03042704139239305,38.56999969482422,0.4457020425681583,477084855.23,5186.330078
2024-08-06,5240.02978515625,0.010300849493599884,27.709999084472656,0.4662950851069058,1139237300.61,5240.029785
2024-08-07,5199.5,-0.007764715388770327,27.850000381469727,0.476325181765005,592021575.78,5199.5
2024-08-08,5319.31005859375,0.022781139590899002,23.790000915527344,0.4575324245944873,2937064801.545,5319.310059
2024-08-09,5344.16015625,0.004660798434381164,20.3700008392334,0.4921438026284468,3006151670.155,5344.160156
2024-08-12,5344.39013671875,4.3033051721153015e-05,20.709999084472656,0.4874198398174274,2995707979.46,5344.390137
2024-08-13,5434.43017578125,0.016707233419049672,18.1200008392334,0.4736166994673834,4838110534.285,5434.430176
2024-08-14,5455.2099609375,0.003816436561198344,16.190000534057617,0.479641796045145,5393188545.41,5455.209961
2024-08-15,5543.22021484375,0.016004489931304988,15.229999542236328,0.4706055475970381,7887918588.35,5543.220215
2024-08-16,5554.25,0.0019878023683954638,14.800000190734863,0.5046204681634883,5123957497.84,5554.25
2024-08-19,5608.25,0.009675327436177383,14.649999618530273,0.5314045743795677,6233610334.875,5608.25
2024-08-20,5597.1201171875,-0.001986527237608726,15.880000114440918,0.5261054392224487,6208359712.06,5597.120117
2024-08-21,5620.85009765625,0.004230714721005668,16.270000457763672,0.5015591774491193,6921479038.575,5620.850098
2024-08-22,5570.64013671875,-0.00897294225665668,17.549999237060547,0.5269392864745218,5153200945.66,5570.640137
2024-08-23,5634.60986328125,0.011417937401663636,15.859999656677246,0.5003818902272721,5959589387.565,5634.609863
2024-08-26,5616.83984375,-0.003158710169605783,16.149999618530273,0.5311372270372489,5779012431.34,5616.839844
2024-08-27,5625.7998046875,0.0015939251127239373,15.430000305175781,0.5184440857155292,5845340981.72,5625.799805
2024-08-28,5592.18017578125,-0.005993900794734941,17.110000610351562,0.5110332836647742,4939437289.45,5592.180176
2024-08-29,5591.9599609375,-3.937984343771461e-05,15.649999618530273,0.5139634565138288,5523035218.93,5591.959961
2024-08-30,5648.39990234375,0.01004245707914464,15.0,0.4903525258691827,6086556803.41,5648.399902
2024-09-03,5528.93017578125,-0.021377963372398057,20.719999313354492,0.508833359001173,3740020284.86,5528.930176
2024-09-04,5520.06982421875,-0.0016038290273812095,21.31999969482422,0.5102521351017828,3595195654.73,5520.069824
2024-09-05,5503.41015625,-0.0030225810146742305,19.899999618530273,0.5347519461596297,3520684582.43,5503.410156
2024-09-06,5408.419921875,-0.01741094450742331,22.3799991607666,0.5160224553886789,2315966377.225,5408.42
2024-09-09,5471.0498046875,0.011513534435817263,19.450000762939453,0.4700371868507697,3280530135.64,5471.05
2024-09-10,5495.52001953125,0.004462699977795026,19.079999923706055,0.5042466636728258,3849656184.97,5495.52
2024-09-11,5554.1298828125,0.010608555649842089,17.690000534057617,0.5260588887828703,5336593611.67,5554.13
2024-09-12,5595.759765625,0.007467352156803386,17.06999969482422,0.5146940294651113,6940079337.84,5595.76
2024-09-13,5626.02001953125,0.005393142234355608,16.559999465942383,0.5014514379138926,5909286858.81,5626.02
2024-09-16,5633.08984375,0.0012558408673104537,17.139999389648438,0.4452931963157245,5961311631.08,5633.09
2024-09-17,5634.580078125,0.0002645150938960228,17.610000610351562,0.4596922677091956,6155123107.83,5634.58
2024-09-18,5618.259765625,-0.0029006587083131308,18.229999542236328,0.5003872372289817,5805165888.845,5618.26
2024-09-19,5713.64013671875,0.016834356892726277,16.329999923706055,0.4695936526456746,8221473205.36,5713.64
2024-09-20,5702.5498046875,-0.0019429136300157523,16.149999618530273,0.5269819601480139,5303295296.81,5702.55
2024-09-23,5718.56982421875,0.0028053344257124024,15.890000343322754,0.4779295338238031,5786903108.815,5718.57
2024-09-24,5732.93017578125,0.0025080311033462976,15.390000343322754,0.4604311619824734,6328267075.14,5732.93
2024-09-25,5722.259765625,-0.0018629832062124763,15.40999984741211,0.4753545604403865,6394695661.57,5722.26
2024-09-26,5745.3701171875,0.004030542158199424,15.369999885559082,0.4589892776800006,6959651132.06,5745.37
2024-09-27,5738.169921875,-0.0012540029000724928,16.959999084472656,0.458956888782214,5567042737.51,5738.17
2024-09-30,5762.47998046875,0.004227603658440771,16.729999542236328,0.4498615310238202,6352622311.23,5762.48
2024-10-01,5708.75,-0.009367848694454395,19.260000228881836,0.4559557192377865,4896533689.6,5708.75
2024-10-02,5709.5400390625,0.00013838132698751338,18.899999618530273,0.4537937083873902,4428681483.82,5709.54
2024-10-03,5699.93994140625,-0.0016828286544594562,20.489999771118164,0.4735931003809274,4816938822.33,5699.94
2024-10-04,5751.06982421875,0.008930255699185707,19.209999084472656,0.4603112263193784,5743532577.46,5751.07
2024-10-07,5695.93994140625,-0.009632263829388421,22.639999389648438,0.4710297095802152,3846572084.54,5695.94
2024-10-08,5751.1298828125,0.009642706804694257,21.420000076293945,0.4612569039036569,5963801711.795,5751.13
2024-10-09,5792.0400390625,0.0070882310169952945,20.860000610351562,0.4802917489559164,7047951415.94,5792.04
2024-10-10,5780.0498046875,-0.0020722685059819668,20.93000030517578,0.505544532639612,6592904183.59,5780.05
2024-10-11,5815.02978515625,0.006033608707298299,20.459999084472656,0.4807976724960353,6401612335.485,5815.03
2024-10-14,5859.85009765625,0.007678114574593664,19.700000762939453,0.4417353373614127,7410156662.525,5859.85
2024-10-15,5815.259765625,-0.007638566037513783,20.639999389648438,0.4530726148300995,6591408664.14,5815.26
2024-10-16,5842.47021484375,0.004668232782780279,19.579999923706055,0.4419092740002252,7096290604.985,5842.47
2024-10-17,5841.47021484375,-0.00017117512853737082,19.110000610351562,0.4500084011013342,7121736829.42,5841.47
2024-10-18,5864.669921875,0.003963686942773492,18.030000686645508,0.4536361939800037,5436123275.77,5864.67
2024-10-21,5853.97998046875,-0.0018244327564183038,18.3700008392334,0.4561387603256886,5398150643.01,5853.98
2024-10-22,5851.2001953125,-0.00047496666719659686,18.200000762939453,0.4564773786287177,5851529850.79,5851.2
2024-10-23,5797.419921875,-0.009233824267679935,19.239999771118164,0.4745022512206676,4082983910.275,5797.42
2024-10-24,5809.85986328125,0.002143473130557183,19.079999923706055,0.4718424275892129,4880783378.82,5809.86
2024-10-25,5808.1201171875,-0.0002994920131857981,20.329999923706055,0.5035022551358372,4749534530.95,5808.12
2024-10-28,5823.52001953125,0.0026479346267329618,19.799999237060547,0.4603223688097718,4915880671.095,5823.52
2024-10-29,5832.919921875,0.0016128259449015303,19.34000015258789,0.4466970040749655,5024193848.845,5832.92
2024-10-30,5813.669921875,-0.003305691672489175,20.350000381469727,0.4409768755881462,4423596923.13,5813.67
2024-10-31,5705.4501953125,-0.018790134928744706,23.15999984741211,0.4257287727872477,1917795553.99,5705.45
2024-11-01,5728.7998046875,0.004084158004525662,21.8799991607666,0.4321029260778999,3675434280.67,5728.8
2024-11-04,5712.68994140625,-0.0028160448131906435,21.979999542236328,0.4430222186283885,3341290878.1,5712.69
2024-11-05,5782.759765625,0.012191031029562538,20.489999771118164,0.4443728275623208,4614333694.51,5782.76
2024-11-06,5929.0400390625,0.02498128095718677,16.270000457763672,0.4233628517205045,7758532407.61,5929.04
2024-11-07,5973.10009765625,0.007403754173996191,15.199999809265137,0.4754304522324671,9662097969.405,5973.1
2024-11-08,5995.5400390625,0.003749794035718068,14.9399995803833,0.4960295472351906,7382278792.875,5995.54
2024-11-11,6001.35009765625,0.0009685941909562956,14.970000267028809,0.4570829697471293,7378270517.98,6001.35
2024-11-12,5983.990234375,-0.002896851476936746,14.710000038146973,0.456386986061053,7246970942.92,5983.99
2024-11-13,5985.3798828125,0.0002322007641417656,14.020000457763672,0.4734522122841683,7180883104.055,5985.38
2024-11-14,5949.169921875,-0.006068108582244491,14.3100004196167,0.4692102348576661,6447921288.31,5949.17
2024-11-15,5870.6201171875,-0.013291430866793519,16.139999389648438,0.4717625868883435,3974675801.22,5870.62
2024-11-18,5893.6201171875,0.003910159746206787,15.579999923706055,0.4328434626116803,4681640451.28,5893.62
2024-11-19,5916.97998046875,0.003955750520596268,16.350000381469727,0.4425351873934582,5359810256.17,5916.98
2024-11-20,5917.10986328125,2.195062133480974e-05,17.15999984741211,0.4785193215763816,5417552741.44,5917.11
2024-11-21,5948.7099609375,0.00532625184428781,16.8700008392334,0.4515024507251714,6330482864.06,5948.71
2024-11-22,5969.33984375,0.003461959591536612,15.239999771118164,0.4803932400644954,6027379554.77,5969.34
2024-11-25,5987.3701171875,0.003015927820126052,14.600000381469727,0.4556971891232685,6625218270.06,5987.37
2024-11-26,6021.6298828125,0.005705697155262257,14.100000381469727,0.4288433545638844,7744311204.2,6021.63
2024-11-27,5998.740234375,-0.003808481083577675,14.100000381469727,0.4513469187013214,6855214026.0,5998.74
2024-11-29,6032.3798828125,0.005592120396801903,13.510000228881836,0.3824180352729878,6826040464.43,6032.38
2024-12-02,6047.14990234375,0.0024454638805817552,13.34000015258789,0.4314116829116506,7706048007.55,6047.15
2024-12-03,6049.8798828125,0.00045134724202178234,13.300000190734863,0.4572783197724437,8146922443.375,6049.88
2024-12-04,6086.490234375,0.00603318162813693,13.449999809265137,0.47199793004748,9545620758.4,6086.49
2024-12-05,6075.10986328125,-0.0018715258393822154,13.539999961853027,0.4342016450427796,9140526161.325,6075.11
2024-12-06,6090.27001953125,0.0024923453675373963,12.770000457763672,0.4482028284534184,7631066627.59,6090.27
2024-12-09,6052.85009765625,-0.0061631672852264785,14.1899995803833,0.4577672517113256,6954304274.37,6052.85
2024-12-10,6034.91015625,-0.0029682843142797566,14.180000305175781,0.4493212404645196,6807175031.78,6034.91
2024-12-11,6084.18994140625,0.008132626411368804,13.579999923706055,0.4758637658004902,8034815760.055,6084.19
2024-12-12,6051.25,-0.005428731461464054,13.920000076293945,0.4978026373338508,7076150111.89,6051.25
2024-12-13,6051.08984375,-2.6466989371698446e-05,13.8100004196167,0.4842802616476507,6050424113.52,6051.09
2024-12-16,6074.080078125,0.0037921550087851585,14.6899995803833,0.4773660011279741,5979848912.115,6074.08
2024-12-17,6050.60986328125,-0.003871479480656248,15.869999885559082,0.4639221337417133,6160603504.01,6050.61
2024-12-18,5872.16015625,-0.029936505304517524,27.6200008392334,0.4899548627022649,2158783462.75,5872.16
2024-12-19,5867.080078125,-0.0008654867505377695,24.09000015258789,0.4998641939165206,2450546702.59,5867.08
2024-12-20,5930.85009765625,0.010810479402397988,18.360000610351562,0.457766690249385,3723450386.15,5930.85
2024-12-23,5974.06982421875,0.007260849585616569,16.780000686645508,0.4527265491410503,4698052213.6,5974.07
2024-12-24,6040.0400390625,0.010982233165126587,14.270000457763672,0.4754144906234165,7095206967.79,6040.04
2024-12-26,6037.58984375,-0.00040574108825808253,14.729999542236328,0.5009728260754676,6785424919.14,6037.59
2024-12-27,5970.83984375,-0.011117304964912478,15.949999809265137,0.4917524404112254,4199651257.635,5970.84
2024-12-30,5906.93994140625,-0.010759673941729275,17.399999618530273,0.4306666037436302,2997519655.26,5906.94
2024-12-31,5881.6298828125,-0.00429400645898248,17.350000381469727,0.4556693888932286,2441213241.37,5881.63
2025-01-02,5868.5498046875,-0.0022263631494485736,17.93000030517578,0.4465679440622498,2371887332.96,5868.55
2025-01-03,5942.47021484375,0.012517356707824945,16.1299991607666,0.4333370808855306,4096050139.705,5942.47
2025-01-06,5975.3798828125,0.005522766496818932,16.040000915527344,0.4708132195920826,5052128431.3,5975.38
2025-01-07,5909.02978515625,-0.011166021516636704,17.81999969482422,0.4821055844569468,3469278377.985,5909.03
2025-01-08,5918.25,0.0015591440938305112,17.700000762939453,0.4673007898946944,3247296337.15,5918.25
2025-01-10,5827.0400390625,-0.015531637650232355,19.540000915527344,0.4922114643213968,2208536026.495,5827.04
2025-01-13,5836.22021484375,0.0015742043780537784,19.190000534057617,0.4431237417557748,2397711379.54,5836.22
2025-01-14,5842.91015625,0.0011456233341640143,18.709999084472656,0.4740413641104078,2579500681.42,5842.91
2025-01-15,5949.91015625,0.018147132504516605,16.1200008392334,0.4214838450289671,5716896248.16,5949.91
2025-01-16,5937.33984375,-0.002114924340865798,16.600000381469727,0.473563909975931,4775367063.665,5937.34
2025-01-17,5996.66015625,0.009941478308393314,15.970000267028809,0.4479366169245808,4166702586.62,5996.66
2025-01-21,6049.240234375,0.008730009440595765,15.0600004196167,0.451750590327064,4966653057.85,6049.24
2025-01-22,6086.3701171875,0.006119181086994274,15.100000381469727,0.4776529181342209,6366758457.72,6086.37
2025-01-23,6118.7099609375,0.005299419459529275,15.020000457763672,0.4957922414113402,7073749361.21,6118.71
2025-01-24,6101.240234375,-0.002859215984466701,14.850000381469727,0.4803216534183047,4931479224.98,6101.24
2025-01-27,6012.27978515625,-0.014688059032112122,17.899999618530273,0.427369429128921,4327572894.085,6012.28
2025-01-28,6067.7001953125,0.009175644177716435,16.40999984741211,0.4472607573782893,5416249325.51,6067.7
2025-01-29,6039.31005859375,-0.0046898760569202835,16.559999465942383,0.472362371669707,5055559749.31,6039.31
2025-01-30,6071.169921875,0.005261548152180495,15.84000015258789,0.4934754952824077,6007920512.42,6071.17
2025-01-31,6040.52978515625,-0.005059603990266837,16.43000030517578,0.5044075810848718,4428409812.36,6040.53
2025-02-03,5994.56982421875,-0.007637690729495716,18.6200008392334,0.4437787521794468,3583323664.46,5994.57
2025-02-04,6037.8798828125,0.007198907403029864,17.209999084472656,0.4607745165018623,4725386327.795,6037.88
2025-02-05,6061.47998046875,0.0039010539156141277,15.770000457763672,0.4852712013997137,5258058995.205,6061.48
2025-02-06,6083.56982421875,0.003637674355266185,15.5,0.4623419096696821,6298794496.54,6083.57
2025-02-07,6025.990234375,-0.009509845693660424,16.540000915527344,0.5118799512894407,4104401645.92,6025.99
2025-02-10,6066.43994140625,0.006690112295453687,15.8100004196167,0.4428263141827276,5096090725.49,6066.44
2025-02-11,6068.5,0.00033952514367463493,16.020000457763672,0.4394785326245868,5222593117.26,6068.5
2025-02-12,6051.97021484375,-0.002727583189647831,15.890000343322754,0.4638846891535793,5189626640.545,6051.97
2025-02-13,6115.06982421875,0.010372313214235263,15.100000381469727,0.4586036057666422,7596817905.955,6115.07
2025-02-14,6114.6298828125,-7.194639557361882e-05,14.770000457763672,0.4718726802161639,5979705471.675,6114.63
2025-02-18,6129.580078125,0.0024420036555508062,15.350000381469727,0.4542581768784482,5920643382.97,6129.58
2025-02-19,6144.14990234375,0.0023741488668242994,15.270000457763672,0.478141280986225,6592821598.88,6144.15
2025-02-20,6117.52001953125,-0.004343604884288865,15.65999984741211,0.4573166308277657,5561483626.56,6117.52
2025-02-21,6013.1298828125,-0.01721139667253979,18.209999084472656,0.4620086402431404,2954752220.15,6013.13
2025-02-24,5983.25,-0.004981493566251771,18.979999542236328,0.4294737573430397,2365713327.77,5983.25
2025-02-25,5955.25,-0.004690715138396584,19.43000030517578,0.3879538780092035,2166538016.49,5955.25
2025-02-26,5956.06005859375,0.0001360150295841578,19.100000381469727,0.474436507767366,2271171020.44,5956.06
2025-02-27,5861.56982421875,-0.015991742678524545,21.1299991607666,0.4769895686262407,627294061.42,5861.57
2025-02-28,5954.5,0.01572978042066353,19.6299991607666,0.4592141958886622,2770328688.23,5954.5
2025-03-03,5849.72021484375,-0.017753402648310157,22.780000686645508,0.455030199677589,1522242896.66,5849.72
2025-03-04,5778.14990234375,-0.012310288231505595,23.510000228881836,0.4060176730631142,557568217.87,5778.15
2025-03-05,5842.6298828125,0.011097472528735608,21.93000030517578,0.4698395790750865,1875806088.245,5842.63
2025-03-06,5738.52001953125,-0.01797967710745496,24.8700008392334,0.4673725442762191,466724209.505,5738.52
2025-03-07,5770.2001953125,0.005505435045455087,23.3700008392334,0.431068391886937,1211369428.3,5770.2
2025-03-10,5614.56005859375,-0.02734354178842935,27.860000610351562,0.404998665059791,-125126815.305,5614.56
2025-03-11,5572.06982421875,-0.00759664691853601,26.920000076293945,0.4297145428243521,-550474789.48,5572.07
2025-03-12,5599.2998046875,0.004874967940491359,24.229999542236328,0.4852050427182967,42629739.785,5599.3
2025-03-13,5521.52001953125,-0.013988366806465535,24.65999984741211,0.4856294225275546,-1089722186.225,5521.52
2025-03-14,5638.93994140625,0.021042905953198243,21.770000457763672,0.4904341823010574,622999962.43,5638.94
2025-03-17,5675.1201171875,0.006395634974605713,20.510000228881836,0.481698604922673,1295488233.54,5675.12
2025-03-18,5614.66015625,-0.010710667074320668,21.700000762939453,0.4895836887889758,314071295.42,5614.66
2025-03-19,5675.2900390625,0.01074060817295397,19.899999618530273,0.4788721369789631,1592929579.855,5675.29
2025-03-20,5662.89013671875,-0.00218728351378239,19.799999237060547,0.4986042675390054,1394388566.31,5662.89
2025-03-21,5667.56005859375,0.0008243136078327495,19.280000686645508,0.5014628245424331,1528378630.55,5667.56
2025-03-24,5767.56982421875,0.017492117128638185,17.479999542236328,0.4742261507057847,3359703172.92,5767.57
2025-03-25,5776.64990234375,0.0015730954906540973,17.149999618530273,0.4899230047943808,3543467884.88,5776.65
2025-03-26,5712.2001953125,-0.011219640357598593,18.329999923706055,0.4732277810568287,2084828945.15,5712.2
2025-03-27,5693.31005859375,-0.003312461007132228,18.690000534057617,0.4769697125620827,2057823444.92,5693.31
2025-03-28,5580.93994140625,-0.019934601126852414,21.649999618530273,0.4802636097058405,400421432.91,5580.94
2025-03-31,5611.85009765625,0.005523240357645065,22.280000686645508,0.4453603707095603,799952988.58,5611.85
2025-04-01,5633.06982421875,0.003774104555212432,21.770000457763672,0.4933969794547043,1504443221.12,5633.07
2025-04-02,5670.97021484375,0.006705661429483811,21.510000228881836,0.5219781917454429,2134590896.35,5670.97
2025-04-03,5396.52001953125,-0.049605911828995986,30.020000457763672,0.5105829962612093,-1003997546.345,5396.52
2025-04-04,5074.080078125,-0.06160906189823123,45.310001373291016,0.4267143754223834,-1944044431.83,5074.08
2025-04-07,5062.25,-0.002334194605962736,46.97999954223633,0.4191197353836181,-1905543907.46,5062.25
2025-04-08,4982.77001953125,-0.015825083277055896,52.33000183105469,0.4977090674251742,-1852544173.38,4982.77
2025-04-09,5456.89990234375,0.09089487983303712,33.619998931884766,0.457100381274339,1643186972.17,5456.9
2025-04-10,5268.0498046875,-0.03522060702411167,40.720001220703125,0.4867026385454357,32966429.745,5268.05
2025-04-11,5363.35986328125,0.017930380835776916,37.560001373291016,0.4766725457906067,373447964.17,5363.36
2025-04-14,5405.97021484375,0.007913319326343426,30.889999389648438,0.4841533774417382,808319767.055,5405.97
2025-04-15,5396.6298828125,-0.0017292752253013077,30.1200008392334,0.4724949839367063,782826927.06,5396.63
2025-04-16,5275.7001953125,-0.022663253964902097,32.63999938964844,0.4838311524968895,-770242084.665,5275.7
2025-04-17,5282.7001953125,0.0013259586237737153,29.649999618530273,0.4599745514859861,47459813.27,5282.7
2025-04-21,5158.2001953125,-0.02384964833401959,33.81999969482422,0.4623529937986741,-656792281.545,5158.2
2025-04-22,5287.759765625,0.024806952125450366,30.56999969482422,0.4572643700640089,615614084.42,5287.76
2025-04-23,5375.85986328125,0.016523864366879693,28.450000762939453,0.4921933604490677,1762633447.355,5375.86
2025-04-24,5484.77001953125,0.020056628082583572,26.469999313354492,0.5045256511529626,3430226051.74,5484.77
2025-04-25,5525.2099609375,0.007346084795701202,24.84000015258789,0.5356302232977369,2387843867.555,5525.21
2025-04-28,5528.75,0.0006405015390011926,25.149999618530273,0.5195499471098621,2590989411.665,5528.75
2025-04-29,5560.830078125,0.005785641545557496,24.170000076293945,0.5096269044948454,3241496173.6,5560.83
2025-04-30,5569.06005859375,0.0014788972519319543,24.700000762939453,0.5209585104045852,3445248866.56,5569.06
2025-05-01,5604.14013671875,0.006279345716452056,24.600000381469727,0.5307610602933195,4186919182.95,5604.14
2025-05-02,5686.669921875,0.014619191109114027,22.68000030517578,0.5079807595274437,4034809600.41,5686.67
2025-05-05,5650.3798828125,-0.00640204702931868,23.639999389648438,0.5237464625923822,3722988083.74,5650.38
2025-05-06,5606.91015625,-0.007722985278391548,24.760000228881836,0.5187221614443868,3059046862.42,5606.91
2025-05-07,5631.27978515625,0.004336938106709098,23.549999237060547,0.5055778134378277,3822177846.61,5631.28
2025-05-08,5663.93994140625,0.005783021147466982,22.479999542236328,0.4927347327541085,4778376833.05,5663.94
2025-05-09,5659.91015625,-0.0007117341348763517,21.899999618530273,0.4870246140438736,3793108873.58,5659.91
2025-05-12,5844.18994140625,0.03203997667701941,18.389999389648438,0.4365755862606138,6761859324.96,5844.19
2025-05-13,5886.5498046875,0.007222059020246974,18.219999313354492,0.4560484584770439,7499879615.62,5886.55
2025-05-14,5892.580078125,0.0010238912422764201,18.6200008392334,0.499447578990882,7533048358.36,5892.58
2025-05-15,5916.93017578125,0.004123817438756561,17.829999923706055,0.4991540078933931,7096014764.73,5916.93
2025-05-16,5958.3798828125,0.00698084936809984,17.239999771118164,0.5209059964560645,6202214338.51,5958.38
2025-05-19,5963.60009765625,0.0008757295660490882,18.139999389648438,0.5089934353394393,6545107695.47,5963.6
2025-05-20,5940.4599609375,-0.003887777069571996,18.09000015258789,0.523667735467574,6358990782.8,5940.46
2025-05-21,5844.60986328125,-0.01626671926775991,20.8700008392334,0.5266812394093878,4488106391.41,5844.61
2025-05-22,5842.009765625,-0.00044497002242138706,20.280000686645508,0.5079842300245047,4585225549.87,5842.01
2025-05-23,5802.81982421875,-0.00673089959147255,22.290000915527344,0.5288699094077024,3454684648.54,5802.82
2025-05-27,5921.5400390625,0.020252580802184283,18.959999084472656,0.4744553984238606,6006309425.44,5921.54
2025-05-28,5888.5498046875,-0.005586802576445393,19.309999465942383,0.5077503202574968,5384692268.73,5888.55
2025-05-29,5912.169921875,0.004003170870632289,19.18000030517578,0.5214688686051221,5584823371.44,5912.17
2025-05-30,5911.68994140625,-8.118845699556232e-05,18.56999969482422,0.5354291576645207,5255528465.63,5911.69
2025-06-02,5935.93994140625,0.004093651490626016,18.360000610351562,0.5208515532577502,5794483459.18,5935.94
2025-06-03,5970.3701171875,0.005783533535369756,17.690000534057617,0.4868140448637895,6863834851.97,5970.37
2025-06-04,5970.81005859375,7.368474471824982e-05,17.610000610351562,0.5183603617899183,6992906009.94,5970.81
2025-06-05,5939.2998046875,-0.005291357978697064,18.479999542236328,0.4832112182732311,6197527509.9,5939.3
2025-06-06,6000.35986328125,0.010228196215376073,16.770000457763672,0.4824346827553941,6770754218.76,6000.36
2025-06-09,6005.8798828125,0.000919525186391823,17.15999984741211,0.4961782442700162,6950247951.93,6005.88
2025-06-10,6038.81005859375,0.0054680125416464165,16.950000762939453,0.4770347320040091,7795453221.9,6038.81
2025-06-11,6022.240234375,-0.002747660318286549,17.260000228881836,0.521497289029143,7526968979.99,6022.24
2025-06-12,6045.259765625,0.0038151330716758025,18.020000457763672,0.512892450340208,8078933833.33,6045.26
2025-06-13,5976.97021484375,-0.011360668590102208,20.81999969482422,0.5319432618902847,5368715710.27,5976.97
2025-06-16,6033.10986328125,0.009348823148188856,19.110000610351562,0.4874782405467984,6994019606.47,6033.11
2025-06-17,5982.72021484375,-0.008387259723644291,21.600000381469727,0.5119677589906794,5709706273.82,5982.72
2025-06-18,5980.8701171875,-0.00030928803471930166,20.139999389648438,0.4941173693705816,5905181546.26,5980.87
2025-06-20,5967.83984375,-0.002181035215588878,20.6200008392334,0.4986356346464716,3856968962.96,5967.84
2025-06-23,6025.169921875,0.009560655071259916,19.829999923706055,0.4745595015841087,5339344397.88,6025.17
2025-06-24,6092.18017578125,0.01106032861695816,17.479999542236328,0.4573227194561624,6369686298.52,6092.18
2025-06-25,6092.16015625,-3.286108348987682e-06,16.760000228881836,0.4468616683275453,7148616930.82,6092.16
2025-06-26,6141.02001953125,0.007988131032517387,16.59000015258789,0.4474168459876984,8072461301.8,6141.02
2025-06-27,6173.06982421875,0.005205399256150045,16.31999969482422,0.4923368100709143,7354743566.71,6173.07
2025-06-30,6204.9501953125,0.005151137506128833,16.729999542236328,0.4585380442227525,8189956840.36,6204.95
2025-07-01,6198.009765625,-0.0011191571098798647,16.829999923706055,0.4477918888330869,7377212602.94,6198.01
2025-07-02,6227.419921875,0.004733874306490193,16.639999389648438,0.4709472628253357,8410326706.47,6227.42
2025-07-03,6279.35009765625,0.00830437821066532,16.3799991607666,0.4476260522392778,8111996422.69,6279.35
2025-07-07,6229.97998046875,-0.007893368104245013,17.790000915527344,0.4933735531106827,7119342127.83,6229.98
2025-07-08,6225.52001953125,-0.0007161432504698695,16.809999465942383,0.4629562058394133,7221989575.17,6225.52
2025-07-09,6263.259765625,0.006043802776780183,15.9399995803833,0.4732450556518882,8914926324.86,6263.26
2025-07-10,6280.4599609375,0.002742441072925317,15.779999732971191,0.4765365404919671,9180511276.02,6280.46
2025-07-11,6259.75,-0.0033029717732251385,16.399999618530273,0.5009375407589809,7424283159.14,6259.75
2025-07-14,6268.56005859375,0.0014064243309359625,17.200000762939453,0.4856410690332122,7738057459.71,6268.56
2025-07-15,6243.759765625,-0.003964145065671332,17.3799991607666,0.5054118824322469,7181147244.9,6243.76
2025-07-16,6263.7001953125,0.003188568525382962,17.15999984741211,0.4911250869986281,7489264274.67,6263.7
2025-07-17,6297.35986328125,0.005359380240012257,16.520000457763672,0.5056610941271,8974995266.94,6297.36
2025-07-18,6296.7900390625,-9.049030280827708e-05,16.40999984741211,0.488996391523647,5944322656.14,6296.79
2025-07-21,6305.60009765625,0.0013981570056724735,16.649999618530273,0.5286802654917541,6518489855.17,6305.6
2025-07-22,6309.6201171875,0.000637328496667422,16.5,0.4911548865891385,5934749486.56,6309.62
2025-07-23,6358.91015625,0.007781532145703096,15.369999885559082,0.4913610293992498,7676720631.88,6358.91
2025-07-24,6363.35009765625,0.0006979799969322187,15.390000343322754,0.4885721247937431,8232858198.47,6363.35
2025-07-25,6388.64013671875,0.003966451001680582,14.930000305175781,0.4769363006059228,6662267721.97,6388.64
2025-07-28,6389.77001953125,0.0001768424712675909,15.029999732971191,0.464367312428855,6928943479.12,6389.77
2025-07-29,6370.85986328125,-0.0029638301974674874,15.979999542236328,0.4677552547645185,6371624221.36,6370.86
2025-07-30,6362.89990234375,-0.001250213938510214,15.479999542236328,0.4967022508160478,6097195989.57,6362.9
2025-07-31,6339.39013671875,-0.0037016620463745653,16.719999313354492,0.4864093382350865,5602472269.98,6339.39
2025-08-01,6238.009765625,-0.01612138718556899,20.3799991607666,0.4778755899416375,4206957830.42,6238.01
2025-08-04,6329.93994140625,0.014629564491414726,17.520000457763672,0.493340800156717,5509206516.81,6329.94
2025-08-05,6299.18994140625,-0.0048697037804625865,17.850000381469727,0.5104029199677118,4956985022.77,6299.19
2025-08-06,6345.06005859375,0.007255522219853816,16.770000457763672,0.4981498320497319,6885056501.58,6345.06
2025-08-07,6340.0,-0.0007977981718276794,16.56999969482422,0.4909886221389488,7268678445.23,6340.0
2025-08-08,6389.4501953125,0.007769454816388688,15.149999618530273,0.4799067614925307,7104874959.97,6389.45
2025-08-11,6373.4501953125,-0.0025072683938844875,16.25,0.4979532430774366,7073272424.02,6373.45
2025-08-12,6445.759765625,0.011281559075170478,14.729999542236328,0.4883897384942745,9222677076.74,6445.76
2025-08-13,6466.580078125,0.0032248733840454236,14.489999771118164,0.497528344673351,9554009566.2,6466.58
2025-08-14,6468.5400390625,0.00030304487855481455,14.829999923706055,0.5070666789022263,9972658498.35,6468.54
2025-08-15,6449.7998046875,-0.0029013399163648756,15.09000015258789,0.4938450014253651,6559237118.42,6449.8
2025-08-18,6449.14990234375,-0.0001007682577363056,14.989999771118164,0.4791791584417266,7059529380.35,6449.15
2025-08-19,6411.3701171875,-0.005875329112207339,15.569999694824219,0.46847662054828,5609867335.39,6411.37
2025-08-20,6395.77978515625,-0.00243463063226379,15.6899995803833,0.4331844438519711,5198012874.39,6395.78
2025-08-21,6370.169921875,-0.004012219728950939,16.600000381469727,0.4816484085540034,4671695623.69,6370.17
2025-08-22,6466.91015625,0.015072285158778342,14.220000267028809,0.4610650479001054,7012234646.41,6466.91
2025-08-25,6439.31982421875,-0.004275512539646087,14.789999961853027,0.4711248068135336,6837265495.67,6439.32
2025-08-26,6465.93994140625,0.004125473710116623,14.619999885559082,0.4834154444820751,7518243815.32,6465.94
2025-08-27,6481.39990234375,0.0023881304533031056,14.850000381469727,0.4779580739225902,8070047921.08,6481.4
2025-08-28,6501.85986328125,0.0031517474414659574,14.430000305175781,0.4865584349508358,9268973791.04,6501.86
2025-08-29,6460.259765625,-0.006418740402791556,15.359999656677246,0.466972027096476,6587620296.37,6460.26
2025-09-02,6415.5400390625,-0.006946350061031836,17.170000076293945,0.4481868970603395,5695614425.11,6415.54
2025-09-03,6448.259765625,0.0050871123029416765,16.350000381469727,0.5028761035829258,6649068413.7,6448.26
2025-09-04,6502.080078125,0.008311847102874026,15.300000190734863,0.4979496688601461,8736257142.04,6502.08
2025-09-05,6481.5,-0.003170172669936022,15.180000305175781,0.5002497323149075,6657444531.0,6481.5
2025-09-08,6495.14990234375,0.0021037644508883346,15.109999656677246,0.4871428068327681,7112365004.64,6495.15
2025-09-09,6512.60986328125,0.0026845470300731478,15.039999961853027,0.5030411629936398,8014489416.98,6512.61
2025-09-10,6532.0400390625,0.002979028229397329,15.350000381469727,0.4696490047736112,7674128006.46,6532.04
2025-09-11,6587.47021484375,0.008450087623094404,14.710000038146973,0.4777187934855563,9455767066.19,6587.47
2025-09-12,6584.2900390625,-0.0004828778814278678,14.760000228881836,0.5104082447983005,7705699529.11,6584.29
2025-09-15,6615.27978515625,0.004695577726559819,15.6899995803833,0.4769077745344119,8607071955.22,6615.28
2025-09-16,6606.759765625,-0.0012887604333311486,16.360000610351562,0.4539390673198221,8294768650.55,6606.76
2025-09-17,6600.35009765625,-0.000970639078245128,15.720000267028809,0.4557410999343627,8630734127.09,6600.35
2025-09-18,6631.9599609375,0.0047776878367074005,15.699999809265137,0.4879370704115464,9229137608.56,6631.96
2025-09-19,6664.35986328125,0.00487352393748175,15.449999809265137,0.4620207333296275,7221005006.35,6664.36
2025-09-22,6693.75,0.004400350714762524,16.100000381469727,0.4606007566505989,7804100698.22,6693.75
2025-09-23,6656.919921875,-0.005517351828739692,16.639999389648438,0.4513489778399516,6945220590.68,6656.92
2025-09-24,6637.97021484375,-0.002850677165294968,16.18000030517578,0.4386985159041842,6729719258.57,6637.97
2025-09-25,6604.72021484375,-0.005021648742527418,16.739999771118164,0.452690610924957,5745673608.81,6604.72
2025-09-26,6643.7001953125,0.005884489130414394,15.289999961853027,0.4475029319686559,6507002455.37,6643.7
2025-09-29,6661.2099609375,0.0026320772599124354,16.1200008392334,0.4120423596295545,7387805164.56,6661.21
2025-09-30,6688.4599609375,0.004082503613508592,16.280000686645508,0.4057227741336832,7869595104.33,6688.46
2025-10-01,6711.2001953125,0.0033941541712234624,16.290000915527344,0.4325926948960469,8331463843.65,6711.2
2025-10-02,6715.35009765625,0.0006181636213824504,16.6299991607666,0.4533059440730929,8813095584.05,6715.35
2025-10-03,6715.7900390625,6.551065686721813e-05,16.649999618530273,0.4285403022699323,7145644577.07,6715.79
2025-10-06,6740.27978515625,0.003639959282761396,16.3700008392334,0.4234703824116462,8076661222.41,6740.28
2025-10-07,6714.58984375,-0.0038186877068522307,17.239999771118164,0.4233981334278057,7666628328.25,6714.59
2025-10-08,6753.72021484375,0.005810748494187834,16.299999237060547,0.45686911574134,8943683366.5,6753.72
2025-10-09,6735.10986328125,-0.002759373980278923,16.43000030517578,0.4779898205599923,9281334761.45,6735.11
2025-10-10,6552.509765625,-0.027485975439899946,21.65999984741211,0.4669604262057988,4326241481.91,6552.51
2025-10-13,6654.72021484375,0.015478263036934337,19.030000686645508,0.445884630612281,6115597746.47,6654.72
2025-10-14,6644.31005859375,-0.0015655514969434847,20.809999465942383,0.4598371070749149,5901838501.65,6644.31
2025-10-15,6671.06005859375,0.00401791850342903,20.639999389648438,0.4569235538371681,6761378176.96,6671.06
2025-10-16,6629.06982421875,-0.006314280275143247,25.309999465942383,0.4687064641663973,5269523815.32,6629.07
2025-10-17,6664.009765625,0.005256873944526674,20.780000686645508,0.4563747925102731,5484917730.33,6664.01
2025-10-20,6735.1298828125,0.010615724136144422,18.229999542236328,0.4491445732283318,7161909617.93,6735.13
2025-10-21,6735.35009765625,3.269591641696934e-05,17.8700008392334,0.4423772085178547,7520783534.21,6735.35
2025-10-22,6699.39990234375,-0.00535183477474277,18.600000381469727,0.4410232153364585,6293061871.38,6699.4
2025-10-23,6738.43994140625,0.005810479862013551,17.299999237060547,0.4732222880203374,7820295201.83,6738.44
2025-10-24,6791.68994140625,0.007871361975244184,16.3700008392334,0.4585403760746272,7120844043.28,6791.69
2025-10-27,6875.16015625,0.012215141327379442,15.789999961853027,0.4543820631901545,8811406395.69,6875.16
2025-10-28,6890.89013671875,0.0022853305022305648,16.420000076293945,0.4642449617776533,9319787449.32,6890.89
2025-10-29,6890.58984375,-4.357920473374577e-05,16.920000076293945,0.4826595211618743,8576786583.48,6890.59
2025-10-30,6822.33984375,-0.009954191424535352,16.90999984741211,0.435343586848268,6677915847.53,6822.34
2025-10-31,6840.2001953125,0.002614500917884399,17.440000534057617,0.4251789662348758,6624386660.87,6840.2
2025-11-03,6851.97021484375,0.0017192339969174242,17.170000076293945,0.4288247682637994,6781361326.36,6851.97
2025-11-04,6771.5498046875,-0.0118062503923273,19.0,0.4350867477896292,5193682277.35,6771.55
2025-11-05,6796.2900390625,0.0036468976756882654,18.010000228881836,0.4314845934423743,5841663848.71,6796.29
2025-11-06,6720.31982421875,-0.011241134514722972,19.5,0.4445074270242051,3909448954.64,6720.32
2025-11-07,6728.7998046875,0.0012610463474942435,19.079999923706055,0.4157386053994561,5127254402.97,6728.8
2025-11-10,6832.43017578125,0.015283626703501696,17.600000381469727,0.4602017274430328,7393632865.95,6832.43
2025-11-11,6846.60986328125,0.0020731999523917466,17.280000686645508,0.457797430250406,7921433802.95,6846.61
2025-11-12,6850.919921875,0.0006293191259452158,17.510000228881836,0.4412578739145336,8048269704.74,6850.92
2025-11-13,6737.490234375,-0.01669545163092856,20.0,0.4467928320102257,5335870433.45,6737.49
2025-11-14,6734.10986328125,-0.000501851471272019,19.829999923706055,0.4572889529024689,5314866728.69,6734.11
2025-11-17,6672.41015625,-0.009204497894303998,22.3799991607666,0.4418779670466153,4043957779.62,6672.41
2025-11-18,6617.31982421875,-0.008290709844169797,24.690000534057617,0.4057787841257781,3089427720.76,6617.32
2025-11-19,6642.16015625,0.003746807737265101,23.65999984741211,0.4275772517277845,3211649593.55,6642.16
2025-11-20,6538.759765625,-0.015689726116315583,26.420000076293945,0.4616904854973454,1340626611.58,6538.76
2025-11-21,6602.990234375,0.009775103041592459,23.43000030517578,0.4354131355161924,2988036246.6,6602.99
2025-11-24,6705.1201171875,0.015348818899081351,20.520000457763672,0.4625193885191947,4690352253.26,6705.12
2025-11-25,6765.8798828125,0.009020886000833173,18.559999465942383,0.4749065810454575,6492416925.57,6765.88
2025-11-26,6812.60986328125,0.006882969436150077,17.190000534057617,0.4904526631769301,8421491005.95,6812.61
2025-11-28,6849.08984375,0.005340487341136679,16.350000381469727,0.4493395888494485,6938138988.38,6849.09
2025-12-01,6812.6298828125,-0.0053375487460556315,17.239999771118164,0.4908042317598918,6642945076.75,6812.63
2025-12-02,6829.3701171875,0.0024542211959364124,16.59000015258789,0.4867801941739906,7458541203.42,6829.37
2025-12-03,6849.72021484375,0.0029753605210860457,16.079999923706055,0.5020173590876521,7975761652.39,6849.72
2025-12-04,6857.1201171875,0.0010797387119740876,15.779999732971191,0.4480904145339894,8601452063.7,6857.12
2025-12-05,6870.39990234375,0.0019347688846789168,15.40999984741211,0.4572996980446061,7176962361.07,6870.4
2025-12-08,6846.509765625,-0.003483315331648029,16.65999984741211,0.4647743571136219,6813504425.19,6846.51
2025-12-09,6840.509765625,-0.0008767431610134935,16.93000030517578,0.4672530155718718,6762231183.3,6840.51
2025-12-10,6886.68017578125,0.006726880659140733,15.770000457763672,0.4530402256294149,7523159648.74,6886.68
2025-12-11,6901.0,0.0020771919837176966,14.850000381469727,0.4673539374842177,7926128077.16,6901.0
2025-12-12,6827.41015625,-0.01072091345855597,15.739999771118164,0.4666249034778935,6509966677.8,6827.41
2025-12-15,6816.509765625,-0.0015978388918362896,16.5,0.4417498135855839,6170639237.86,6816.51
2025-12-16,6800.259765625,-0.0023867640084400676,16.479999542236328,0.4499767003299719,6494447750.23,6800.26
2025-12-17,6721.43017578125,-0.011659856611370145,17.6200008392334,0.4629170329488922,4502157909.68,6721.43
2025-12-18,6774.759765625,0.007902951520478041,16.8700008392334,0.4490546017721714,6689398265.78,6774.76
2025-12-19,6834.5,0.008779407421830143,14.90999984741211,0.4715840596395724,5875128134.31,6834.5
2025-12-22,6878.490234375,0.006415870575560589,14.079999923706055,0.4434401317293244,7172229064.14,6878.49
2025-12-23,6909.7900390625,0.004540067046789886,14.0,0.4432571468685826,8282330449.17,6909.79
2025-12-24,6932.0498046875,0.00321630434470066,13.470000267028809,0.4555444412433638,9286153262.63,6932.05
2025-12-26,6929.93994140625,-0.0003044098771098902,13.600000381469727,0.467985846756966,6821528138.03,6929.94
2025-12-29,6905.740234375,-0.003498162923936121,14.199999809265137,0.4246376106304307,6182187701.57,6905.74
2025-12-30,6896.240234375,-0.0013766142506543844,14.329999923706055,0.4210884837561359,6330371934.03,6896.24
2025-12-31,6845.5,-0.007384867434248932,14.949999809265137,0.4386556499499279,4532633850.86,6845.5
2026-01-02,6858.47021484375,0.0018929140261167987,14.510000228881836,0.4667575163192126,4747106524.47,6858.47
2026-01-05,6902.0498046875,0.006334024511051695,14.899999618530273,0.4901667247951398,5987819235.59,6902.05
2026-01-06,6944.81982421875,0.006177592003892229,14.75,0.4653835128082585,6534977805.48,6944.82
2026-01-07,6920.93017578125,-0.0034458535710086835,15.380000114440918,0.4797634909462668,6280882837.49,6920.93
2026-01-08,6921.4599609375,7.654532942247272e-05,15.449999809265137,0.4553564327907503,6286915585.12,6921.46
2026-01-09,6966.27978515625,0.006454611138320132,14.489999771118164,0.467450970931873,6562700849.21,6966.28
2026-01-12,6977.27001953125,0.0015763900591814206,15.119999885559082,0.4762137207811034,6743804529.25,6977.27
2026-01-13,6963.740234375,-0.001941005588207645,15.979999542236328,0.459679855556542,6477575094.64,6963.74
2026-01-14,6926.60009765625,-0.005347633584134925,16.75,0.4460530214917583,5217893515.41,6926.6
2026-01-15,6944.47021484375,0.0025766039204437874,15.84000015258789,0.4419078456934662,5850802530.38,6944.47
2026-01-16,6940.009765625,-0.0006425086684505033,15.859999656677246,0.4358132388684452,3831067998.5,6940.01
2026-01-20,6796.85986328125,-0.020842460953261366,20.09000015258789,0.4198377560073585,1814029568.13,6796.86
2026-01-21,6875.6201171875,0.011521117633559896,16.899999618530273,0.4155726170285169,3346888759.56,6875.62
2026-01-22,6913.35009765625,0.005472500707902839,15.640000343322754,0.4533952602386525,5345750999.12,6913.35
2026-01-23,6915.60986328125,0.0003268164274814467,16.09000015258789,0.447230423522225,4448432396.66,6915.61
2026-01-26,6950.22998046875,0.004993594260159995,16.149999618530273,0.4595926621948827,4862830145.12,6950.23
2026-01-27,6978.60009765625,0.004073587840441206,16.350000381469727,0.456669190823758,5238488933.3,6978.6
2026-01-28,6978.02978515625,-8.172639170034302e-05,16.350000381469727,0.4584591332621618,5338842375.21,6978.03
2026-01-29,6969.009765625,-0.0012934674424620596,16.8799991607666,0.434440280923251,5527721732.42,6969.01
2026-01-30,6939.02978515625,-0.004311179414457911,17.440000534057617,0.4510346051438673,4525764597.42,6939.03
2026-02-02,6976.43994140625,0.005376785277363183,16.34000015258789,0.4423988507108459,5069252179.2,6976.44
2026-02-03,6917.81005859375,-0.008439495590662816,18.0,0.4407379785319332,4408072162.65,6917.81
2026-02-04,6882.72021484375,-0.005085300155014849,18.639999389648438,0.4081445293284202,4070213440.42,6882.72
2026-02-05,6798.39990234375,-0.012326677853831569,21.770000457763672,0.40406248966664,3180788269.6,6798.4
2026-02-06,6932.2998046875,0.019504344282200492,20.3700008392334,0.445373884290967,4804932968.16,6932.3
2026-02-09,6964.81982421875,0.004680117860122124,17.360000610351562,0.4580543662192916,5613052438.47,6964.82
2026-02-10,6941.81005859375,-0.003309182284509049,17.790000915527344,0.4589289225974104,5321465363.52,6941.81
2026-02-11,6941.47021484375,-4.895726995002292e-05,17.649999618530273,0.4470536786884437,5002389285.85,6941.47
2026-02-12,6832.759765625,-0.015784941386117524,20.81999969482422,0.4474743800337078,3055298147.07,6832.76
2026-02-13,6836.169921875,0.0004989646444464313,20.600000381469727,0.4414548923952034,2915535519.25,6836.17
2026-02-17,6843.22021484375,0.001030790630656142,20.290000915527344,0.4424007650378042,3582901176.04,6843.22
2026-02-18,6881.31005859375,0.005550636821135768,19.6200008392334,0.4668055046153697,2903005383.22,6881.31
2026-02-19,6861.89013671875,-0.002826115391535211,20.229999542236328,0.4773222261247201,200115326.33,6861.89
2026-02-20,6909.509765625,0.0069157557021739535,19.09000015258789,0.4726034082755785,5449390896.36,6909.51
2026-02-23,6837.75,-0.01043995947145504,21.010000228881836,0.4514775923431176,1150290354.56,6837.75
2026-02-24,6890.06982421875,0.007622488962383045,19.549999237060547,0.4429346432328954,3098836082.14,6890.07
2026-02-25,6946.1298828125,0.008103433970129359,17.93000030517578,0.4545325692991614,4456157595.71,6946.13
2026-02-26,6908.85986328125,-0.0053800269955672775,18.6299991607666,0.4495985635326274,1826571927.73,6908.86
2026-02-27,6878.8798828125,-0.004348795128036542,19.860000610351562,0.4373866878821676,4856132673.37,6878.88
2026-03-02,6881.6201171875,0.0003982754131346411,21.440000534057617,0.4689489996291328,2616728166.54,6881.62
2026-03-03,6816.6298828125,-0.009488908731311696,23.56999969482422,0.4422467594893358,2721525872.19,6816.63
2026-03-04,6869.5,0.007726125740148859,21.149999618530273,0.4558999093145457,6917491809.23,6869.5
2026-03-05,6830.7099609375,-0.005662707772703612,23.75,0.4674757442661732,2935529684.63,6830.71
2026-03-06,6740.02001953125,-0.013365720432496175,29.489999771118164,0.4699144990638909,-255824365.19,6740.02
2026-03-09,6795.990234375,0.008269871665389061,25.5,0.4473437004675842,2647946753.99,6795.99
2026-03-10,6781.47998046875,-0.0021374025058875645,24.93000030517578,0.479149873493909,2833611024.71,6781.48
2026-03-11,6775.7998046875,-0.0008379521856358707,24.229999542236328,0.4517660593251669,1772177538.97,6775.8
2026-03-12,6672.6201171875,-0.015344808189492909,27.290000915527344,0.4740241202673953,-341342620.5799998,6672.62
2026-03-13,6632.18994140625,-0.0060775463985027756,27.190000534057617,0.4422691793544434,100977975.2800002,6632.19
2026-03-16,6699.3798828125,0.010079909746819382,23.510000228881836,0.4349127113238323,1750363701.4099991,6699.38
2026-03-17,6716.08984375,0.0024911493849533173,22.3700008392334,0.4533155517590173,2106344535.5500016,6716.09
2026-03-18,6624.7001953125,-0.013700999383731371,25.09000015258789,0.4526863096055648,-140231247.46000004,6624.7
2026-03-19,6606.490234375,-0.0027525826238985474,24.059999465942383,0.4479524133045914,-321849345.7400001,6606.49
2026-03-20,6506.47998046875,-0.015253934307770223,26.780000686645508,0.4592937103426273,-1096289832.7600005,6506.48
2026-03-23,6581.0,0.011388109095072707,26.149999618530273,0.425720764875833,672894694.540001,6581.0
2026-03-24,6556.3701171875,-0.0037495954593200764,26.950000762939453,0.4394308971253725,132400727.9900002,6556.37
2026-03-25,6591.89990234375,0.005404493759948892,25.329999923706055,0.4462804211545297,1201182250.100001,6591.9
2026-03-26,6477.16015625,-0.017559440961209205,27.440000534057617,0.4286655911145995,-313179686.9200002,6477.16
2026-03-27,6368.85009765625,-0.01686323194605066,31.049999237060547,0.4146203144550502,-7241893459.340001,6368.85
2026-03-30,6343.72021484375,-0.003953553833357049,30.610000610351562,0.3929775152865248,-1077105660.4,6343.72
2026-03-31,6528.52001953125,0.02871489330980026,25.25,0.4455336668721925,2329652811.6200023,6528.52
2026-04-01,6575.31982421875,0.007142945003758783,24.540000915527344,0.4873863957740775,2657525888.350002,6575.32
2026-04-02,6582.68994140625,0.001120248136237123,23.8700008392334,0.5026903210303237,2745627207.1699977,6582.69
2026-04-06,6611.830078125,0.004417013131604364,24.170000076293945,0.4535916573323762,2907439796.07,6611.83
2026-04-07,6616.85009765625,0.00075896003312792,25.780000686645508,0.4687452319414843,2706029192.4900007,6616.85
2026-04-08,6782.81005859375,0.024772038357184556,21.040000915527344,0.4549138884057118,5350519304.339996,6782.81
2026-04-09,6824.66015625,0.0061510668695135,19.489999771118164,0.4843504483938458,5641402275.270006,6824.66
2026-04-10,6816.89013671875,-0.0011391696991402966,19.229999542236328,0.4759718009237338,5108014699.940001,6816.89
2026-04-13,6886.240234375,0.010121875493741328,19.1200008392334,0.4584326988965629,5665588771.520002,6886.24
2026-04-14,6967.3798828125,0.011713988916143947,18.360000610351562,0.4899623983050458,7404904814.709997,6967.38
2026-04-15,7022.9501953125,0.007944144911565587,18.170000076293945,0.5092928207960492,8885947956.449993,7022.95
2026-04-16,7041.27978515625,0.0026065558152854607,17.940000534057617,0.4975064998716014,9546876389.540005,7041.28
2026-04-17,7126.06005859375,0.01196855392873708,17.479999542236328,0.5087107326916703,9780203902.370005,7126.06
2026-04-20,7109.14013671875,-0.0023771959102507623,18.8700008392334,0.4735528613834722,7185735880.470004,7109.14
2026-04-21,7064.009765625,-0.0063684535808530285,19.5,0.4752254808784145,6359145548.17999,7064.01
2026-04-22,7137.89990234375,0.010405756011536482,18.920000076293945,0.4836678367242191,9888930994.329994,7137.9
2026-04-23,7108.39990234375,-0.004141432170939652,19.309999465942383,0.500839584947403,6199237820.500002,7108.4
2026-04-24,7165.080078125,0.0079420679176323,18.709999084472656,0.4833588923978335,6672055294.960004,7165.08
2026-04-27,7173.91015625,0.001231618000550938,18.020000457763672,0.4693799810171222,6375296101.809994,7173.91
2026-04-28,7138.7998046875,-0.004906187868796152,17.829999923706055,0.4474305236771733,6253277687.449994,7138.8
2026-04-29,7135.9501953125,-0.0003992517435129628,18.809999465942383,0.4565729912992703,6095989872.319997,7135.95
2026-04-30,7209.009765625,0.010186184168105683,16.889999389648438,0.4460611240650714,6946361649.689999,7209.01
2026-05-01,7230.1201171875,0.0029240496865217125,16.989999771118164,0.4578831560205426,8425788598.119994,7230.12
2026-05-04,7200.75,-0.0040704624878422635,18.290000915527344,0.4470357355384104,5927444691.909999,7200.75
2026-05-05,7259.22021484375,0.008087227380576323,17.3799991607666,0.4367253102343347,6707898191.189997,7259.22
2026-05-06,7365.1201171875,0.014482944327745884,17.389999389648438,0.4511810054120742,8492997873.139992,7365.12
2026-05-07,7337.10986328125,-0.0038103454826785566,17.079999923706055,0.4663110207687232,8472046156.229991,7337.11
2026-05-08,7398.93017578125,0.00839040542903291,17.190000534057617,0.4296161123681806,21320969400.29001,7398.93
2026-05-11,7412.83984375,0.0018781917406744952,18.3799991607666,0.4558958919462222,7829916426.260001,7412.84
2026-05-12,7400.9599609375,-0.001603894411408291,17.989999771118164,0.4402876479584301,7542266245.039989,7400.96
2026-05-13,7444.25,0.005832206062995837,17.8700008392334,0.4540866374304625,8599272149.920002,7444.25
2026-05-14,7501.240234375,0.007626449143739222,17.260000228881836,0.4564458239971536,9067645347.11,7501.24
2026-05-15,7408.5,-0.012440381787730104,18.43000030517578,0.4586056288898683,18158401316.429977,7408.5
2026-05-18,7403.0498046875,-0.0007359385925660433,17.81999969482422,0.406804796618155,5732999302.109999,7403.05
2026-05-19,7353.60986328125,-0.006700720556670703,18.059999465942383,0.4233686847617977,5071324836.050002,7353.61
2026-05-20,7432.97021484375,0.01073420806632619,17.440000534057617,0.4342620868408589,6379637570.380002,7432.97
2026-05-21,7445.72021484375,0.0017138609316660336,16.760000228881836,0.4546384297820917,7296277520.409994,7445.72
2026-05-22,7473.47021484375,0.0037200452843411114,16.700000762939453,0.4464729955360107,9134498537.969994,7473.47
2026-05-26,7519.1201171875,0.006089680623146521,17.010000228881836,0.4061861570724671,7103457636.9800005,7519.12
2026-05-27,7520.35986328125,0.00016486555361971966,16.290000915527344,0.4240568312036319,8171889036.700002,7520.36
2026-05-28,7563.6298828125,0.005737227212216922,15.739999771118164,0.4250576927113554,9134728289.779997,7563.63
2026-05-29,7580.06005859375,0.0021699047314864828,15.319999694824219,0.449982731682619,7366590365.690004,7580.06
2026-06-01,7599.9599609375,0.0026218560604913677,16.049999237060547,0.4166602969946495,7239240262.650002,7599.96
2026-06-02,7609.77978515625,0.0012912549125889683,15.770000457763672,0.4446884547284291,7033977418.819994,7609.78
2026-06-03,7553.68017578125,-0.0073993488920685024,16.059999465942383,0.4400888581255191,6111053584.429998,7553.68
2026-06-04,7584.31005859375,0.004046762369187107,15.399999618530273,0.4370930990078814,7716824237.309999,7584.31
2026-06-05,7383.740234375,-0.026801330315359806,21.510000228881836,0.4322927686180423,3784922726.600004,7383.74
2026-06-08,7405.72998046875,0.00297370520766016,18.920000076293945,0.4267624311852229,4122450210.95,7405.73
2026-06-09,7386.64990234375,-0.00257971859262085,19.8700008392334,0.438657038792334,3131028235.509996,7386.65
2026-06-10,7266.990234375,-0.016332095868206054,22.219999313354492,0.4671909882961861,2484373556.909997,7266.99
2026-06-11,7394.2998046875,0.01736719891346361,19.440000534057617,0.4316777776502114,4470087719.119997,7394.3
2026-06-12,7431.4599609375,0.005012928127161587,17.68000030517578,0.4638606558086038,3327313572.8200026,7431.46
2026-06-15,7554.2900390625,0.016393284138581876,16.200000762939453,0.4510916409518232,6798412328.420003,7554.29
2026-06-16,7511.35009765625,-0.005700396039273414,16.40999984741211,0.4542767670067351,6355900514.990005,7511.35
2026-06-17,7420.10009765625,-0.012222675603359434,18.440000534057617,0.4508729207099307,4431738249.989998,7420.1
2026-06-18,7500.580078125,0.010787813962926052,16.399999618530273,0.4487694761282678,7293281018.489995,7500.58
2026-06-22,7472.7900390625,-0.0037119326849772705,17.280000686645508,0.4296248384779484,3154507071.209996,7472.79
2026-06-23,7365.4599609375,-0.014466928386097422,19.489999771118164,0.4110718757946343,2503765194.0000014,7365.46
2026-06-24,7358.22021484375,-0.0009834153677328317,18.6299991607666,0.4078460340169213,470387847.8899992,7358.22
2026-06-25,7357.490234375,-9.921104004639858e-05,18.889999389648438,0.4117347585857735,1999601545.65,7357.49
2026-06-26,7354.02001953125,-0.0004717686829192047,18.40999984741211,0.4379261865667433,-4684580683.590003,7354.02
2026-06-29,7440.43017578125,0.011681561359345949,17.649999618530273,0.4367006319129934,4416738657.590001,7440.43
2026-06-30,7499.35986328125,0.007888998838147643,16.450000762939453,0.4641172720511479,5033569396.449999,7499.36
2026-07-01,7483.22998046875,-0.0021531509855510222,16.59000015258789,0.4450297992196889,5969398052.919995,7483.23
2026-07-02,7483.240234375,1.3702504482182576e-06,16.149999618530273,0.4087285125568812,6862495709.000004,7483.24
2026-07-06,7537.43017578125,0.007215413830444106,15.569999694824219,0.4313542356669204,7022852982.470004,7537.43
2026-07-07,7503.85009765625,-0.0044650632531855194,16.1299991607666,0.4248471823445452,5515537288.550003,7503.85
2026-07-08,7482.7099609375,-0.0028212145626138607,16.899999618530273,0.4421194346342096,4734780042.660004,7482.71
2026-07-09,7543.64013671875,0.008109821657157568,15.84000015258789,0.4458700210094029,6805710227.01,7543.64
2026-07-10,7575.39013671875,0.004200010992571279,15.029999732971191,0.4530286084487404,8991094532.680002,7575.39
2026-07-13,7515.33984375,-0.007958609028042574,17.15999984741211,0.4376153626122268,5589200020.789998,7515.34
2026-07-14,7543.58984375,0.003751931076882542,16.5,0.4329369806965504,6361761193.890008,7543.59
2026-07-15,7572.39990234375,0.0038118699420550683,15.670000076293945,0.4272340010764571,7583830338.86,7572.4
2026-07-16,7533.77001953125,-0.005114462132766562,16.729999542236328,0.4247869592578168,5472705749.540002,7533.77
2026-07-17,7457.68994140625,-0.010149876192112828,18.770000457763672,0.4530330791185663,5154758320.860001,7457.69
2026-07-20,7443.27978515625,-0.0019341238867802701,18.649999618530273,0.4365478789744658,3710697470.239997,7443.28
2026-07-21,7509.2001953125,0.008817378432212308,17.049999237060547,0.4515198425825282,4771688928.19,7509.2
2026-07-22,7498.9599609375,-0.0013646224263990092,16.639999389648438,0.4901147308212822,8996511499.789999,7498.96
2026-07-23,7408.2998046875,-0.012163372131276162,18.700000762939453,0.4701450324117148,2655187855.6200013,7408.3
2026-07-24,7411.97998046875,0.0004966405371877869,18.579999923706055,0.4329154419332347,2346701895.94,7411.98
2026-07-27,7413.18017578125,0.00016191330177584007,18.670000076293945,0.4024641547941154,3489326799.419997,7413.18
2026-07-28,7428.77978515625,0.002102096375459439,18.209999084472656,0.3970051261221774,3991429784.2600026,7428.78
2026-07-29,7316.14990234375,-0.01527739715707277,20.65999984741211,0.4252898546750935,6180965808.659988,7316.15
2026-07-30,7437.6298828125,0.016468013977055662,17.09000015258789,0.4528130506820768,4400346926.759996,7437.63
2026-07-31,7489.72021484375,0.006979208383379287,15.989999771118164,0.4563733466718037,5735994676.9000025,7489.72
2026-08-03,7600.5,0.014682592263996597,15.859999656677246,0.4684046983313216,6674260619.770003,7600.5
2026-08-04,7736.52001953125,0.017737942015186192,16.5,0.451775566245597,8531816420.640002,7736.52
2026-08-05,7723.5498046875,-0.0016778990048802456,15.8100004196167,0.4641149032109337,10305663538.57001,7723.55
2026-08-06,7709.9599609375,-0.0017610831844070418,15.149999618530273,0.454612869627269,7879621776.859999,7709.96
2026-08-07,7757.64013671875,0.006165187424711505,14.899999618530273,0.4553315957553551,9051568501.380009,7757.64
2026-08-10,7753.10986328125,-0.0005841462941909015,15.460000038146973,0.4869232457288892,8301573853.249998,7753.11
2026-08-11,7728.2001953125,-0.0032180337931322356,15.279999732971191,0.434864642668353,6936569374.639993,7728.2
2026-08-12,7748.5,0.0026232744800278596,14.550000190734863,0.4438835769269218,10631444986.600008,7748.5
2026-08-13,7798.990234375,0.006494991938586381,14.630000114440918,0.4708154655625065,9180506464.639996,7798.99
2026-08-14,7785.759765625,-0.0016978741305937461,14.25,0.4687039485423613,15192866703.359991,7785.76
2026-08-17,7745.06005859375,-0.005241165715608176,15.1899995803833,0.4749449517559393,6802210686.069997,7745.06
2026-08-18,7691.759765625,-0.0069056328168422,15.84000015258789,0.4415730354962551,5772038698.800004,7691.76
2026-08-19,7707.97998046875,0.0021065577872612096,14.890000343322754,0.4410600182245588,6689220907.309998,7707.98
2026-08-20,7641.16015625,-0.008706708745808811,16.010000228881836,0.4622306904765073,4907952290.049998,7641.16
2026-08-21,7674.3701171875,0.004336776121309782,15.130000114440918,0.4630596870824577,4094243670.560003,7674.37
2026-08-24,7652.85986328125,-0.0028068043678342036,15.850000381469727,0.445732259963148,5473398447.95,7652.86
