date,position,turnover,turnover_cost,financing_cost,gross_ret,net_ret
2011-05-02,0.0,0.0,0.0,0.0,-0.0,-0.0
2011-05-03,0.0,0.0,0.0,0.0,-0.0,-0.0
2011-05-04,0.0,0.0,0.0,0.0,-0.0,-0.0
2011-05-05,0.0,0.0,0.0,0.0,-0.0,-0.0
2011-05-06,0.0,0.0,0.0,0.0,0.0,0.0
2011-05-09,0.0,0.0,0.0,0.0,0.0,0.0
2011-05-10,0.0,0.0,0.0,0.0,0.0,0.0
2011-05-11,0.0,0.0,0.0,0.0,-0.0,-0.0
2011-05-12,0.0,0.0,0.0,0.0,0.0,0.0
2011-05-13,0.0,0.0,0.0,0.0,-0.0,-0.0
2011-05-16,0.0,0.0,0.0,0.0,-0.0,-0.0
2011-05-17,0.0,0.0,0.0,0.0,-0.0,-0.0
2011-05-18,0.0,0.0,0.0,0.0,0.0,0.0
2011-05-19,0.0,0.0,0.0,0.0,0.0,0.0
2011-05-20,0.0,0.0,0.0,0.0,-0.0,-0.0
2011-05-23,0.0,0.0,0.0,0.0,-0.0,-0.0
2011-05-24,0.0,0.0,0.0,0.0,-0.0,-0.0
2011-05-25,0.0,0.0,0.0,0.0,0.0,0.0
2011-05-26,0.0,0.0,0.0,0.0,0.0,0.0
2011-05-27,0.0,0.0,0.0,0.0,0.0,0.0
2011-05-31,0.0,0.0,0.0,0.0,0.0,0.0
2011-06-01,0.0,0.0,0.0,0.0,-0.0,-0.0
2011-06-02,0.0,0.0,0.0,0.0,-0.0,-0.0
2011-06-03,0.0,0.0,0.0,0.0,-0.0,-0.0
2011-06-06,0.0,0.0,0.0,0.0,-0.0,-0.0
2011-06-07,0.0,0.0,0.0,0.0,-0.0,-0.0
2011-06-08,0.0,0.0,0.0,0.0,-0.0,-0.0
2011-06-09,0.0,0.0,0.0,0.0,0.0,0.0
2011-06-10,0.0,0.0,0.0,0.0,-0.0,-0.0
2011-06-13,-0.8130605828946225,0.8130605828946225,0.00016261211657892451,0.0,-0.0005435574725123235,-0.000706169589091248
2011-06-14,-0.8529153000421197,0.03985471714749722,7.970943429499445e-06,0.0,-0.01068951366555222,-0.01069748460898172
2011-06-15,0.0,0.8529153000421197,0.00017058306000842393,0.0,-0.0,-0.00017058306000842393
2011-06-16,-0.7732375524077594,0.7732375524077594,0.00015464751048155188,0.0,-0.001355329216582089,-0.001509976727063641
2011-06-17,-0.811055201467118,0.03781764905935858,7.563529811871717e-06,0.0,-0.0024659243606538696,-0.0024734878904657414
2011-06-20,-0.8491663685714116,0.03811116710429363,7.622233420858726e-06,0.0,-0.004569100215101961,-0.00457672244852282
2011-06-21,0.0,0.8491663685714116,0.00016983327371428232,0.0,0.0,-0.00016983327371428232
2011-06-22,0.0,0.0,0.0,0.0,-0.0,-0.0
2011-06-23,0.0,0.0,0.0,0.0,-0.0,-0.0
2011-06-24,0.0,0.0,0.0,0.0,-0.0,-0.0
2011-06-27,0.0,0.0,0.0,0.0,0.0,0.0
2011-06-28,0.0,0.0,0.0,0.0,0.0,0.0
2011-06-29,0.0,0.0,0.0,0.0,0.0,0.0
2011-06-30,0.0,0.0,0.0,0.0,0.0,0.0
2011-07-01,0.0,0.0,0.0,0.0,0.0,0.0
2011-07-05,-1.0116002207673291,1.0116002207673291,0.00020232004415346585,1.3809786627772785e-07,0.0013525828817835476,0.001150124739763804
2011-07-06,-1.0388364385724271,0.027236217805097995,5.4472435610195996e-06,4.6233855443365635e-07,-0.001039935340124057,-0.0010458449222395104
2011-07-07,-1.0854100768897326,0.04657363831730543,9.314727663461087e-06,1.0167866296396734e-06,-0.011287812066527158,-0.011298143580820258
2011-07-08,-1.122459779890039,0.03704970300030652,7.409940600061305e-06,1.4578545225004654e-06,0.007840895769142134,0.007832027974019572
2011-07-11,-1.0681486602956334,0.05431111959440571,1.0862223918881142e-05,8.112935749480165e-07,0.01950030025543485,0.01948862673794102
2011-07-12,-0.889845161523929,0.17830349877170437,3.566069975434088e-05,0.0,0.003953911143941947,0.003918250444187606
2011-07-13,-0.8887579835650276,0.001087177958901453,2.174355917802906e-07,0.0,-0.0027560626004837557,-0.002756280036075536
2011-07-14,-0.9288631203708522,0.040105136805824615,8.021027361164924e-06,0.0,0.006259406419080592,0.006251385391719427
2011-07-15,-0.902927515581582,0.02593560478927015,5.187120957854031e-06,0.0,-0.005001365657656308,-0.005006552778614162
2011-07-18,-0.9414563054577125,0.03852878987613051,7.705757975226102e-06,0.0,0.007685218479630544,0.007677512721655318
2011-07-19,0.0,0.9414563054577125,0.00018829126109154253,0.0,0.0,-0.00018829126109154253
2011-07-20,0.0,0.0,0.0,0.0,-0.0,-0.0
2011-07-21,0.0,0.0,0.0,0.0,0.0,0.0
2011-07-22,0.0,0.0,0.0,0.0,0.0,0.0
2011-07-25,0.0,0.0,0.0,0.0,-0.0,-0.0
2011-07-26,0.0,0.0,0.0,0.0,-0.0,-0.0
2011-07-27,0.0,0.0,0.0,0.0,-0.0,-0.0
2011-07-28,0.0,0.0,0.0,0.0,-0.0,-0.0
2011-07-29,0.0,0.0,0.0,0.0,-0.0,-0.0
2011-08-01,0.8278235668628512,0.8278235668628512,0.00016556471337257023,0.0,-0.003427902212166308,-0.003593466925538878
2011-08-02,0.8327611043067009,0.004937537443849727,9.875074887699455e-07,0.0,-0.021559276606880107,-0.021560264114368878
2011-08-03,0.6801350854320856,0.15262601887461535,3.052520377492307e-05,0.0,0.003402815099980846,0.003372289896205923
2011-08-04,0.7130909042972396,0.032955818865154085,6.591163773030817e-06,0.0,-0.03494263450720302,-0.03494922567097605
2011-08-05,-0.4990213434363982,1.212112247733638,0.0002424224495467276,0.0,0.0002869786858942825,4.455623634755493e-05
2011-08-08,-0.5249855970813385,0.025964253644940316,5.192850728988064e-06,0.0,0.03620215072934237,0.03619695787861338
2011-08-09,-0.3615571471733878,0.1634284499079507,3.268568998159014e-05,0.0,-0.016746401855249983,-0.016779087545231573
2011-08-10,0.3761535575032054,0.7377107046765932,0.00014754214093531864,0.0,-0.01698588984733474,-0.01713343198827006
2011-08-11,-0.32535295741490117,0.7015065149181066,0.00014030130298362133,0.0,-0.014722414701035181,-0.014862716004018802
2011-08-12,0.34031028673520436,0.6656632441501056,0.00013313264883002112,0.0,0.0017859058688952595,0.0016527732200652383
2011-08-15,0.3615851276125105,0.021274840877306134,4.254968175461227e-06,0.0,0.007792422725356609,0.007788167757181148
2011-08-16,0.38126547995058657,0.01968035233807608,3.936070467615216e-06,0.0,-0.0037311689025239154,-0.0037351049729915306
2011-08-17,0.3868744711509186,0.005608991200332036,1.1217982400664074e-06,0.0,0.00036634619205271166,0.00036522439381264524
2011-08-18,0.4105025886531758,0.023628117502257184,4.7256235004514375e-06,0.0,-0.018726552952466176,-0.018731278575966626
2011-08-19,-0.34773878922474705,0.7582413778779229,0.0001516482755755846,0.0,0.005258768905764139,0.005107120630188554
2011-08-22,-0.34691180980587855,0.0008269794188685009,1.6539588377370018e-07,0.0,-8.950597824440758e-05,-8.967137412818128e-05
2011-08-23,-0.36873269294733196,0.021820883141453418,4.364176628290684e-06,0.0,-0.012430070667468048,-0.012434434844096337
2011-08-24,0.0,0.36873269294733196,7.37465385894664e-05,0.0,0.0,-7.37465385894664e-05
2011-08-25,0.0,0.0,0.0,0.0,-0.0,-0.0
2011-08-26,0.0,0.0,0.0,0.0,0.0,0.0
2011-08-29,0.0,0.0,0.0,0.0,0.0,0.0
2011-08-30,0.0,0.0,0.0,0.0,0.0,0.0
2011-08-31,0.0,0.0,0.0,0.0,0.0,0.0
2011-09-01,0.0,0.0,0.0,0.0,-0.0,-0.0
2011-09-02,0.0,0.0,0.0,0.0,-0.0,-0.0
2011-09-06,-0.444159434897659,0.444159434897659,8.88318869795318e-05,0.0,0.003315239981444845,0.0032264080944653132
2011-09-07,-0.45172719940408124,0.007567764506422214,1.513552901284443e-06,0.0,-0.012758503949254563,-0.012760017502155847
2011-09-08,0.0,0.45172719940408124,9.034543988081625e-05,0.0,-0.0,-9.034543988081625e-05
2011-09-09,0.0,0.0,0.0,0.0,-0.0,-0.0
2011-09-12,-0.42738322274833745,0.42738322274833745,8.54766445496675e-05,0.0,-0.0029667097805605213,-0.003052186425110189
2011-09-13,-0.4516525736860074,0.024269350937669965,4.853870187533993e-06,0.0,-0.004100430045147284,-0.004105283915334818
2011-09-14,0.0,0.4516525736860074,9.033051473720148e-05,0.0,0.0,-9.033051473720148e-05
2011-09-15,0.0,0.0,0.0,0.0,0.0,0.0
2011-09-16,0.0,0.0,0.0,0.0,0.0,0.0
2011-09-19,0.0,0.0,0.0,0.0,-0.0,-0.0
2011-09-20,0.0,0.0,0.0,0.0,-0.0,-0.0
2011-09-21,0.0,0.0,0.0,0.0,-0.0,-0.0
2011-09-22,0.0,0.0,0.0,0.0,-0.0,-0.0
2011-09-23,0.4298530219392958,0.4298530219392958,8.597060438785917e-05,0.0,0.002606451982144908,0.002520481377757049
2011-09-26,0.4543570833817569,0.02450406144246109,4.900812288492218e-06,0.0,0.010481118875879042,0.01047621806359055
2011-09-27,0.4763462703995358,0.02198918701777891,4.397837403555782e-06,0.0,0.005064354141083231,0.005059956303679675
2011-09-28,0.5016823578143268,0.025336087414790986,5.067217482958198e-06,0.0,-0.010489272993023907,-0.010494340210506865
2011-09-29,0.4677434147040602,0.03393894311026657,6.787788622053315e-06,0.0,0.003780062061159502,0.003773274272537449
2011-09-30,0.49331970319707014,0.025576288493009913,5.1152576986019825e-06,0.0,-0.012476684019390007,-0.012481799277088609
2011-10-03,0.0,0.49331970319707014,9.866394063941403e-05,0.0,-0.0,-9.866394063941403e-05
2011-10-04,-0.40747017141114866,0.40747017141114866,8.149403428222974e-05,0.0,-0.00906185388132637,-0.009143347915608599
2011-10-05,-0.42840623993239446,0.0209360685212458,4.18721370424916e-06,0.0,-0.007586182972474108,-0.0075903701861783565
2011-10-06,0.0,0.42840623993239446,8.56812479864789e-05,0.0,0.0,-8.56812479864789e-05
2011-10-07,0.0,0.0,0.0,0.0,-0.0,-0.0
2011-10-10,0.0,0.0,0.0,0.0,0.0,0.0
2011-10-11,-0.49795297213800654,0.49795297213800654,9.959059442760131e-05,0.0,-0.0002708145309841409,-0.0003704051254117422
2011-10-12,-0.526473683448393,0.028520711310386415,5.704142262077284e-06,0.0,-0.005131563704002499,-0.005137267846264577
2011-10-13,-0.5537950450000186,0.027321361551625678,5.464272310325136e-06,0.0,0.0016492583499292813,0.0016437940776189563
2011-10-14,-0.5727211835729307,0.018926138572912032,3.7852277145824064e-06,0.0,-0.009868529392239716,-0.009872314619954298
2011-10-17,-0.5988626632992778,0.026141479726347172,5.228295945269435e-06,0.0,0.01171371632477359,0.011708488028828321
2011-10-18,0.0,0.5988626632992778,0.00011977253265985557,0.0,0.0,-0.00011977253265985557
2011-10-19,0.0,0.0,0.0,0.0,-0.0,-0.0
2011-10-20,0.0,0.0,0.0,0.0,0.0,0.0
2011-10-21,0.0,0.0,0.0,0.0,0.0,0.0
2011-10-24,0.0,0.0,0.0,0.0,0.0,0.0
2011-10-25,0.0,0.0,0.0,0.0,-0.0,-0.0
2011-10-26,0.0,0.0,0.0,0.0,0.0,0.0
2011-10-27,0.0,0.0,0.0,0.0,0.0,0.0
2011-10-28,-0.6237560554539007,0.6237560554539007,0.00012475121109078015,0.0,-0.00024273686992932485,-0.00036748808102010503
2011-10-31,-0.6576692730216316,0.03391321756773091,6.782643513546183e-06,0.0,0.01647370547805507,0.016466922834541525
2011-11-01,0.0,0.6576692730216316,0.00013153385460432633,0.0,-0.0,-0.00013153385460432633
2011-11-02,0.0,0.0,0.0,0.0,0.0,0.0
2011-11-03,0.0,0.0,0.0,0.0,0.0,0.0
2011-11-04,0.0,0.0,0.0,0.0,-0.0,-0.0
2011-11-07,0.0,0.0,0.0,0.0,0.0,0.0
2011-11-08,0.0,0.0,0.0,0.0,0.0,0.0
2011-11-09,0.0,0.0,0.0,0.0,-0.0,-0.0
2011-11-10,0.0,0.0,0.0,0.0,0.0,0.0
2011-11-11,0.0,0.0,0.0,0.0,0.0,0.0
2011-11-14,0.0,0.0,0.0,0.0,-0.0,-0.0
2011-11-15,0.0,0.0,0.0,0.0,0.0,0.0
2011-11-16,0.0,0.0,0.0,0.0,-0.0,-0.0
2011-11-17,0.0,0.0,0.0,0.0,-0.0,-0.0
2011-11-18,0.0,0.0,0.0,0.0,-0.0,-0.0
2011-11-21,0.0,0.0,0.0,0.0,-0.0,-0.0
2011-11-22,0.0,0.0,0.0,0.0,-0.0,-0.0
2011-11-23,0.0,0.0,0.0,0.0,-0.0,-0.0
2011-11-25,-0.4720000059452489,0.4720000059452489,9.440000118904979e-05,0.0,0.0012692643257058139,0.001174864324516764
2011-11-28,-0.49110890007012953,0.01910889412488065,3.82177882497613e-06,0.0,-0.014154288425486024,-0.014158110204311
2011-11-29,0.0,0.49110890007012953,9.822178001402591e-05,0.0,0.0,-9.822178001402591e-05
2011-11-30,0.0,0.0,0.0,0.0,0.0,0.0
2011-12-01,0.0,0.0,0.0,0.0,-0.0,-0.0
2011-12-02,-0.5799622234956823,0.5799622234956823,0.00011599244469913647,0.0,0.00013977981181160086,2.378736711246439e-05
2011-12-05,-0.6096437903760242,0.02968156688034196,5.936313376068392e-06,0.0,-0.006239376998228896,-0.006245313311604965
2011-12-06,-0.6388565601537636,0.029212769777739345,5.842553955547869e-06,0.0,-0.0007060246014587957,-0.0007118671554143435
2011-12-07,-0.672680611653045,0.03382405149928147,6.764810299856295e-06,0.0,-0.0013563398973667935,-0.0013631047076666499
2011-12-08,-0.7075388010096755,0.03485818935663043,6.971637871326087e-06,0.0,0.015119042127116953,0.015112070489245627
2011-12-09,-0.621296579977843,0.08624222103183243,1.724844420636649e-05,0.0,-0.010402003879748932,-0.010419252323955299
2011-12-12,-0.6482107944959434,0.026914214518100388,5.382842903620078e-06,0.0,0.009740266193950235,0.009734883351046615
2011-12-13,-0.6076443465598874,0.040566447936056016,8.113289587211204e-06,0.0,0.0053010607324424485,0.005292947442855237
2011-12-14,-0.6007248781006954,0.006919468459192002,1.3838936918384005e-06,0.0,0.006856224114350744,0.006854840220658906
2011-12-15,-0.5832386871772508,0.01748619092344461,3.4972381846889226e-06,0.0,-0.00188844105022103,-0.001891938288405719
2011-12-16,0.0,0.5832386871772508,0.00011664773743545017,0.0,0.0,-0.00011664773743545017
2011-12-19,0.0,0.0,0.0,0.0,-0.0,-0.0
2011-12-20,0.0,0.0,0.0,0.0,0.0,0.0
2011-12-21,0.0,0.0,0.0,0.0,0.0,0.0
2011-12-22,0.0,0.0,0.0,0.0,0.0,0.0
2011-12-23,0.0,0.0,0.0,0.0,0.0,0.0
2011-12-27,0.0,0.0,0.0,0.0,0.0,0.0
2011-12-28,-0.777389295064137,0.777389295064137,0.0001554778590128274,0.0,0.009761293547210904,0.009605815688198077
2011-12-29,0.0,0.777389295064137,0.0001554778590128274,0.0,0.0,-0.0001554778590128274
2011-12-30,0.0,0.0,0.0,0.0,-0.0,-0.0
2012-01-03,0.0,0.0,0.0,0.0,0.0,0.0
2012-01-04,0.0,0.0,0.0,0.0,0.0,0.0
2012-01-05,0.0,0.0,0.0,0.0,0.0,0.0
2012-01-06,0.0,0.0,0.0,0.0,-0.0,-0.0
2012-01-09,0.0,0.0,0.0,0.0,0.0,0.0
2012-01-10,0.0,0.0,0.0,0.0,0.0,0.0
2012-01-11,0.0,0.0,0.0,0.0,0.0,0.0
2012-01-12,0.0,0.0,0.0,0.0,0.0,0.0
2012-01-13,0.0,0.0,0.0,0.0,-0.0,-0.0
2012-01-17,0.0,0.0,0.0,0.0,0.0,0.0
2012-01-18,0.0,0.0,0.0,0.0,0.0,0.0
2012-01-19,0.0,0.0,0.0,0.0,0.0,0.0
2012-01-20,0.0,0.0,0.0,0.0,0.0,0.0
2012-01-23,0.0,0.0,0.0,0.0,0.0,0.0
2012-01-24,0.0,0.0,0.0,0.0,-0.0,-0.0
2012-01-25,0.0,0.0,0.0,0.0,0.0,0.0
2012-01-26,0.0,0.0,0.0,0.0,-0.0,-0.0
2012-01-27,0.0,0.0,0.0,0.0,-0.0,-0.0
2012-01-30,0.0,0.0,0.0,0.0,-0.0,-0.0
2012-01-31,0.0,0.0,0.0,0.0,-0.0,-0.0
2012-02-01,0.0,0.0,0.0,0.0,0.0,0.0
2012-02-02,0.0,0.0,0.0,0.0,0.0,0.0
2012-02-03,0.0,0.0,0.0,0.0,0.0,0.0
2012-02-06,0.0,0.0,0.0,0.0,-0.0,-0.0
2012-02-07,-1.52762666524777,1.52762666524777,0.000305525333049554,6.281269824378213e-06,-0.003087849103374985,-0.003399655706248917
2012-02-08,-1.58928334967003,0.06165668442226013,1.2331336884452027e-05,7.015277972262262e-06,-0.003429484237903688,-0.0034488308527604026
2012-02-09,-1.6523210592999102,0.0630377096298802,1.2607541925976041e-05,7.765726896427503e-06,-0.002433910436366286,-0.0024542837051886894
2012-02-10,-1.7191009269715907,0.06677986767168043,1.3355973534336086e-05,8.560725321090366e-06,0.011879198242126958,0.011857281543271531
2012-02-13,0.0,1.7191009269715907,0.00034382018539431817,0.0,0.0,-0.00034382018539431817
2012-02-14,0.0,0.0,0.0,0.0,-0.0,-0.0
2012-02-15,0.0,0.0,0.0,0.0,-0.0,-0.0
2012-02-16,0.0,0.0,0.0,0.0,0.0,0.0
2012-02-17,0.0,0.0,0.0,0.0,0.0,0.0
2012-02-21,0.0,0.0,0.0,0.0,0.0,0.0
2012-02-22,0.0,0.0,0.0,0.0,-0.0,-0.0
2012-02-23,0.0,0.0,0.0,0.0,0.0,0.0
2012-02-24,0.0,0.0,0.0,0.0,0.0,0.0
2012-02-27,0.0,0.0,0.0,0.0,0.0,0.0
2012-02-28,0.0,0.0,0.0,0.0,0.0,0.0
2012-02-29,0.0,0.0,0.0,0.0,-0.0,-0.0
2012-03-01,0.0,0.0,0.0,0.0,0.0,0.0
2012-03-02,0.0,0.0,0.0,0.0,-0.0,-0.0
2012-03-05,0.0,0.0,0.0,0.0,-0.0,-0.0
2012-03-06,0.0,0.0,0.0,0.0,-0.0,-0.0
2012-03-07,1.2544348089720545,1.2544348089720545,0.0002508869617944109,3.028985821095887e-06,0.00862664998789975,0.008372734040284244
2012-03-08,1.3006587233960856,0.046223914424031065,9.244782884806213e-06,3.579270516620066e-06,0.012707499687111545,0.01269467563371012
2012-03-09,1.3429300890944327,0.04227136569834711,8.454273139669422e-06,4.0825010606480085e-06,0.004867682462669542,0.004855145688469225
2012-03-12,0.0,1.3429300890944327,0.0002685860178188865,0.0,0.0,-0.0002685860178188865
2012-03-13,0.0,0.0,0.0,0.0,0.0,0.0
2012-03-14,-1.4803868315267545,1.4803868315267545,0.0002960773663053509,5.7188908515089825e-06,0.0017719905999835832,0.0014701943428267234
2012-03-15,-1.5040396796724176,0.02365284814566304,4.730569629132609e-06,6.00047237705259e-06,-0.008948232487996487,-0.008958963530002674
2012-03-16,-1.5551578577773029,0.05111817810488528,1.0223635620977057e-05,6.609022116396463e-06,-0.001739867808205446,-0.0017567004659428194
2012-03-19,-1.618065017033598,0.06290715925629509,1.2581431851259018e-05,7.357916869447595e-06,-0.006417199765469895,-0.006437139114190602
2012-03-20,-1.675582788358532,0.057517771324933964,1.1503554264986794e-05,8.042652242363476e-06,0.005035174425866539,0.005015628219359189
2012-03-21,-1.6327230361651344,0.04285975219339755,8.57195043867951e-06,7.5324170972039805e-06,0.0030580084534763876,0.003041904085940504
2012-03-22,-1.6301068587791203,0.0026161773860140514,5.232354772028103e-07,7.501272128322861e-06,0.011789966660306562,0.011781942152701036
2012-03-23,-1.4646342482671866,0.16547261051193374,3.309452210238675e-05,5.531360098418888e-06,-0.004546277444521647,-0.0045849033267224525
2012-03-26,-1.52107627003604,0.05644202176885349,1.1288404353770698e-05,6.203288929000477e-06,-0.02097609803205372,-0.020993589725336492
2012-03-27,-1.5554224810581845,0.03434621102214441,6.869242204428883e-06,6.612172393549815e-06,0.004387457581193578,0.004373976166595599
2012-03-28,0.0,1.5554224810581845,0.00031108449621163693,0.0,-0.0,-0.00031108449621163693
2012-03-29,0.0,0.0,0.0,0.0,-0.0,-0.0
2012-03-30,0.0,0.0,0.0,0.0,0.0,0.0
2012-04-02,0.0,0.0,0.0,0.0,0.0,0.0
2012-04-03,0.0,0.0,0.0,0.0,-0.0,-0.0
2012-04-04,0.0,0.0,0.0,0.0,-0.0,-0.0
2012-04-05,0.0,0.0,0.0,0.0,-0.0,-0.0
2012-04-09,0.0,0.0,0.0,0.0,-0.0,-0.0
2012-04-10,0.0,0.0,0.0,0.0,-0.0,-0.0
2012-04-11,0.9454075413511892,0.9454075413511892,0.00018908150827023784,0.0,0.007016143343589228,0.00682706183531899
2012-04-12,0.9858836700512155,0.04047612870002626,8.095225740005252e-06,0.0,0.013492128810652426,0.013484033584912422
2012-04-13,1.0207620674117492,0.034878397360533775,6.975679472106755e-06,2.47167469187491e-07,-0.012814103055758,-0.012821325902699294
2012-04-16,0.9125705408728125,0.10819152653893671,2.1638305307787344e-05,0.0,-0.000459686640017135,-0.00048132494532492233
2012-04-17,0.9503959837854026,0.037825442912590046,7.56508858251801e-06,0.0,0.01460566567061735,0.014598100582034833
2012-04-18,0.9836036841203163,0.033207700334913715,6.641540066982743e-06,0.0,-0.00399690677860085,-0.004003548318667833
2012-04-19,0.9798687887701051,0.0037348953502112092,7.469790700422418e-07,0.0,-0.005832252988514169,-0.005832999967584212
2012-04-20,0.9546283809039147,0.025240407866190417,5.048081573238084e-06,0.0,0.0011155621357599654,0.0011105140541867273
2012-04-23,1.000606844949289,0.04597846404537442,9.195692809074886e-06,7.224344634393893e-09,-0.008448236763430464,-0.008457439680584173
2012-04-24,0.0,1.000606844949289,0.00020012136898985784,0.0,0.0,-0.00020012136898985784
2012-04-25,0.0,0.0,0.0,0.0,0.0,0.0
2012-04-26,0.0,0.0,0.0,0.0,0.0,0.0
2012-04-27,0.0,0.0,0.0,0.0,0.0,0.0
2012-04-30,0.0,0.0,0.0,0.0,-0.0,-0.0
2012-05-01,0.0,0.0,0.0,0.0,0.0,0.0
2012-05-02,0.0,0.0,0.0,0.0,-0.0,-0.0
2012-05-03,0.0,0.0,0.0,0.0,-0.0,-0.0
2012-05-04,0.0,0.0,0.0,0.0,-0.0,-0.0
2012-05-07,0.0,0.0,0.0,0.0,0.0,0.0
2012-05-08,0.0,0.0,0.0,0.0,-0.0,-0.0
2012-05-09,0.0,0.0,0.0,0.0,-0.0,-0.0
2012-05-10,0.9222389876470505,0.9222389876470505,0.0001844477975294101,0.0,0.0023187369827585404,0.0021342891852291304
2012-05-11,0.9659122435372729,0.04367325589022242,8.734651178044485e-06,0.0,-0.003277428463222626,-0.0032861631144006703
2012-05-14,0.9708427681436009,0.004930524606328035,9.86104921265607e-07,0.0,-0.010849238904881894,-0.01085022500980316
2012-05-15,0.8903834914654271,0.08045927667817387,1.6091855335634777e-05,0.0,-0.005130753200481303,-0.005146845055816938
2012-05-16,0.0,0.8903834914654271,0.00017807669829308543,0.0,-0.0,-0.00017807669829308543
2012-05-17,0.0,0.0,0.0,0.0,-0.0,-0.0
2012-05-18,-0.78147009438535,0.78147009438535,0.00015629401887707,0.0,0.005794758471440805,0.005638464452563736
2012-05-21,-0.7647715677118112,0.01669852667353877,3.3397053347077545e-06,0.0,-0.012166509505638298,-0.012169849210973005
2012-05-22,0.0,0.7647715677118112,0.00015295431354236225,0.0,0.0,-0.00015295431354236225
2012-05-23,0.0,0.0,0.0,0.0,0.0,0.0
2012-05-24,0.0,0.0,0.0,0.0,0.0,0.0
2012-05-25,0.0,0.0,0.0,0.0,-0.0,-0.0
2012-05-29,0.0,0.0,0.0,0.0,0.0,0.0
2012-05-30,0.0,0.0,0.0,0.0,-0.0,-0.0
2012-05-31,0.0,0.0,0.0,0.0,-0.0,-0.0
2012-06-01,0.0,0.0,0.0,0.0,-0.0,-0.0
2012-06-04,0.0,0.0,0.0,0.0,0.0,0.0
2012-06-05,0.0,0.0,0.0,0.0,0.0,0.0
2012-06-06,0.0,0.0,0.0,0.0,0.0,0.0
2012-06-07,0.0,0.0,0.0,0.0,-0.0,-0.0
2012-06-08,0.0,0.0,0.0,0.0,0.0,0.0
2012-06-11,0.0,0.0,0.0,0.0,-0.0,-0.0
2012-06-12,0.0,0.0,0.0,0.0,0.0,0.0
2012-06-13,0.0,0.0,0.0,0.0,-0.0,-0.0
2012-06-14,0.0,0.0,0.0,0.0,0.0,0.0
2012-06-15,0.0,0.0,0.0,0.0,0.0,0.0
2012-06-18,0.0,0.0,0.0,0.0,0.0,0.0
2012-06-19,0.0,0.0,0.0,0.0,0.0,0.0
2012-06-20,0.0,0.0,0.0,0.0,-0.0,-0.0
2012-06-21,0.0,0.0,0.0,0.0,-0.0,-0.0
2012-06-22,0.0,0.0,0.0,0.0,0.0,0.0
2012-06-25,0.0,0.0,0.0,0.0,-0.0,-0.0
2012-06-26,0.0,0.0,0.0,0.0,0.0,0.0
2012-06-27,0.0,0.0,0.0,0.0,0.0,0.0
2012-06-28,0.0,0.0,0.0,0.0,-0.0,-0.0
2012-06-29,0.0,0.0,0.0,0.0,0.0,0.0
2012-07-02,0.0,0.0,0.0,0.0,0.0,0.0
2012-07-03,-0.9055650389414805,0.9055650389414805,0.00018111300778829613,0.0,-0.0056260687272951275,-0.005807181735083424
2012-07-05,-0.9457511322747396,0.040186093333259065,8.037218666651814e-06,0.0,0.00444317813082216,0.004435140912155509
2012-07-06,-0.9374924732627375,0.008258659012002068,1.6517318024004136e-06,0.0,0.008885008655567697,0.008883356923765297
2012-07-09,-0.8810665315931274,0.056425941669610125,1.1285188333922025e-05,0.0,0.0014451043297601684,0.0014338191414262464
2012-07-10,-0.906442137521419,0.025375605928291578,5.075121185658316e-06,0.0,0.007395771795254271,0.007390696674068613
2012-07-11,-0.8677906756599851,0.03865146186143387,7.730292372286773e-06,0.0,1.2950638152288135e-05,5.2203457800013615e-06
2012-07-12,-0.908492934064355,0.04070225840436992,8.140451680873984e-06,0.0,0.004542077972538828,0.004533937520857954
2012-07-13,-0.9000895346819846,0.008403399382370447,1.6806798764740893e-06,0.0,-0.014727948357261501,-0.014729629037137974
2012-07-16,0.0,0.9000895346819846,0.00018001790693639692,0.0,-0.0,-0.00018001790693639692
2012-07-17,0.0,0.0,0.0,0.0,0.0,0.0
2012-07-18,0.0,0.0,0.0,0.0,0.0,0.0
2012-07-19,0.0,0.0,0.0,0.0,0.0,0.0
2012-07-20,-1.0793918808364802,1.0793918808364802,0.00021587837616729604,9.451414385295261e-07,0.010915480498561534,0.010698656980955708
2012-07-23,0.0,1.0793918808364802,0.00021587837616729604,0.0,-0.0,-0.00021587837616729604
2012-07-24,0.0,0.0,0.0,0.0,-0.0,-0.0
2012-07-25,0.0,0.0,0.0,0.0,-0.0,-0.0
2012-07-26,0.0,0.0,0.0,0.0,0.0,0.0
2012-07-27,0.0,0.0,0.0,0.0,0.0,0.0
2012-07-30,0.0,0.0,0.0,0.0,-0.0,-0.0
2012-07-31,0.0,0.0,0.0,0.0,-0.0,-0.0
2012-08-01,0.0,0.0,0.0,0.0,-0.0,-0.0
2012-08-02,0.0,0.0,0.0,0.0,-0.0,-0.0
2012-08-03,0.0,0.0,0.0,0.0,0.0,0.0
2012-08-06,0.0,0.0,0.0,0.0,0.0,0.0
2012-08-07,0.0,0.0,0.0,0.0,0.0,0.0
2012-08-08,0.0,0.0,0.0,0.0,0.0,0.0
2012-08-09,0.0,0.0,0.0,0.0,0.0,0.0
2012-08-10,0.0,0.0,0.0,0.0,0.0,0.0
2012-08-13,0.0,0.0,0.0,0.0,-0.0,-0.0
2012-08-14,0.0,0.0,0.0,0.0,-0.0,-0.0
2012-08-15,0.0,0.0,0.0,0.0,0.0,0.0
2012-08-16,0.0,0.0,0.0,0.0,0.0,0.0
2012-08-17,0.0,0.0,0.0,0.0,0.0,0.0
2012-08-20,0.0,0.0,0.0,0.0,-0.0,-0.0
2012-08-21,0.0,0.0,0.0,0.0,-0.0,-0.0
2012-08-22,0.0,0.0,0.0,0.0,0.0,0.0
2012-08-23,0.0,0.0,0.0,0.0,-0.0,-0.0
2012-08-24,0.0,0.0,0.0,0.0,0.0,0.0
2012-08-27,0.0,0.0,0.0,0.0,-0.0,-0.0
2012-08-28,0.0,0.0,0.0,0.0,-0.0,-0.0
2012-08-29,0.0,0.0,0.0,0.0,0.0,0.0
2012-08-30,0.0,0.0,0.0,0.0,-0.0,-0.0
2012-08-31,0.0,0.0,0.0,0.0,0.0,0.0
2012-09-04,0.0,0.0,0.0,0.0,-0.0,-0.0
2012-09-05,0.0,0.0,0.0,0.0,-0.0,-0.0
2012-09-06,0.0,0.0,0.0,0.0,0.0,0.0
2012-09-07,0.0,0.0,0.0,0.0,0.0,0.0
2012-09-10,-1.588032249200958,1.588032249200958,0.00031760644984019163,7.0003839190590235e-06,0.009793086254143156,0.009468479420383905
2012-09-11,-1.4610218592306836,0.12701038997027436,2.5402077994054874e-05,5.488355467031948e-06,-0.0045730745407530395,-0.004603964974214126
2012-09-12,-1.5176907987055215,0.056668939474837865,1.1333787894967574e-05,6.162985698875256e-06,-0.0031727411177038083,-0.003190237891297651
2012-09-13,-1.5775575097147876,0.059866711009266105,1.197334220185322e-05,6.875684639461757e-06,-0.025521996974755264,-0.02554084600159658
2012-09-14,-1.6084925293696923,0.03093501965490475,6.18700393098095e-06,7.243958682972528e-06,-0.006355371601011725,-0.006368802563625679
2012-09-17,-1.6664538623655103,0.05796133299581796,1.1592266599163593e-05,7.933974551970361e-06,0.00521530544508351,0.005195779203932376
2012-09-18,-1.6196060959969485,0.046847766368561805,9.369553273712362e-06,7.37626304758272e-06,0.0020740596824811966,0.0020573138661599015
2012-09-19,-1.6360569722437375,0.01645087624678898,3.290175249357796e-06,7.5721068124254465e-06,-0.0019384849574595462,-0.0019493472395213293
2012-09-20,-1.7005329955531852,0.06447602330944768,1.2895204661889537e-05,8.3396785184903e-06,0.0009197842744278708,0.000898549391247491
2012-09-21,0.0,1.7005329955531852,0.00034010659911063704,0.0,-0.0,-0.00034010659911063704
2012-09-24,0.0,0.0,0.0,0.0,-0.0,-0.0
2012-09-25,0.0,0.0,0.0,0.0,-0.0,-0.0
2012-09-26,0.0,0.0,0.0,0.0,-0.0,-0.0
2012-09-27,0.0,0.0,0.0,0.0,0.0,0.0
2012-09-28,0.0,0.0,0.0,0.0,-0.0,-0.0
2012-10-01,0.0,0.0,0.0,0.0,0.0,0.0
2012-10-02,0.0,0.0,0.0,0.0,0.0,0.0
2012-10-03,0.0,0.0,0.0,0.0,0.0,0.0
2012-10-04,0.0,0.0,0.0,0.0,0.0,0.0
2012-10-05,0.0,0.0,0.0,0.0,-0.0,-0.0
2012-10-08,0.0,0.0,0.0,0.0,-0.0,-0.0
2012-10-09,0.0,0.0,0.0,0.0,-0.0,-0.0
2012-10-10,0.0,0.0,0.0,0.0,-0.0,-0.0
2012-10-11,0.0,0.0,0.0,0.0,0.0,0.0
2012-10-12,0.0,0.0,0.0,0.0,-0.0,-0.0
2012-10-15,0.0,0.0,0.0,0.0,0.0,0.0
2012-10-16,0.0,0.0,0.0,0.0,0.0,0.0
2012-10-17,0.0,0.0,0.0,0.0,0.0,0.0
2012-10-18,0.0,0.0,0.0,0.0,-0.0,-0.0
2012-10-19,0.0,0.0,0.0,0.0,-0.0,-0.0
2012-10-22,-1.1184260934249362,1.1184260934249362,0.00022368521868498724,1.4098344455349542e-06,-0.0004915322505776666,-0.0007166273037081889
2012-10-23,0.0,1.1184260934249362,0.00022368521868498724,0.0,-0.0,-0.00022368521868498724
2012-10-24,0.9907274360824628,0.9907274360824628,0.00019814548721649257,0.0,-0.003061498847168697,-0.0032596443343851896
2012-10-25,0.9978279343000818,0.0071004982176189335,1.4200996435237868e-06,0.0,0.002984568158814164,0.0029831480591706403
2012-10-26,1.043632523224468,0.045804588924386325,9.160917784877265e-06,5.194348002912868e-07,-0.0007610664801196637,-0.0007707468327048323
2012-10-31,1.0797024651732168,0.036069941948748685,7.213988389749738e-06,9.488388711097235e-07,0.00016829057935752878,0.00016012775209666932
2012-11-01,1.1288872654302524,0.049184800257035644,9.836960051407129e-06,1.534372207503005e-06,0.012267857915976042,0.01225648658371713
2012-11-02,1.1697489307304525,0.04086166530020008,8.172333060040016e-06,2.0208206039339585e-06,-0.011023384338127624,-0.011033577491791598
2012-11-05,0.0,1.1697489307304525,0.0002339497861460905,0.0,0.0,-0.0002339497861460905
2012-11-06,0.0,0.0,0.0,0.0,0.0,0.0
2012-11-07,0.0,0.0,0.0,0.0,-0.0,-0.0
2012-11-08,-0.8612574552808213,0.8612574552808213,0.00017225149105616427,0.0,0.010576184116611376,0.010403932625555211
2012-11-09,-0.793133249393247,0.06812420588757429,1.3624841177514857e-05,0.0,-0.0013461464226019113,-0.001359771263779426
2012-11-12,-0.8334357019464204,0.04030245255317333,8.060490510634666e-06,0.0,-0.00010874617078331374,-0.0001168066612939484
2012-11-13,-0.8748107017101737,0.04137499976375336,8.274999952750672e-06,0.0,0.0034934545997400103,0.0034851795997872595
2012-11-14,-0.8782154165449458,0.0034047148347721157,6.809429669544232e-07,0.0,0.012250113067596383,0.01224943212462943
2012-11-15,-0.7925153281767849,0.0857000883681609,1.714001767363218e-05,0.0,0.0012639160915564255,0.0012467760738827933
2012-11-16,-0.8188113253873651,0.02629599721058018,5.259199442116037e-06,0.0,-0.003953446035243544,-0.0039587052346856605
2012-11-19,-0.8579710095218467,0.039159684134481565,7.831936826896313e-06,0.0,-0.0168740390758758,-0.016881871012702696
2012-11-20,0.0,0.8579710095218467,0.00017159420190436935,0.0,0.0,-0.00017159420190436935
2012-11-21,0.0,0.0,0.0,0.0,0.0,0.0
2012-11-23,0.0,0.0,0.0,0.0,0.0,0.0
2012-11-26,-1.0138055607914336,1.0138055607914336,0.00020276111215828673,1.643519141837331e-07,0.0020596922577931533,0.0018567667937206829
2012-11-27,-1.0325370429437348,0.01873148215230125,3.7462964304602497e-06,3.8734574933017654e-07,0.0054107973459018395,0.005406663703722049
2012-11-28,-1.0096489986496069,0.02288804429412794,4.577608858825588e-06,1.1486903154293915e-07,-0.007900837366062577,-0.007905529843952945
2012-11-29,-1.0515005111379478,0.04185151248834096,8.370302497668191e-06,6.131013230708078e-07,-0.0044799742533065045,-0.004488957657127243
2012-11-30,-1.0970952100293794,0.04559469889143153,9.118939778286307e-06,1.1558953574926117e-06,-0.0001782717555632457,-0.0001885465906990246
2012-12-03,-1.1464040891820595,0.04930887915268012,9.861775830536024e-06,1.7429058235959465e-06,0.005452893022473992,0.00544128834081986
2012-12-04,0.0,1.1464040891820595,0.0002292808178364119,0.0,-0.0,-0.0002292808178364119
2012-12-05,0.0,0.0,0.0,0.0,0.0,0.0
2012-12-06,0.0,0.0,0.0,0.0,0.0,0.0
2012-12-07,0.0,0.0,0.0,0.0,0.0,0.0
2012-12-10,0.0,0.0,0.0,0.0,0.0,0.0
2012-12-11,0.0,0.0,0.0,0.0,0.0,0.0
2012-12-12,0.0,0.0,0.0,0.0,0.0,0.0
2012-12-13,0.0,0.0,0.0,0.0,-0.0,-0.0
2012-12-14,0.0,0.0,0.0,0.0,-0.0,-0.0
2012-12-17,0.0,0.0,0.0,0.0,0.0,0.0
2012-12-18,0.0,0.0,0.0,0.0,0.0,0.0
2012-12-19,0.0,0.0,0.0,0.0,-0.0,-0.0
2012-12-20,0.0,0.0,0.0,0.0,0.0,0.0
2012-12-21,0.0,0.0,0.0,0.0,-0.0,-0.0
2012-12-24,0.0,0.0,0.0,0.0,-0.0,-0.0
2012-12-26,0.0,0.0,0.0,0.0,-0.0,-0.0
2012-12-27,0.0,0.0,0.0,0.0,-0.0,-0.0
2012-12-28,0.0,0.0,0.0,0.0,-0.0,-0.0
2012-12-31,1.0527871360953256,1.0527871360953256,0.00021055742721906513,6.284182868491143e-07,0.017686852595786444,0.01747566675028053
2013-01-02,0.0,1.0527871360953256,0.00021055742721906513,0.0,0.0,-0.00021055742721906513
2013-01-03,0.0,0.0,0.0,0.0,-0.0,-0.0
2013-01-04,0.0,0.0,0.0,0.0,0.0,0.0
2013-01-07,-1.1776588296411503,1.1776588296411503,0.00023553176592823008,2.1149860671565516e-06,0.003683720657251436,0.00344607390525605
2013-01-08,-1.173133696162566,0.004525133478584298,9.050266957168596e-07,2.0611154305067382e-06,0.003809914955895907,0.0038069488137696837
2013-01-09,-1.1668614058063644,0.006272290356201582,1.2544580712403164e-06,1.986445307218624e-06,-0.0030949194339150807,-0.0030981603372935394
2013-01-10,0.0,1.1668614058063644,0.0002333722811612729,0.0,0.0,-0.0002333722811612729
2013-01-11,0.0,0.0,0.0,0.0,-0.0,-0.0
2013-01-14,0.0,0.0,0.0,0.0,-0.0,-0.0
2013-01-15,0.0,0.0,0.0,0.0,0.0,0.0
2013-01-16,0.0,0.0,0.0,0.0,0.0,0.0
2013-01-17,0.0,0.0,0.0,0.0,0.0,0.0
2013-01-18,0.0,0.0,0.0,0.0,0.0,0.0
2013-01-22,0.0,0.0,0.0,0.0,0.0,0.0
2013-01-23,0.0,0.0,0.0,0.0,0.0,0.0
2013-01-24,0.0,0.0,0.0,0.0,0.0,0.0
2013-01-25,0.0,0.0,0.0,0.0,0.0,0.0
2013-01-28,0.0,0.0,0.0,0.0,-0.0,-0.0
2013-01-29,0.0,0.0,0.0,0.0,0.0,0.0
2013-01-30,0.0,0.0,0.0,0.0,-0.0,-0.0
2013-01-31,0.0,0.0,0.0,0.0,-0.0,-0.0
2013-02-01,0.0,0.0,0.0,0.0,0.0,0.0
2013-02-04,0.0,0.0,0.0,0.0,-0.0,-0.0
2013-02-05,0.0,0.0,0.0,0.0,0.0,0.0
2013-02-06,0.0,0.0,0.0,0.0,0.0,0.0
2013-02-07,0.0,0.0,0.0,0.0,-0.0,-0.0
2013-02-08,0.0,0.0,0.0,0.0,0.0,0.0
2013-02-11,0.0,0.0,0.0,0.0,-0.0,-0.0
2013-02-12,0.0,0.0,0.0,0.0,0.0,0.0
2013-02-13,0.0,0.0,0.0,0.0,0.0,0.0
2013-02-14,0.0,0.0,0.0,0.0,0.0,0.0
2013-02-15,0.0,0.0,0.0,0.0,-0.0,-0.0
2013-02-19,0.0,0.0,0.0,0.0,0.0,0.0
2013-02-20,0.0,0.0,0.0,0.0,-0.0,-0.0
2013-02-21,0.0,0.0,0.0,0.0,-0.0,-0.0
2013-02-22,0.0,0.0,0.0,0.0,0.0,0.0
2013-02-25,0.0,0.0,0.0,0.0,-0.0,-0.0
2013-02-26,0.0,0.0,0.0,0.0,0.0,0.0
2013-02-27,0.0,0.0,0.0,0.0,0.0,0.0
2013-02-28,0.0,0.0,0.0,0.0,-0.0,-0.0
2013-03-01,0.0,0.0,0.0,0.0,0.0,0.0
2013-03-04,0.0,0.0,0.0,0.0,0.0,0.0
2013-03-05,0.0,0.0,0.0,0.0,0.0,0.0
2013-03-06,-1.3275379435385528,1.3275379435385528,0.00026550758870771057,3.8992612326018195e-06,-0.0014389516390140805,-0.001708358488954393
2013-03-07,-1.3840506649146453,0.056512721376092534,1.1302544275218507e-05,4.572031725174349e-06,-0.0025118355151110333,-0.002527710091111426
2013-03-08,-1.4409398892168936,0.0568892243022483,1.137784486044966e-05,5.24928439543921e-06,-0.006442627712319274,-0.006459254841575163
2013-03-11,-1.4953684019918714,0.05442851277497773,1.0885702554995547e-05,5.8972428808556114e-06,-0.004850704233813238,-0.004867487179249089
2013-03-12,-1.5527273396565728,0.05735893766470146,1.1471787532940293e-05,6.5800873768639624e-06,0.0037360877408029675,0.0037180358658931633
2013-03-13,-1.5374531915598795,0.015274148096693363,3.054829619338673e-06,6.398252280474756e-06,-0.0020189668608134597,-0.002028419942713273
2013-03-14,-1.5987472965550789,0.06129410499519938,1.2258820999039877e-05,7.127944006608082e-06,-0.008932764159058307,-0.008952150924063956
2013-03-15,-1.6540003813143125,0.05525308475923363,1.1050616951846726e-05,7.785718825170386e-06,0.002679106400125051,0.0026602700643480336
2013-03-18,-1.6568806205186999,0.0028802392043874026,5.760478408774806e-07,7.82000738712738e-06,0.009155210405414286,0.00914681435018628
2013-03-19,0.0,1.6568806205186999,0.00033137612410374,0.0,-0.0,-0.00033137612410374
2013-03-20,0.0,0.0,0.0,0.0,0.0,0.0
2013-03-21,0.0,0.0,0.0,0.0,-0.0,-0.0
2013-03-22,0.0,0.0,0.0,0.0,0.0,0.0
2013-03-25,0.0,0.0,0.0,0.0,-0.0,-0.0
2013-03-26,0.0,0.0,0.0,0.0,0.0,0.0
2013-03-27,0.0,0.0,0.0,0.0,-0.0,-0.0
2013-03-28,0.0,0.0,0.0,0.0,0.0,0.0
2013-04-01,0.0,0.0,0.0,0.0,-0.0,-0.0
2013-04-02,0.0,0.0,0.0,0.0,0.0,0.0
2013-04-03,0.0,0.0,0.0,0.0,-0.0,-0.0
2013-04-04,0.0,0.0,0.0,0.0,0.0,0.0
2013-04-05,0.0,0.0,0.0,0.0,-0.0,-0.0
2013-04-08,0.0,0.0,0.0,0.0,0.0,0.0
2013-04-09,0.0,0.0,0.0,0.0,0.0,0.0
2013-04-10,0.0,0.0,0.0,0.0,0.0,0.0
2013-04-11,0.0,0.0,0.0,0.0,0.0,0.0
2013-04-12,0.0,0.0,0.0,0.0,-0.0,-0.0
2013-04-15,-1.490527201660931,1.490527201660931,0.0002981054403321862,5.839609543582512e-06,0.03463109464909723,0.03432714959922146
2013-04-16,-1.0141827083111672,0.4763444933497638,9.526889866995277e-05,1.6884176560913323e-07,-0.014407318124843808,-0.01450275586527937
2013-04-17,0.0,1.0141827083111672,0.00020283654166223345,0.0,-0.0,-0.00020283654166223345
2013-04-18,0.0,0.0,0.0,0.0,-0.0,-0.0
2013-04-19,0.0,0.0,0.0,0.0,0.0,0.0
2013-04-22,0.0,0.0,0.0,0.0,0.0,0.0
2013-04-23,0.0,0.0,0.0,0.0,0.0,0.0
2013-04-24,0.0,0.0,0.0,0.0,0.0,0.0
2013-04-25,0.0,0.0,0.0,0.0,0.0,0.0
2013-04-26,0.0,0.0,0.0,0.0,-0.0,-0.0
2013-04-29,0.0,0.0,0.0,0.0,0.0,0.0
2013-04-30,0.0,0.0,0.0,0.0,0.0,0.0
2013-05-01,0.0,0.0,0.0,0.0,-0.0,-0.0
2013-05-02,0.0,0.0,0.0,0.0,0.0,0.0
2013-05-03,0.0,0.0,0.0,0.0,0.0,0.0
2013-05-06,0.0,0.0,0.0,0.0,0.0,0.0
2013-05-07,0.0,0.0,0.0,0.0,0.0,0.0
2013-05-08,0.0,0.0,0.0,0.0,0.0,0.0
2013-05-09,-1.338236299442796,1.338236299442796,0.0002676472598885592,4.02662261241424e-06,0.004943335193270341,0.0046716613107693665
2013-05-10,-1.3092570180074246,0.02897928143537154,5.795856287074308e-06,3.6816311667550543e-06,-0.005645966347008267,-0.005655443834462097
2013-05-13,-1.3614066416104782,0.05214962360305364,1.0429924720610729e-05,4.30246001917236e-06,-5.8388619139556956e-05,-7.312100387934004e-05
2013-05-14,-1.4149405552150338,0.053533913604555616,1.0706782720911123e-05,4.939768514464689e-06,-0.014278259900041473,-0.01429390645127685
2013-05-15,-1.461043561651797,0.04610300643676313,9.220601287352626e-06,5.488613829188059e-06,-0.0074529344116919995,-0.0074676436268085395
2013-05-16,-1.515105994427775,0.054062432775978,1.08124865551956e-05,6.132214219378273e-06,0.007609365297102554,0.007592420596327981
2013-05-17,-1.4315530348326846,0.08355295959509035,1.671059191901807e-05,5.137536128960531e-06,-0.014669713728544661,-0.014691561856592641
2013-05-20,-1.4771920243558114,0.04563898952312684,9.127797904625368e-06,5.680857432807279e-06,0.001045657561727243,0.0010308489063898102
2013-05-21,-1.5127849017798052,0.03559287742399375,7.118575484798751e-06,6.1045821640453e-06,-0.0026033586218487978,-0.0026165817794976415
2013-05-22,-1.5732418720799486,0.06045697030014341,1.2091394060028682e-05,6.824308000951769e-06,0.013070610311273084,0.013051694609212103
2013-05-23,0.0,1.5732418720799486,0.00031464837441598975,0.0,-0.0,-0.00031464837441598975
2013-05-24,0.0,0.0,0.0,0.0,-0.0,-0.0
2013-05-28,0.0,0.0,0.0,0.0,0.0,0.0
2013-05-29,0.0,0.0,0.0,0.0,-0.0,-0.0
2013-05-30,0.0,0.0,0.0,0.0,0.0,0.0
2013-05-31,0.0,0.0,0.0,0.0,-0.0,-0.0
2013-06-03,0.0,0.0,0.0,0.0,0.0,0.0
2013-06-04,0.0,0.0,0.0,0.0,-0.0,-0.0
2013-06-05,0.0,0.0,0.0,0.0,-0.0,-0.0
2013-06-06,0.0,0.0,0.0,0.0,0.0,0.0
2013-06-07,0.0,0.0,0.0,0.0,0.0,0.0
2013-06-10,0.0,0.0,0.0,0.0,-0.0,-0.0
2013-06-11,0.0,0.0,0.0,0.0,-0.0,-0.0
2013-06-12,0.0,0.0,0.0,0.0,-0.0,-0.0
2013-06-13,0.0,0.0,0.0,0.0,0.0,0.0
2013-06-14,0.0,0.0,0.0,0.0,-0.0,-0.0
2013-06-17,0.0,0.0,0.0,0.0,0.0,0.0
2013-06-18,0.0,0.0,0.0,0.0,0.0,0.0
2013-06-19,0.0,0.0,0.0,0.0,-0.0,-0.0
2013-06-20,0.0,0.0,0.0,0.0,-0.0,-0.0
2013-06-21,-0.7159455223807539,0.7159455223807539,0.0001431891044761508,0.0,-0.0019088675930581914,-0.0020520566975343424
2013-06-24,-0.753489320039669,0.037543797658915024,7.508759531783005e-06,0.0,0.009207164008703335,0.009199655249171552
2013-06-25,0.0,0.753489320039669,0.00015069786400793379,0.0,0.0,-0.00015069786400793379
2013-06-26,0.0,0.0,0.0,0.0,0.0,0.0
2013-06-27,0.0,0.0,0.0,0.0,0.0,0.0
2013-06-28,0.0,0.0,0.0,0.0,-0.0,-0.0
2013-07-01,0.0,0.0,0.0,0.0,0.0,0.0
2013-07-02,0.0,0.0,0.0,0.0,-0.0,-0.0
2013-07-03,0.0,0.0,0.0,0.0,0.0,0.0
2013-07-05,0.0,0.0,0.0,0.0,0.0,0.0
2013-07-08,0.0,0.0,0.0,0.0,0.0,0.0
2013-07-09,0.0,0.0,0.0,0.0,0.0,0.0
2013-07-10,0.0,0.0,0.0,0.0,0.0,0.0
2013-07-11,0.0,0.0,0.0,0.0,0.0,0.0
2013-07-12,-1.1508410576353143,1.1508410576353143,0.00023016821152706287,1.7957268766108845e-06,-0.003546581666455044,-0.0037785456048587177
2013-07-15,-1.2006410416897728,0.04979998405445851,9.959996810891703e-06,2.3885838296401528e-06,-0.001649602931578632,-0.0016619515122191638
2013-07-16,-1.2534981908394447,0.05285714914967188,1.0571429829934375e-05,3.0178356052314844e-06,0.004657567343878882,0.004643978078443715
2013-07-17,-1.2321398091835254,0.0213583816559193,4.27167633118386e-06,2.763569156946731e-06,-0.0034132818911569076,-0.003420317136645038
2013-07-18,-1.2844655729153966,0.052325763731871255,1.0465152746374252e-05,3.386494915659484e-06,-0.006448456093343107,-0.0064623077410051405
2013-07-19,-1.3355708092547247,0.051105236339328064,1.0221047267865614e-05,3.994890586365771e-06,-0.002148606991400862,-0.0021628229292550935
2013-07-22,-1.3921475776113035,0.056576768356578766,1.1315353671315754e-05,4.668423542991708e-06,-0.0028273995836584852,-0.0028433833608727927
2013-07-23,-1.4498287154238543,0.0576811378125508,1.153622756251016e-05,5.3551037550458846e-06,0.002687480606771346,0.00267058927545379
2013-07-24,-1.4561574597797373,0.0063287443558830425,1.2657488711766086e-06,5.4304459497587775e-06,0.0055603412350683015,0.0055536450402473665
2013-07-25,0.0,1.4561574597797373,0.0002912314919559475,0.0,0.0,-0.0002912314919559475
2013-07-26,0.0,0.0,0.0,0.0,0.0,0.0
2013-07-29,0.0,0.0,0.0,0.0,-0.0,-0.0
2013-07-30,0.0,0.0,0.0,0.0,0.0,0.0
2013-07-31,0.0,0.0,0.0,0.0,-0.0,-0.0
2013-08-01,0.0,0.0,0.0,0.0,0.0,0.0
2013-08-02,0.0,0.0,0.0,0.0,0.0,0.0
2013-08-05,0.0,0.0,0.0,0.0,-0.0,-0.0
2013-08-06,0.0,0.0,0.0,0.0,-0.0,-0.0
2013-08-07,0.0,0.0,0.0,0.0,-0.0,-0.0
2013-08-08,0.0,0.0,0.0,0.0,0.0,0.0
2013-08-09,0.0,0.0,0.0,0.0,-0.0,-0.0
2013-08-12,0.0,0.0,0.0,0.0,-0.0,-0.0
2013-08-13,0.0,0.0,0.0,0.0,0.0,0.0
2013-08-14,0.0,0.0,0.0,0.0,-0.0,-0.0
2013-08-15,0.0,0.0,0.0,0.0,-0.0,-0.0
2013-08-16,1.1877303412431748,1.1877303412431748,0.00023754606824863498,2.2348850147997e-06,-0.003931467747971747,-0.004171248701235182
2013-08-19,1.1789994834696231,0.008730857773551648,1.7461715547103297e-06,2.1309462317812277e-06,-0.00697705715477237,-0.006980934272558862
2013-08-20,1.1273713947948387,0.05162808867478441,1.0325617734956883e-05,1.5163261285099849e-06,0.004299696529337045,0.004287854585473578
2013-08-21,1.1765794759997132,0.04920808120487452,9.841616240974905e-06,2.1021366190442055e-06,-0.0068198893505914,-0.006831833103451419
2013-08-22,1.127375605613434,0.04920387038627916,9.840774077255832e-06,1.5163762573027867e-06,0.009675635458123262,0.009664278307788703
2013-08-23,0.0,1.127375605613434,0.00022547512112268682,0.0,0.0,-0.00022547512112268682
2013-08-26,0.0,0.0,0.0,0.0,-0.0,-0.0
2013-08-27,0.0,0.0,0.0,0.0,-0.0,-0.0
2013-08-28,0.0,0.0,0.0,0.0,0.0,0.0
2013-08-29,0.0,0.0,0.0,0.0,0.0,0.0
2013-08-30,0.0,0.0,0.0,0.0,-0.0,-0.0
2013-09-03,0.0,0.0,0.0,0.0,0.0,0.0
2013-09-04,0.0,0.0,0.0,0.0,0.0,0.0
2013-09-05,0.0,0.0,0.0,0.0,0.0,0.0
2013-09-06,0.0,0.0,0.0,0.0,0.0,0.0
2013-09-09,0.0,0.0,0.0,0.0,0.0,0.0
2013-09-10,0.0,0.0,0.0,0.0,0.0,0.0
2013-09-11,-1.3706030006105534,1.3706030006105534,0.0002741206001221107,4.4119404834589695e-06,-0.004177097146464632,-0.004455629687070202
2013-09-12,-1.4260768095871739,0.055473808976620465,1.1094761795324094e-05,5.072342971275879e-06,0.004828898334601272,0.004812731229834672
2013-09-13,-1.3953389109550556,0.030737898632118288,6.147579726423658e-06,4.706415606607805e-06,-0.0037827660942382347,-0.0037936200895712664
2013-09-16,-1.4519003045200218,0.056561393564966256,1.1312278712993251e-05,5.37976553000026e-06,-0.00824245007346549,-0.008259142117708484
2013-09-17,-1.505318965360229,0.05341866084020719,1.0683732168041438e-05,6.0157019685741556e-06,-0.006335691226418233,-0.006352390660554849
2013-09-18,-1.5620233677577677,0.05670440239753871,1.1340880479507742e-05,6.690754378068664e-06,-0.018906920720425734,-0.018924952355283308
2013-09-19,-1.6049742782531082,0.0429509104953405,8.5901820990681e-06,7.202074741108432e-06,0.0029606224605853763,0.0029448302037452
2013-09-20,-1.60323062764791,0.0017436506051982104,3.487301210396421e-07,7.181316995808453e-06,0.011612285950943518,0.011604755903826671
2013-09-23,-1.4401153974735255,0.16311523017438456,3.2623046034876915e-05,5.23946901754197e-06,0.006812838794039776,0.006774976278987357
2013-09-24,0.0,1.4401153974735255,0.0002880230794947051,0.0,-0.0,-0.0002880230794947051
2013-09-25,0.0,0.0,0.0,0.0,-0.0,-0.0
2013-09-26,0.0,0.0,0.0,0.0,0.0,0.0
2013-09-27,0.0,0.0,0.0,0.0,-0.0,-0.0
2013-09-30,0.0,0.0,0.0,0.0,-0.0,-0.0
2013-10-01,0.0,0.0,0.0,0.0,0.0,0.0
2013-10-02,0.0,0.0,0.0,0.0,-0.0,-0.0
2013-10-03,0.0,0.0,0.0,0.0,-0.0,-0.0
2013-10-04,0.0,0.0,0.0,0.0,0.0,0.0
2013-10-07,0.0,0.0,0.0,0.0,-0.0,-0.0
2013-10-08,0.0,0.0,0.0,0.0,-0.0,-0.0
2013-10-09,0.0,0.0,0.0,0.0,0.0,0.0
2013-10-10,0.0,0.0,0.0,0.0,0.0,0.0
2013-10-11,0.0,0.0,0.0,0.0,0.0,0.0
2013-10-14,0.0,0.0,0.0,0.0,0.0,0.0
2013-10-15,0.0,0.0,0.0,0.0,-0.0,-0.0
2013-10-16,0.0,0.0,0.0,0.0,0.0,0.0
2013-10-17,-1.1544701564428186,1.1544701564428186,0.00023089403128856372,1.8389304338430784e-06,-0.0077595569027287875,-0.007992289864451194
2013-10-18,-1.201501080622377,0.04703092417955834,9.406184835911668e-06,2.3988223883616303e-06,-0.0078426847182032,-0.007854489725427474
2013-10-21,-1.2496563099957179,0.048155229373340935,9.631045874668188e-06,2.9720989285204507e-06,-0.00011463373456191941,-0.00012723687936510805
2013-10-22,-1.3024395378926616,0.052783227896943785,1.0556645579388757e-05,3.600470689198353e-06,-0.0074514079913701224,-0.007465565107638709
2013-10-23,-1.3534385803317956,0.050999042439134,1.01998084878268e-05,4.207602146807091e-06,0.006409551141996973,0.006395143731362339
2013-10-24,-1.2998855853837958,0.05355299494799981,1.0710598989599963e-05,3.5700664926642364e-06,-0.004228317935388523,-0.004242598600870787
2013-10-25,-1.3536881510770644,0.05380256569326858,1.0760513138653717e-05,4.21057322710791e-06,-0.005936212763431715,-0.005951183849797477
2013-10-28,-1.407363544674084,0.05367539359701956,1.0735078719403913e-05,4.849566008024809e-06,-0.001870127926735003,-0.0018857125714624317
2013-10-29,-1.4662102772996712,0.05884673262558726,1.1769346525117452e-05,5.55012234880561e-06,-0.008164828302905129,-0.008182147771779053
2013-10-30,-1.520449460843743,0.05423918354407187,1.0847836708814373e-05,6.195826914806466e-06,0.0074317284327940596,0.007414684769170439
2013-10-31,0.0,1.520449460843743,0.0003040898921687486,0.0,-0.0,-0.0003040898921687486
2013-11-01,0.0,0.0,0.0,0.0,0.0,0.0
2013-11-04,0.0,0.0,0.0,0.0,0.0,0.0
2013-11-05,0.0,0.0,0.0,0.0,-0.0,-0.0
2013-11-06,0.0,0.0,0.0,0.0,0.0,0.0
2013-11-07,0.0,0.0,0.0,0.0,-0.0,-0.0
2013-11-08,0.0,0.0,0.0,0.0,0.0,0.0
2013-11-11,0.0,0.0,0.0,0.0,0.0,0.0
2013-11-12,0.0,0.0,0.0,0.0,-0.0,-0.0
2013-11-13,0.0,0.0,0.0,0.0,0.0,0.0
2013-11-14,0.0,0.0,0.0,0.0,0.0,0.0
2013-11-15,-1.442303351616512,1.442303351616512,0.00028846067032330244,5.265516090672762e-06,-0.006076634991669186,-0.006370361178083161
2013-11-18,-1.4981402451768076,0.05583689356029553,1.1167378712059107e-05,5.930241014009614e-06,0.005550688146142256,0.005533590526416187
2013-11-19,-1.451070482362615,0.047069762814192506,9.413952562838501e-06,5.3698866947930366e-06,0.0029675193481266946,0.0029527355088690634
2013-11-20,-1.451722597030922,0.0006521146683069468,1.3042293366138937e-07,5.377649964653834e-06,0.005287516299346935,0.00528200822644862
2013-11-21,0.0,1.451722597030922,0.0002903445194061844,0.0,0.0,-0.0002903445194061844
2013-11-22,0.0,0.0,0.0,0.0,0.0,0.0
2013-11-25,0.0,0.0,0.0,0.0,-0.0,-0.0
2013-11-26,0.0,0.0,0.0,0.0,0.0,0.0
2013-11-27,0.0,0.0,0.0,0.0,0.0,0.0
2013-11-29,0.0,0.0,0.0,0.0,-0.0,-0.0
2013-12-02,0.0,0.0,0.0,0.0,-0.0,-0.0
2013-12-03,0.0,0.0,0.0,0.0,-0.0,-0.0
2013-12-04,0.0,0.0,0.0,0.0,-0.0,-0.0
2013-12-05,0.0,0.0,0.0,0.0,-0.0,-0.0
2013-12-06,0.0,0.0,0.0,0.0,0.0,0.0
2013-12-09,0.0,0.0,0.0,0.0,0.0,0.0
2013-12-10,0.0,0.0,0.0,0.0,-0.0,-0.0
2013-12-11,0.0,0.0,0.0,0.0,-0.0,-0.0
2013-12-12,0.0,0.0,0.0,0.0,-0.0,-0.0
2013-12-13,0.0,0.0,0.0,0.0,-0.0,-0.0
2013-12-16,0.0,0.0,0.0,0.0,0.0,0.0
2013-12-17,0.0,0.0,0.0,0.0,-0.0,-0.0
2013-12-18,0.0,0.0,0.0,0.0,0.0,0.0
2013-12-19,0.0,0.0,0.0,0.0,-0.0,-0.0
2013-12-20,0.0,0.0,0.0,0.0,0.0,0.0
2013-12-23,-1.5053488591618096,1.5053488591618096,0.0003010697718323619,6.016057847164401e-06,-0.007984413832811486,-0.00829149966249101
2013-12-24,-1.5610521169142468,0.05570325775243723,1.1140651550487447e-05,6.6791918680267485e-06,-0.0045450099576416665,-0.004562829801060181
2013-12-26,-1.6213571929113721,0.06030507599712531,1.2061015199425062e-05,7.397109439421097e-06,-0.007675998850907051,-0.007695456975545897
2013-12-27,-1.679954501458381,0.05859730854700884,1.1719461709401769e-05,8.094696445933107e-06,0.0005655415811448962,0.0005457274229895613
2013-12-30,-1.7260639992073887,0.046109497749007744,9.221899549801549e-06,8.6436190381832e-06,0.0003094314275726771,0.0002915659089846924
2013-12-31,-1.7781199945619957,0.05205599535460692,1.0411199070921384e-05,9.263333268595186e-06,-0.00702687478999175,-0.007046549322331266
2014-01-02,-1.84080621036867,0.06268621580667433,1.2537243161334867e-05,1.0009597742484167e-05,0.016385776362068286,0.016363229521164466
2014-01-03,0.0,1.84080621036867,0.00036816124207373404,0.0,-0.0,-0.00036816124207373404
2014-01-06,0.0,0.0,0.0,0.0,-0.0,-0.0
2014-01-07,0.0,0.0,0.0,0.0,0.0,0.0
2014-01-08,0.0,0.0,0.0,0.0,-0.0,-0.0
2014-01-09,0.0,0.0,0.0,0.0,0.0,0.0
2014-01-10,0.0,0.0,0.0,0.0,0.0,0.0
2014-01-13,0.0,0.0,0.0,0.0,-0.0,-0.0
2014-01-14,0.0,0.0,0.0,0.0,0.0,0.0
2014-01-15,0.0,0.0,0.0,0.0,0.0,0.0
2014-01-16,0.0,0.0,0.0,0.0,-0.0,-0.0
2014-01-17,0.0,0.0,0.0,0.0,-0.0,-0.0
2014-01-21,0.0,0.0,0.0,0.0,0.0,0.0
2014-01-22,0.0,0.0,0.0,0.0,0.0,0.0
2014-01-23,0.0,0.0,0.0,0.0,-0.0,-0.0
2014-01-24,0.0,0.0,0.0,0.0,-0.0,-0.0
2014-01-27,1.0025925142454561,1.0025925142454561,0.00020051850284909123,3.086326482685888e-08,-0.004900894638129132,-0.0051014440042430505
2014-01-28,0.9863582368367861,0.016234277408670006,3.2468554817340014e-06,0.0,0.006038362445075834,0.0060351155895941
2014-01-29,1.0308762420596889,0.04451800522290272,8.903601044580545e-06,3.6757431023439124e-07,-0.010578546762319268,-0.010587817937674082
2014-01-30,0.9444700163909812,0.0864062256687077,1.7281245133741542e-05,0.0,0.01058188397187411,0.010564602726740367
2014-01-31,0.9846102116574925,0.04014019526651136,8.028039053302272e-06,0.0,-0.00638646758072432,-0.0063944956197776225
2014-02-03,0.0,0.9846102116574925,0.0001969220423314985,0.0,-0.0,-0.0001969220423314985
2014-02-04,0.0,0.0,0.0,0.0,0.0,0.0
2014-02-05,0.0,0.0,0.0,0.0,-0.0,-0.0
2014-02-06,0.0,0.0,0.0,0.0,0.0,0.0
2014-02-07,0.0,0.0,0.0,0.0,0.0,0.0
2014-02-10,0.0,0.0,0.0,0.0,0.0,0.0
2014-02-11,0.0,0.0,0.0,0.0,0.0,0.0
2014-02-12,-0.9764782009017531,0.9764782009017531,0.00019529564018035063,0.0,0.0002629642590318771,6.766861885152645e-05
2014-02-13,-1.0173908341001903,0.04091263319843719,8.182526639687438e-06,2.0703373928797938e-07,-0.0058939607672065355,-0.005902350327585511
2014-02-14,-1.0627047075696046,0.04531387346941429,9.062774693882858e-06,7.464846139238638e-07,-0.0050985270954791145,-0.005108336354786921
2014-02-18,-1.1097581299665593,0.04705342239695476,9.410684479390952e-06,1.3066444043638013e-06,-0.001284881727794881,-0.0012955990566786359
2014-02-19,-1.160389814979314,0.05063168501275461,1.0126337002550922e-05,1.909402559277547e-06,0.0075957513318789536,0.0075837155923171255
2014-02-20,-1.1006587516546211,0.0597310633246928,1.194621266493856e-05,1.1983184720788229e-06,-0.006618637308505805,-0.006631781839642822
2014-02-21,-1.1478687376740044,0.04720998601938331,9.441997203876662e-06,1.7603421151667195e-06,0.0022045584427634957,0.0021933561034444523
2014-02-24,0.0,1.1478687376740044,0.0002295737475348009,0.0,0.0,-0.0002295737475348009
2014-02-25,0.0,0.0,0.0,0.0,-0.0,-0.0
2014-02-26,0.0,0.0,0.0,0.0,0.0,0.0
2014-02-27,0.0,0.0,0.0,0.0,0.0,0.0
2014-02-28,0.0,0.0,0.0,0.0,0.0,0.0
2014-03-03,0.0,0.0,0.0,0.0,-0.0,-0.0
2014-03-04,0.0,0.0,0.0,0.0,0.0,0.0
2014-03-05,0.0,0.0,0.0,0.0,-0.0,-0.0
2014-03-06,0.0,0.0,0.0,0.0,0.0,0.0
2014-03-07,0.0,0.0,0.0,0.0,0.0,0.0
2014-03-10,0.0,0.0,0.0,0.0,-0.0,-0.0
2014-03-11,0.0,0.0,0.0,0.0,-0.0,-0.0
2014-03-12,0.0,0.0,0.0,0.0,0.0,0.0
2014-03-13,0.0,0.0,0.0,0.0,-0.0,-0.0
2014-03-14,0.0,0.0,0.0,0.0,-0.0,-0.0
2014-03-17,0.0,0.0,0.0,0.0,0.0,0.0
2014-03-18,0.0,0.0,0.0,0.0,0.0,0.0
2014-03-19,0.0,0.0,0.0,0.0,-0.0,-0.0
2014-03-20,0.0,0.0,0.0,0.0,0.0,0.0
2014-03-21,0.0,0.0,0.0,0.0,-0.0,-0.0
2014-03-24,0.0,0.0,0.0,0.0,-0.0,-0.0
2014-03-25,0.0,0.0,0.0,0.0,0.0,0.0
2014-03-26,0.0,0.0,0.0,0.0,-0.0,-0.0
2014-03-27,0.0,0.0,0.0,0.0,-0.0,-0.0
2014-03-28,0.0,0.0,0.0,0.0,0.0,0.0
2014-03-31,0.0,0.0,0.0,0.0,0.0,0.0
2014-04-01,0.0,0.0,0.0,0.0,0.0,0.0
2014-04-02,0.0,0.0,0.0,0.0,0.0,0.0
2014-04-03,0.0,0.0,0.0,0.0,-0.0,-0.0
2014-04-04,0.0,0.0,0.0,0.0,-0.0,-0.0
2014-04-07,0.0,0.0,0.0,0.0,-0.0,-0.0
2014-04-08,0.0,0.0,0.0,0.0,0.0,0.0
2014-04-09,0.0,0.0,0.0,0.0,0.0,0.0
2014-04-10,0.0,0.0,0.0,0.0,-0.0,-0.0
2014-04-11,0.8913240643560468,0.8913240643560468,0.00017826481287120936,0.0,-0.008496154229050082,-0.00867441904192129
2014-04-14,0.839917660787583,0.05140640356846382,1.0281280713692764e-05,0.0,0.006873641006538237,0.006863359725824544
2014-04-15,0.8796946720721157,0.039777011284532704,7.955402256906542e-06,0.0,0.005924373720370032,0.005916418318113126
2014-04-16,0.0,0.8796946720721157,0.00017593893441442314,0.0,0.0,-0.00017593893441442314
2014-04-17,0.0,0.0,0.0,0.0,0.0,0.0
2014-04-21,0.0,0.0,0.0,0.0,0.0,0.0
2014-04-22,0.0,0.0,0.0,0.0,0.0,0.0
2014-04-23,0.0,0.0,0.0,0.0,-0.0,-0.0
2014-04-24,0.0,0.0,0.0,0.0,0.0,0.0
2014-04-25,0.0,0.0,0.0,0.0,-0.0,-0.0
2014-04-28,0.0,0.0,0.0,0.0,0.0,0.0
2014-04-29,0.0,0.0,0.0,0.0,0.0,0.0
2014-04-30,0.0,0.0,0.0,0.0,0.0,0.0
2014-05-01,0.0,0.0,0.0,0.0,-0.0,-0.0
2014-05-02,0.0,0.0,0.0,0.0,-0.0,-0.0
2014-05-05,0.0,0.0,0.0,0.0,0.0,0.0
2014-05-06,0.0,0.0,0.0,0.0,-0.0,-0.0
2014-05-07,0.0,0.0,0.0,0.0,0.0,0.0
2014-05-08,0.0,0.0,0.0,0.0,-0.0,-0.0
2014-05-09,0.0,0.0,0.0,0.0,0.0,0.0
2014-05-12,0.0,0.0,0.0,0.0,0.0,0.0
2014-05-13,0.0,0.0,0.0,0.0,0.0,0.0
2014-05-14,0.0,0.0,0.0,0.0,-0.0,-0.0
2014-05-15,0.0,0.0,0.0,0.0,-0.0,-0.0
2014-05-16,0.0,0.0,0.0,0.0,0.0,0.0
2014-05-19,0.0,0.0,0.0,0.0,0.0,0.0
2014-05-20,0.0,0.0,0.0,0.0,-0.0,-0.0
2014-05-21,0.0,0.0,0.0,0.0,0.0,0.0
2014-05-22,0.0,0.0,0.0,0.0,0.0,0.0
2014-05-23,0.0,0.0,0.0,0.0,0.0,0.0
2014-05-27,0.0,0.0,0.0,0.0,0.0,0.0
2014-05-28,0.0,0.0,0.0,0.0,-0.0,-0.0
2014-05-29,0.0,0.0,0.0,0.0,0.0,0.0
2014-05-30,0.0,0.0,0.0,0.0,0.0,0.0
2014-06-02,0.0,0.0,0.0,0.0,0.0,0.0
2014-06-03,0.0,0.0,0.0,0.0,-0.0,-0.0
2014-06-04,0.0,0.0,0.0,0.0,0.0,0.0
2014-06-05,0.0,0.0,0.0,0.0,0.0,0.0
2014-06-06,0.0,0.0,0.0,0.0,0.0,0.0
2014-06-09,0.0,0.0,0.0,0.0,0.0,0.0
2014-06-10,0.0,0.0,0.0,0.0,-0.0,-0.0
2014-06-11,0.0,0.0,0.0,0.0,-0.0,-0.0
2014-06-12,0.0,0.0,0.0,0.0,-0.0,-0.0
2014-06-13,0.0,0.0,0.0,0.0,0.0,0.0
2014-06-16,0.0,0.0,0.0,0.0,0.0,0.0
2014-06-17,0.0,0.0,0.0,0.0,0.0,0.0
2014-06-18,0.0,0.0,0.0,0.0,0.0,0.0
2014-06-19,0.0,0.0,0.0,0.0,0.0,0.0
2014-06-20,0.0,0.0,0.0,0.0,0.0,0.0
2014-06-23,0.0,0.0,0.0,0.0,-0.0,-0.0
2014-06-24,0.0,0.0,0.0,0.0,-0.0,-0.0
2014-06-25,0.0,0.0,0.0,0.0,0.0,0.0
2014-06-26,0.0,0.0,0.0,0.0,-0.0,-0.0
2014-06-27,0.0,0.0,0.0,0.0,0.0,0.0
2014-06-30,0.0,0.0,0.0,0.0,-0.0,-0.0
2014-07-01,0.0,0.0,0.0,0.0,0.0,0.0
2014-07-02,0.0,0.0,0.0,0.0,0.0,0.0
2014-07-03,0.0,0.0,0.0,0.0,0.0,0.0
2014-07-07,0.0,0.0,0.0,0.0,-0.0,-0.0
2014-07-08,0.0,0.0,0.0,0.0,-0.0,-0.0
2014-07-09,0.0,0.0,0.0,0.0,0.0,0.0
2014-07-10,0.0,0.0,0.0,0.0,-0.0,-0.0
2014-07-11,0.0,0.0,0.0,0.0,0.0,0.0
2014-07-14,0.0,0.0,0.0,0.0,0.0,0.0
2014-07-15,0.0,0.0,0.0,0.0,-0.0,-0.0
2014-07-16,0.0,0.0,0.0,0.0,0.0,0.0
2014-07-17,0.0,0.0,0.0,0.0,-0.0,-0.0
2014-07-18,0.0,0.0,0.0,0.0,0.0,0.0
2014-07-21,0.0,0.0,0.0,0.0,-0.0,-0.0
2014-07-22,0.0,0.0,0.0,0.0,0.0,0.0
2014-07-23,0.0,0.0,0.0,0.0,0.0,0.0
2014-07-24,0.0,0.0,0.0,0.0,0.0,0.0
2014-07-25,0.0,0.0,0.0,0.0,-0.0,-0.0
2014-07-28,0.0,0.0,0.0,0.0,0.0,0.0
2014-07-29,0.0,0.0,0.0,0.0,-0.0,-0.0
2014-07-30,0.0,0.0,0.0,0.0,0.0,0.0
2014-07-31,0.0,0.0,0.0,0.0,-0.0,-0.0
2014-08-01,1.113600088482726,1.113600088482726,0.0002227200176965452,1.3523820057467377e-06,-0.0031884778485188523,-0.0034125502482211445
2014-08-04,1.1169647801741474,0.0033646916914213953,6.729383382842791e-07,1.39243785921604e-06,0.00800116994956725,0.007999104573369751
2014-08-05,1.1642861472243247,0.04732136705017731,9.464273410035463e-06,1.955787466956246e-06,-0.011331623564836897,-0.011343043625713888
2014-08-06,1.0535641579582593,0.11072198926606536,2.2144397853213072e-05,6.376685471221346e-07,1.6476085499869293e-05,-6.305980900465914e-06
2014-08-07,1.1007696584402376,0.047205500481978246,9.44110009639565e-06,1.199638790955209e-06,-0.006133615617089746,-0.006144256355977097
2014-08-08,1.0643487016579658,0.03642095678227175,7.284191356454351e-06,7.660559721186405e-07,0.01220320761353745,0.012195157366208877
2014-08-11,0.0,1.0643487016579658,0.00021286974033159317,0.0,0.0,-0.00021286974033159317
2014-08-12,0.0,0.0,0.0,0.0,-0.0,-0.0
2014-08-13,0.0,0.0,0.0,0.0,0.0,0.0
2014-08-14,0.0,0.0,0.0,0.0,0.0,0.0
2014-08-15,0.0,0.0,0.0,0.0,-0.0,-0.0
2014-08-18,0.0,0.0,0.0,0.0,0.0,0.0
2014-08-19,0.0,0.0,0.0,0.0,0.0,0.0
2014-08-20,-1.4336085851041496,1.4336085851041496,0.00028672171702082995,5.16200696552559e-06,-0.003547820383826398,-0.0038397041078127537
2014-08-21,-1.4919532334616712,0.05834464835752162,1.1668929671504324e-05,5.856586112638943e-06,-0.004394618789113655,-0.004412144304897798
2014-08-22,-1.5511568842785222,0.05920365081685097,1.1840730163370194e-05,6.561391479506216e-06,0.00309389861654095,0.0030754964948980735
2014-08-25,-1.5468965527241194,0.004260331554402752,8.520663108805504e-07,6.510673246715707e-06,-0.007388525326199247,-0.007395888065756843
2014-08-26,-1.6050738077225553,0.058177254998435846,1.163545099968717e-05,7.203259615744705e-06,-0.001686176414010733,-0.0017050151246261647
2014-08-27,-1.6693873336417877,0.06431352591923245,1.286270518384649e-05,7.968896829068901e-06,-8.344606751883006e-05,-0.00010427766953174545
2014-08-28,-1.7291526733246234,0.059765339682835705,1.1953067936567142e-05,8.68038896815028e-06,0.002924568733269141,0.0029039352763644234
2014-08-29,0.0,1.7291526733246234,0.0003458305346649247,0.0,0.0,-0.0003458305346649247
2014-09-02,0.0,0.0,0.0,0.0,-0.0,-0.0
2014-09-03,0.0,0.0,0.0,0.0,-0.0,-0.0
2014-09-04,0.0,0.0,0.0,0.0,-0.0,-0.0
2014-09-05,0.0,0.0,0.0,0.0,0.0,0.0
2014-09-08,0.0,0.0,0.0,0.0,-0.0,-0.0
2014-09-09,0.0,0.0,0.0,0.0,-0.0,-0.0
2014-09-10,0.0,0.0,0.0,0.0,0.0,0.0
2014-09-11,0.0,0.0,0.0,0.0,0.0,0.0
2014-09-12,0.0,0.0,0.0,0.0,-0.0,-0.0
2014-09-15,0.0,0.0,0.0,0.0,-0.0,-0.0
2014-09-16,0.0,0.0,0.0,0.0,0.0,0.0
2014-09-17,0.0,0.0,0.0,0.0,0.0,0.0
2014-09-18,0.0,0.0,0.0,0.0,0.0,0.0
2014-09-19,0.0,0.0,0.0,0.0,-0.0,-0.0
2014-09-22,0.0,0.0,0.0,0.0,-0.0,-0.0
2014-09-23,0.0,0.0,0.0,0.0,-0.0,-0.0
2014-09-24,0.0,0.0,0.0,0.0,0.0,0.0
2014-09-25,0.0,0.0,0.0,0.0,-0.0,-0.0
2014-09-26,1.1590378589665438,1.1590378589665438,0.00023180757179330877,1.8933078448398067e-06,0.009897326930318709,0.00966362605068056
2014-09-29,1.2060879736689876,0.0470501147024438,9.41002294048876e-06,2.453428257964138e-06,-0.0030755856707698394,-0.003087449121968292
2014-09-30,1.209371835605661,0.0032838619366735156,6.567723873347032e-07,2.4925218524483463e-06,-0.0033739255551976455,-0.0033770748494374283
2014-10-01,1.2080703675918467,0.0013014680138143664,2.602936027628733e-07,2.477028185617223e-06,-0.01611216268410569,-0.01611490000589407
2014-10-02,1.029056603733021,0.17901376385882561,3.580275277176512e-05,3.459119492026322e-07,5.292775901253159e-06,-3.0855888819714594e-05
2014-10-03,1.0755320630673384,0.04647545933431729,9.29509186686346e-06,8.991912269921238e-07,0.011942316022571288,0.011932121739477431
2014-10-06,1.1189945555050749,0.04346249243773648,8.692498487547295e-06,1.4166018512508913e-06,-0.0017527774073840623,-0.0017628865077228605
2014-10-07,1.1421578884858254,0.023163332980750573,4.632666596150115e-06,1.6923558153074459e-06,-0.017408334939130393,-0.017414659961541852
2014-10-08,0.95825594159832,0.1839019468875055,3.67803893775011e-05,0.0,0.016588318294711416,0.016551537905333914
2014-10-09,0.9957507328122785,0.0374947912139586,7.4989582427917205e-06,0.0,-0.02078913289792716,-0.020796631856169954
2014-10-10,0.0,0.9957507328122785,0.0001991501465624557,0.0,-0.0,-0.0001991501465624557
2014-10-13,0.0,0.0,0.0,0.0,-0.0,-0.0
2014-10-14,-0.6728067305608738,0.6728067305608738,0.00013456134611217476,0.0,-0.0010614331395524135,-0.0011959944856645883
2014-10-15,-0.7101945880864141,0.0373878575255403,7.477571505108061e-06,0.0,0.005776226158939684,0.0057687485874345764
2014-10-16,-0.6950640528435517,0.015130535242862453,3.026107048572491e-06,0.0,-0.00010076148986866955,-0.00010378759691724204
2014-10-17,-0.7327199658439288,0.037655913000377184,7.531182600075437e-06,0.0,-0.009380144260443136,-0.009387675443043211
2014-10-20,-0.768265165294755,0.035545199450826126,7.109039890165225e-06,0.0,-0.006992070481282553,-0.006999179521172718
2014-10-21,0.0,0.768265165294755,0.000153653033058951,0.0,0.0,-0.000153653033058951
2014-10-22,0.0,0.0,0.0,0.0,-0.0,-0.0
2014-10-23,0.0,0.0,0.0,0.0,0.0,0.0
2014-10-24,-0.8546443963542805,0.8546443963542805,0.0001709288792708561,0.0,-0.006007030672386575,-0.006177959551657432
2014-10-27,-0.8957922996339417,0.041147903279661224,8.229580655932245e-06,0.0,0.0013461042927474865,0.0013378747120915543
2014-10-28,-0.9226789318286828,0.026886632194741078,5.377326438948216e-06,0.0,-0.01095068994115046,-0.010956067267589407
2014-10-29,-0.9634854229623911,0.04080649113370838,8.161298226741676e-06,0.0,0.0013356952486038118,0.0013275339503770701
2014-10-30,-0.991199128349576,0.027713705387184873,5.542741077436975e-06,0.0,-0.00615613681844796,-0.006161679559525397
2014-10-31,-1.0364790562165267,0.045279927866950676,9.055985573390136e-06,4.3427447876817495e-07,-0.012088573632919401,-0.012098063892971559
2014-11-03,-1.0797257285335466,0.04324667231701995,8.64933446340399e-06,9.491158158755553e-07,0.00012841061090304744,0.0001188121606237679
2014-11-04,-1.1254256603657955,0.04569993183224885,9.13998636644977e-06,1.4931626234023275e-06,0.003189291168261053,0.003178658019271201
2014-11-05,-1.128010353139405,0.0025846927736095093,5.169385547219019e-07,1.5239327754691073e-06,-0.006411961727052986,-0.0064140025983831775
2014-11-06,-1.1771843091338727,0.04917395599446772,9.834791198893544e-06,2.109337013498485e-06,-0.004436105640585472,-0.004448049768797865
2014-11-07,0.0,1.1771843091338727,0.00023543686182677455,0.0,0.0,-0.00023543686182677455
2014-11-10,0.0,0.0,0.0,0.0,0.0,0.0
2014-11-11,0.0,0.0,0.0,0.0,0.0,0.0
2014-11-12,0.0,0.0,0.0,0.0,-0.0,-0.0
2014-11-13,0.0,0.0,0.0,0.0,0.0,0.0
2014-11-14,0.0,0.0,0.0,0.0,0.0,0.0
2014-11-17,0.0,0.0,0.0,0.0,0.0,0.0
2014-11-18,0.0,0.0,0.0,0.0,0.0,0.0
2014-11-19,0.0,0.0,0.0,0.0,-0.0,-0.0
2014-11-20,0.0,0.0,0.0,0.0,0.0,0.0
2014-11-21,0.0,0.0,0.0,0.0,0.0,0.0
2014-11-24,0.0,0.0,0.0,0.0,0.0,0.0
2014-11-25,0.0,0.0,0.0,0.0,-0.0,-0.0
2014-11-26,0.0,0.0,0.0,0.0,0.0,0.0
2014-11-28,0.0,0.0,0.0,0.0,-0.0,-0.0
2014-12-01,0.0,0.0,0.0,0.0,-0.0,-0.0
2014-12-02,0.0,0.0,0.0,0.0,0.0,0.0
2014-12-03,0.0,0.0,0.0,0.0,0.0,0.0
2014-12-04,0.0,0.0,0.0,0.0,-0.0,-0.0
2014-12-05,0.0,0.0,0.0,0.0,0.0,0.0
2014-12-08,0.0,0.0,0.0,0.0,-0.0,-0.0
2014-12-09,0.0,0.0,0.0,0.0,-0.0,-0.0
2014-12-10,0.0,0.0,0.0,0.0,-0.0,-0.0
2014-12-11,1.2211174950826478,1.2211174950826478,0.00024422349901652955,2.632351131936283e-06,0.005526086595587143,0.005279230745438677
2014-12-12,1.2743808471775708,0.053263352094923055,1.0652670418984612e-05,3.2664386568758433e-06,-0.02083162292393243,-0.020845542033008292
2014-12-15,1.0164828504655459,0.25789799671202496,5.157959934240499e-05,1.9622441030411755e-07,-0.006467663126382717,-0.006519438950135426
2014-12-16,0.979025437547577,0.03745741291796889,7.491482583593779e-06,0.0,-0.008346446269911724,-0.008353937752495317
2014-12-17,0.9211166851650707,0.05790875238250626,1.1581750476501252e-05,0.0,0.01855872643832759,0.01854714468785109
2014-12-18,0.9578838362138714,0.036767151048800684,7.353430209760137e-06,0.0,0.02273190041415227,0.02272454698394251
2014-12-19,0.9935129126390212,0.035629076425149786,7.125815285029958e-06,0.0,0.004530059197589718,0.004522933382304689
2014-12-22,1.041464769020983,0.047951856381961866,9.590371276392373e-06,4.936282026307508e-07,0.0039609222215928955,0.003950838222113872
2014-12-23,1.0911044325968473,0.049639663575864246,9.92793271517285e-06,1.0845765785338966e-06,0.0019038011630370072,0.0018927886537433004
2014-12-24,1.1432442035319794,0.05213977093513211,1.0427954187026423e-05,1.7052881372854692e-06,-0.0001592610526248223,-0.00017139429494913421
2014-12-26,-1.1908753882799668,2.3341195918119464,0.0004668239183623893,2.272326050951985e-06,-0.003934783257878179,-0.00440387950229152
2014-12-29,-1.2445850524471187,0.05370966416715195,1.074193283343039e-05,2.9117268148466514e-06,-0.0010720898307270226,-0.0010857434903752995
2014-12-30,-1.3013843422869742,0.056799289839855494,1.1359857967971099e-05,3.587908836749693e-06,0.006377555043024375,0.006362607276219654
2014-12-31,0.0,1.3013843422869742,0.00026027686845739485,0.0,-0.0,-0.00026027686845739485
2015-01-02,0.0,0.0,0.0,0.0,-0.0,-0.0
2015-01-05,0.0,0.0,0.0,0.0,-0.0,-0.0
2015-01-06,0.9101916236940385,0.9101916236940385,0.0001820383247388077,0.0,-0.008130973591800162,-0.00831301191653897
2015-01-07,0.8593708200548545,0.050820803639183953,1.0164160727836791e-05,0.0,0.00993667778508892,0.009926513624361083
2015-01-08,0.9002129201605855,0.04084210010573097,8.168420021146195e-06,0.0,0.015960926424684434,0.015952758004663288
2015-01-09,0.0,0.9002129201605855,0.00018004258403211712,0.0,-0.0,-0.00018004258403211712
2015-01-12,0.0,0.0,0.0,0.0,-0.0,-0.0
2015-01-13,0.0,0.0,0.0,0.0,-0.0,-0.0
2015-01-14,0.0,0.0,0.0,0.0,-0.0,-0.0
2015-01-15,0.0,0.0,0.0,0.0,-0.0,-0.0
2015-01-16,0.0,0.0,0.0,0.0,0.0,0.0
2015-01-20,0.0,0.0,0.0,0.0,0.0,0.0
2015-01-21,0.0,0.0,0.0,0.0,0.0,0.0
2015-01-22,0.0,0.0,0.0,0.0,0.0,0.0
2015-01-23,0.0,0.0,0.0,0.0,-0.0,-0.0
2015-01-26,0.0,0.0,0.0,0.0,0.0,0.0
2015-01-27,0.0,0.0,0.0,0.0,-0.0,-0.0
2015-01-28,0.0,0.0,0.0,0.0,-0.0,-0.0
2015-01-29,0.0,0.0,0.0,0.0,0.0,0.0
2015-01-30,0.0,0.0,0.0,0.0,-0.0,-0.0
2015-02-02,0.0,0.0,0.0,0.0,0.0,0.0
2015-02-03,0.0,0.0,0.0,0.0,0.0,0.0
2015-02-04,0.0,0.0,0.0,0.0,-0.0,-0.0
2015-02-05,0.0,0.0,0.0,0.0,0.0,0.0
2015-02-06,0.0,0.0,0.0,0.0,-0.0,-0.0
2015-02-09,0.0,0.0,0.0,0.0,-0.0,-0.0
2015-02-10,0.0,0.0,0.0,0.0,0.0,0.0
2015-02-11,0.0,0.0,0.0,0.0,-0.0,-0.0
2015-02-12,0.0,0.0,0.0,0.0,0.0,0.0
2015-02-13,0.0,0.0,0.0,0.0,0.0,0.0
2015-02-17,0.0,0.0,0.0,0.0,0.0,0.0
2015-02-18,0.0,0.0,0.0,0.0,-0.0,-0.0
2015-02-19,0.0,0.0,0.0,0.0,-0.0,-0.0
2015-02-20,0.0,0.0,0.0,0.0,0.0,0.0
2015-02-23,0.0,0.0,0.0,0.0,-0.0,-0.0
2015-02-24,0.0,0.0,0.0,0.0,0.0,0.0
2015-02-25,0.0,0.0,0.0,0.0,-0.0,-0.0
2015-02-26,0.0,0.0,0.0,0.0,-0.0,-0.0
2015-02-27,0.0,0.0,0.0,0.0,-0.0,-0.0
2015-03-02,0.0,0.0,0.0,0.0,0.0,0.0
2015-03-03,0.0,0.0,0.0,0.0,-0.0,-0.0
2015-03-04,0.0,0.0,0.0,0.0,-0.0,-0.0
2015-03-05,0.0,0.0,0.0,0.0,0.0,0.0
2015-03-06,0.0,0.0,0.0,0.0,-0.0,-0.0
2015-03-09,0.0,0.0,0.0,0.0,0.0,0.0
2015-03-10,0.0,0.0,0.0,0.0,-0.0,-0.0
2015-03-11,0.937782862591256,0.937782862591256,0.0001875565725182512,0.0,-0.0018000935947972076,-0.001987650167315459
2015-03-12,0.9603194631742031,0.022536600582947153,4.5073201165894305e-06,0.0,0.012025794659991861,0.012021287339875272
2015-03-13,1.0039330947009704,0.04361363152676723,8.722726305353446e-06,4.68225559639329e-08,-0.006117202368707407,-0.006125971917568724
2015-03-16,0.9706423379874247,0.033290756713545644,6.658151342709129e-06,0.0,0.013048256644267448,0.013041598492924739
2015-03-17,0.0,0.9706423379874247,0.00019412846759748497,0.0,-0.0,-0.00019412846759748497
2015-03-18,0.0,0.0,0.0,0.0,0.0,0.0
2015-03-19,0.0,0.0,0.0,0.0,-0.0,-0.0
2015-03-20,0.0,0.0,0.0,0.0,0.0,0.0
2015-03-23,0.0,0.0,0.0,0.0,-0.0,-0.0
2015-03-24,0.0,0.0,0.0,0.0,-0.0,-0.0
2015-03-25,0.0,0.0,0.0,0.0,-0.0,-0.0
2015-03-26,0.0,0.0,0.0,0.0,-0.0,-0.0
2015-03-27,0.0,0.0,0.0,0.0,0.0,0.0
2015-03-30,0.0,0.0,0.0,0.0,0.0,0.0
2015-03-31,0.0,0.0,0.0,0.0,-0.0,-0.0
2015-04-01,0.0,0.0,0.0,0.0,-0.0,-0.0
2015-04-02,0.0,0.0,0.0,0.0,0.0,0.0
2015-04-06,0.0,0.0,0.0,0.0,0.0,0.0
2015-04-07,0.0,0.0,0.0,0.0,-0.0,-0.0
2015-04-08,0.0,0.0,0.0,0.0,0.0,0.0
2015-04-09,0.0,0.0,0.0,0.0,0.0,0.0
2015-04-10,0.0,0.0,0.0,0.0,0.0,0.0
2015-04-13,0.0,0.0,0.0,0.0,-0.0,-0.0
2015-04-14,0.0,0.0,0.0,0.0,0.0,0.0
2015-04-15,0.0,0.0,0.0,0.0,0.0,0.0
2015-04-16,0.0,0.0,0.0,0.0,-0.0,-0.0
2015-04-17,0.0,0.0,0.0,0.0,-0.0,-0.0
2015-04-20,0.0,0.0,0.0,0.0,0.0,0.0
2015-04-21,0.0,0.0,0.0,0.0,-0.0,-0.0
2015-04-22,0.0,0.0,0.0,0.0,0.0,0.0
2015-04-23,0.0,0.0,0.0,0.0,0.0,0.0
2015-04-24,0.0,0.0,0.0,0.0,0.0,0.0
2015-04-27,0.0,0.0,0.0,0.0,-0.0,-0.0
2015-04-28,0.0,0.0,0.0,0.0,0.0,0.0
2015-04-29,0.0,0.0,0.0,0.0,-0.0,-0.0
2015-04-30,0.0,0.0,0.0,0.0,-0.0,-0.0
2015-05-01,0.0,0.0,0.0,0.0,0.0,0.0
2015-05-04,0.0,0.0,0.0,0.0,0.0,0.0
2015-05-05,0.0,0.0,0.0,0.0,-0.0,-0.0
2015-05-06,0.0,0.0,0.0,0.0,-0.0,-0.0
2015-05-07,0.0,0.0,0.0,0.0,0.0,0.0
2015-05-08,0.0,0.0,0.0,0.0,0.0,0.0
2015-05-11,0.0,0.0,0.0,0.0,-0.0,-0.0
2015-05-12,0.0,0.0,0.0,0.0,-0.0,-0.0
2015-05-13,0.0,0.0,0.0,0.0,-0.0,-0.0
2015-05-14,0.0,0.0,0.0,0.0,0.0,0.0
2015-05-15,0.0,0.0,0.0,0.0,0.0,0.0
2015-05-18,0.0,0.0,0.0,0.0,0.0,0.0
2015-05-19,0.0,0.0,0.0,0.0,-0.0,-0.0
2015-05-20,0.0,0.0,0.0,0.0,-0.0,-0.0
2015-05-21,0.0,0.0,0.0,0.0,0.0,0.0
2015-05-22,0.0,0.0,0.0,0.0,-0.0,-0.0
2015-05-26,0.0,0.0,0.0,0.0,-0.0,-0.0
2015-05-27,0.0,0.0,0.0,0.0,0.0,0.0
2015-05-28,0.0,0.0,0.0,0.0,-0.0,-0.0
2015-05-29,0.0,0.0,0.0,0.0,-0.0,-0.0
2015-06-01,0.0,0.0,0.0,0.0,0.0,0.0
2015-06-02,0.0,0.0,0.0,0.0,-0.0,-0.0
2015-06-03,0.0,0.0,0.0,0.0,0.0,0.0
2015-06-04,0.0,0.0,0.0,0.0,-0.0,-0.0
2015-06-05,0.0,0.0,0.0,0.0,-0.0,-0.0
2015-06-08,0.0,0.0,0.0,0.0,-0.0,-0.0
2015-06-09,0.0,0.0,0.0,0.0,0.0,0.0
2015-06-10,0.0,0.0,0.0,0.0,0.0,0.0
2015-06-11,0.0,0.0,0.0,0.0,0.0,0.0
2015-06-12,0.0,0.0,0.0,0.0,-0.0,-0.0
2015-06-15,0.0,0.0,0.0,0.0,-0.0,-0.0
2015-06-16,0.0,0.0,0.0,0.0,0.0,0.0
2015-06-17,0.0,0.0,0.0,0.0,0.0,0.0
2015-06-18,0.0,0.0,0.0,0.0,0.0,0.0
2015-06-19,0.0,0.0,0.0,0.0,-0.0,-0.0
2015-06-22,0.0,0.0,0.0,0.0,0.0,0.0
2015-06-23,0.0,0.0,0.0,0.0,0.0,0.0
2015-06-24,0.0,0.0,0.0,0.0,-0.0,-0.0
2015-06-25,0.0,0.0,0.0,0.0,-0.0,-0.0
2015-06-26,0.0,0.0,0.0,0.0,-0.0,-0.0
2015-06-29,0.0,0.0,0.0,0.0,-0.0,-0.0
2015-06-30,0.9515455105937592,0.9515455105937592,0.00019030910211875185,0.0,0.0025263175072859907,0.002336008405167239
2015-07-01,0.9994138232743395,0.04786831268058023,9.573662536116045e-06,0.0,0.006908044724581394,0.006898471062045278
2015-07-02,1.0466262046657813,0.04721238139144179,9.44247627828836e-06,5.550738650688247e-07,-0.00032243433325624446,-0.00033243188339960163
2015-07-06,1.090303513336582,0.04367730867080066,8.735461734160133e-06,1.075041825435499e-06,-0.004218638005524512,-0.004228448509084107
2015-07-07,1.0790205779295727,0.011282935407009198,2.25658708140184e-06,9.407211658282469e-07,0.006541627635729691,0.006538430327482461
2015-07-08,1.1285970409940786,0.049576463064505916,9.915292612901183e-06,1.5309171546914125e-06,-0.018952490509360622,-0.018963936719128216
2015-07-09,-0.9218032543198906,2.0504002953139695,0.00041008005906279394,0.0,-0.002082950552611352,-0.002493030611674146
2015-07-10,0.0,0.9218032543198906,0.00018436065086397814,0.0,0.0,-0.00018436065086397814
2015-07-13,0.0,0.0,0.0,0.0,0.0,0.0
2015-07-14,0.0,0.0,0.0,0.0,0.0,0.0
2015-07-15,0.0,0.0,0.0,0.0,-0.0,-0.0
2015-07-16,-1.1451738894250123,1.1451738894250123,0.00022903477788500248,1.7282605883930036e-06,-0.009141617906852561,-0.009372380945325956
2015-07-17,-1.1953657511626161,0.050191861737603816,1.0038372347520764e-05,2.3257827519359062e-06,-0.0013215624553255846,-0.0013339266104250413
2015-07-20,-1.2508277348977552,0.05546198373513911,1.1092396747027823e-05,2.9860444630685147e-06,-0.0009643089111496438,-0.0009783873523597402
2015-07-21,-1.308112045306856,0.05728431040910076,1.1456862081820152e-05,3.6680005393673334e-06,0.005586680008157612,0.005571555145536425
2015-07-22,-1.2670246449368836,0.04108740036997238,8.217480073994477e-06,3.178864820677186e-06,0.0030289047959045153,0.0030175084510098435
2015-07-23,0.0,1.2670246449368836,0.00025340492898737676,0.0,-0.0,-0.00025340492898737676
2015-07-24,0.0,0.0,0.0,0.0,-0.0,-0.0
2015-07-27,0.0,0.0,0.0,0.0,-0.0,-0.0
2015-07-28,0.0,0.0,0.0,0.0,0.0,0.0
2015-07-29,0.0,0.0,0.0,0.0,0.0,0.0
2015-07-30,0.0,0.0,0.0,0.0,0.0,0.0
2015-07-31,0.0,0.0,0.0,0.0,-0.0,-0.0
2015-08-03,0.0,0.0,0.0,0.0,-0.0,-0.0
2015-08-04,0.0,0.0,0.0,0.0,-0.0,-0.0
2015-08-05,0.0,0.0,0.0,0.0,0.0,0.0
2015-08-06,0.0,0.0,0.0,0.0,-0.0,-0.0
2015-08-07,0.0,0.0,0.0,0.0,-0.0,-0.0
2015-08-10,0.0,0.0,0.0,0.0,0.0,0.0
2015-08-11,0.0,0.0,0.0,0.0,-0.0,-0.0
2015-08-12,0.0,0.0,0.0,0.0,0.0,0.0
2015-08-13,0.0,0.0,0.0,0.0,-0.0,-0.0
2015-08-14,0.0,0.0,0.0,0.0,0.0,0.0
2015-08-17,0.0,0.0,0.0,0.0,0.0,0.0
2015-08-18,0.0,0.0,0.0,0.0,-0.0,-0.0
2015-08-19,0.0,0.0,0.0,0.0,-0.0,-0.0
2015-08-20,0.0,0.0,0.0,0.0,-0.0,-0.0
2015-08-21,-0.8707079542220482,0.8707079542220482,0.00017414159084440964,0.0,0.0281841569359419,0.028010015345097488
2015-08-24,-0.6323458997113047,0.23836205451074344,4.767241090214869e-05,0.0,0.025427541953990555,0.025379869543088407
2015-08-25,-0.4771132474041224,0.1552326523071823,3.104653046143646e-05,0.0,0.006495538905689485,0.006464492375228048
2015-08-26,-0.46550558762599553,0.011607659778126889,2.3215319556253777e-06,0.0,-0.01782481384423491,-0.017827135376190534
2015-08-27,0.49039113951527397,0.9558967271412695,0.0001911793454282539,0.0,0.011772944885832158,0.011581765540403905
2015-08-28,0.0,0.49039113951527397,9.80782279030548e-05,0.0,0.0,-9.80782279030548e-05
2015-08-31,0.0,0.0,0.0,0.0,-0.0,-0.0
2015-09-01,0.0,0.0,0.0,0.0,-0.0,-0.0
2015-09-02,-0.46794463152664634,0.46794463152664634,9.358892630532927e-05,0.0,-0.008482746524572225,-0.008576335450877555
2015-09-03,-0.49645347960096947,0.028508848074323134,5.701769614864627e-06,0.0,-0.0005779292896346788,-0.0005836310592495435
2015-09-04,-0.527974842772316,0.03152136317134652,6.3042726342693035e-06,0.0,0.008156318385637275,0.008150014113003005
2015-09-08,-0.5027044350849028,0.025270407687413177,5.054081537482636e-06,0.0,-0.012453817292135724,-0.012458871373673207
2015-09-09,0.5316921323943161,1.0343965674792188,0.00020687931349584377,0.0,-0.0074410504109995316,-0.0076479297244953755
2015-09-10,0.5109775843514556,0.020714548042860548,4.14290960857211e-06,0.0,0.0026898245546972113,0.0026856816450886393
2015-09-11,0.5426180527705979,0.031640468419142365,6.328093683828473e-06,0.0,0.002429304519419883,0.0024229764257360548
2015-09-14,0.5756320226146365,0.03301396984403859,6.602793968807719e-06,0.0,-0.0023589637579792067,-0.0023655665519480146
2015-09-15,0.590819975885024,0.015187953270387466,3.0375906540774935e-06,0.0,0.007532770138944834,0.0075297325482907565
2015-09-16,0.0,0.590819975885024,0.00011816399517700481,0.0,0.0,-0.00011816399517700481
2015-09-17,0.0,0.0,0.0,0.0,-0.0,-0.0
2015-09-18,0.0,0.0,0.0,0.0,-0.0,-0.0
2015-09-21,0.0,0.0,0.0,0.0,0.0,0.0
2015-09-22,0.0,0.0,0.0,0.0,-0.0,-0.0
2015-09-23,0.0,0.0,0.0,0.0,-0.0,-0.0
2015-09-24,0.0,0.0,0.0,0.0,-0.0,-0.0
2015-09-25,0.0,0.0,0.0,0.0,-0.0,-0.0
2015-09-28,0.0,0.0,0.0,0.0,-0.0,-0.0
2015-09-29,-0.5805593837101893,0.5805593837101893,0.00011611187674203787,0.0,-0.0007153036827939635,-0.0008314155595360014
2015-09-30,-0.6155576982890814,0.03499831457889202,6.999662915778404e-06,0.0,-0.011631515851514031,-0.01163851551442981
2015-10-01,-0.6491882684779944,0.03363057018891302,6.726114037782605e-06,0.0,-0.001280159456134901,-0.0012868855701726836
2015-10-02,0.0,0.6491882684779944,0.00012983765369559887,0.0,0.0,-0.00012983765369559887
2015-10-05,0.0,0.0,0.0,0.0,0.0,0.0
2015-10-06,-0.760508524804936,0.760508524804936,0.0001521017049609872,0.0,0.0027337918902462922,0.002581690185285305
2015-10-07,-0.7727516590578858,0.012243134252949761,2.4486268505899525e-06,0.0,-0.006184733248226738,-0.006187181875077328
2015-10-08,-0.8137607352185543,0.04100907616066851,8.201815232133703e-06,0.0,-0.007144640345493027,-0.007152842160725161
2015-10-09,-0.8558863707104077,0.04212563549185344,8.425127098370689e-06,0.0,-0.0006203880037739323,-0.000628813130872303
2015-10-12,-0.9019489440836754,0.04606257337326769,9.212514674653538e-06,0.0,-0.0011496822793915595,-0.0011588947940662131
2015-10-13,-0.949669746034524,0.0477208019508486,9.544160390169721e-06,0.0,0.006504120654438519,0.006494576494048349
2015-10-14,-0.9141019265643457,0.035567819470178286,7.113563894035657e-06,0.0,0.00432135370430319,0.004314240140409154
2015-10-15,0.0,0.9141019265643457,0.00018282038531286916,0.0,0.0,-0.00018282038531286916
2015-10-16,0.0,0.0,0.0,0.0,0.0,0.0
2015-10-19,0.0,0.0,0.0,0.0,0.0,0.0
2015-10-20,0.0,0.0,0.0,0.0,-0.0,-0.0
2015-10-21,0.0,0.0,0.0,0.0,-0.0,-0.0
2015-10-22,0.0,0.0,0.0,0.0,0.0,0.0
2015-10-23,0.0,0.0,0.0,0.0,0.0,0.0
2015-10-26,0.0,0.0,0.0,0.0,-0.0,-0.0
2015-10-27,0.0,0.0,0.0,0.0,-0.0,-0.0
2015-10-28,0.0,0.0,0.0,0.0,0.0,0.0
2015-10-29,-1.2016706892389435,1.2016706892389435,0.00024033413784778872,2.4008415385588512e-06,0.0005406020587504158,0.00029786707936406827
2015-10-30,-1.2462023306763297,0.044531641437386194,8.906328287477239e-06,2.930980127099163e-06,0.006008541717428231,0.005996704409013654
2015-11-02,0.0,1.2462023306763297,0.00024924046613526593,0.0,0.0,-0.00024924046613526593
2015-11-03,0.0,0.0,0.0,0.0,0.0,0.0
2015-11-04,0.0,0.0,0.0,0.0,-0.0,-0.0
2015-11-05,0.0,0.0,0.0,0.0,-0.0,-0.0
2015-11-06,0.0,0.0,0.0,0.0,-0.0,-0.0
2015-11-09,0.0,0.0,0.0,0.0,-0.0,-0.0
2015-11-10,0.0,0.0,0.0,0.0,0.0,0.0
2015-11-11,0.0,0.0,0.0,0.0,-0.0,-0.0
2015-11-12,0.0,0.0,0.0,0.0,-0.0,-0.0
2015-11-13,1.0176326344207651,1.0176326344207651,0.00020352652688415302,2.0991231453291817e-07,-0.011469371514582983,-0.011673107953781669
2015-11-16,0.9155371971663975,0.10209543725436765,2.041908745087353e-05,0.0,0.013543818977066923,0.01352339988961605
2015-11-17,0.95916623317758,0.04362903601118251,8.725807202236502e-06,0.0,-0.001285548459005878,-0.0012942742662081146
2015-11-18,0.9887399997855266,0.02957376660794664,5.914753321589328e-06,0.0,0.015852695705316045,0.015846780951994457
2015-11-19,0.0,0.9887399997855266,0.00019774799995710533,0.0,-0.0,-0.00019774799995710533
2015-11-20,0.0,0.0,0.0,0.0,0.0,0.0
2015-11-23,-1.1173007011198115,1.1173007011198115,0.0002234601402239623,1.396436918092994e-06,0.0013805633846343352,0.0011557068074922801
2015-11-24,-1.1467244349530927,0.02942373383328123,5.884746766656246e-06,1.7467194637272944e-06,-0.0014004371530716689,-0.0014080686193020523
2015-11-25,-1.201685261783109,0.05496082683001635,1.099216536600327e-05,2.401015021227489e-06,0.0001551863737034511,0.00014179319331622035
2015-11-27,0.0,1.201685261783109,0.00024033705235662183,0.0,0.0,-0.00024033705235662183
2015-11-30,0.0,0.0,0.0,0.0,-0.0,-0.0
2015-12-01,0.0,0.0,0.0,0.0,0.0,0.0
2015-12-02,0.0,0.0,0.0,0.0,-0.0,-0.0
2015-12-03,0.0,0.0,0.0,0.0,-0.0,-0.0
2015-12-04,0.0,0.0,0.0,0.0,0.0,0.0
2015-12-07,0.0,0.0,0.0,0.0,-0.0,-0.0
2015-12-08,0.0,0.0,0.0,0.0,-0.0,-0.0
2015-12-09,0.0,0.0,0.0,0.0,-0.0,-0.0
2015-12-10,0.0,0.0,0.0,0.0,0.0,0.0
2015-12-11,0.0,0.0,0.0,0.0,-0.0,-0.0
2015-12-14,0.7599052868827529,0.7599052868827529,0.0001519810573765506,0.0,0.0036052095823801656,0.0034532285250036153
2015-12-15,0.8016281573024066,0.04172287041965361,8.344574083930723e-06,0.0,0.008467261626663298,0.008458917052579368
2015-12-16,0.8434043000229479,0.04177614272054131,8.355228544108262e-06,0.0,0.01215399207392417,0.01214563684538006
2015-12-17,0.8855186366224366,0.04211433659948871,8.422867319897742e-06,0.0,-0.013419837144918737,-0.013428260012238635
2015-12-18,0.0,0.8855186366224366,0.00017710372732448733,0.0,-0.0,-0.00017710372732448733
2015-12-21,0.0,0.0,0.0,0.0,0.0,0.0
2015-12-22,0.0,0.0,0.0,0.0,0.0,0.0
2015-12-23,0.0,0.0,0.0,0.0,0.0,0.0
2015-12-24,0.0,0.0,0.0,0.0,-0.0,-0.0
2015-12-28,0.0,0.0,0.0,0.0,-0.0,-0.0
2015-12-29,0.0,0.0,0.0,0.0,0.0,0.0
2015-12-30,0.0,0.0,0.0,0.0,-0.0,-0.0
2015-12-31,0.0,0.0,0.0,0.0,-0.0,-0.0
2016-01-04,0.0,0.0,0.0,0.0,-0.0,-0.0
2016-01-05,0.0,0.0,0.0,0.0,0.0,0.0
2016-01-06,0.0,0.0,0.0,0.0,-0.0,-0.0
2016-01-07,-0.703041904900426,0.703041904900426,0.0001406083809800852,0.0,0.016863034136352484,0.0167224257553724
2016-01-08,-0.5926010993259556,0.11044080557447034,2.208816111489407e-05,0.0,0.006457892670355113,0.006435804509240219
2016-01-11,-0.575768890154279,0.016832209171676604,3.366441834335321e-06,0.0,-0.000491078062889156,-0.0004944445047234912
2016-01-12,-0.6109336392622827,0.03516474910800371,7.032949821600743e-06,0.0,-0.004748490336189262,-0.004755523286010863
2016-01-13,-0.6466244676175306,0.03569082835524784,7.138165671049568e-06,0.0,0.016348202324859566,0.016341064159188515
2016-01-14,-0.5497519628220825,0.09687250479544807,1.9374500959089615e-05,0.0,-0.009102826499205524,-0.009122201000164613
2016-01-15,-0.5820689976661191,0.032317034844036585,6.463406968807317e-06,0.0,0.012709926327684714,0.012703462920715907
2016-01-19,-0.5204095581008555,0.06165943956526354,1.2331887913052708e-05,0.0,-0.00027669145139069774,-0.0002890233393037505
2016-01-20,-0.5531815875806044,0.03277202947974889,6.554405895949778e-06,0.0,0.006506945584545841,0.006500391178649891
2016-01-21,-0.5378183236538858,0.015363263926718607,3.0726527853437213e-06,0.0,-0.0027869684413793084,-0.0027900410941646523
2016-01-22,0.0,0.5378183236538858,0.00010756366473077716,0.0,0.0,-0.00010756366473077716
2016-01-25,0.0,0.0,0.0,0.0,-0.0,-0.0
2016-01-26,-0.5628123740405985,0.5628123740405985,0.0001125624748081197,0.0,-0.007904833647274295,-0.008017396122082415
2016-01-27,0.0,0.5628123740405985,0.0001125624748081197,0.0,-0.0,-0.0001125624748081197
2016-01-28,0.0,0.0,0.0,0.0,0.0,0.0
2016-01-29,0.0,0.0,0.0,0.0,0.0,0.0
2016-02-01,0.0,0.0,0.0,0.0,-0.0,-0.0
2016-02-02,0.0,0.0,0.0,0.0,-0.0,-0.0
2016-02-03,0.0,0.0,0.0,0.0,0.0,0.0
2016-02-04,0.0,0.0,0.0,0.0,0.0,0.0
2016-02-05,0.0,0.0,0.0,0.0,-0.0,-0.0
2016-02-08,-0.6058653682014787,0.6058653682014787,0.00012117307364029575,0.0,0.008636645917286275,0.008515472843645979
2016-02-09,-0.5716283512155909,0.03423701698588788,6.8474033971775764e-06,0.0,0.0003794701343775961,0.0003726227309804185
2016-02-10,-0.6024620043030906,0.030833653087499746,6.1667306174999495e-06,0.0,0.00011384611880762031,0.00010767938819012036
2016-02-11,-0.6365860242897404,0.03412401998664982,6.8248039973299645e-06,0.0,0.007879309986186807,0.007872485182189477
2016-02-12,-0.6061680749846333,0.030417949305107106,6.0835898610214215e-06,0.0,-0.011717238107478944,-0.011723321697339965
2016-02-16,0.6400742367646203,1.2462423117492536,0.0002492484623498507,0.0,0.010485528281886944,0.010236279819537094
2016-02-17,0.0,0.6400742367646203,0.00012801484735292407,0.0,0.0,-0.00012801484735292407
2016-02-18,0.0,0.0,0.0,0.0,-0.0,-0.0
2016-02-19,0.0,0.0,0.0,0.0,-0.0,-0.0
2016-02-22,-0.7579531693877634,0.7579531693877634,0.0001515906338775527,0.0,-0.01087718211957665,-0.011028772753454203
2016-02-23,-0.7974614216132339,0.0395082522254705,7.9016504450941e-06,0.0,0.009994247126079285,0.00998634547563419
2016-02-24,-0.7350527330432887,0.06240868856994519,1.2481737713989039e-05,0.0,-0.0032562542307289404,-0.0032687359684429296
2016-02-25,0.0,0.7350527330432887,0.00014701054660865774,0.0,0.0,-0.00014701054660865774
2016-02-26,0.0,0.0,0.0,0.0,-0.0,-0.0
2016-02-29,0.0,0.0,0.0,0.0,-0.0,-0.0
2016-03-01,0.0,0.0,0.0,0.0,0.0,0.0
2016-03-02,0.0,0.0,0.0,0.0,0.0,0.0
2016-03-03,0.0,0.0,0.0,0.0,0.0,0.0
2016-03-04,0.0,0.0,0.0,0.0,0.0,0.0
2016-03-07,0.0,0.0,0.0,0.0,0.0,0.0
2016-03-08,-1.037321663586548,1.037321663586548,0.00020746433271730963,4.443055188874773e-07,0.011725631036792661,0.011517722398556465
2016-03-09,0.0,1.037321663586548,0.00020746433271730963,0.0,0.0,-0.00020746433271730963
2016-03-10,0.0,0.0,0.0,0.0,0.0,0.0
2016-03-11,0.0,0.0,0.0,0.0,0.0,0.0
2016-03-14,0.0,0.0,0.0,0.0,-0.0,-0.0
2016-03-15,0.0,0.0,0.0,0.0,-0.0,-0.0
2016-03-16,0.0,0.0,0.0,0.0,0.0,0.0
2016-03-17,0.0,0.0,0.0,0.0,0.0,0.0
2016-03-18,0.0,0.0,0.0,0.0,0.0,0.0
2016-03-21,0.0,0.0,0.0,0.0,0.0,0.0
2016-03-22,0.0,0.0,0.0,0.0,-0.0,-0.0
2016-03-23,0.0,0.0,0.0,0.0,-0.0,-0.0
2016-03-24,0.0,0.0,0.0,0.0,-0.0,-0.0
2016-03-28,0.0,0.0,0.0,0.0,0.0,0.0
2016-03-29,0.0,0.0,0.0,0.0,0.0,0.0
2016-03-30,0.0,0.0,0.0,0.0,0.0,0.0
2016-03-31,0.0,0.0,0.0,0.0,-0.0,-0.0
2016-04-01,0.0,0.0,0.0,0.0,0.0,0.0
2016-04-04,0.0,0.0,0.0,0.0,-0.0,-0.0
2016-04-05,0.0,0.0,0.0,0.0,-0.0,-0.0
2016-04-06,0.0,0.0,0.0,0.0,0.0,0.0
2016-04-07,0.0,0.0,0.0,0.0,-0.0,-0.0
2016-04-08,0.0,0.0,0.0,0.0,0.0,0.0
2016-04-11,0.0,0.0,0.0,0.0,-0.0,-0.0
2016-04-12,0.0,0.0,0.0,0.0,0.0,0.0
2016-04-13,0.0,0.0,0.0,0.0,0.0,0.0
2016-04-14,0.0,0.0,0.0,0.0,0.0,0.0
2016-04-15,0.0,0.0,0.0,0.0,-0.0,-0.0
2016-04-18,0.0,0.0,0.0,0.0,0.0,0.0
2016-04-19,-1.4304626225689814,1.4304626225689814,0.00028609252451379627,5.124555030583112e-06,-0.004405449957359365,-0.004696667036903744
2016-04-20,-1.4925689769734074,0.06210635440442602,1.2421270880885206e-05,5.863916392540565e-06,-0.0011362256700522264,-0.0011545108573256522
2016-04-21,-1.557683536798283,0.06511455982487568,1.3022911964975138e-05,6.639089723789085e-06,0.008111734929647067,0.008092072927958303
2016-04-22,-1.4508141274391584,0.1068694093591247,2.137388187182494e-05,5.366834850466171e-06,-6.943390331746968e-05,-9.617462003976079e-05
2016-04-25,-1.5099592480899597,0.05914512065080135,1.182902413016027e-05,6.070943429642378e-06,0.002738597416035109,0.002720697448475306
2016-04-26,0.0,1.5099592480899597,0.00030199184961799194,0.0,0.0,-0.00030199184961799194
2016-04-27,0.0,0.0,0.0,0.0,0.0,0.0
2016-04-28,0.0,0.0,0.0,0.0,-0.0,-0.0
2016-04-29,0.0,0.0,0.0,0.0,-0.0,-0.0
2016-05-02,0.0,0.0,0.0,0.0,0.0,0.0
2016-05-03,0.0,0.0,0.0,0.0,-0.0,-0.0
2016-05-04,0.0,0.0,0.0,0.0,-0.0,-0.0
2016-05-05,0.0,0.0,0.0,0.0,-0.0,-0.0
2016-05-06,0.0,0.0,0.0,0.0,0.0,0.0
2016-05-09,0.0,0.0,0.0,0.0,0.0,0.0
2016-05-10,0.0,0.0,0.0,0.0,0.0,0.0
2016-05-11,0.0,0.0,0.0,0.0,-0.0,-0.0
2016-05-12,0.0,0.0,0.0,0.0,-0.0,-0.0
2016-05-13,0.0,0.0,0.0,0.0,-0.0,-0.0
2016-05-16,0.0,0.0,0.0,0.0,0.0,0.0
2016-05-17,0.0,0.0,0.0,0.0,-0.0,-0.0
2016-05-18,0.0,0.0,0.0,0.0,0.0,0.0
2016-05-19,0.0,0.0,0.0,0.0,-0.0,-0.0
2016-05-20,0.0,0.0,0.0,0.0,0.0,0.0
2016-05-23,0.0,0.0,0.0,0.0,-0.0,-0.0
2016-05-24,0.0,0.0,0.0,0.0,0.0,0.0
2016-05-25,0.0,0.0,0.0,0.0,0.0,0.0
2016-05-26,0.0,0.0,0.0,0.0,-0.0,-0.0
2016-05-27,0.0,0.0,0.0,0.0,0.0,0.0
2016-05-31,0.0,0.0,0.0,0.0,-0.0,-0.0
2016-06-01,-1.4125614013338499,1.4125614013338499,0.00028251228026677,4.911445253974404e-06,-0.001602407752261226,-0.0018898314777819705
2016-06-02,-1.4751419218177386,0.06258052048388874,1.2516104096777747e-05,5.6564514502111745e-06,-0.004160927164631805,-0.004179099720178794
2016-06-03,-1.538486917123724,0.06334499530598547,1.2668999061197096e-05,6.410558537187192e-06,0.004486323600673495,0.004467244043075111
2016-06-06,-1.5047710665369967,0.033715850586727436,6.743170117345488e-06,6.0091793635356744e-06,-0.00735130100646622,-0.007364053355947101
2016-06-07,-1.5675476589223811,0.06277659238538447,1.2555318477076894e-05,6.756519749075966e-06,-0.002019966412798705,-0.002039278251024858
2016-06-08,-1.6342286639494383,0.0666810050270572,1.3336201005411442e-05,7.550341237493314e-06,-0.005399658151181051,-0.005420544693423956
2016-06-09,-1.701139032873973,0.06691036892453472,1.3382073784906946e-05,8.346893248499679e-06,0.0029246587822832257,0.002902929815249819
2016-06-10,-1.695439666257787,0.005699366616185975,1.139873323237195e-06,8.279043645926037e-06,0.01562777007321252,0.015618351156243356
2016-06-13,0.0,1.695439666257787,0.00033908793325155743,0.0,-0.0,-0.00033908793325155743
2016-06-14,0.0,0.0,0.0,0.0,-0.0,-0.0
2016-06-15,0.0,0.0,0.0,0.0,-0.0,-0.0
2016-06-16,0.0,0.0,0.0,0.0,0.0,0.0
2016-06-17,0.0,0.0,0.0,0.0,-0.0,-0.0
2016-06-20,0.0,0.0,0.0,0.0,0.0,0.0
2016-06-21,0.0,0.0,0.0,0.0,0.0,0.0
2016-06-22,0.0,0.0,0.0,0.0,-0.0,-0.0
2016-06-23,0.0,0.0,0.0,0.0,0.0,0.0
2016-06-24,0.0,0.0,0.0,0.0,-0.0,-0.0
2016-06-27,0.0,0.0,0.0,0.0,-0.0,-0.0
2016-06-28,-0.6567485272204544,0.6567485272204544,0.0001313497054440909,0.0,-0.011568048421766584,-0.011699398127210676
2016-06-29,0.0,0.6567485272204544,0.0001313497054440909,0.0,0.0,-0.0001313497054440909
2016-06-30,0.0,0.0,0.0,0.0,0.0,0.0
2016-07-01,0.0,0.0,0.0,0.0,0.0,0.0
2016-07-05,0.0,0.0,0.0,0.0,-0.0,-0.0
2016-07-06,-0.7941671725552565,0.7941671725552565,0.00015883343451105131,0.0,-0.00423981000622847,-0.004398643440739521
2016-07-07,-0.8377974469416467,0.04363027438639022,8.726054877278044e-06,0.0,0.0007305240913459598,0.0007217980364686818
2016-07-08,-0.872937587139405,0.03514014019775824,7.028028039551648e-06,0.0,-0.013214692054583472,-0.013221720082623022
2016-07-11,-0.9166255557341423,0.043687968594737336,8.737593718947468e-06,0.0,-0.003119111142923955,-0.003127848736642903
2016-07-12,-0.9645166739325891,0.047891118198446825,9.578223639689365e-06,0.0,-0.006736996870223838,-0.0067465750938635275
2016-07-13,-1.0130004456112578,0.048483771678668686,9.696754335733737e-06,1.5476720965783087e-07,-0.00013651059780715386,-0.0001463621193525454
2016-07-14,-1.0633384458277226,0.05033800021646484,1.0067600043292969e-05,7.54029116996698e-07,-0.0055776597296649365,-0.005588481358825226
2016-07-15,-1.1151003835729696,0.051761937745246955,1.0352387549049391e-05,1.3702426615829714e-06,0.0010363509461465035,0.001024628315935871
2016-07-18,-1.1497863859978887,0.03468600242491915,6.93720048498383e-06,1.7831712618796278e-06,-0.0027358728087868247,-0.0027445931805336883
2016-07-19,-1.2047407557908478,0.05495436979295909,1.099087395859182e-05,2.4373899498910456e-06,0.0017302540953010273,0.0017168258313925444
2016-07-20,0.0,1.2047407557908478,0.00024094815115816958,0.0,0.0,-0.00024094815115816958
2016-07-21,0.0,0.0,0.0,0.0,-0.0,-0.0
2016-07-22,0.0,0.0,0.0,0.0,0.0,0.0
2016-07-25,0.0,0.0,0.0,0.0,-0.0,-0.0
2016-07-26,0.0,0.0,0.0,0.0,0.0,0.0
2016-07-27,0.0,0.0,0.0,0.0,-0.0,-0.0
2016-07-28,0.0,0.0,0.0,0.0,0.0,0.0
2016-07-29,0.0,0.0,0.0,0.0,0.0,0.0
2016-08-01,0.0,0.0,0.0,0.0,-0.0,-0.0
2016-08-02,0.0,0.0,0.0,0.0,-0.0,-0.0
2016-08-03,0.0,0.0,0.0,0.0,0.0,0.0
2016-08-04,0.0,0.0,0.0,0.0,0.0,0.0
2016-08-05,0.0,0.0,0.0,0.0,0.0,0.0
2016-08-08,0.0,0.0,0.0,0.0,-0.0,-0.0
2016-08-09,0.0,0.0,0.0,0.0,0.0,0.0
2016-08-10,0.0,0.0,0.0,0.0,-0.0,-0.0
2016-08-11,0.0,0.0,0.0,0.0,0.0,0.0
2016-08-12,0.0,0.0,0.0,0.0,-0.0,-0.0
2016-08-15,0.0,0.0,0.0,0.0,0.0,0.0
2016-08-16,0.0,0.0,0.0,0.0,-0.0,-0.0
2016-08-17,0.0,0.0,0.0,0.0,0.0,0.0
2016-08-18,0.0,0.0,0.0,0.0,0.0,0.0
2016-08-19,0.0,0.0,0.0,0.0,-0.0,-0.0
2016-08-22,0.0,0.0,0.0,0.0,-0.0,-0.0
2016-08-23,0.0,0.0,0.0,0.0,0.0,0.0
2016-08-24,0.0,0.0,0.0,0.0,-0.0,-0.0
2016-08-25,0.0,0.0,0.0,0.0,-0.0,-0.0
2016-08-26,0.0,0.0,0.0,0.0,-0.0,-0.0
2016-08-29,0.0,0.0,0.0,0.0,0.0,0.0
2016-08-30,0.0,0.0,0.0,0.0,-0.0,-0.0
2016-08-31,0.0,0.0,0.0,0.0,-0.0,-0.0
2016-09-01,0.0,0.0,0.0,0.0,-0.0,-0.0
2016-09-02,0.0,0.0,0.0,0.0,0.0,0.0
2016-09-06,0.0,0.0,0.0,0.0,0.0,0.0
2016-09-07,0.0,0.0,0.0,0.0,-0.0,-0.0
2016-09-08,0.0,0.0,0.0,0.0,-0.0,-0.0
2016-09-09,0.0,0.0,0.0,0.0,-0.0,-0.0
2016-09-12,1.0397815086217053,1.0397815086217053,0.00020795630172434107,4.735893883536341e-07,0.015150019218783064,0.01494158932767037
2016-09-13,1.086170128405671,0.0463886197839658,9.277723956793161e-06,1.0258348619722745e-06,-0.016229280645949872,-0.016239584204768637
2016-09-14,0.909678323818779,0.17649180458689206,3.5298360917378415e-05,0.0,-0.0005347538566797651,-0.0005700522175971436
2016-09-15,0.950256178462675,0.04057785464389596,8.115570928779193e-06,0.0,0.009558167402249188,0.009550051831320409
2016-09-16,0.9979033287584199,0.047647150295744956,9.529430059148991e-06,0.0,-0.003771503578003396,-0.003781033008062545
2016-09-19,0.9947800326434035,0.003123296115016383,6.246592230032767e-07,0.0,-1.8506125552113636e-05,-1.9130784775116912e-05
2016-09-20,1.0438870333427284,0.04910700069932483,9.821400139864967e-06,5.224646826515282e-07,0.0003122198099497967,0.0003018759451272802
2016-09-21,1.097593159320656,0.05370612597792768,1.0741225195585535e-05,1.1618233252459054e-06,0.011917666890100275,0.011905763841579443
2016-09-22,1.1487605475830411,0.051167388262385094,1.023347765247702e-05,1.770958899798109e-06,0.007442534600564412,0.0074305301640121375
2016-09-23,1.2031673429073628,0.05440679532432169,1.0881359064864338e-05,2.4186588441352716e-06,-0.006922174203311664,-0.006935474221220664
2016-09-26,0.0,1.2031673429073628,0.00024063346858147259,0.0,-0.0,-0.00024063346858147259
2016-09-27,0.0,0.0,0.0,0.0,0.0,0.0
2016-09-28,0.0,0.0,0.0,0.0,0.0,0.0
2016-09-29,0.0,0.0,0.0,0.0,-0.0,-0.0
2016-09-30,0.0,0.0,0.0,0.0,0.0,0.0
2016-10-03,0.0,0.0,0.0,0.0,-0.0,-0.0
2016-10-04,0.0,0.0,0.0,0.0,-0.0,-0.0
2016-10-05,0.0,0.0,0.0,0.0,0.0,0.0
2016-10-06,0.0,0.0,0.0,0.0,0.0,0.0
2016-10-07,0.0,0.0,0.0,0.0,-0.0,-0.0
2016-10-10,0.0,0.0,0.0,0.0,0.0,0.0
2016-10-11,0.0,0.0,0.0,0.0,-0.0,-0.0
2016-10-12,0.0,0.0,0.0,0.0,0.0,0.0
2016-10-13,0.0,0.0,0.0,0.0,-0.0,-0.0
2016-10-14,0.0,0.0,0.0,0.0,0.0,0.0
2016-10-17,0.0,0.0,0.0,0.0,-0.0,-0.0
2016-10-18,0.0,0.0,0.0,0.0,0.0,0.0
2016-10-19,0.0,0.0,0.0,0.0,0.0,0.0
2016-10-20,0.0,0.0,0.0,0.0,-0.0,-0.0
2016-10-21,0.0,0.0,0.0,0.0,-0.0,-0.0
2016-10-24,0.0,0.0,0.0,0.0,0.0,0.0
2016-10-25,0.0,0.0,0.0,0.0,-0.0,-0.0
2016-10-26,0.0,0.0,0.0,0.0,-0.0,-0.0
2016-10-27,0.0,0.0,0.0,0.0,-0.0,-0.0
2016-10-28,0.0,0.0,0.0,0.0,-0.0,-0.0
2016-10-31,0.0,0.0,0.0,0.0,-0.0,-0.0
2016-11-01,0.0,0.0,0.0,0.0,-0.0,-0.0
2016-11-02,0.0,0.0,0.0,0.0,-0.0,-0.0
2016-11-03,0.0,0.0,0.0,0.0,-0.0,-0.0
2016-11-04,0.0,0.0,0.0,0.0,-0.0,-0.0
2016-11-07,0.0,0.0,0.0,0.0,0.0,0.0
2016-11-08,0.0,0.0,0.0,0.0,0.0,0.0
2016-11-09,0.0,0.0,0.0,0.0,0.0,0.0
2016-11-10,-1.325759090227259,1.325759090227259,0.0002651518180454518,3.878084407467368e-06,-0.0025836999235632654,-0.0028527298260161843
2016-11-11,-1.3866643234057514,0.0609052331784925,1.2181046635698501e-05,4.603146707211326e-06,0.0019398440308920233,0.0019230598375491134
2016-11-14,-1.406950314469701,0.020285991063949682,4.057198212789937e-06,4.844646600829775e-06,0.000162516067107987,0.00015361422229436726
2016-11-15,-1.462055607648811,0.05510529317910984,1.1021058635821969e-05,5.500661995819178e-06,-0.010896634683600467,-0.010913156404232108
2016-11-16,-1.5225413654392361,0.0604857577904252,1.2097151558085041e-05,6.220730540943287e-06,0.002410969408173946,0.0023926515260749175
2016-11-17,-1.5319387797315613,0.009397414292325212,1.8794828584650425e-06,6.332604520613826e-06,-0.00714721344006865,-0.007155425527447729
2016-11-18,-1.5962079984973963,0.06426921876583491,1.2853843753166984e-05,7.097714267826146e-06,0.003814380623309539,0.003794429065288546
2016-11-21,-1.5740863367269884,0.022121661770407863,4.424332354081573e-06,6.834361151511767e-06,-0.01170128886106204,-0.011712547554567633
2016-11-22,-1.636636358497365,0.06255002177037672,1.2510004354075344e-05,7.579004267825775e-06,-0.003540193546883149,-0.0035602825555050505
2016-11-23,-1.7054175608612647,0.06878120236389962,1.3756240472779925e-05,8.397828105491246e-06,-0.0013774626206665215,-0.0013996166892447928
2016-11-25,0.0,1.7054175608612647,0.00034108351217225296,0.0,0.0,-0.00034108351217225296
2016-11-28,0.0,0.0,0.0,0.0,-0.0,-0.0
2016-11-29,0.0,0.0,0.0,0.0,0.0,0.0
2016-11-30,0.0,0.0,0.0,0.0,-0.0,-0.0
2016-12-01,0.0,0.0,0.0,0.0,-0.0,-0.0
2016-12-02,0.0,0.0,0.0,0.0,0.0,0.0
2016-12-05,0.0,0.0,0.0,0.0,0.0,0.0
2016-12-06,0.0,0.0,0.0,0.0,0.0,0.0
2016-12-07,0.0,0.0,0.0,0.0,0.0,0.0
2016-12-08,-1.8894578658467398,1.8894578658467398,0.00037789157316934797,1.0588784117223092e-05,-0.004075588990376071,-0.004464069347662642
2016-12-09,-1.9638657642575634,0.07440789841082363,1.4881579682164726e-05,1.147459243163766e-05,-0.011628871132739834,-0.011655227304853636
2016-12-12,-2.0,0.03613423574243657,7.2268471484873145e-06,1.1904761904761905e-05,0.0022761645811986,0.0022570329721453507
2016-12-13,-2.0,0.0,0.0,1.1904761904761905e-05,-0.013036966402474,-0.013048871164378762
2016-12-14,-2.0,0.0,0.0,1.1904761904761905e-05,0.016300590923718,0.01628868616181324
2016-12-15,-1.719385784341188,0.28061421565881206,5.6122843131762414e-05,8.564116480252238e-06,-0.00666383670224169,-0.006728523661853706
2016-12-16,-1.7880471325159042,0.06866134817471625,1.373226963494325e-05,9.381513482332192e-06,0.0031329388543079933,0.003109825071190718
2016-12-19,0.0,1.7880471325159042,0.00035760942650318086,0.0,0.0,-0.00035760942650318086
2016-12-20,0.0,0.0,0.0,0.0,0.0,0.0
2016-12-21,0.0,0.0,0.0,0.0,-0.0,-0.0
2016-12-22,0.0,0.0,0.0,0.0,-0.0,-0.0
2016-12-23,0.0,0.0,0.0,0.0,0.0,0.0
2016-12-27,0.0,0.0,0.0,0.0,0.0,0.0
2016-12-28,0.0,0.0,0.0,0.0,-0.0,-0.0
2016-12-29,0.0,0.0,0.0,0.0,-0.0,-0.0
2016-12-30,0.0,0.0,0.0,0.0,-0.0,-0.0
2017-01-03,0.0,0.0,0.0,0.0,0.0,0.0
2017-01-04,0.0,0.0,0.0,0.0,0.0,0.0
2017-01-05,0.0,0.0,0.0,0.0,-0.0,-0.0
2017-01-06,0.0,0.0,0.0,0.0,0.0,0.0
2017-01-09,0.0,0.0,0.0,0.0,-0.0,-0.0
2017-01-10,0.0,0.0,0.0,0.0,0.0,0.0
2017-01-11,0.0,0.0,0.0,0.0,0.0,0.0
2017-01-12,0.0,0.0,0.0,0.0,-0.0,-0.0
2017-01-13,0.0,0.0,0.0,0.0,0.0,0.0
2017-01-17,0.0,0.0,0.0,0.0,-0.0,-0.0
2017-01-18,0.0,0.0,0.0,0.0,0.0,0.0
2017-01-19,0.0,0.0,0.0,0.0,-0.0,-0.0
2017-01-20,0.0,0.0,0.0,0.0,0.0,0.0
2017-01-23,0.0,0.0,0.0,0.0,-0.0,-0.0
2017-01-24,0.0,0.0,0.0,0.0,0.0,0.0
2017-01-25,0.0,0.0,0.0,0.0,0.0,0.0
2017-01-26,0.0,0.0,0.0,0.0,-0.0,-0.0
2017-01-27,0.0,0.0,0.0,0.0,-0.0,-0.0
2017-01-30,0.0,0.0,0.0,0.0,-0.0,-0.0
2017-01-31,0.0,0.0,0.0,0.0,-0.0,-0.0
2017-02-01,0.0,0.0,0.0,0.0,0.0,0.0
2017-02-02,0.0,0.0,0.0,0.0,0.0,0.0
2017-02-03,0.0,0.0,0.0,0.0,0.0,0.0
2017-02-06,0.0,0.0,0.0,0.0,-0.0,-0.0
2017-02-07,0.0,0.0,0.0,0.0,0.0,0.0
2017-02-08,0.0,0.0,0.0,0.0,0.0,0.0
2017-02-09,0.0,0.0,0.0,0.0,0.0,0.0
2017-02-10,0.0,0.0,0.0,0.0,0.0,0.0
2017-02-13,0.0,0.0,0.0,0.0,0.0,0.0
2017-02-14,-2.0,2.0,0.0004,1.1904761904761905e-05,-0.0079986543913452,-0.008410559153249961
2017-02-15,-2.0,0.0,0.0,1.1904761904761905e-05,-0.0099597773314688,-0.009971682093373561
2017-02-16,-2.0,0.0,0.0,1.1904761904761905e-05,0.001728983203101,0.001717078441196238
2017-02-17,-2.0,0.0,0.0,1.1904761904761905e-05,-0.0033542986544752,-0.003366203416379962
2017-02-21,-2.0,0.0,0.0,1.1904761904761905e-05,-0.0120597000401384,-0.01207160480204316
2017-02-22,-2.0,0.0,0.0,1.1904761904761905e-05,0.0021655722936078,0.002153667531703038
2017-02-23,-2.0,0.0,0.0,1.1904761904761905e-05,-0.000837797942518,-0.0008497027044227619
2017-02-24,-2.0,0.0,0.0,1.1904761904761905e-05,-0.0029845004640626,-0.002996405225967362
2017-02-27,-2.0,0.0,0.0,1.1904761904761905e-05,-0.0020349305354674,-0.002046835297372162
2017-02-28,-2.0,0.0,0.0,1.1904761904761905e-05,0.0051634122303898,0.005151507468485039
2017-03-01,0.0,2.0,0.0004,0.0,0.0,-0.0004
2017-03-02,-2.0,2.0,0.0004,1.1904761904761905e-05,0.0117542339442096,0.01134232918230484
2017-03-03,-2.0,0.0,0.0,1.1904761904761905e-05,-0.001007500737069,-0.0010194054989737618
2017-03-06,-2.0,0.0,0.0,1.1904761904761905e-05,0.0065652455271312,0.006553340765226438
2017-03-07,-2.0,0.0,0.0,1.1904761904761905e-05,0.0058352518041786,0.0058233470422738385
2017-03-08,0.0,2.0,0.0004,0.0,-0.0,-0.0004
2017-03-09,0.0,0.0,0.0,0.0,0.0,0.0
2017-03-10,0.0,0.0,0.0,0.0,0.0,0.0
2017-03-13,0.0,0.0,0.0,0.0,0.0,0.0
2017-03-14,0.0,0.0,0.0,0.0,-0.0,-0.0
2017-03-15,0.0,0.0,0.0,0.0,0.0,0.0
2017-03-16,0.0,0.0,0.0,0.0,-0.0,-0.0
2017-03-17,0.0,0.0,0.0,0.0,-0.0,-0.0
2017-03-20,0.0,0.0,0.0,0.0,-0.0,-0.0
2017-03-21,0.0,0.0,0.0,0.0,-0.0,-0.0
2017-03-22,0.0,0.0,0.0,0.0,0.0,0.0
2017-03-23,0.0,0.0,0.0,0.0,-0.0,-0.0
2017-03-24,0.0,0.0,0.0,0.0,-0.0,-0.0
2017-03-27,0.0,0.0,0.0,0.0,-0.0,-0.0
2017-03-28,0.0,0.0,0.0,0.0,0.0,0.0
2017-03-29,0.0,0.0,0.0,0.0,0.0,0.0
2017-03-30,0.0,0.0,0.0,0.0,0.0,0.0
2017-03-31,0.0,0.0,0.0,0.0,-0.0,-0.0
2017-04-03,0.0,0.0,0.0,0.0,-0.0,-0.0
2017-04-04,0.0,0.0,0.0,0.0,0.0,0.0
2017-04-05,0.0,0.0,0.0,0.0,-0.0,-0.0
2017-04-06,0.0,0.0,0.0,0.0,0.0,0.0
2017-04-07,0.0,0.0,0.0,0.0,-0.0,-0.0
2017-04-10,0.0,0.0,0.0,0.0,0.0,0.0
2017-04-11,0.0,0.0,0.0,0.0,-0.0,-0.0
2017-04-12,0.0,0.0,0.0,0.0,-0.0,-0.0
2017-04-13,0.0,0.0,0.0,0.0,-0.0,-0.0
2017-04-17,0.0,0.0,0.0,0.0,0.0,0.0
2017-04-18,0.0,0.0,0.0,0.0,-0.0,-0.0
2017-04-19,0.0,0.0,0.0,0.0,-0.0,-0.0
2017-04-20,0.0,0.0,0.0,0.0,0.0,0.0
2017-04-21,0.0,0.0,0.0,0.0,-0.0,-0.0
2017-04-24,0.0,0.0,0.0,0.0,0.0,0.0
2017-04-25,0.0,0.0,0.0,0.0,0.0,0.0
2017-04-26,-1.7495964447947587,1.7495964447947587,0.0003499192889589518,8.923767199937605e-06,0.0008499915266665686,0.0004911484705076792
2017-04-27,-1.792269614910862,0.042673170116103165,8.534634023220633e-06,9.431781129891213e-06,-0.0009907074987607833,-0.0010086739139138952
2017-04-28,-1.865760747718618,0.0734911328077561,1.469822656155122e-05,1.0306675568078786e-05,0.003572893530592613,0.003547888628462983
2017-05-01,-1.8400430313824774,0.025717716336140617,5.143543267228123e-06,1.0000512278362826e-05,-0.003184731439850052,-0.003199875495395643
2017-05-02,-1.9134595833269887,0.07341655194451135,1.4683310388902272e-05,1.0874518849130819e-05,-0.0022738474225557897,-0.002299405251793823
2017-05-03,0.0,1.9134595833269887,0.0003826919166653978,0.0,-0.0,-0.0003826919166653978
2017-05-04,0.0,0.0,0.0,0.0,0.0,0.0
2017-05-05,0.0,0.0,0.0,0.0,0.0,0.0
2017-05-08,0.0,0.0,0.0,0.0,0.0,0.0
2017-05-09,0.0,0.0,0.0,0.0,-0.0,-0.0
2017-05-10,0.0,0.0,0.0,0.0,0.0,0.0
2017-05-11,0.0,0.0,0.0,0.0,-0.0,-0.0
2017-05-12,0.0,0.0,0.0,0.0,-0.0,-0.0
2017-05-15,0.0,0.0,0.0,0.0,0.0,0.0
2017-05-16,0.0,0.0,0.0,0.0,-0.0,-0.0
2017-05-17,0.0,0.0,0.0,0.0,-0.0,-0.0
2017-05-18,1.3360690866660392,1.3360690866660392,0.0002672138173332079,4.000822460309991e-06,0.004916785847560493,0.004645571207766976
2017-05-19,1.39685220710305,0.06078312043701084,1.2156624087402169e-05,4.724431036941072e-06,0.00942135356262975,0.009404472507505406
2017-05-22,1.4561010682889972,0.05924886118594719,1.1849772237189439e-05,5.429774622488062e-06,0.007494353143655697,0.00747707359679602
2017-05-23,0.0,1.4561010682889972,0.0002912202136577995,0.0,0.0,-0.0002912202136577995
2017-05-24,0.0,0.0,0.0,0.0,0.0,0.0
2017-05-25,0.0,0.0,0.0,0.0,0.0,0.0
2017-05-26,-1.7184708416020449,1.7184708416020449,0.000343694168320409,8.55322430478625e-06,-0.0005335882643082401,-0.0008858356569334353
2017-05-30,-1.7904175034171077,0.07194666181506282,1.4389332363012565e-05,9.409732183536996e-06,0.0021580810439140747,0.002134281979367525
2017-05-31,-1.8013370838142269,0.010919580397119155,2.183916079423831e-06,9.539727188264606e-06,0.0008287494742401936,0.0008170258309725052
2017-06-01,-1.8446023775075873,0.04326529369336041,8.653058738672082e-06,1.0054790208423658e-05,-0.01391308974838719,-0.013931797597334287
2017-06-02,-1.9110861741277188,0.06648379662013149,1.3296759324026298e-05,1.0846263977710938e-05,-0.007072690314729059,-0.007096833338030797
2017-06-05,-1.9836221126355018,0.07253593850778306,1.4507187701556612e-05,1.1709787055184546e-05,0.00241685934594716,0.0023906423711904192
2017-06-06,-1.9840760189641973,0.00045390632869546366,9.078126573909274e-08,1.171519070195473e-05,0.005521502347583591,0.0055096963756158975
2017-06-07,-1.9038402715625242,0.08023574740167305,1.6047149480334612e-05,1.0760003232887193e-05,-0.0029833725291837586,-0.0030101796818969807
2017-06-08,-1.9787503421451207,0.07491007058259647,1.4982014116519294e-05,1.1651789787441913e-05,-0.0005286608207317113,-0.0005552946246356726
2017-06-09,0.0,1.9787503421451207,0.00039575006842902416,0.0,-0.0,-0.00039575006842902416
2017-06-12,0.0,0.0,0.0,0.0,-0.0,-0.0
2017-06-13,0.0,0.0,0.0,0.0,0.0,0.0
2017-06-14,0.0,0.0,0.0,0.0,-0.0,-0.0
2017-06-15,0.0,0.0,0.0,0.0,-0.0,-0.0
2017-06-16,0.0,0.0,0.0,0.0,0.0,0.0
2017-06-19,0.0,0.0,0.0,0.0,0.0,0.0
2017-06-20,0.0,0.0,0.0,0.0,-0.0,-0.0
2017-06-21,0.0,0.0,0.0,0.0,-0.0,-0.0
2017-06-22,0.0,0.0,0.0,0.0,-0.0,-0.0
2017-06-23,0.0,0.0,0.0,0.0,0.0,0.0
2017-06-26,0.0,0.0,0.0,0.0,0.0,0.0
2017-06-27,0.0,0.0,0.0,0.0,-0.0,-0.0
2017-06-28,0.0,0.0,0.0,0.0,0.0,0.0
2017-06-29,0.0,0.0,0.0,0.0,-0.0,-0.0
2017-06-30,0.0,0.0,0.0,0.0,0.0,0.0
2017-07-03,0.0,0.0,0.0,0.0,0.0,0.0
2017-07-05,0.0,0.0,0.0,0.0,0.0,0.0
2017-07-06,0.0,0.0,0.0,0.0,-0.0,-0.0
2017-07-07,0.0,0.0,0.0,0.0,0.0,0.0
2017-07-10,0.0,0.0,0.0,0.0,0.0,0.0
2017-07-11,0.0,0.0,0.0,0.0,-0.0,-0.0
2017-07-12,0.0,0.0,0.0,0.0,0.0,0.0
2017-07-13,0.0,0.0,0.0,0.0,0.0,0.0
2017-07-14,0.0,0.0,0.0,0.0,0.0,0.0
2017-07-17,0.0,0.0,0.0,0.0,-0.0,-0.0
2017-07-18,0.0,0.0,0.0,0.0,0.0,0.0
2017-07-19,0.0,0.0,0.0,0.0,0.0,0.0
2017-07-20,0.0,0.0,0.0,0.0,-0.0,-0.0
2017-07-21,0.0,0.0,0.0,0.0,-0.0,-0.0
2017-07-24,0.0,0.0,0.0,0.0,-0.0,-0.0
2017-07-25,0.0,0.0,0.0,0.0,0.0,0.0
2017-07-26,0.0,0.0,0.0,0.0,0.0,0.0
2017-07-27,0.0,0.0,0.0,0.0,-0.0,-0.0
2017-07-28,0.0,0.0,0.0,0.0,-0.0,-0.0
2017-07-31,0.0,0.0,0.0,0.0,-0.0,-0.0
2017-08-01,0.0,0.0,0.0,0.0,0.0,0.0
2017-08-02,0.0,0.0,0.0,0.0,0.0,0.0
2017-08-03,0.0,0.0,0.0,0.0,-0.0,-0.0
2017-08-04,0.0,0.0,0.0,0.0,0.0,0.0
2017-08-07,0.0,0.0,0.0,0.0,0.0,0.0
2017-08-08,0.0,0.0,0.0,0.0,-0.0,-0.0
2017-08-09,0.0,0.0,0.0,0.0,-0.0,-0.0
2017-08-10,0.0,0.0,0.0,0.0,-0.0,-0.0
2017-08-11,-1.5491589107627846,1.5491589107627846,0.0003098317821525569,6.53760608050934e-06,-0.0019748013638800563,-0.0022911707521131226
2017-08-14,0.0,1.5491589107627846,0.0003098317821525569,0.0,0.0,-0.0003098317821525569
2017-08-15,0.0,0.0,0.0,0.0,-0.0,-0.0
2017-08-16,0.0,0.0,0.0,0.0,0.0,0.0
2017-08-17,0.0,0.0,0.0,0.0,-0.0,-0.0
2017-08-18,-1.27562240597423,1.27562240597423,0.00025512448119484603,3.2812191187408338e-06,0.0023433868113973515,0.0020849811110837647
2017-08-21,0.0,1.27562240597423,0.00025512448119484603,0.0,0.0,-0.00025512448119484603
2017-08-22,0.0,0.0,0.0,0.0,0.0,0.0
2017-08-23,0.0,0.0,0.0,0.0,-0.0,-0.0
2017-08-24,0.0,0.0,0.0,0.0,-0.0,-0.0
2017-08-25,0.0,0.0,0.0,0.0,0.0,0.0
2017-08-28,0.0,0.0,0.0,0.0,0.0,0.0
2017-08-29,0.0,0.0,0.0,0.0,0.0,0.0
2017-08-30,0.0,0.0,0.0,0.0,0.0,0.0
2017-08-31,0.0,0.0,0.0,0.0,0.0,0.0
2017-09-01,0.0,0.0,0.0,0.0,0.0,0.0
2017-09-05,0.0,0.0,0.0,0.0,-0.0,-0.0
2017-09-06,0.0,0.0,0.0,0.0,0.0,0.0
2017-09-07,0.0,0.0,0.0,0.0,-0.0,-0.0
2017-09-08,0.0,0.0,0.0,0.0,-0.0,-0.0
2017-09-11,0.0,0.0,0.0,0.0,0.0,0.0
2017-09-12,0.0,0.0,0.0,0.0,0.0,0.0
2017-09-13,0.0,0.0,0.0,0.0,0.0,0.0
2017-09-14,0.0,0.0,0.0,0.0,-0.0,-0.0
2017-09-15,0.0,0.0,0.0,0.0,0.0,0.0
2017-09-18,0.0,0.0,0.0,0.0,0.0,0.0
2017-09-19,0.0,0.0,0.0,0.0,0.0,0.0
2017-09-20,0.0,0.0,0.0,0.0,0.0,0.0
2017-09-21,0.0,0.0,0.0,0.0,-0.0,-0.0
2017-09-22,0.0,0.0,0.0,0.0,0.0,0.0
2017-09-25,0.0,0.0,0.0,0.0,-0.0,-0.0
2017-09-26,0.0,0.0,0.0,0.0,0.0,0.0
2017-09-27,0.0,0.0,0.0,0.0,0.0,0.0
2017-09-28,0.0,0.0,0.0,0.0,0.0,0.0
2017-09-29,0.0,0.0,0.0,0.0,0.0,0.0
2017-10-02,0.0,0.0,0.0,0.0,0.0,0.0
2017-10-03,0.0,0.0,0.0,0.0,0.0,0.0
2017-10-04,-2.0,2.0,0.0004,1.1904761904761905e-05,-0.0024918873222272,-0.0029037920841319623
2017-10-05,-2.0,0.0,0.0,1.1904761904761905e-05,-0.0112618080625868,-0.011273712824491562
2017-10-06,-2.0,0.0,0.0,1.1904761904761905e-05,0.0021484223304798,0.002136517568575038
2017-10-09,-2.0,0.0,0.0,1.1904761904761905e-05,0.0036121277360282,0.003600222974123438
2017-10-10,-2.0,0.0,0.0,1.1904761904761905e-05,-0.0046394392609574,-0.004651344022862162
2017-10-11,-2.0,0.0,0.0,1.1904761904761905e-05,-0.0036037658593262,-0.003615670621230962
2017-10-12,-2.0,0.0,0.0,1.1904761904761905e-05,0.0033763542407018,0.003364449478797038
2017-10-13,0.0,2.0,0.0004,0.0,0.0,-0.0004
2017-10-16,0.0,0.0,0.0,0.0,0.0,0.0
2017-10-17,0.0,0.0,0.0,0.0,0.0,0.0
2017-10-18,0.0,0.0,0.0,0.0,0.0,0.0
2017-10-19,0.0,0.0,0.0,0.0,0.0,0.0
2017-10-20,0.0,0.0,0.0,0.0,0.0,0.0
2017-10-23,0.0,0.0,0.0,0.0,-0.0,-0.0
2017-10-24,0.0,0.0,0.0,0.0,0.0,0.0
2017-10-25,0.0,0.0,0.0,0.0,-0.0,-0.0
2017-10-26,0.0,0.0,0.0,0.0,0.0,0.0
2017-10-27,0.0,0.0,0.0,0.0,0.0,0.0
2017-10-30,0.0,0.0,0.0,0.0,-0.0,-0.0
2017-10-31,0.0,0.0,0.0,0.0,0.0,0.0
2017-11-01,0.0,0.0,0.0,0.0,0.0,0.0
2017-11-02,0.0,0.0,0.0,0.0,0.0,0.0
2017-11-03,0.0,0.0,0.0,0.0,0.0,0.0
2017-11-06,0.0,0.0,0.0,0.0,0.0,0.0
2017-11-07,0.0,0.0,0.0,0.0,-0.0,-0.0
2017-11-08,0.0,0.0,0.0,0.0,0.0,0.0
2017-11-09,0.0,0.0,0.0,0.0,-0.0,-0.0
2017-11-10,0.0,0.0,0.0,0.0,-0.0,-0.0
2017-11-13,0.0,0.0,0.0,0.0,0.0,0.0
2017-11-14,0.0,0.0,0.0,0.0,-0.0,-0.0
2017-11-15,0.0,0.0,0.0,0.0,-0.0,-0.0
2017-11-16,0.0,0.0,0.0,0.0,0.0,0.0
2017-11-17,0.0,0.0,0.0,0.0,-0.0,-0.0
2017-11-20,0.0,0.0,0.0,0.0,0.0,0.0
2017-11-21,0.0,0.0,0.0,0.0,0.0,0.0
2017-11-22,0.0,0.0,0.0,0.0,-0.0,-0.0
2017-11-24,0.0,0.0,0.0,0.0,0.0,0.0
2017-11-27,0.0,0.0,0.0,0.0,-0.0,-0.0
2017-11-28,0.0,0.0,0.0,0.0,0.0,0.0
2017-11-29,-2.0,2.0,0.0004,1.1904761904761905e-05,0.000738587765582,0.00032668300367723807
2017-11-30,-2.0,0.0,0.0,1.1904761904761905e-05,-0.0163151733256228,-0.01632707808752756
2017-12-01,-2.0,0.0,0.0,1.1904761904761905e-05,0.0040531658716104,0.004041261109705639
2017-12-04,-2.0,0.0,0.0,1.1904761904761905e-05,0.002105421098573,0.002093516336668238
2017-12-05,-2.0,0.0,0.0,1.1904761904761905e-05,0.0074927810519102,0.007480876290005438
2017-12-06,0.0,2.0,0.0004,0.0,-0.0,-0.0004
2017-12-07,0.0,0.0,0.0,0.0,0.0,0.0
2017-12-08,0.0,0.0,0.0,0.0,0.0,0.0
2017-12-11,0.0,0.0,0.0,0.0,0.0,0.0
2017-12-12,0.0,0.0,0.0,0.0,0.0,0.0
2017-12-13,-2.0,2.0,0.0004,1.1904761904761905e-05,0.0009461379403016,0.000534233178396838
2017-12-14,-2.0,0.0,0.0,1.1904761904761905e-05,0.008158335461525,0.008146430699620238
2017-12-15,-2.0,0.0,0.0,1.1904761904761905e-05,-0.0178686268202862,-0.01788053158219096
2017-12-18,-2.0,0.0,0.0,1.1904761904761905e-05,-0.0106969571591938,-0.010708861921098562
2017-12-19,-2.0,0.0,0.0,1.1904761904761905e-05,0.0064709960862358,0.006459091324331039
2017-12-20,-2.0,0.0,0.0,1.1904761904761905e-05,0.001656472147145,0.0016445673852402381
2017-12-21,-2.0,0.0,0.0,1.1904761904761905e-05,-0.0039673740253166,-0.003979278787221361
2017-12-22,-2.0,0.0,0.0,1.1904761904761905e-05,0.0009165432762276,0.000904638514322838
2017-12-26,-2.0,0.0,0.0,1.1904761904761905e-05,0.0021179514001178,0.002106046638213038
2017-12-27,-2.0,0.0,0.0,1.1904761904761905e-05,-0.0015812566204846,-0.0015931613823893618
2017-12-28,0.0,2.0,0.0004,0.0,0.0,-0.0004
2017-12-29,0.0,0.0,0.0,0.0,-0.0,-0.0
2018-01-02,0.0,0.0,0.0,0.0,0.0,0.0
2018-01-03,0.0,0.0,0.0,0.0,0.0,0.0
2018-01-04,0.0,0.0,0.0,0.0,0.0,0.0
2018-01-05,-2.0,2.0,0.0004,1.1904761904761905e-05,-0.0140182917771712,-0.01443019653907596
2018-01-08,-2.0,0.0,0.0,1.1904761904761905e-05,-0.0033219275345944,-0.003333832296499162
2018-01-09,-2.0,0.0,0.0,1.1904761904761905e-05,-0.0026041670345956,-0.002616071796500362
2018-01-10,-2.0,0.0,0.0,1.1904761904761905e-05,0.0022256916230406,0.002213786861135838
2018-01-11,-2.0,0.0,0.0,1.1904761904761905e-05,-0.0140180515377624,-0.014029956299667162
2018-01-12,-2.0,0.0,0.0,1.1904761904761905e-05,-0.0134538527981894,-0.013465757560094162
2018-01-16,-2.0,0.0,0.0,1.1904761904761905e-05,0.0070614265232062,0.007049521761301438
2018-01-17,-2.0,0.0,0.0,1.1904761904761905e-05,-0.0187420124130052,-0.01875391717490996
2018-01-18,-2.0,0.0,0.0,1.1904761904761905e-05,0.003235394994947,0.003223490233042238
2018-01-19,-2.0,0.0,0.0,1.1904761904761905e-05,-0.0087512959739796,-0.008763200735884361
2018-01-22,-2.0,0.0,0.0,1.1904761904761905e-05,-0.0160687287644272,-0.01608063352633196
2018-01-23,-2.0,0.0,0.0,1.1904761904761905e-05,-0.0043440099364442,-0.004355914698348962
2018-01-24,-2.0,0.0,0.0,1.1904761904761905e-05,0.0011202650944638,0.001108360332559038
2018-01-25,-2.0,0.0,0.0,1.1904761904761905e-05,-0.0012048787976652,-0.001216783559569962
2018-01-26,-2.0,0.0,0.0,1.1904761904761905e-05,-0.0235432762121678,-0.02355518097407256
2018-01-29,-2.0,0.0,0.0,1.1904761904761905e-05,0.0135094725697246,0.013497567807819839
2018-01-30,-2.0,0.0,0.0,1.1904761904761905e-05,0.0219172856106748,0.02190538084877004
2018-01-31,-1.6441679544872099,0.35583204551279013,7.116640910255803e-05,7.668666124847737e-06,-0.0008037775789086983,-0.0008826126541361041
2018-02-01,-1.7201574590450586,0.0759895045578487,1.519790091156974e-05,8.573303083869744e-06,0.0011151752459189826,0.001091404041923543
2018-02-02,-1.7596942812073884,0.03953682216232979,7.907364432465958e-06,9.043979538183196e-06,0.03772200411330578,0.03770505276933513
2018-02-05,1.0890263170937369,2.8487205983011252,0.000569744119660225,1.0598371082587723e-06,-0.045567628255969085,-0.046138432212737564
2018-02-06,-0.6061367489731545,1.6951630660668915,0.0003390326132133783,0.0,-0.010480451917606663,-0.010819484530820041
2018-02-07,0.0,0.6061367489731545,0.0001212273497946309,0.0,-0.0,-0.0001212273497946309
2018-02-08,0.6495305156561337,0.6495305156561337,0.00012990610313122676,0.0,-0.02485042193373041,-0.02498032803686164
2018-02-09,-0.48544241145199674,1.1349729271081306,0.00022699458542162614,0.0,-0.007196996956988699,-0.007423991542410325
2018-02-12,-0.5162783786500089,0.030835967198012182,6.1671934396024365e-06,0.0,-0.007134278311440393,-0.007140445504879996
2018-02-13,0.0,0.5162783786500089,0.00010325567573000179,0.0,0.0,-0.00010325567573000179
2018-02-14,0.0,0.0,0.0,0.0,0.0,0.0
2018-02-15,0.0,0.0,0.0,0.0,0.0,0.0
2018-02-16,-0.655796902342009,0.655796902342009,0.00013115938046840182,0.0,-0.00024487433375365125,-0.00037603371422205304
2018-02-20,-0.6975519295965241,0.041755027254515076,8.351005450903016e-06,0.0,0.004086619912448535,0.004078268906997632
2018-02-21,-0.6982936600478606,0.0007417304513365197,1.4834609026730394e-07,0.0,0.0038487603650066197,0.0038486120189163524
2018-02-22,-0.7013037688321193,0.0030101087842586693,6.020217568517339e-07,0.0,-0.0006824229080015337,-0.0006830249297583854
2018-02-23,0.0,0.7013037688321193,0.00014026075376642386,0.0,0.0,-0.00014026075376642386
2018-02-26,0.0,0.0,0.0,0.0,0.0,0.0
2018-02-27,0.0,0.0,0.0,0.0,-0.0,-0.0
2018-02-28,0.0,0.0,0.0,0.0,-0.0,-0.0
2018-03-01,0.0,0.0,0.0,0.0,-0.0,-0.0
2018-03-02,0.0,0.0,0.0,0.0,0.0,0.0
2018-03-05,0.0,0.0,0.0,0.0,0.0,0.0
2018-03-06,0.0,0.0,0.0,0.0,0.0,0.0
2018-03-07,0.0,0.0,0.0,0.0,-0.0,-0.0
2018-03-08,0.0,0.0,0.0,0.0,0.0,0.0
2018-03-09,0.0,0.0,0.0,0.0,0.0,0.0
2018-03-12,0.0,0.0,0.0,0.0,-0.0,-0.0
2018-03-13,0.0,0.0,0.0,0.0,-0.0,-0.0
2018-03-14,0.0,0.0,0.0,0.0,-0.0,-0.0
2018-03-15,0.0,0.0,0.0,0.0,-0.0,-0.0
2018-03-16,0.0,0.0,0.0,0.0,0.0,0.0
2018-03-19,0.0,0.0,0.0,0.0,-0.0,-0.0
2018-03-20,0.0,0.0,0.0,0.0,0.0,0.0
2018-03-21,0.0,0.0,0.0,0.0,-0.0,-0.0
2018-03-22,0.0,0.0,0.0,0.0,-0.0,-0.0
2018-03-23,-0.702235227502545,0.702235227502545,0.000140447045500509,0.0,0.014880229158302134,0.014739782112801624
2018-03-26,-0.60485382607544,0.09738140142710494,1.947628028542099e-05,0.0,-0.01620708289089231,-0.01622655917117773
2018-03-27,0.0,0.60485382607544,0.000120970765215088,0.0,-0.0,-0.000120970765215088
2018-03-28,-0.5781786807769009,0.5781786807769009,0.0001156357361553802,0.0,0.001688813035947661,0.0015731772997922809
2018-03-29,-0.6006820868233111,0.022503406046410213,4.500681209282042e-06,0.0,-0.008214794563933247,-0.00821929524514253
2018-04-02,0.0,0.6006820868233111,0.00012013641736466223,0.0,-0.0,-0.00012013641736466223
2018-04-03,-0.5524356399957002,0.5524356399957002,0.00011048712799914006,0.0,-0.0069253118124229405,-0.007035798940422081
2018-04-04,0.0,0.5524356399957002,0.00011048712799914006,0.0,0.0,-0.00011048712799914006
2018-04-05,0.0,0.0,0.0,0.0,0.0,0.0
2018-04-06,0.0,0.0,0.0,0.0,-0.0,-0.0
2018-04-09,0.0,0.0,0.0,0.0,0.0,0.0
2018-04-10,0.0,0.0,0.0,0.0,0.0,0.0
2018-04-11,0.0,0.0,0.0,0.0,-0.0,-0.0
2018-04-12,0.0,0.0,0.0,0.0,0.0,0.0
2018-04-13,0.0,0.0,0.0,0.0,-0.0,-0.0
2018-04-16,0.0,0.0,0.0,0.0,0.0,0.0
2018-04-17,0.0,0.0,0.0,0.0,0.0,0.0
2018-04-18,0.0,0.0,0.0,0.0,0.0,0.0
2018-04-19,0.0,0.0,0.0,0.0,-0.0,-0.0
2018-04-20,0.0,0.0,0.0,0.0,-0.0,-0.0
2018-04-23,0.0,0.0,0.0,0.0,0.0,0.0
2018-04-24,0.0,0.0,0.0,0.0,-0.0,-0.0
2018-04-25,0.0,0.0,0.0,0.0,0.0,0.0
2018-04-26,0.0,0.0,0.0,0.0,0.0,0.0
2018-04-27,0.0,0.0,0.0,0.0,0.0,0.0
2018-04-30,0.0,0.0,0.0,0.0,-0.0,-0.0
2018-05-01,0.0,0.0,0.0,0.0,0.0,0.0
2018-05-02,0.0,0.0,0.0,0.0,-0.0,-0.0
2018-05-03,0.0,0.0,0.0,0.0,-0.0,-0.0
2018-05-04,0.0,0.0,0.0,0.0,0.0,0.0
2018-05-07,0.0,0.0,0.0,0.0,0.0,0.0
2018-05-08,0.0,0.0,0.0,0.0,-0.0,-0.0
2018-05-09,0.0,0.0,0.0,0.0,0.0,0.0
2018-05-10,0.0,0.0,0.0,0.0,0.0,0.0
2018-05-11,-1.1248100849338243,1.1248100849338243,0.00022496201698676488,1.4858343444502892e-06,-0.0019190826582790254,-0.0021455305096102404
2018-05-14,-1.1838348479089782,0.05902476297515391,1.1804952595030783e-05,2.1885100941545025e-06,-0.0010454439742588614,-0.0010594374369480469
2018-05-15,-1.2459314668280608,0.06209661891908258,1.2419323783816516e-05,2.927755557476914e-06,0.008554135659695056,0.008538788580353762
2018-05-16,-1.1570360826491652,0.08889538417889553,1.7779076835779107e-05,1.8694771743948243e-06,-0.0046887034227309455,-0.004708351976741119
2018-05-17,-1.2143997102033641,0.05736362755419888,1.1472725510839776e-05,2.5523775024210015e-06,0.001039816136752742,0.0010257910337394811
2018-05-18,0.0,1.2143997102033641,0.00024287994204067284,0.0,-0.0,-0.00024287994204067284
2018-05-21,0.0,0.0,0.0,0.0,0.0,0.0
2018-05-22,0.0,0.0,0.0,0.0,-0.0,-0.0
2018-05-23,0.0,0.0,0.0,0.0,0.0,0.0
2018-05-24,0.0,0.0,0.0,0.0,-0.0,-0.0
2018-05-25,0.0,0.0,0.0,0.0,-0.0,-0.0
2018-05-29,0.0,0.0,0.0,0.0,-0.0,-0.0
2018-05-30,0.0,0.0,0.0,0.0,0.0,0.0
2018-05-31,0.0,0.0,0.0,0.0,-0.0,-0.0
2018-06-01,0.0,0.0,0.0,0.0,0.0,0.0
2018-06-04,0.0,0.0,0.0,0.0,0.0,0.0
2018-06-05,0.0,0.0,0.0,0.0,0.0,0.0
2018-06-06,0.0,0.0,0.0,0.0,0.0,0.0
2018-06-07,0.0,0.0,0.0,0.0,-0.0,-0.0
2018-06-08,0.0,0.0,0.0,0.0,0.0,0.0
2018-06-11,0.0,0.0,0.0,0.0,0.0,0.0
2018-06-12,0.0,0.0,0.0,0.0,0.0,0.0
2018-06-13,0.0,0.0,0.0,0.0,-0.0,-0.0
2018-06-14,0.0,0.0,0.0,0.0,0.0,0.0
2018-06-15,0.0,0.0,0.0,0.0,-0.0,-0.0
2018-06-18,0.0,0.0,0.0,0.0,-0.0,-0.0
2018-06-19,0.0,0.0,0.0,0.0,-0.0,-0.0
2018-06-20,0.0,0.0,0.0,0.0,0.0,0.0
2018-06-21,0.0,0.0,0.0,0.0,-0.0,-0.0
2018-06-22,0.0,0.0,0.0,0.0,0.0,0.0
2018-06-25,0.0,0.0,0.0,0.0,-0.0,-0.0
2018-06-26,0.0,0.0,0.0,0.0,0.0,0.0
2018-06-27,0.0,0.0,0.0,0.0,-0.0,-0.0
2018-06-28,0.0,0.0,0.0,0.0,0.0,0.0
2018-06-29,0.0,0.0,0.0,0.0,0.0,0.0
2018-07-02,0.0,0.0,0.0,0.0,0.0,0.0
2018-07-03,0.0,0.0,0.0,0.0,-0.0,-0.0
2018-07-05,0.0,0.0,0.0,0.0,0.0,0.0
2018-07-06,0.0,0.0,0.0,0.0,0.0,0.0
2018-07-09,0.0,0.0,0.0,0.0,0.0,0.0
2018-07-10,-1.3879198091927614,1.3879198091927614,0.0002775839618385523,4.618092966580493e-06,-0.004812264013003301,-0.005094466067808433
2018-07-11,-1.4519249786421573,0.06400516944939594,1.2801033889879188e-05,5.380059269549492e-06,0.010336960098487705,0.010318779005328276
2018-07-12,-1.3095752954506084,0.14234968319154895,2.846993663830979e-05,3.685420183935814e-06,-0.011407699372270855,-0.011439854729093101
2018-07-13,-1.364215046106368,0.054639750655759656,1.0927950131151931e-05,4.33589340602819e-06,-0.0014715181126073904,-0.0014867819561445706
2018-07-16,-1.4313286557846643,0.06711360967829627,1.3422721935659255e-05,5.134864949817432e-06,0.0014723571490838914,0.0014537995621984148
2018-07-17,-1.4631849396122554,0.03185628382759109,6.371256765518219e-06,5.514106423955421e-06,-0.005802734452473751,-0.0058146198156632245
2018-07-18,-1.528132585964753,0.06494764635249761,1.2989529270499524e-05,6.287292690056583e-06,-0.0032979883579073513,-0.0033172651798679073
2018-07-19,-1.59788846304625,0.069755877081497,1.39511754162994e-05,7.1177197981696426e-06,0.006328959526219069,0.006307890631004599
2018-07-20,0.0,1.59788846304625,0.00031957769260925,0.0,-0.0,-0.00031957769260925
2018-07-23,0.0,0.0,0.0,0.0,0.0,0.0
2018-07-24,0.0,0.0,0.0,0.0,0.0,0.0
2018-07-25,0.0,0.0,0.0,0.0,0.0,0.0
2018-07-26,0.0,0.0,0.0,0.0,-0.0,-0.0
2018-07-27,0.0,0.0,0.0,0.0,-0.0,-0.0
2018-07-30,0.0,0.0,0.0,0.0,-0.0,-0.0
2018-07-31,0.0,0.0,0.0,0.0,0.0,0.0
2018-08-01,0.0,0.0,0.0,0.0,-0.0,-0.0
2018-08-02,0.0,0.0,0.0,0.0,0.0,0.0
2018-08-03,0.0,0.0,0.0,0.0,0.0,0.0
2018-08-06,0.0,0.0,0.0,0.0,0.0,0.0
2018-08-07,0.0,0.0,0.0,0.0,0.0,0.0
2018-08-08,0.0,0.0,0.0,0.0,-0.0,-0.0
2018-08-09,0.0,0.0,0.0,0.0,-0.0,-0.0
2018-08-10,0.0,0.0,0.0,0.0,-0.0,-0.0
2018-08-13,0.0,0.0,0.0,0.0,-0.0,-0.0
2018-08-14,0.0,0.0,0.0,0.0,0.0,0.0
2018-08-15,0.0,0.0,0.0,0.0,-0.0,-0.0
2018-08-16,0.0,0.0,0.0,0.0,0.0,0.0
2018-08-17,0.0,0.0,0.0,0.0,0.0,0.0
2018-08-20,0.0,0.0,0.0,0.0,0.0,0.0
2018-08-21,0.0,0.0,0.0,0.0,0.0,0.0
2018-08-22,0.0,0.0,0.0,0.0,-0.0,-0.0
2018-08-23,0.0,0.0,0.0,0.0,-0.0,-0.0
2018-08-24,0.0,0.0,0.0,0.0,0.0,0.0
2018-08-27,0.0,0.0,0.0,0.0,0.0,0.0
2018-08-28,0.0,0.0,0.0,0.0,0.0,0.0
2018-08-29,0.0,0.0,0.0,0.0,0.0,0.0
2018-08-30,-1.9480737148489475,1.9480737148489475,0.0003896147429697895,1.1286591843439852e-05,0.008649782449216522,0.008248881114403292
2018-08-31,-1.7864246876853973,0.16164902716355023,3.2329805432710044e-05,9.362198662921396e-06,-0.0002402177897088687,-0.00028190979380450016
2018-09-04,-1.8608160860523313,0.07439139836693398,1.4878279673386797e-05,1.0247810548242039e-05,0.003080938398102986,0.0030558123078813573
2018-09-05,0.0,1.8608160860523313,0.00037216321721046626,0.0,-0.0,-0.00037216321721046626
2018-09-06,0.0,0.0,0.0,0.0,-0.0,-0.0
2018-09-07,0.0,0.0,0.0,0.0,-0.0,-0.0
2018-09-10,0.0,0.0,0.0,0.0,0.0,0.0
2018-09-11,0.0,0.0,0.0,0.0,0.0,0.0
2018-09-12,0.0,0.0,0.0,0.0,0.0,0.0
2018-09-13,0.0,0.0,0.0,0.0,0.0,0.0
2018-09-14,0.0,0.0,0.0,0.0,0.0,0.0
2018-09-17,0.0,0.0,0.0,0.0,-0.0,-0.0
2018-09-18,0.0,0.0,0.0,0.0,0.0,0.0
2018-09-19,0.0,0.0,0.0,0.0,0.0,0.0
2018-09-20,0.0,0.0,0.0,0.0,0.0,0.0
2018-09-21,0.0,0.0,0.0,0.0,-0.0,-0.0
2018-09-24,0.0,0.0,0.0,0.0,-0.0,-0.0
2018-09-25,0.0,0.0,0.0,0.0,-0.0,-0.0
2018-09-26,0.0,0.0,0.0,0.0,-0.0,-0.0
2018-09-27,0.0,0.0,0.0,0.0,0.0,0.0
2018-09-28,0.0,0.0,0.0,0.0,-0.0,-0.0
2018-10-01,0.0,0.0,0.0,0.0,0.0,0.0
2018-10-02,0.0,0.0,0.0,0.0,-0.0,-0.0
2018-10-03,0.0,0.0,0.0,0.0,0.0,0.0
2018-10-04,0.0,0.0,0.0,0.0,-0.0,-0.0
2018-10-05,0.0,0.0,0.0,0.0,-0.0,-0.0
2018-10-08,0.0,0.0,0.0,0.0,-0.0,-0.0
2018-10-09,0.0,0.0,0.0,0.0,-0.0,-0.0
2018-10-10,0.0,0.0,0.0,0.0,-0.0,-0.0
2018-10-11,-0.7874442409200406,0.7874442409200406,0.00015748884818400814,0.0,0.0163690601320425,0.016211571283858493
2018-10-12,-0.6585366765667214,0.12890756435331918,2.5781512870663838e-05,0.0,-0.009289473384699936,-0.0093152548975706
2018-10-15,-0.6958681932850348,0.03733151671831336,7.466303343662673e-06,0.0,0.004121267051809683,0.00411380074846602
2018-10-16,-0.6969165200876255,0.0010483268025907044,2.096653605181409e-07,0.0,-0.014821900703905249,-0.014822110369265767
2018-10-17,0.0,0.6969165200876255,0.0001393833040175251,0.0,-0.0,-0.0001393833040175251
2018-10-18,0.0,0.0,0.0,0.0,-0.0,-0.0
2018-10-19,-0.6980220363970336,0.6980220363970336,0.00013960440727940675,0.0,0.0002521500847462337,0.00011254567746682697
2018-10-22,0.0,0.6980220363970336,0.00013960440727940675,0.0,-0.0,-0.00013960440727940675
2018-10-23,0.0,0.0,0.0,0.0,-0.0,-0.0
2018-10-24,0.0,0.0,0.0,0.0,-0.0,-0.0
2018-10-25,-0.5666953218052172,0.5666953218052172,0.00011333906436104345,0.0,-0.01045763564844994,-0.010570974712810982
2018-10-26,-0.6001441352490602,0.033448813443842984,6.689762688768597e-06,0.0,0.01049000216591235,0.010483312403223581
2018-10-29,-0.549912054140228,0.05023208110883215,1.004641622176643e-05,0.0,0.003619085772334896,0.0036090393561131295
2018-10-30,-0.5571113836665217,0.007199329526293652,1.4398659052587305e-06,0.0,-0.008660476390405918,-0.008661916256311176
2018-10-31,-0.5912332233211561,0.034121839654634445,6.824367930926889e-06,0.0,-0.00638110849497932,-0.0063879328629102465
2018-11-01,0.0,0.5912332233211561,0.00011824664466423124,0.0,0.0,-0.00011824664466423124
2018-11-02,0.0,0.0,0.0,0.0,-0.0,-0.0
2018-11-05,0.0,0.0,0.0,0.0,0.0,0.0
2018-11-06,0.0,0.0,0.0,0.0,0.0,0.0
2018-11-07,0.0,0.0,0.0,0.0,0.0,0.0
2018-11-08,0.0,0.0,0.0,0.0,-0.0,-0.0
2018-11-09,0.0,0.0,0.0,0.0,-0.0,-0.0
2018-11-12,0.0,0.0,0.0,0.0,-0.0,-0.0
2018-11-13,-0.6553597981627528,0.6553597981627528,0.00013107195963255058,0.0,0.0009719109159711227,0.0008408389563385721
2018-11-14,-0.6866396232474762,0.03127982508472338,6.2559650169446756e-06,0.0,0.005215844228417886,0.005209588263400941
2018-11-15,-0.6766208265238302,0.010018796723646028,2.0037593447292057e-06,0.0,-0.007130252424262088,-0.007132256183606817
2018-11-16,0.0,0.6766208265238302,0.00013532416530476603,0.0,0.0,-0.00013532416530476603
2018-11-19,0.0,0.0,0.0,0.0,-0.0,-0.0
2018-11-20,-0.6718005571438439,0.6718005571438439,0.00013436011142876878,0.0,0.012306039620672999,0.01217167950924423
2018-11-21,-0.5987537787022235,0.07304677844162044,1.4609355688324089e-05,0.0,-0.0018194147320481624,-0.0018340240877364865
2018-11-23,-0.6378654479320899,0.03911166922986642,7.822333845973284e-06,0.0,0.00419487090529207,0.004187048571446097
2018-11-26,-0.6387692109113732,0.0009037629792832957,1.8075259585665915e-07,0.0,-0.00984533441854094,-0.009845515171136797
2018-11-27,0.0,0.6387692109113732,0.00012775384218227464,0.0,0.0,-0.00012775384218227464
2018-11-28,0.0,0.0,0.0,0.0,0.0,0.0
2018-11-29,0.0,0.0,0.0,0.0,-0.0,-0.0
2018-11-30,0.0,0.0,0.0,0.0,0.0,0.0
2018-12-03,-0.8237838451052509,0.8237838451052509,0.0001647567690210502,0.0,-0.008964417280602098,-0.009129174049623148
2018-12-04,-0.8676967751638092,0.04391293005855823,8.782586011711646e-06,0.0,0.02854742246536622,0.02853863987935451
2018-12-06,-0.6107852553541405,0.25691151980966864,5.138230396193373e-05,0.0,0.0009304628761438546,0.0008790805721819208
2018-12-07,-0.6411532266536893,0.030367971299548824,6.073594259909765e-06,0.0,0.01512886661502409,0.015122793020764181
2018-12-10,-0.5496252487104931,0.09152797794319623,1.8305595588639248e-05,0.0,-0.0009676719842761969,-0.0009859775798648361
2018-12-11,-0.5867144266182326,0.03708917790773947,7.417835581547894e-06,0.0,0.00020911069828840893,0.00020169286270686103
2018-12-12,-0.6226858329665711,0.03597140634833851,7.194281269667702e-06,0.0,-0.003365536607157472,-0.0033727308884271396
2018-12-13,0.0,0.6226858329665711,0.00012453716659331423,0.0,-0.0,-0.00012453716659331423
2018-12-14,0.0,0.0,0.0,0.0,-0.0,-0.0
2018-12-17,-0.6142788680026218,0.6142788680026218,0.00012285577360052435,0.0,0.01289511696128652,0.012772261187685997
2018-12-18,-0.5441703463090971,0.07010852169352466,1.4021704338704932e-05,0.0,-4.7014605846119963e-05,-6.103631018482489e-05
2018-12-19,-0.5805319751796105,0.03636162887051342,7.272325774102684e-06,0.0,0.009007220161224795,0.008999947835450692
2018-12-20,-0.5440857456405246,0.03644622953908594,7.289245907817188e-06,0.0,0.008649771527209946,0.008642482281302129
2018-12-21,-0.5131977525235909,0.030887993116933687,6.177598623386738e-06,0.0,0.010676114685328583,0.010669937086705196
2018-12-24,-0.4708833453158131,0.04231440720777779,8.46288144155556e-06,0.0,0.012942969388207489,0.012934506506765933
2018-12-26,-0.4190220678990636,0.05186127741674951,1.0372255483349903e-05,0.0,-0.020281999600506743,-0.020292371855990095
2018-12-27,0.4425223433559839,0.8615444112550474,0.0001723088822510095,0.0,0.003773046823270175,0.0036007379410191655
2018-12-28,0.473331114937822,0.03080877158183809,6.161754316367618e-06,0.0,-0.000588044761477144,-0.0005942065157935115
2018-12-31,0.501881107988313,0.028549993050490996,5.709998610098199e-06,0.0,0.004244220757567122,0.004238510758957024
2019-01-02,0.5353349849862523,0.033453876997939336,6.690775399587868e-06,0.0,0.0006786404466482265,0.0006719496712486386
2019-01-03,0.5718077258196669,0.03647274083341456,7.294548166682913e-06,0.0,-0.014334265807466866,-0.01434156035563355
2019-01-04,-0.49683261497392095,1.0686403407935878,0.00021372806815871757,0.0,-0.01677277051510048,-0.016986498583259197
2019-01-07,0.0,0.49683261497392095,9.93665229947842e-05,0.0,0.0,-9.93665229947842e-05
2019-01-08,0.0,0.0,0.0,0.0,0.0,0.0
2019-01-09,0.0,0.0,0.0,0.0,0.0,0.0
2019-01-10,0.0,0.0,0.0,0.0,0.0,0.0
2019-01-11,-0.674223619950848,0.674223619950848,0.0001348447239901696,0.0,9.864467649059598e-05,-3.6200047499573636e-05
2019-01-14,-0.7148844312482807,0.04066081129743271,8.132162259486542e-06,0.0,0.0037684379213911243,0.003760305759131638
2019-01-15,-0.7185883407951793,0.003703909546898587,7.407819093797174e-07,0.0,-0.0076634707860204,-0.00766421156792978
2019-01-16,-0.7597448021267975,0.04115646133161821,8.231292266323642e-06,0.0,-0.0016862691851886311,-0.0016945004774549547
2019-01-17,-0.8062594172031797,0.046514615076382215,9.302923015276444e-06,0.0,-0.006097522851674429,-0.006106825774689705
2019-01-18,-0.8519023078111411,0.04564289060796134,9.128578121592268e-06,0.0,-0.01115729027347401,-0.011166418851595602
2019-01-22,-0.8949827456962036,0.04308043788506255,8.616087577012511e-06,0.0,0.012761090740943719,0.012752474653366706
2019-01-23,-0.787074845428681,0.10790790026752262,2.1581580053504526e-05,0.0,-0.0017319502632184795,-0.001753531843271984
2019-01-24,-0.8344347733068641,0.047359927878183106,9.471985575636622e-06,0.0,-0.001147164330250546,-0.0011566363158261826
2019-01-25,-0.8842067884320826,0.04977201512521845,9.95440302504369e-06,0.0,-0.007474083002516039,-0.007484037405541082
2019-01-28,0.0,0.8842067884320826,0.00017684135768641652,0.0,-0.0,-0.00017684135768641652
2019-01-29,0.0,0.0,0.0,0.0,-0.0,-0.0
2019-01-30,0.0,0.0,0.0,0.0,0.0,0.0
2019-01-31,0.0,0.0,0.0,0.0,0.0,0.0
2019-02-01,0.0,0.0,0.0,0.0,0.0,0.0
2019-02-04,0.0,0.0,0.0,0.0,0.0,0.0
2019-02-05,-1.1195340276807262,1.1195340276807262,0.00022390680553614525,1.4230241390562641e-06,-0.005258866045235156,-0.005484195874910358
2019-02-06,-1.1767737346026026,0.05723970692187641,1.1447941384375282e-05,2.1044492214595546e-06,0.0026205759255374765,0.0026070235349316415
2019-02-07,-1.1897994234172846,0.013025688814682024,2.605137762936405e-06,2.2595169454438644e-06,0.011185534251448465,0.011180669596740085
2019-02-08,0.0,1.1897994234172846,0.00023795988468345693,0.0,0.0,-0.00023795988468345693
2019-02-11,0.0,0.0,0.0,0.0,0.0,0.0
2019-02-12,0.0,0.0,0.0,0.0,0.0,0.0
2019-02-13,0.0,0.0,0.0,0.0,0.0,0.0
2019-02-14,0.0,0.0,0.0,0.0,-0.0,-0.0
2019-02-15,0.0,0.0,0.0,0.0,0.0,0.0
2019-02-19,-1.3416698765342283,1.3416698765342283,0.0002683339753068457,4.0674985301693845e-06,-0.002009313420343045,-0.00228171489418006
2019-02-20,-1.408936574006975,0.06726669747274672,1.3453339494549345e-05,4.868292547702084e-06,-0.002501614172104407,-0.0025199358041466586
2019-02-21,-1.4779547752782307,0.06901820127125569,1.3803640254251138e-05,5.689937800931318e-06,0.005221125499606669,0.005201631921551486
2019-02-22,-1.4313842651398123,0.0465705101384184,9.31410202768368e-06,5.135526965950147e-06,-0.009147459671802954,-0.009161909300796587
2019-02-25,-1.4929969455304746,0.061612680390662256,1.2322536078132451e-05,5.8690112563151736e-06,-0.0018380351831082638,-0.0018562267304427114
2019-02-26,-1.565179894796686,0.07218294926621138,1.4436589853242278e-05,6.728332080912929e-06,0.001237696793344747,0.0012165318714105918
2019-02-27,-1.603006502388916,0.03782660759223,7.565321518446e-06,7.178648837963285e-06,0.0008723520289690718,0.0008576080586126624
2019-02-28,0.0,1.603006502388916,0.00032060130047778323,0.0,-0.0,-0.00032060130047778323
2019-03-01,0.0,0.0,0.0,0.0,0.0,0.0
2019-03-04,0.0,0.0,0.0,0.0,-0.0,-0.0
2019-03-05,0.0,0.0,0.0,0.0,-0.0,-0.0
2019-03-06,0.0,0.0,0.0,0.0,-0.0,-0.0
2019-03-07,0.0,0.0,0.0,0.0,-0.0,-0.0
2019-03-08,0.0,0.0,0.0,0.0,-0.0,-0.0
2019-03-11,0.0,0.0,0.0,0.0,0.0,0.0
2019-03-12,0.0,0.0,0.0,0.0,0.0,0.0
2019-03-13,0.0,0.0,0.0,0.0,0.0,0.0
2019-03-14,0.0,0.0,0.0,0.0,-0.0,-0.0
2019-03-15,0.0,0.0,0.0,0.0,0.0,0.0
2019-03-18,-1.554121912660548,1.554121912660548,0.00031082438253210963,6.596689436435096e-06,-0.0057488473922361885,-0.006066268464204733
2019-03-19,-1.6230253456551484,0.06890343299460033,1.3780686598920067e-05,7.416968400656529e-06,0.0002119185491052526,0.000190720894105676
2019-03-20,-1.6844549752022266,0.0614296295470782,1.228592590941564e-05,8.148273514312223e-06,0.004966946895352448,0.00494651269592872
2019-03-21,-1.6312031329921242,0.053251842210102485,1.0650368442020498e-05,7.514323011811002e-06,-0.017607231892501903,-0.017625396583955736
2019-03-22,-1.68762645404513,0.05642332105300585,1.128466421060117e-05,8.186029214822977e-06,0.03232956824736833,0.0323100975539429
2019-03-25,-1.1038350773915984,0.5837913766535316,0.00011675827533070634,1.2361318737095045e-06,0.0009265291764171491,0.0008085347692127332
2019-03-26,-1.144401811907397,0.04056673451579873,8.113346903159746e-06,1.719069189373775e-06,-0.008190544361533192,-0.008200376777625725
2019-03-27,-1.199656685389853,0.055254873482455835,1.1050974696491168e-05,2.376865302260154e-06,0.0055845737532197355,0.005571145913220984
2019-03-28,-1.1611184360625069,0.038538249327346064,7.707649865469214e-06,1.9180766197917483e-06,-0.004160350887310824,-0.004169976613796086
2019-03-29,-1.2202325595972807,0.059114123534773855,1.1822824706954772e-05,2.6218161856819134e-06,-0.00818984224451015,-0.008204286885402786
2019-04-01,0.0,1.2202325595972807,0.00024404651191945617,0.0,0.0,-0.00024404651191945617
2019-04-02,0.0,0.0,0.0,0.0,0.0,0.0
2019-04-03,0.0,0.0,0.0,0.0,0.0,0.0
2019-04-04,-1.4587520487266574,1.4587520487266574,0.0002917504097453315,5.461333913412588e-06,-0.0030378004396195537,-0.0033350121832782975
2019-04-05,-1.5275603700022793,0.06880832127562186,1.3761664255124373e-05,6.28048059526523e-06,-0.007066062923867783,-0.007086105068718172
2019-04-08,-1.5940702920077354,0.06650992200545613,1.3301984401091227e-05,7.07226538104447e-06,-0.0016688509198634846,-0.0016892251696456204
2019-04-09,-1.6681519625196388,0.0740816705119034,1.481633410238068e-05,7.9541900299957e-06,0.010152333535010686,0.01012956301087831
2019-04-10,-1.5002410048841468,0.16791095763549202,3.3582191527098405e-05,5.955250058144605e-06,-0.00520859336160535,-0.005248130803190593
2019-04-11,-1.5680004628521262,0.06775945796797944,1.3551891593595889e-05,6.761910272049122e-06,-5.977584730170709e-05,-8.00896491673521e-05
2019-04-12,0.0,1.5680004628521262,0.00031360009257042526,0.0,0.0,-0.00031360009257042526
2019-04-15,0.0,0.0,0.0,0.0,-0.0,-0.0
2019-04-16,0.0,0.0,0.0,0.0,0.0,0.0
2019-04-17,0.0,0.0,0.0,0.0,-0.0,-0.0
2019-04-18,0.0,0.0,0.0,0.0,0.0,0.0
2019-04-22,0.0,0.0,0.0,0.0,0.0,0.0
2019-04-23,0.0,0.0,0.0,0.0,0.0,0.0
2019-04-24,0.0,0.0,0.0,0.0,-0.0,-0.0
2019-04-25,0.0,0.0,0.0,0.0,-0.0,-0.0
2019-04-26,0.0,0.0,0.0,0.0,0.0,0.0
2019-04-29,0.0,0.0,0.0,0.0,0.0,0.0
2019-04-30,0.0,0.0,0.0,0.0,0.0,0.0
2019-05-01,0.0,0.0,0.0,0.0,-0.0,-0.0
2019-05-02,0.0,0.0,0.0,0.0,-0.0,-0.0
2019-05-03,0.0,0.0,0.0,0.0,0.0,0.0
2019-05-06,0.0,0.0,0.0,0.0,-0.0,-0.0
2019-05-07,0.0,0.0,0.0,0.0,-0.0,-0.0
2019-05-08,1.176386970832965,1.176386970832965,0.00023527739416659302,2.0998448908686316e-06,-0.0018901190499508544,-0.0021274962890083164
2019-05-09,1.2012493078005497,0.024862336967584664,4.972467393516933e-06,2.3958250928636873e-06,-0.0036349787980467603,-0.0036423470905331407
2019-05-10,1.1956246885160926,0.005624619284457122,1.1249238568914244e-06,2.328865339477293e-06,0.004439825628184649,0.0044363718389882805
2019-05-13,1.255841662216692,0.06021697370059931,1.2043394740119862e-05,3.045734074008237e-06,-0.030675777604975803,-0.03069086673378993
2019-05-14,-0.8460037104917663,2.1018453727084583,0.0004203690745416917,0.0,-0.006754483069160957,-0.0071748521437026485
2019-05-15,-0.8932498377847736,0.04724612729300737,9.449225458601474e-06,0.0,-0.005200495488821906,-0.005209944714280507
2019-05-16,0.0,0.8932498377847736,0.00017864996755695474,0.0,0.0,-0.00017864996755695474
2019-05-17,0.0,0.0,0.0,0.0,-0.0,-0.0
2019-05-20,0.0,0.0,0.0,0.0,-0.0,-0.0
2019-05-21,0.0,0.0,0.0,0.0,0.0,0.0
2019-05-22,0.0,0.0,0.0,0.0,-0.0,-0.0
2019-05-23,0.0,0.0,0.0,0.0,-0.0,-0.0
2019-05-24,-0.8751621085977345,0.8751621085977345,0.0001750324217195469,0.0,-0.0011837825757176693,-0.0013588149974372162
2019-05-28,0.0,0.8751621085977345,0.0001750324217195469,0.0,-0.0,-0.0001750324217195469
2019-05-29,0.0,0.0,0.0,0.0,-0.0,-0.0
2019-05-30,0.0,0.0,0.0,0.0,0.0,0.0
2019-05-31,0.0,0.0,0.0,0.0,-0.0,-0.0
2019-06-03,-0.7972865633024754,0.7972865633024754,0.00015945731266049507,0.0,0.0022077428255148825,0.0020482855128543874
2019-06-04,-0.8173503382662103,0.020063774963734904,4.012754992746981e-06,0.0,-0.01733267167296753,-0.017336684427960276
2019-06-05,0.0,0.8173503382662103,0.00016347006765324206,0.0,0.0,-0.00016347006765324206
2019-06-06,0.0,0.0,0.0,0.0,0.0,0.0
2019-06-07,0.0,0.0,0.0,0.0,0.0,0.0
2019-06-10,-1.0023052707408697,1.0023052707408697,0.00020046105414817396,2.7443699296068155e-08,-0.004659937785772222,-0.004860426283619691
2019-06-11,-1.0558298609992842,0.053524590258414495,1.07049180516829e-05,6.646412023724312e-07,0.0003694786409068191,0.00035810908165276377
2019-06-12,-1.1039232251845013,0.048093364185217036,9.618672837043408e-06,1.2371812521964436e-06,0.0022516256469162815,0.002240769792827042
2019-06-13,-1.1224387497590045,0.018515524574503228,3.703104914900646e-06,1.4576041637976725e-06,-0.004589663836570055,-0.004594824545648754
2019-06-14,-1.1799498697727324,0.057511120013727934,1.1502224002745588e-05,2.1422603544372907e-06,0.0019030370570386884,0.0018893925726815055
2019-06-17,-1.2039232551080885,0.02397338533535609,4.7946770670712185e-06,2.427657798905816e-06,-0.001121232306850339,-0.001128454641716316
2019-06-18,0.0,1.2039232551080885,0.0002407846510216177,0.0,0.0,-0.0002407846510216177
2019-06-19,0.0,0.0,0.0,0.0,0.0,0.0
2019-06-20,0.0,0.0,0.0,0.0,0.0,0.0
2019-06-21,0.0,0.0,0.0,0.0,-0.0,-0.0
2019-06-24,0.0,0.0,0.0,0.0,-0.0,-0.0
2019-06-25,0.0,0.0,0.0,0.0,-0.0,-0.0
2019-06-26,0.0,0.0,0.0,0.0,-0.0,-0.0
2019-06-27,0.0,0.0,0.0,0.0,0.0,0.0
2019-06-28,0.0,0.0,0.0,0.0,0.0,0.0
2019-07-01,0.0,0.0,0.0,0.0,0.0,0.0
2019-07-02,0.0,0.0,0.0,0.0,0.0,0.0
2019-07-03,0.0,0.0,0.0,0.0,0.0,0.0
2019-07-05,-1.6030266579923513,1.6030266579923513,0.00032060533159847026,7.17888878562323e-06,0.002897525515124085,0.0025697412947399915
2019-07-08,-1.6007699104159945,0.0022567475763568545,4.5134951527137095e-07,7.152022743047554e-06,0.007759208705185902,0.007751605332927583
2019-07-09,-1.4910172472973702,0.1097526631186243,2.195053262372486e-05,5.845443420206788e-06,-0.0018425887642449829,-0.0018703847402889145
2019-07-10,-1.5618685287448462,0.07085128144747599,1.4170256289495199e-05,6.688911056486264e-06,-0.007029262621605987,-0.007050121788951968
2019-07-11,-1.6295578092273346,0.06768928048248846,1.3537856096497692e-05,7.4947358241349365e-06,-0.0037196605603717165,-0.003740693152292349
2019-07-12,0.0,1.6295578092273346,0.0003259115618454669,0.0,0.0,-0.0003259115618454669
2019-07-15,0.0,0.0,0.0,0.0,0.0,0.0
2019-07-16,0.0,0.0,0.0,0.0,-0.0,-0.0
2019-07-17,0.0,0.0,0.0,0.0,-0.0,-0.0
2019-07-18,0.0,0.0,0.0,0.0,0.0,0.0
2019-07-19,0.0,0.0,0.0,0.0,-0.0,-0.0
2019-07-22,0.0,0.0,0.0,0.0,0.0,0.0
2019-07-23,0.0,0.0,0.0,0.0,0.0,0.0
2019-07-24,0.0,0.0,0.0,0.0,0.0,0.0
2019-07-25,0.0,0.0,0.0,0.0,-0.0,-0.0
2019-07-26,0.0,0.0,0.0,0.0,0.0,0.0
2019-07-29,0.0,0.0,0.0,0.0,-0.0,-0.0
2019-07-30,0.0,0.0,0.0,0.0,-0.0,-0.0
2019-07-31,0.0,0.0,0.0,0.0,-0.0,-0.0
2019-08-01,0.0,0.0,0.0,0.0,-0.0,-0.0
2019-08-02,0.0,0.0,0.0,0.0,-0.0,-0.0
2019-08-05,1.0519168478657157,1.0519168478657157,0.00021038336957314316,6.180577126870918e-07,-0.031799637938351714,-0.03201063936563755
2019-08-06,-0.6991201889608192,1.7510370368265349,0.000350207407365307,0.0,-0.009041738120609587,-0.009391945527974893
2019-08-07,-0.7397831391473961,0.04066295018657695,8.132590037315391e-06,0.0,-0.0005671046853570743,-0.0005752372753943897
2019-08-08,-0.7865716092425236,0.04678847009512743,9.357694019025487e-06,0.0,-0.014621156835906254,-0.01463051452992528
2019-08-09,0.0,0.7865716092425236,0.00015731432184850472,0.0,-0.0,-0.00015731432184850472
2019-08-12,0.0,0.0,0.0,0.0,-0.0,-0.0
2019-08-13,0.0,0.0,0.0,0.0,0.0,0.0
2019-08-14,0.0,0.0,0.0,0.0,-0.0,-0.0
2019-08-15,-0.590524865511731,0.590524865511731,0.0001181049731023462,0.0,-0.0014534214701855176,-0.0015715264432878638
2019-08-16,-0.6304388744483889,0.03991400893665786,7.982801787331573e-06,0.0,-0.00902981267276881,-0.00903779547455614
2019-08-19,0.0,0.6304388744483889,0.00012608777488967777,0.0,0.0,-0.00012608777488967777
2019-08-20,0.0,0.0,0.0,0.0,-0.0,-0.0
2019-08-21,0.0,0.0,0.0,0.0,0.0,0.0
2019-08-22,0.0,0.0,0.0,0.0,-0.0,-0.0
2019-08-23,0.0,0.0,0.0,0.0,-0.0,-0.0
2019-08-26,-0.6117250313834366,0.6117250313834366,0.00012234500627668734,0.0,-0.006681941478052223,-0.00680428648432891
2019-08-27,0.0,0.6117250313834366,0.00012234500627668734,0.0,-0.0,-0.00012234500627668734
2019-08-28,0.0,0.0,0.0,0.0,0.0,0.0
2019-08-29,0.0,0.0,0.0,0.0,0.0,0.0
2019-08-30,0.0,0.0,0.0,0.0,0.0,0.0
2019-09-03,0.0,0.0,0.0,0.0,-0.0,-0.0
2019-09-04,0.0,0.0,0.0,0.0,0.0,0.0
2019-09-05,0.0,0.0,0.0,0.0,0.0,0.0
2019-09-06,0.0,0.0,0.0,0.0,0.0,0.0
2019-09-09,0.0,0.0,0.0,0.0,-0.0,-0.0
2019-09-10,0.0,0.0,0.0,0.0,0.0,0.0
2019-09-11,0.0,0.0,0.0,0.0,0.0,0.0
2019-09-12,0.0,0.0,0.0,0.0,0.0,0.0
2019-09-13,0.0,0.0,0.0,0.0,-0.0,-0.0
2019-09-16,0.0,0.0,0.0,0.0,-0.0,-0.0
2019-09-17,0.0,0.0,0.0,0.0,0.0,0.0
2019-09-18,0.0,0.0,0.0,0.0,0.0,0.0
2019-09-19,0.0,0.0,0.0,0.0,0.0,0.0
2019-09-20,0.0,0.0,0.0,0.0,-0.0,-0.0
2019-09-23,0.0,0.0,0.0,0.0,-0.0,-0.0
2019-09-24,0.0,0.0,0.0,0.0,-0.0,-0.0
2019-09-25,0.0,0.0,0.0,0.0,0.0,0.0
2019-09-26,0.0,0.0,0.0,0.0,-0.0,-0.0
2019-09-27,0.0,0.0,0.0,0.0,-0.0,-0.0
2019-09-30,0.0,0.0,0.0,0.0,0.0,0.0
2019-10-01,0.0,0.0,0.0,0.0,-0.0,-0.0
2019-10-02,0.0,0.0,0.0,0.0,-0.0,-0.0
2019-10-03,-0.8388461289851207,0.8388461289851207,0.00016776922579702413,0.0,-0.0066606939225197365,-0.006828463148316761
2019-10-04,0.0,0.8388461289851207,0.00016776922579702413,0.0,0.0,-0.00016776922579702413
2019-10-07,0.0,0.0,0.0,0.0,-0.0,-0.0
2019-10-08,0.0,0.0,0.0,0.0,-0.0,-0.0
2019-10-09,0.0,0.0,0.0,0.0,0.0,0.0
2019-10-10,0.0,0.0,0.0,0.0,0.0,0.0
2019-10-11,0.0,0.0,0.0,0.0,0.0,0.0
2019-10-14,0.0,0.0,0.0,0.0,-0.0,-0.0
2019-10-15,0.0,0.0,0.0,0.0,0.0,0.0
2019-10-16,-1.016130372225661,1.016130372225661,0.0002032260744451322,1.9202824078167784e-07,0.0020338302118627556,0.0018304121091768416
2019-10-17,-1.0387588752114052,0.02262850298574426,4.525700597148852e-06,4.614151810881571e-07,-0.0028659585580066193,-0.002870945673784856
2019-10-18,-1.0957121506646588,0.05695327545325357,1.1390655090650714e-05,1.1394303650554616e-06,0.004302911700442832,0.004290381614987126
2019-10-21,-1.0818262025878895,0.013885948076769239,2.777189615353848e-06,9.741214593796374e-07,-0.007408469277462801,-0.007412220588537534
2019-10-22,-1.1372429183426576,0.05541671575476803,1.1083343150953606e-05,1.6338442659840186e-06,0.004065699451814845,0.004052982264397907
2019-10-23,0.0,1.1372429183426576,0.00022744858366853152,0.0,0.0,-0.00022744858366853152
2019-10-24,0.0,0.0,0.0,0.0,0.0,0.0
2019-10-25,0.0,0.0,0.0,0.0,0.0,0.0
2019-10-28,0.0,0.0,0.0,0.0,0.0,0.0
2019-10-29,0.0,0.0,0.0,0.0,-0.0,-0.0
2019-10-30,0.0,0.0,0.0,0.0,0.0,0.0
2019-10-31,0.0,0.0,0.0,0.0,-0.0,-0.0
2019-11-01,0.0,0.0,0.0,0.0,0.0,0.0
2019-11-04,0.0,0.0,0.0,0.0,0.0,0.0
2019-11-05,0.0,0.0,0.0,0.0,-0.0,-0.0
2019-11-06,0.0,0.0,0.0,0.0,0.0,0.0
2019-11-07,0.0,0.0,0.0,0.0,0.0,0.0
2019-11-08,0.0,0.0,0.0,0.0,0.0,0.0
2019-11-11,0.0,0.0,0.0,0.0,-0.0,-0.0
2019-11-12,0.0,0.0,0.0,0.0,0.0,0.0
2019-11-13,0.0,0.0,0.0,0.0,0.0,0.0
2019-11-14,0.0,0.0,0.0,0.0,0.0,0.0
2019-11-15,0.0,0.0,0.0,0.0,0.0,0.0
2019-11-18,0.0,0.0,0.0,0.0,0.0,0.0
2019-11-19,0.0,0.0,0.0,0.0,-0.0,-0.0
2019-11-20,0.0,0.0,0.0,0.0,-0.0,-0.0
2019-11-21,0.0,0.0,0.0,0.0,-0.0,-0.0
2019-11-22,0.0,0.0,0.0,0.0,0.0,0.0
2019-11-25,0.0,0.0,0.0,0.0,0.0,0.0
2019-11-26,0.0,0.0,0.0,0.0,0.0,0.0
2019-11-27,0.0,0.0,0.0,0.0,0.0,0.0
2019-11-29,-2.0,2.0,0.0004,1.1904761904761905e-05,0.008038572459977,0.007626667698072238
2019-12-02,-2.0,0.0,0.0,1.1904761904761905e-05,0.01733696738793,0.017325062626025237
2019-12-03,0.0,2.0,0.0004,0.0,-0.0,-0.0004
2019-12-04,0.0,0.0,0.0,0.0,0.0,0.0
2019-12-05,0.0,0.0,0.0,0.0,0.0,0.0
2019-12-06,0.0,0.0,0.0,0.0,0.0,0.0
2019-12-09,0.0,0.0,0.0,0.0,-0.0,-0.0
2019-12-10,0.0,0.0,0.0,0.0,-0.0,-0.0
2019-12-11,0.0,0.0,0.0,0.0,0.0,0.0
2019-12-12,0.0,0.0,0.0,0.0,0.0,0.0
2019-12-13,0.0,0.0,0.0,0.0,0.0,0.0
2019-12-16,0.0,0.0,0.0,0.0,0.0,0.0
2019-12-17,-1.9074964711152878,1.9074964711152878,0.0003814992942230576,1.080352941803914e-05,-0.0006394615412791079,-0.0010317643649202046
2019-12-18,-1.9924215012968498,0.08492503018156206,1.698500603631241e-05,1.1814541682105355e-05,0.0008615103864016476,0.0008327108386832298
2019-12-19,-2.0,0.007578498703150194,1.5156997406300388e-06,1.1904761904761905e-05,-0.008898757643731,-0.008912178105376391
2019-12-20,-2.0,0.0,0.0,1.1904761904761905e-05,-0.009865191608668,-0.009877096370572762
2019-12-23,-2.0,0.0,0.0,1.1904761904761905e-05,-0.001731537428597,-0.0017434421905017617
2019-12-24,-2.0,0.0,0.0,1.1904761904761905e-05,0.0003909346049368,0.0003790298430320381
2019-12-26,-2.0,0.0,0.0,1.1904761904761905e-05,-0.0102301248201078,-0.010242029582012561
2019-12-27,-2.0,0.0,0.0,1.1904761904761905e-05,-6.796827931410121e-05,-7.987304121886312e-05
2019-12-30,-2.0,0.0,0.0,1.1904761904761905e-05,0.0115951921586976,0.011583287396792838
2019-12-31,0.0,2.0,0.0004,0.0,0.0,-0.0004
2020-01-02,0.0,0.0,0.0,0.0,0.0,0.0
2020-01-03,0.0,0.0,0.0,0.0,-0.0,-0.0
2020-01-06,0.0,0.0,0.0,0.0,0.0,0.0
2020-01-07,0.0,0.0,0.0,0.0,-0.0,-0.0
2020-01-08,0.0,0.0,0.0,0.0,0.0,0.0
2020-01-09,0.0,0.0,0.0,0.0,0.0,0.0
2020-01-10,0.0,0.0,0.0,0.0,-0.0,-0.0
2020-01-13,0.0,0.0,0.0,0.0,0.0,0.0
2020-01-14,0.0,0.0,0.0,0.0,-0.0,-0.0
2020-01-15,0.0,0.0,0.0,0.0,0.0,0.0
2020-01-16,0.0,0.0,0.0,0.0,0.0,0.0
2020-01-17,0.0,0.0,0.0,0.0,0.0,0.0
2020-01-21,-2.0,2.0,0.0004,1.1904761904761905e-05,0.0053110007391694,0.004899095977264638
2020-01-22,-2.0,0.0,0.0,1.1904761904761905e-05,-0.0005780685933628,-0.0005899733552675619
2020-01-23,-2.0,0.0,0.0,1.1904761904761905e-05,-0.002280652386716,-0.002292557148620762
2020-01-24,-2.0,0.0,0.0,1.1904761904761905e-05,0.0181665788523872,0.01815467409048244
2020-01-27,-1.702427267935077,0.2975727320649231,5.9514546412984615e-05,8.362229380179487e-06,0.026993265165916408,0.026925388390123244
2020-01-28,-1.1889569234431958,0.5134703444918811,0.00010269406889837622,2.249487183847569e-06,-0.011893592070601536,-0.011998535626683762
2020-01-29,-1.2437014055815656,0.0547444821383698,1.094889642767396e-05,2.9012072093043526e-06,0.0010786002225678523,0.0010647501189308738
2020-01-30,-1.2842068371493462,0.040505431567780636,8.101086313556128e-06,3.383414727968408e-06,-0.0040188699863406,-0.004030354487382124
2020-01-31,-1.3495560053636757,0.06534916821432946,1.3069833642865893e-05,4.1613810162342345e-06,0.024109067104212234,0.02409183588955313
2020-02-03,-0.9883834148758169,0.36117259048785877,7.223451809757176e-05,0.0,-0.007144456138062811,-0.0072166906561603825
2020-02-04,0.0,0.9883834148758169,0.00019767668297516339,0.0,0.0,-0.00019767668297516339
2020-02-05,0.0,0.0,0.0,0.0,0.0,0.0
2020-02-06,0.0,0.0,0.0,0.0,0.0,0.0
2020-02-07,0.0,0.0,0.0,0.0,-0.0,-0.0
2020-02-10,-1.1473785203901214,1.1473785203901214,0.0002294757040780243,1.7545061951204934e-06,-0.008375507649850239,-0.008606737860123384
2020-02-11,-1.2049397135534579,0.05756119316333641,1.1512238632667282e-05,2.4397584946840222e-06,-0.002032791960463433,-0.0020467439575907846
2020-02-12,-1.269643639711207,0.06470392615774911,1.2940785231549823e-05,3.210043329895321e-06,-0.008178857822974877,-0.008195008651536322
2020-02-13,-1.3308338792293444,0.0611902395181374,1.2238047903627481e-05,3.9384985622541e-06,0.0021716232631992993,0.0021554467167334175
2020-02-14,-1.349317885717316,0.01848400648797166,3.6968012975943324e-06,4.158546258539477e-06,-0.0024852223902460152,-0.002493077737802149
2020-02-18,-1.4177510592172275,0.06843317349991151,1.3686634699982303e-05,4.973226895443185e-06,0.004145807476239158,0.004127147614643732
2020-02-19,-1.3936348756941508,0.024116183523076762,4.8232367046153525e-06,4.6861294725494145e-06,-0.006542764941584714,-0.006552274307761879
2020-02-20,-1.4595716626546116,0.06593678696046079,1.3187357392092159e-05,5.471091222078709e-06,0.005579675989406315,0.005561017540792144
2020-02-21,0.0,1.4595716626546116,0.00029191433253092234,0.0,-0.0,-0.00029191433253092234
2020-02-24,0.0,0.0,0.0,0.0,-0.0,-0.0
2020-02-25,-0.6813860645729558,0.6813860645729558,0.00013627721291459117,0.0,0.020951193556187415,0.020814916343272823
2020-02-26,-0.5293449010193109,0.15204116355364494,3.040823271072899e-05,0.0,0.0020039395750126344,0.0019735313423019053
2020-02-27,-0.550703045832577,0.021358144813266144,4.271628962653229e-06,0.0,0.02487423026377194,0.024869958634809286
2020-02-28,-0.40494953631334707,0.14575350951922994,2.915070190384599e-05,0.0,0.0033499301004230896,0.0033207793985192435
2020-03-02,-0.4153672291540717,0.010417692840724635,2.083538568144927e-06,0.0,-0.018696039842568703,-0.01869812338113685
2020-03-03,0.44172144848829065,0.8570886776423623,0.00017141773552847245,0.0,-0.012593692697253541,-0.012765110432782015
2020-03-04,0.39287501581948364,0.048846432668807005,9.769286533761401e-06,0.0,0.016240018908978786,0.016230249622445025
2020-03-05,0.0,0.39287501581948364,7.857500316389673e-05,0.0,-0.0,-7.857500316389673e-05
2020-03-06,-0.3627682905543211,0.3627682905543211,7.255365811086422e-05,0.0,0.006239956924697051,0.006167403266586187
2020-03-09,-0.3569222600802767,0.005846030474044361,1.1692060948088723e-06,0.0,0.028200575156553477,0.028199405950458667
2020-03-10,-0.25104328494781564,0.10587897513246108,2.1175795026492217e-05,0.0,-0.012104065144918815,-0.012125240939945308
2020-03-11,-0.27156856680614483,0.020525281858329192,4.105056371665838e-06,0.0,0.013606370792874896,0.01360226573650323
2020-03-12,-0.24004930054486298,0.03151926626128185,6.30385325225637e-06,0.0,0.023991691912273166,0.02398538805902091
2020-03-13,-0.18114433328078838,0.0589049672640746,1.178099345281492e-05,0.0,-0.01608713966654818,-0.016098920660000998
2020-03-16,0.19664059815275914,0.3777849314335475,7.555698628670951e-05,0.0,-0.025101604466568863,-0.025177161452855572
2020-03-17,-0.14611600502196992,0.34275660317472906,6.855132063494581e-05,0.0,-0.008507796189487533,-0.008576347510122479
2020-03-18,-0.16054474116903641,0.014428736147066495,2.8857472294132994e-06,0.0,0.0085445559359818,0.008541670188752386
2020-03-19,-0.15510795348653117,0.005436787682505245,1.087357536501049e-06,0.0,-0.0007285049821343598,-0.0007295923396708608
2020-03-20,-0.17130426551134817,0.016196312024817,3.2392624049634e-06,0.0,0.0075935110803252385,0.007590271817920275
2020-03-23,-0.16774817081722312,0.003556094694125045,7.11218938825009e-07,0.0,0.004987404910006931,0.004986693691068106
2020-03-24,0.0,0.16774817081722312,3.3549634163444624e-05,0.0,0.0,-3.3549634163444624e-05
2020-03-25,0.0,0.0,0.0,0.0,0.0,0.0
2020-03-26,0.0,0.0,0.0,0.0,0.0,0.0
2020-03-27,0.0,0.0,0.0,0.0,-0.0,-0.0
2020-03-30,0.0,0.0,0.0,0.0,0.0,0.0
2020-03-31,-0.23613036125904274,0.23613036125904274,4.722607225180855e-05,0.0,0.0038116896780243424,0.0037644636057725337
2020-04-01,0.0,0.23613036125904274,4.722607225180855e-05,0.0,-0.0,-4.722607225180855e-05
2020-04-02,-0.22437559432821325,0.22437559432821325,4.487511886564265e-05,0.0,-0.005064753342722382,-0.0051096284615880245
2020-04-03,-0.24507321166178647,0.020697617333573226,4.139523466714645e-06,0.0,0.0037380675896445904,0.0037339280661778758
2020-04-06,-0.25289837236720236,0.00782516070541589,1.565032141083178e-06,0.0,-0.017189058316884394,-0.017190623349025477
2020-04-07,0.0,0.25289837236720236,5.0579674473440475e-05,0.0,-0.0,-5.0579674473440475e-05
2020-04-08,0.0,0.0,0.0,0.0,0.0,0.0
2020-04-09,0.0,0.0,0.0,0.0,0.0,0.0
2020-04-13,0.0,0.0,0.0,0.0,-0.0,-0.0
2020-04-14,-0.35563982181870585,0.35563982181870585,7.112796436374118e-05,0.0,-0.010709936600444028,-0.010781064564807768
2020-04-15,-0.3822191959289878,0.02657937411028194,5.315874822056388e-06,0.0,0.008514594849957776,0.00850927897513572
2020-04-16,-0.36231075892301573,0.019908437005972057,3.981687401194412e-06,0.0,-0.0021013436492746686,-0.002105325336675863
2020-04-17,-0.3930725523891848,0.030761793466169085,6.152358693233817e-06,0.0,-0.010393204637169378,-0.010399356995862611
2020-04-20,-0.4218014065977514,0.02872885420856658,5.745770841713316e-06,0.0,0.007610497659579773,0.00760475188873806
2020-04-21,-0.40470021661337674,0.017101189984374654,3.420237996874931e-06,0.0,0.012608481884757747,0.012605061646760873
2020-04-22,-0.35922269155922754,0.045477525054149204,9.095505010829841e-06,0.0,-0.008144045616263463,-0.008153141121274294
2020-04-23,0.0,0.35922269155922754,7.184453831184551e-05,0.0,-0.0,-7.184453831184551e-05
2020-04-24,0.0,0.0,0.0,0.0,0.0,0.0
2020-04-27,0.0,0.0,0.0,0.0,0.0,0.0
2020-04-28,0.0,0.0,0.0,0.0,-0.0,-0.0
2020-04-29,0.0,0.0,0.0,0.0,0.0,0.0
2020-04-30,0.0,0.0,0.0,0.0,-0.0,-0.0
2020-05-01,0.0,0.0,0.0,0.0,-0.0,-0.0
2020-05-04,0.0,0.0,0.0,0.0,0.0,0.0
2020-05-05,0.0,0.0,0.0,0.0,0.0,0.0
2020-05-06,0.0,0.0,0.0,0.0,-0.0,-0.0
2020-05-07,0.0,0.0,0.0,0.0,0.0,0.0
2020-05-08,0.0,0.0,0.0,0.0,0.0,0.0
2020-05-11,0.0,0.0,0.0,0.0,0.0,0.0
2020-05-12,0.0,0.0,0.0,0.0,-0.0,-0.0
2020-05-13,0.0,0.0,0.0,0.0,-0.0,-0.0
2020-05-14,0.0,0.0,0.0,0.0,0.0,0.0
2020-05-15,0.0,0.0,0.0,0.0,0.0,0.0
2020-05-18,0.0,0.0,0.0,0.0,0.0,0.0
2020-05-19,0.0,0.0,0.0,0.0,-0.0,-0.0
2020-05-20,0.0,0.0,0.0,0.0,0.0,0.0
2020-05-21,-0.647086159064695,0.647086159064695,0.00012941723181293901,0.0,0.005049839879150151,0.004920422647337211
2020-05-22,-0.6395963504161749,0.007489808648520113,1.4979617297040227e-06,0.0,-0.001503656281311731,-0.001505154243041435
2020-05-26,-0.6849091085134809,0.04531275809730595,9.062551619461191e-06,0.0,-0.008365675065177663,-0.008374737616797124
2020-05-27,-0.7284095342089949,0.043500425695514044,8.700085139102809e-06,0.0,-0.010721057480700045,-0.010729757565839148
2020-05-28,-0.7718694268833524,0.04345989267435746,8.691978534871493e-06,0.0,0.0016287520313697157,0.0016200600528348441
2020-05-29,-0.8013500771966815,0.029480650313329138,5.896130062665828e-06,0.0,-0.003847116283747106,-0.003853012413809772
2020-06-01,-0.8529141777842147,0.051564100587533246,1.031282011750665e-05,0.0,-0.0031934953190894274,-0.003203808139206934
2020-06-02,-0.9072498976888514,0.0543357199046367,1.086714398092734e-05,0.0,-0.007418861195327882,-0.007429728339308809
2020-06-03,-0.960212583651876,0.05296268596302456,1.0592537192604913e-05,0.0,-0.013017285906648328,-0.013027878443840932
2020-06-04,-1.0088050955373185,0.048592511885442446,9.71850237708849e-06,1.0482256592045777e-07,0.00340410090187006,0.003394277576927051
2020-06-05,0.0,1.0088050955373185,0.0002017610191074637,0.0,0.0,-0.0002017610191074637
2020-06-08,-1.047527342168769,1.047527342168769,0.0002095054684337538,5.65801692485345e-07,-0.012538542361446187,-0.012748613631572427
2020-06-09,-1.0977319722793673,0.05020463011059828,1.0040926022119657e-05,1.1634758604686579e-06,0.00859495968657217,0.008583755284689581
2020-06-10,-1.0138733822799952,0.08385858999937201,1.6771717999874402e-05,1.651593128570862e-07,0.005401162790499172,0.005384225913186441
2020-06-11,-0.9861182532242658,0.02775512905572941,5.551025811145882e-06,0.0,0.059909339496170305,0.05990378847035916
2020-06-12,-0.4165601399179607,0.5695581133063051,0.00011391162266126103,0.0,-0.005405403763882128,-0.005519315386543389
2020-06-15,-0.4484523885224662,0.03189224860450551,6.378449720901103e-06,0.0,-0.003712226455767295,-0.003718604905488196
2020-06-16,-0.482695803436351,0.03424341491388477,6.848682982776955e-06,0.0,-0.009067369646930563,-0.00907421832991334
2020-06-17,-0.5158630928004914,0.03316728936414037,6.633457872828075e-06,0.0,0.0018606130596654658,0.0018539796017926378
2020-06-18,-0.5382966742608075,0.022433581460316154,4.486716292063231e-06,0.0,-0.00031977158863356333,-0.00032425830492562654
2020-06-19,-0.5783186554147755,0.040021981153967934,8.004396230793588e-06,0.0,0.003276472187534758,0.0032684677913039644
2020-06-22,0.0,0.5783186554147755,0.0001156637310829551,0.0,0.0,-0.0001156637310829551
2020-06-23,0.0,0.0,0.0,0.0,0.0,0.0
2020-06-24,0.0,0.0,0.0,0.0,-0.0,-0.0
2020-06-25,0.0,0.0,0.0,0.0,0.0,0.0
2020-06-26,0.0,0.0,0.0,0.0,-0.0,-0.0
2020-06-29,0.0,0.0,0.0,0.0,0.0,0.0
2020-06-30,0.0,0.0,0.0,0.0,0.0,0.0
2020-07-01,0.0,0.0,0.0,0.0,0.0,0.0
2020-07-02,0.0,0.0,0.0,0.0,0.0,0.0
2020-07-06,0.0,0.0,0.0,0.0,0.0,0.0
2020-07-07,-0.6972449875668985,0.6972449875668985,0.0001394489975133797,0.0,0.007584266921978586,0.007444817924465206
2020-07-08,-0.6617898427367052,0.0354551448301933,7.09102896603866e-06,0.0,-0.0051599663130961195,-0.005167057342062158
2020-07-09,-0.7049521521849542,0.04316230944824906,8.632461889649812e-06,0.0,0.00398974119163171,0.003981108729742061
2020-07-10,-0.7065466316307114,0.001594479445757191,3.188958891514382e-07,0.0,-0.007356429125313337,-0.007356748021202488
2020-07-13,-0.7503592921655339,0.04381266053482247,8.762532106964493e-06,0.0,0.007058363645974036,0.007049601113867072
2020-07-14,-0.7167060759885202,0.03365321617701367,6.7306432354027335e-06,0.0,-0.009544590243532186,-0.009551320886767588
2020-07-15,-0.7596217127573178,0.042915636768797616,8.583127353759524e-06,0.0,-0.006867783155129731,-0.006876366282483491
2020-07-16,-0.8058497069693188,0.04622799421200097,9.245598842400193e-06,0.0,0.002749490875498008,0.002740245276655608
2020-07-17,-0.820525270440345,0.014675563471026165,2.9351126942052333e-06,0.0,-0.002334035486461193,-0.0023369705991553983
2020-07-20,-0.8722179306676137,0.051692660227268705,1.0338532045453741e-05,0.0,-0.007302031677847368,-0.007312370209892822
2020-07-21,0.0,0.8722179306676137,0.00017444358613352275,0.0,0.0,-0.00017444358613352275
2020-07-22,0.0,0.0,0.0,0.0,0.0,0.0
2020-07-23,0.0,0.0,0.0,0.0,-0.0,-0.0
2020-07-24,0.0,0.0,0.0,0.0,-0.0,-0.0
2020-07-27,0.0,0.0,0.0,0.0,0.0,0.0
2020-07-28,0.0,0.0,0.0,0.0,-0.0,-0.0
2020-07-29,0.0,0.0,0.0,0.0,0.0,0.0
2020-07-30,0.0,0.0,0.0,0.0,-0.0,-0.0
2020-07-31,0.0,0.0,0.0,0.0,0.0,0.0
2020-08-03,0.0,0.0,0.0,0.0,0.0,0.0
2020-08-04,0.0,0.0,0.0,0.0,0.0,0.0
2020-08-05,0.0,0.0,0.0,0.0,0.0,0.0
2020-08-06,0.0,0.0,0.0,0.0,0.0,0.0
2020-08-07,-1.2284927368140188,1.2284927368140188,0.00024569854736280377,2.7201516287383193e-06,-0.0007774261617856153,-0.0010258448607771574
2020-08-10,-1.2971384142096727,0.06864567739565386,1.3729135479130773e-05,3.537362073924675e-06,-0.0035521685020960866,-0.003569434999649142
2020-08-11,-1.3654931146143918,0.06835470040471914,1.3670940080943828e-05,4.3511085073141884e-06,0.010925386060229676,0.010907364011641418
2020-08-12,-1.2107688154203855,0.15472429919400632,3.094485983880127e-05,2.509152564528399e-06,-0.016829083926970988,-0.01686253793937432
2020-08-13,-1.2624684932960326,0.05169967787564711,1.0339935575129423e-05,3.1246249201908644e-06,0.0025871421878202777,0.0025736776273249575
2020-08-14,-1.2744430830502946,0.011974589754262022,2.3949179508524047e-06,3.2671795601225553e-06,0.00021907344768085256,0.00021341135016987763
2020-08-17,-1.3334904104457754,0.0590473273954808,1.180946547909616e-05,3.970123933878279e-06,-0.003608661755113555,-0.003624441344526529
2020-08-18,-1.4024969333617596,0.06900652291598419,1.3801304583196838e-05,4.791630159068567e-06,-0.0032267813832533875,-0.003245374317995653
2020-08-19,-1.4741073582817867,0.07161042492002712,1.4322084984005425e-05,5.644135217640319e-06,0.006506891703495759,0.006486925483294113
2020-08-20,0.0,1.4741073582817867,0.0002948214716563574,0.0,0.0,-0.0002948214716563574
2020-08-21,0.0,0.0,0.0,0.0,0.0,0.0
2020-08-24,0.0,0.0,0.0,0.0,0.0,0.0
2020-08-25,0.0,0.0,0.0,0.0,0.0,0.0
2020-08-26,0.0,0.0,0.0,0.0,0.0,0.0
2020-08-27,-1.7294312072557645,1.7294312072557645,0.0003458862414511529,8.683704848282911e-06,-0.0028909968148962658,-0.0032455667611957016
2020-08-28,-1.8110427405079061,0.08161153325214165,1.632230665042833e-05,9.655270720332216e-06,-0.012152101949500026,-0.012178079526870786
2020-08-31,-1.8790310038734344,0.06798826336552821,1.3597652673105644e-05,1.0464654808017076e-05,0.004128936081923428,0.004104873774442306
2020-09-01,-1.833444573789706,0.04558643008372831,9.117286016745663e-06,9.921959211782215e-06,-0.013745024888909954,-0.013764064134138483
2020-09-02,-1.8988958313875757,0.06545125759786963,1.3090251519573926e-05,1.0701140849852092e-05,-0.028956357750815235,-0.02898014914318466
2020-09-03,-1.9339409611412626,0.0350451297536869,7.00902595073738e-06,1.1118344775491222e-05,0.06915307598343895,0.06913494861271272
2020-09-04,-0.7078602958678654,1.2260806652733973,0.0002452161330546795,0.0,0.0057805859108605185,0.005535369777805839
2020-09-08,-0.691398340015315,0.01646195585255039,3.2923911705100785e-06,0.0,0.01946205370375796,0.01945876131258745
2020-09-09,-0.5462668880397155,0.1451314519755995,2.9026290395119904e-05,0.0,-0.010895162339626495,-0.010924188630021614
2020-09-10,-0.5799579310194023,0.033691042979686836,6.738208595937367e-06,0.0,0.010289176280599298,0.010282438072003361
2020-09-11,0.5303879280119541,1.1103458590313564,0.00022206917180627128,0.0,0.0002826597223229001,6.0590550516628826e-05
2020-09-14,0.5706007006198766,0.04021277260792244,8.042554521584489e-06,0.0,0.007224566636061791,0.007216524081540206
2020-09-15,0.6083342655574319,0.03773356493755531,7.546712987511062e-06,0.0,0.0031668579606795645,0.003159311247692053
2020-09-16,0.6504080268929044,0.04207376133547258,8.414752267094516e-06,0.0,-0.0030111595003353194,-0.003019574252602414
2020-09-17,0.0,0.6504080268929044,0.00013008160537858089,0.0,-0.0,-0.00013008160537858089
2020-09-18,0.0,0.0,0.0,0.0,-0.0,-0.0
2020-09-21,0.0,0.0,0.0,0.0,-0.0,-0.0
2020-09-22,0.0,0.0,0.0,0.0,0.0,0.0
2020-09-23,0.0,0.0,0.0,0.0,-0.0,-0.0
2020-09-24,0.0,0.0,0.0,0.0,0.0,0.0
2020-09-25,0.0,0.0,0.0,0.0,0.0,0.0
2020-09-28,0.0,0.0,0.0,0.0,0.0,0.0
2020-09-29,0.0,0.0,0.0,0.0,-0.0,-0.0
2020-09-30,0.0,0.0,0.0,0.0,0.0,0.0
2020-10-01,0.0,0.0,0.0,0.0,0.0,0.0
2020-10-02,0.0,0.0,0.0,0.0,-0.0,-0.0
2020-10-05,0.0,0.0,0.0,0.0,0.0,0.0
2020-10-06,0.0,0.0,0.0,0.0,-0.0,-0.0
2020-10-07,0.0,0.0,0.0,0.0,0.0,0.0
2020-10-08,0.0,0.0,0.0,0.0,0.0,0.0
2020-10-09,0.0,0.0,0.0,0.0,0.0,0.0
2020-10-12,0.0,0.0,0.0,0.0,0.0,0.0
2020-10-13,0.0,0.0,0.0,0.0,-0.0,-0.0
2020-10-14,-0.8360635589022213,0.8360635589022213,0.00016721271178044426,0.0,0.00555578622211656,0.005388573510336115
2020-10-15,-0.8154020765867916,0.020661482315429636,4.132296463085927e-06,0.0,0.0012466874084316553,0.0012425551119685694
2020-10-16,-0.8492960994825252,0.03389402289573351,6.778804579146703e-06,0.0,-0.0001145789245953503,-0.000121357729174497
2020-10-19,0.0,0.8492960994825252,0.00016985921989650505,0.0,-0.0,-0.00016985921989650505
2020-10-20,0.0,0.0,0.0,0.0,0.0,0.0
2020-10-21,0.0,0.0,0.0,0.0,-0.0,-0.0
2020-10-22,0.0,0.0,0.0,0.0,0.0,0.0
2020-10-23,0.0,0.0,0.0,0.0,0.0,0.0
2020-10-26,0.0,0.0,0.0,0.0,-0.0,-0.0
2020-10-27,0.0,0.0,0.0,0.0,-0.0,-0.0
2020-10-28,0.0,0.0,0.0,0.0,-0.0,-0.0
2020-10-29,-0.543283904877405,0.543283904877405,0.00010865678097548099,0.0,-0.006452324845776056,-0.0065609816267515365
2020-10-30,0.0,0.543283904877405,0.00010865678097548099,0.0,-0.0,-0.00010865678097548099
2020-11-02,0.0,0.0,0.0,0.0,0.0,0.0
2020-11-03,0.0,0.0,0.0,0.0,0.0,0.0
2020-11-04,0.0,0.0,0.0,0.0,0.0,0.0
2020-11-05,-0.6673725965899054,0.6673725965899054,0.0001334745193179811,0.0,-0.012862449426164975,-0.012995923945482955
2020-11-06,-0.7051982024367717,0.03782560584686623,7.565121169373246e-06,0.0,0.00020292542674508823,0.000195360305575715
2020-11-09,-0.7488231644691506,0.04362496203237898,8.724992406475795e-06,0.0,-0.008710292138582185,-0.008719017130988662
2020-11-10,-0.7925633280956211,0.043740163626470485,8.748032725294098e-06,0.0,0.0011102030709644662,0.0011014550382391721
2020-11-11,-0.8278406627250962,0.03527733462947502,7.0554669258950045e-06,0.0,-0.006310404499793181,-0.006317459966719076
2020-11-12,-0.8764509528209493,0.04861029009585316,9.722058019170632e-06,0.0,0.008789621203939314,0.008779899145920143
2020-11-13,-0.8128810066610539,0.06356994615989542,1.2713989231979084e-05,0.0,-0.01098896985520666,-0.011001683844438639
2020-11-16,-0.8571373740868553,0.04425636742580141,8.851273485160283e-06,0.0,-0.009926280721752332,-0.009935131995237493
2020-11-17,-0.9036507628519234,0.04651338876506805,9.302677753013612e-06,0.0,0.004340635640312682,0.0043313329625596685
2020-11-18,-0.8960254256537379,0.007625337198185478,1.5250674396370956e-06,0.0,0.010421860471277541,0.010420335403837903
2020-11-19,0.0,0.8960254256537379,0.00017920508513074757,0.0,0.0,-0.00017920508513074757
2020-11-20,0.0,0.0,0.0,0.0,-0.0,-0.0
2020-11-23,0.0,0.0,0.0,0.0,0.0,0.0
2020-11-24,0.0,0.0,0.0,0.0,0.0,0.0
2020-11-25,0.0,0.0,0.0,0.0,-0.0,-0.0
2020-11-27,0.0,0.0,0.0,0.0,0.0,0.0
2020-11-30,0.0,0.0,0.0,0.0,-0.0,-0.0
2020-12-01,0.0,0.0,0.0,0.0,0.0,0.0
2020-12-02,0.0,0.0,0.0,0.0,0.0,0.0
2020-12-03,0.0,0.0,0.0,0.0,-0.0,-0.0
2020-12-04,0.0,0.0,0.0,0.0,0.0,0.0
2020-12-07,0.0,0.0,0.0,0.0,-0.0,-0.0
2020-12-08,0.0,0.0,0.0,0.0,0.0,0.0
2020-12-09,0.0,0.0,0.0,0.0,-0.0,-0.0
2020-12-10,0.0,0.0,0.0,0.0,-0.0,-0.0
2020-12-11,0.0,0.0,0.0,0.0,-0.0,-0.0
2020-12-14,0.0,0.0,0.0,0.0,-0.0,-0.0
2020-12-15,0.0,0.0,0.0,0.0,0.0,0.0
2020-12-16,0.0,0.0,0.0,0.0,0.0,0.0
2020-12-17,0.0,0.0,0.0,0.0,0.0,0.0
2020-12-18,0.0,0.0,0.0,0.0,-0.0,-0.0
2020-12-21,0.0,0.0,0.0,0.0,-0.0,-0.0
2020-12-22,0.0,0.0,0.0,0.0,-0.0,-0.0
2020-12-23,0.0,0.0,0.0,0.0,0.0,0.0
2020-12-24,0.0,0.0,0.0,0.0,0.0,0.0
2020-12-28,0.0,0.0,0.0,0.0,0.0,0.0
2020-12-29,0.0,0.0,0.0,0.0,-0.0,-0.0
2020-12-30,0.0,0.0,0.0,0.0,0.0,0.0
2020-12-31,0.0,0.0,0.0,0.0,0.0,0.0
2021-01-04,0.0,0.0,0.0,0.0,-0.0,-0.0
2021-01-05,0.0,0.0,0.0,0.0,0.0,0.0
2021-01-06,0.0,0.0,0.0,0.0,0.0,0.0
2021-01-07,0.0,0.0,0.0,0.0,0.0,0.0
2021-01-08,0.0,0.0,0.0,0.0,0.0,0.0
2021-01-11,0.0,0.0,0.0,0.0,-0.0,-0.0
2021-01-12,-1.2823592264320516,1.2823592264320516,0.00025647184528641034,3.3614193622863283e-06,-0.0005330793343466959,-0.0007929125989953926
2021-01-13,-1.3525770700098496,0.07021784357779803,1.4043568715559608e-05,4.197346071545829e-06,-0.0030744839475239467,-0.0030927248623110522
2021-01-14,-1.4219100232223638,0.0693329532125142,1.3866590642502842e-05,5.022738371694807e-06,0.005347111224904078,0.00532822189588988
2021-01-15,0.0,1.4219100232223638,0.00028438200464447276,0.0,-0.0,-0.00028438200464447276
2021-01-19,0.0,0.0,0.0,0.0,0.0,0.0
2021-01-20,0.0,0.0,0.0,0.0,0.0,0.0
2021-01-21,0.0,0.0,0.0,0.0,0.0,0.0
2021-01-22,0.0,0.0,0.0,0.0,-0.0,-0.0
2021-01-25,0.0,0.0,0.0,0.0,0.0,0.0
2021-01-26,-1.4590053521634847,1.4590053521634847,0.00029180107043269695,5.4643494305176755e-06,0.0021738350465429217,0.001876569626679707
2021-01-27,-1.4764788893050853,0.017473537141600604,3.494707428320121e-06,5.672367729822445e-06,0.03840811062452745,0.03839894354936931
2021-01-28,-0.8621657391581845,0.6143131501469008,0.00012286263002938018,0.0,-0.008374473421253475,-0.008497336051282856
2021-01-29,-0.910497469965725,0.048331730807540496,9.6663461615081e-06,0.0,0.017755044518064,0.01774537817190249
2021-02-01,-0.7351890110934381,0.17530845887228685,3.5061691774457374e-05,0.0,-0.011707370541887925,-0.011742432233662382
2021-02-02,-0.7762910165337713,0.041102005440333156,8.220401088066632e-06,0.0,-0.010714779123998543,-0.01072299952508661
2021-02-03,0.0,0.7762910165337713,0.00015525820330675427,0.0,0.0,-0.00015525820330675427
2021-02-04,0.0,0.0,0.0,0.0,0.0,0.0
2021-02-05,0.0,0.0,0.0,0.0,0.0,0.0
2021-02-08,-0.9756869745335334,0.9756869745335334,0.00019513739490670669,0.0,-0.007192869239476749,-0.007388006634383456
2021-02-09,-1.0291023761748437,0.05341540164131031,1.0683080328262064e-05,3.4645685922432956e-07,0.0011465697008984335,0.0011355401637109471
2021-02-10,-1.0674954999499804,0.038393123775136706,7.678624755027341e-06,8.035178565473856e-07,0.00036854697403477274,0.00036006483142319803
2021-02-11,-1.119320258596062,0.0518247586460816,1.0364951729216322e-05,1.420479269000738e-06,-0.0018592746910127175,-0.0018710601220109347
2021-02-12,-1.1825465433708136,0.06322628477475156,1.2645256954950314e-05,2.1731731353668282e-06,-0.005557934372675249,-0.005572752802765566
2021-02-16,-1.2440700790803183,0.06152353570950475,1.2304707141900951e-05,2.905596179527599e-06,0.0007084164426225309,0.0006932061393011024
2021-02-17,-1.2925591764067688,0.04848909732645046,9.697819465290093e-06,3.4828473381758185e-06,0.00041420491675398245,0.00040102424995051654
2021-02-18,-1.3476063483956136,0.05504717198884479,1.1009434397768959e-05,4.138170814233495e-06,0.00596398582818221,0.005948838222970208
2021-02-19,0.0,1.3476063483956136,0.0002695212696791227,0.0,-0.0,-0.0002695212696791227
2021-02-22,0.0,0.0,0.0,0.0,-0.0,-0.0
2021-02-23,0.0,0.0,0.0,0.0,0.0,0.0
2021-02-24,0.0,0.0,0.0,0.0,0.0,0.0
2021-02-25,0.0,0.0,0.0,0.0,-0.0,-0.0
2021-02-26,-0.833324554938871,0.833324554938871,0.00016666491098777422,0.0,0.00396790177955678,0.0038012368685690053
2021-03-01,0.0,0.833324554938871,0.00016666491098777422,0.0,0.0,-0.00016666491098777422
2021-03-02,0.0,0.0,0.0,0.0,-0.0,-0.0
2021-03-03,0.0,0.0,0.0,0.0,-0.0,-0.0
2021-03-04,-0.7446411612640077,0.7446411612640077,0.00014892823225280154,0.0,0.010058641150666235,0.009909712918413433
2021-03-05,-0.6794342357390271,0.06520692552498064,1.3041385104996128e-05,0.0,-0.013118758332368296,-0.013131799717473292
2021-03-08,0.0,0.6794342357390271,0.00013588684714780543,0.0,-0.0,-0.00013588684714780543
2021-03-09,0.0,0.0,0.0,0.0,0.0,0.0
2021-03-10,0.0,0.0,0.0,0.0,0.0,0.0
2021-03-11,0.0,0.0,0.0,0.0,0.0,0.0
2021-03-12,-0.8585320243738135,0.8585320243738135,0.00017170640487476272,0.0,-0.0008713098376889366,-0.0010430162425636993
2021-03-15,-0.9129377739723433,0.05440574959852984,1.088114991970597e-05,0.0,-0.005907565138621782,-0.0059184462885414875
2021-03-16,-0.9654986528863692,0.05256087891402583,1.0512175782805167e-05,0.0,0.0015167182266318253,0.00150620605084902
2021-03-17,-0.997302563986844,0.03180391110047487,6.360782220094974e-06,0.0,-0.0028674888616932264,-0.0028738496439133215
2021-03-18,-1.055411351402084,0.05810878741523995,1.162175748304799e-05,6.596589452629045e-07,0.015694557895307513,0.015682276478879202
2021-03-19,-0.8760843380573704,0.17932701334471357,3.5865402668942714e-05,0.0,0.0005281786964146944,0.0004923132937457517
2021-03-22,-0.9208291486120199,0.04474481055464952,8.948962110929904e-06,0.0,-0.006446316848510451,-0.006455265810621381
2021-03-23,-0.9732112643518691,0.05238211573984919,1.0476423147969839e-05,0.0,0.007454913240001995,0.007444436816854026
2021-03-24,-0.9180240111402717,0.05518725321159745,1.103745064231949e-05,0.0,0.005032916636272775,0.005021879185630455
2021-03-25,0.0,0.9180240111402717,0.00018360480222805433,0.0,0.0,-0.00018360480222805433
2021-03-26,0.0,0.0,0.0,0.0,0.0,0.0
2021-03-29,0.0,0.0,0.0,0.0,-0.0,-0.0
2021-03-30,0.0,0.0,0.0,0.0,-0.0,-0.0
2021-03-31,0.0,0.0,0.0,0.0,0.0,0.0
2021-04-01,0.0,0.0,0.0,0.0,0.0,0.0
2021-04-05,0.0,0.0,0.0,0.0,0.0,0.0
2021-04-06,0.0,0.0,0.0,0.0,-0.0,-0.0
2021-04-07,0.0,0.0,0.0,0.0,0.0,0.0
2021-04-08,-1.3121444451633513,1.3121444451633513,0.0002624288890326703,3.716005299563706e-06,-0.005526425601108263,-0.005792570495440496
2021-04-09,-1.3779392118248552,0.06579476666150397,1.3158953332300794e-05,4.4992763312482764e-06,-0.01059674957239582,-0.01061440780205937
2021-04-12,-1.4391571293109449,0.061217917486089624,1.2243583497217926e-05,5.228061063225534e-06,0.0002822159423063654,0.00026474429774592196
2021-04-13,-1.4996740324864244,0.06051690317547953,1.2103380635095907e-05,5.948500386743148e-06,-0.004932535685012763,-0.004950587566034601
2021-04-14,-1.5716132801870437,0.07193924770061932,1.4387849540123866e-05,6.804920002226711e-06,0.006437491947491269,0.006416299177948918
2021-04-15,-1.4869792652734242,0.08463401491361955,1.692680298272391e-05,5.797372205636002e-06,-0.01640599301512416,-0.016428717190312518
2021-04-16,-1.5427541330442593,0.05577486777083518,1.1154973554167037e-05,6.4613587267173735e-06,-0.0055574992992819565,-0.005575115631562841
2021-04-19,-1.6148503325526247,0.07209619950836532,1.4419239901673065e-05,7.3196468161026746e-06,0.008592117844343525,0.00857037895762575
2021-04-20,-1.4773167005368546,0.13753363201577007,2.7506726403154015e-05,5.682341673057793e-06,0.010083515263334848,0.010050326195258636
2021-04-21,0.0,1.4773167005368546,0.0002954633401073709,0.0,0.0,-0.0002954633401073709
2021-04-22,0.0,0.0,0.0,0.0,-0.0,-0.0
2021-04-23,0.0,0.0,0.0,0.0,0.0,0.0
2021-04-26,0.0,0.0,0.0,0.0,0.0,0.0
2021-04-27,0.0,0.0,0.0,0.0,-0.0,-0.0
2021-04-28,0.0,0.0,0.0,0.0,-0.0,-0.0
2021-04-29,0.0,0.0,0.0,0.0,0.0,0.0
2021-04-30,0.0,0.0,0.0,0.0,-0.0,-0.0
2021-05-03,0.0,0.0,0.0,0.0,0.0,0.0
2021-05-04,0.0,0.0,0.0,0.0,-0.0,-0.0
2021-05-05,0.0,0.0,0.0,0.0,0.0,0.0
2021-05-06,0.0,0.0,0.0,0.0,0.0,0.0
2021-05-07,0.0,0.0,0.0,0.0,0.0,0.0
2021-05-10,0.0,0.0,0.0,0.0,-0.0,-0.0
2021-05-11,0.0,0.0,0.0,0.0,-0.0,-0.0
2021-05-12,0.0,0.0,0.0,0.0,-0.0,-0.0
2021-05-13,-0.794399415518789,0.794399415518789,0.0001588798831037578,0.0,-0.009611950580822322,-0.00977083046392608
2021-05-14,-0.8398858908001812,0.04548647528139216,9.097295056278432e-06,0.0,-0.01243684428968075,-0.012445941584737028
2021-05-17,0.0,0.8398858908001812,0.00016797717816003624,0.0,-0.0,-0.00016797717816003624
2021-05-18,0.0,0.0,0.0,0.0,-0.0,-0.0
2021-05-19,0.0,0.0,0.0,0.0,-0.0,-0.0
2021-05-20,0.0,0.0,0.0,0.0,0.0,0.0
2021-05-21,0.0,0.0,0.0,0.0,-0.0,-0.0
2021-05-24,0.0,0.0,0.0,0.0,0.0,0.0
2021-05-25,0.0,0.0,0.0,0.0,-0.0,-0.0
2021-05-26,0.0,0.0,0.0,0.0,0.0,0.0
2021-05-27,0.0,0.0,0.0,0.0,0.0,0.0
2021-05-28,0.0,0.0,0.0,0.0,0.0,0.0
2021-06-01,0.0,0.0,0.0,0.0,-0.0,-0.0
2021-06-02,0.0,0.0,0.0,0.0,0.0,0.0
2021-06-03,0.0,0.0,0.0,0.0,-0.0,-0.0
2021-06-04,0.0,0.0,0.0,0.0,0.0,0.0
2021-06-07,0.0,0.0,0.0,0.0,-0.0,-0.0
2021-06-08,0.0,0.0,0.0,0.0,0.0,0.0
2021-06-09,0.0,0.0,0.0,0.0,-0.0,-0.0
2021-06-10,0.0,0.0,0.0,0.0,0.0,0.0
2021-06-11,0.0,0.0,0.0,0.0,0.0,0.0
2021-06-14,0.0,0.0,0.0,0.0,0.0,0.0
2021-06-15,0.0,0.0,0.0,0.0,-0.0,-0.0
2021-06-16,0.0,0.0,0.0,0.0,-0.0,-0.0
2021-06-17,0.0,0.0,0.0,0.0,-0.0,-0.0
2021-06-18,0.0,0.0,0.0,0.0,-0.0,-0.0
2021-06-21,0.0,0.0,0.0,0.0,0.0,0.0
2021-06-22,0.0,0.0,0.0,0.0,0.0,0.0
2021-06-23,0.0,0.0,0.0,0.0,-0.0,-0.0
2021-06-24,0.0,0.0,0.0,0.0,0.0,0.0
2021-06-25,0.0,0.0,0.0,0.0,0.0,0.0
2021-06-28,-1.4805978620966345,1.4805978620966345,0.0002961195724193269,5.72140312019803e-06,-0.0034235699433663347,-0.0037254109189058596
2021-06-29,-1.5537310443528016,0.07313318225616716,1.4626636451233433e-05,6.592036242295258e-06,-0.0004308461113403486,-0.0004520647840338773
2021-06-30,-1.6328497402708295,0.07911869591802789,1.5823739183605578e-05,7.533925479414638e-06,-0.002167246228111751,-0.0021906038927747714
2021-07-01,-1.7120048413001927,0.07915510102936318,1.5831020205872638e-05,8.47624811071658e-06,-0.008916192145711864,-0.008940499414028453
2021-07-02,-1.7832332346173712,0.07122839331717845,1.4245678663435691e-05,9.324205174016324e-06,-0.013324489731661369,-0.013348059615498821
2021-07-06,-1.848659380561819,0.06542614594444784,1.308522918888957e-05,1.0103087863831179e-05,0.003741506841145666,0.0037183185240929452
2021-07-07,-1.8142808248915132,0.03437855567030579,6.875711134061158e-06,9.693819343946585e-06,-0.0060839123515264585,-0.0061004818820044665
2021-07-08,-1.89212995447329,0.0778491295817767,1.556982591635534e-05,1.0620594696110595e-05,0.01626830820317607,0.0162421177825636
2021-07-09,-1.5313323748256564,0.3607975796476335,7.21595159295267e-05,6.325385414591148e-06,-0.017173625982399607,-0.017252110883743725
2021-07-12,-1.587570414614289,0.05623803978863262,1.1247607957726524e-05,6.994885888265346e-06,-0.005469549498986236,-0.0054877919928322276
2021-07-13,0.0,1.587570414614289,0.00031751408292285784,0.0,-0.0,-0.00031751408292285784
2021-07-14,0.0,0.0,0.0,0.0,0.0,0.0
2021-07-15,0.0,0.0,0.0,0.0,-0.0,-0.0
2021-07-16,0.0,0.0,0.0,0.0,-0.0,-0.0
2021-07-19,0.0,0.0,0.0,0.0,-0.0,-0.0
2021-07-20,1.0315418182930975,1.0315418182930975,0.0002063083636586195,3.7549783682258983e-07,0.015523472709330445,0.015316788847835003
2021-07-21,1.0792454159582625,0.047703597665164965,9.540719533032994e-06,9.433978090269346e-07,0.008858491337863025,0.008848007220520966
2021-07-22,0.0,1.0792454159582625,0.00021584908319165251,0.0,0.0,-0.00021584908319165251
2021-07-23,0.0,0.0,0.0,0.0,0.0,0.0
2021-07-26,0.0,0.0,0.0,0.0,0.0,0.0
2021-07-27,-1.322492042825074,1.322492042825074,0.0002644984085650148,3.839190986012785e-06,0.006246901436549171,0.005978563836998144
2021-07-28,-1.2602902447001114,0.062201798124962515,1.2440359624992503e-05,3.098693389287041e-06,0.00023476589831610098,0.00021922684530182145
2021-07-29,-1.3188033643458674,0.05851311964575601,1.1702623929151202e-05,3.7952781469746122e-06,-0.005535455358821552,-0.0055509532608976776
2021-07-30,-1.385073156712647,0.06626979236677966,1.3253958473355932e-05,4.584204246579132e-06,0.007508084909029681,0.0074902467463097465
2021-08-02,0.0,1.385073156712647,0.00027701463134252943,0.0,-0.0,-0.00027701463134252943
2021-08-03,0.0,0.0,0.0,0.0,0.0,0.0
2021-08-04,0.0,0.0,0.0,0.0,-0.0,-0.0
2021-08-05,0.0,0.0,0.0,0.0,0.0,0.0
2021-08-06,0.0,0.0,0.0,0.0,0.0,0.0
2021-08-09,0.0,0.0,0.0,0.0,-0.0,-0.0
2021-08-10,0.0,0.0,0.0,0.0,0.0,0.0
2021-08-11,0.0,0.0,0.0,0.0,0.0,0.0
2021-08-12,0.0,0.0,0.0,0.0,0.0,0.0
2021-08-13,0.0,0.0,0.0,0.0,0.0,0.0
2021-08-16,0.0,0.0,0.0,0.0,0.0,0.0
2021-08-17,0.0,0.0,0.0,0.0,-0.0,-0.0
2021-08-18,0.0,0.0,0.0,0.0,-0.0,-0.0
2021-08-19,0.0,0.0,0.0,0.0,0.0,0.0
2021-08-20,0.0,0.0,0.0,0.0,0.0,0.0
2021-08-23,0.0,0.0,0.0,0.0,0.0,0.0
2021-08-24,0.0,0.0,0.0,0.0,0.0,0.0
2021-08-25,0.0,0.0,0.0,0.0,0.0,0.0
2021-08-26,-1.606086976203706,1.606086976203706,0.00032121739524074123,7.2153211452822146e-06,0.009382679533749307,0.009054246817363283
2021-08-27,-1.4509573479259672,0.1551296282777388,3.102592565554776e-05,5.368539856261515e-06,-0.012723548786108325,-0.012759943251620134
2021-08-30,-1.5122386564574761,0.06128130853150893,1.2256261706301786e-05,6.098079243541382e-06,-0.006498579633741461,-0.006516933974691305
2021-08-31,-1.5825668038578657,0.07032814740038962,1.4065629480077924e-05,6.935319093546021e-06,0.0021365077814054527,0.0021155068328318287
2021-09-01,-1.598420918708344,0.015854114850478274,3.170822970095655e-06,7.124058556051715e-06,-0.0004981319925327406,-0.000508426874058888
2021-09-02,-1.6786753014481717,0.08025438273982766,1.6050876547965533e-05,8.079467874382997e-06,-0.0047650973704689995,-0.004789227714891348
2021-09-03,-1.7554508971871736,0.07677559573900195,1.535511914780039e-05,8.993463061752068e-06,0.0005882292332763547,0.0005638806510668024
2021-09-07,-1.8104716730510821,0.05502077586390852,1.1004155172781705e-05,9.64847229822717e-06,0.006158052264991269,0.00613739963752026
2021-09-08,0.0,1.8104716730510821,0.00036209433461021647,0.0,-0.0,-0.00036209433461021647
2021-09-09,0.0,0.0,0.0,0.0,-0.0,-0.0
2021-09-10,0.0,0.0,0.0,0.0,-0.0,-0.0
2021-09-13,0.0,0.0,0.0,0.0,0.0,0.0
2021-09-14,0.0,0.0,0.0,0.0,-0.0,-0.0
2021-09-15,0.0,0.0,0.0,0.0,0.0,0.0
2021-09-16,0.0,0.0,0.0,0.0,-0.0,-0.0
2021-09-17,0.0,0.0,0.0,0.0,-0.0,-0.0
2021-09-20,0.0,0.0,0.0,0.0,-0.0,-0.0
2021-09-21,-0.9246337636976976,0.9246337636976976,0.00018492675273953953,0.0,0.0007514393730665607,0.0005665126203270212
2021-09-22,-0.9679007557735935,0.043266992075895905,8.653398415179181e-06,0.0,-0.009170458199162311,-0.00917911159757749
2021-09-23,0.0,0.9679007557735935,0.0001935801511547187,0.0,0.0,-0.0001935801511547187
2021-09-24,0.0,0.0,0.0,0.0,0.0,0.0
2021-09-27,0.0,0.0,0.0,0.0,-0.0,-0.0
2021-09-28,0.0,0.0,0.0,0.0,-0.0,-0.0
2021-09-29,-0.8358115705663419,0.8358115705663419,0.0001671623141132684,0.0,-0.001310514376386087,-0.0014776766904993554
2021-09-30,-0.8895183797562655,0.05370680918992354,1.074136183798471e-05,0.0,0.01065750023118154,0.010646758869343555
2021-10-01,-0.8000417084391108,0.08947667131715464,1.789533426343093e-05,0.0,-0.009141238249295842,-0.009159133583559274
2021-10-04,0.0,0.8000417084391108,0.00016000834168782216,0.0,-0.0,-0.00016000834168782216
2021-10-05,-0.7577439052756298,0.7577439052756298,0.00015154878105512598,0.0,-0.007933213075741389,-0.008084761856796515
2021-10-06,0.0,0.7577439052756298,0.00015154878105512598,0.0,0.0,-0.00015154878105512598
2021-10-07,0.0,0.0,0.0,0.0,0.0,0.0
2021-10-08,0.0,0.0,0.0,0.0,-0.0,-0.0
2021-10-11,0.0,0.0,0.0,0.0,-0.0,-0.0
2021-10-12,0.0,0.0,0.0,0.0,-0.0,-0.0
2021-10-13,0.0,0.0,0.0,0.0,0.0,0.0
2021-10-14,0.0,0.0,0.0,0.0,0.0,0.0
2021-10-15,0.0,0.0,0.0,0.0,0.0,0.0
2021-10-18,0.0,0.0,0.0,0.0,0.0,0.0
2021-10-19,0.0,0.0,0.0,0.0,0.0,0.0
2021-10-20,-1.1941429467939886,1.1941429467939886,0.00023882858935879772,2.3112255570712925e-06,-0.004367379120793937,-0.0046085189357098055
2021-10-21,-1.258068114595394,0.06392516780140545,1.278503356028109e-05,3.0722394594689764e-06,-0.0037633763633319554,-0.0037792336363517056
2021-10-22,-1.3246701587496539,0.06660204415425985,1.332040883085197e-05,3.86512093749588e-06,0.0014215422603929642,0.0014043567306246162
2021-10-25,-1.3592954490566,0.034625290306946166,6.925058061389234e-06,4.277326774483334e-06,-0.0064389274103174516,-0.006450129795153324
2021-10-26,-1.4261135299246963,0.06681808086809626,1.3363616173619253e-05,5.072780118151146e-06,-0.002592876095839406,-0.0026113124921311763
2021-10-27,-1.4992259214194488,0.07311239149475246,1.4622478298950493e-05,5.943165731183914e-06,0.007592635336029549,0.007572069691999415
2021-10-28,0.0,1.4992259214194488,0.00029984518428388977,0.0,0.0,-0.00029984518428388977
2021-10-29,0.0,0.0,0.0,0.0,0.0,0.0
2021-11-01,0.0,0.0,0.0,0.0,0.0,0.0
2021-11-02,0.0,0.0,0.0,0.0,0.0,0.0
2021-11-03,0.0,0.0,0.0,0.0,0.0,0.0
2021-11-04,-1.7460928813308485,1.7460928813308485,0.0003492185762661697,8.88205811108153e-06,-0.007286833825004657,-0.007644934459381908
2021-11-05,-1.8215930745967617,0.07550019326591317,1.5100038653182635e-05,9.780869935675735e-06,-0.006786982639477187,-0.006811863548066045
2021-11-08,-1.899579886743684,0.07798681214692227,1.5597362429384454e-05,1.0709284365996237e-05,-0.0016856759093234234,-0.0017119825561188041
2021-11-09,-1.9873790256842412,0.08779913894055724,1.755982778811145e-05,1.1754512210526682e-05,0.0069655864620162995,0.006936272122017661
2021-11-10,-1.8508905406951004,0.1364884849891408,2.729769699782816e-05,1.012964929398929e-05,0.015288063728725059,0.015250636382433241
2021-11-11,-1.5191516823631508,0.3317388583319496,6.634777166638992e-05,6.18037717098989e-06,-0.0008367310226857789,-0.0009092591715231587
2021-11-12,-1.5966919966281863,0.07754031426503549,1.55080628530071e-05,7.103476150335551e-06,-0.011490909402799137,-0.011513520941802479
2021-11-15,0.0,1.5966919966281863,0.0003193383993256373,0.0,-0.0,-0.0003193383993256373
2021-11-16,0.0,0.0,0.0,0.0,0.0,0.0
2021-11-17,0.0,0.0,0.0,0.0,-0.0,-0.0
2021-11-18,0.0,0.0,0.0,0.0,0.0,0.0
2021-11-19,0.0,0.0,0.0,0.0,-0.0,-0.0
2021-11-22,0.0,0.0,0.0,0.0,-0.0,-0.0
2021-11-23,0.0,0.0,0.0,0.0,0.0,0.0
2021-11-24,0.0,0.0,0.0,0.0,0.0,0.0
2021-11-26,0.0,0.0,0.0,0.0,-0.0,-0.0
2021-11-29,1.006227612833687,1.006227612833687,0.00020124552256673737,7.413824802008204e-08,0.013195503976711355,0.012994184315896598
2021-11-30,1.056185632393391,0.049958019559704026,9.991603911940805e-06,6.688765761117966e-07,-0.020218964166035934,-0.02022962464652399
2021-12-01,0.813838203365118,0.2423474290282729,4.846948580565458e-05,0.0,-0.00967290770616535,-0.009721377191971005
2021-12-02,-0.7440065272143164,1.5578447305794345,0.00031156894611588694,0.0,-0.010486502965392526,-0.010798071911508413
2021-12-03,-0.788184673271514,0.04417814605719761,8.835629211439522e-06,0.0,0.006687317503778056,0.006678481874566616
2021-12-06,-0.7555781110426696,0.032606562228844393,6.521312445768879e-06,0.0,-0.008812004756259864,-0.008818526068705633
2021-12-07,0.0,0.7555781110426696,0.00015111562220853391,0.0,0.0,-0.00015111562220853391
2021-12-08,0.0,0.0,0.0,0.0,0.0,0.0
2021-12-09,-0.8974624387903916,0.8974624387903916,0.00017949248775807832,0.0,0.006468001235494104,0.006288508747736026
2021-12-10,-0.8603306587318886,0.03713178005850293,7.4263560117005856e-06,0.0,-0.008176383945905046,-0.008183810301916747
2021-12-13,-0.910706432487755,0.05037577375586633,1.0075154751173265e-05,0.0,0.008358607841173102,0.008348532686421929
2021-12-14,-0.8473819314932811,0.06332450099447384,1.2664900198894769e-05,0.0,0.006354282256284181,0.006341617356085286
2021-12-15,-0.8149363424235185,0.03244558906976258,6.489117813952517e-06,0.0,-0.013215225603512537,-0.01322171472132649
2021-12-16,0.0,0.8149363424235185,0.00016298726848470372,0.0,-0.0,-0.00016298726848470372
2021-12-17,0.0,0.0,0.0,0.0,-0.0,-0.0
2021-12-20,0.0,0.0,0.0,0.0,-0.0,-0.0
2021-12-21,0.0,0.0,0.0,0.0,0.0,0.0
2021-12-22,0.0,0.0,0.0,0.0,0.0,0.0
2021-12-23,0.0,0.0,0.0,0.0,0.0,0.0
2021-12-27,0.0,0.0,0.0,0.0,0.0,0.0
2021-12-28,0.0,0.0,0.0,0.0,-0.0,-0.0
2021-12-29,-0.9307811471720205,0.9307811471720205,0.0001861562294344041,0.0,-0.0013039437832695815,-0.0014901000127039855
2021-12-30,-0.9887539515503692,0.05797280437834862,1.1594560875669725e-05,0.0,0.0029605605430495113,0.0029489659821738414
2021-12-31,-0.9984017576480669,0.009647806097697775,1.929561219539555e-06,0.0,0.0026254315804477156,0.002623502019228176
2022-01-03,-1.013125127695851,0.014723370047784123,2.9446740095568246e-06,1.5625152018870308e-07,-0.006437218923981023,-0.006440319849510769
2022-01-04,0.0,1.013125127695851,0.00020262502553917023,0.0,-0.0,-0.00020262502553917023
2022-01-05,0.0,0.0,0.0,0.0,-0.0,-0.0
2022-01-06,-0.8379556737541914,0.8379556737541914,0.00016759113475083828,0.0,0.0008079851334096425,0.0006403939986588043
2022-01-07,-0.878540679306934,0.04058500555274258,8.117001110548516e-06,0.0,0.003565505585402286,0.0035573885842917377
2022-01-10,0.0,0.878540679306934,0.00017570813586138682,0.0,-0.0,-0.00017570813586138682
2022-01-11,0.0,0.0,0.0,0.0,0.0,0.0
2022-01-12,0.0,0.0,0.0,0.0,0.0,0.0
2022-01-13,0.0,0.0,0.0,0.0,-0.0,-0.0
2022-01-14,0.0,0.0,0.0,0.0,0.0,0.0
2022-01-18,0.0,0.0,0.0,0.0,-0.0,-0.0
2022-01-19,0.0,0.0,0.0,0.0,-0.0,-0.0
2022-01-20,0.0,0.0,0.0,0.0,-0.0,-0.0
2022-01-21,0.0,0.0,0.0,0.0,-0.0,-0.0
2022-01-24,-0.586029655945056,0.586029655945056,0.0001172059311890112,0.0,-0.0016220742731778857,-0.0017392802043668968
2022-01-25,-0.6286344488855634,0.04260479294050745,8.520958588101491e-06,0.0,0.007698628705443043,0.0076901077468549415
2022-01-26,-0.5964480776055086,0.03218637128005486,6.4372742560109724e-06,0.0,0.0008933342391650409,0.0008868969649090299
2022-01-27,-0.6298552066127528,0.033407129007244296,6.68142580144886e-06,0.0,0.003400358489304237,0.003393677063502788
2022-01-28,-0.6388946714249694,0.009039464812216513,1.8078929624433027e-06,0.0,-0.015369229716694606,-0.01537103760965705
2022-01-31,0.6768982624842426,1.3157929339092118,0.0002631585867818424,0.0,0.012664648861720328,0.012401490274938485
2022-02-01,0.0,0.6768982624842426,0.00013537965249684852,0.0,0.0,-0.00013537965249684852
2022-02-02,0.0,0.0,0.0,0.0,0.0,0.0
2022-02-03,-0.8122992293767879,0.8122992293767879,0.00016245984587535758,0.0,0.020058488048890898,0.01989602820301554
2022-02-04,-0.6320896450681606,0.18020958430862732,3.604191686172547e-05,0.0,-0.0032512658793976273,-0.003287307796259353
2022-02-07,-0.6759524736920357,0.04386282862387514,8.772565724775028e-06,0.0,0.002506824452052509,0.002498051886327734
2022-02-08,0.0,0.6759524736920357,0.00013519049473840715,0.0,0.0,-0.00013519049473840715
2022-02-09,0.0,0.0,0.0,0.0,0.0,0.0
2022-02-10,0.0,0.0,0.0,0.0,-0.0,-0.0
2022-02-11,0.0,0.0,0.0,0.0,-0.0,-0.0
2022-02-14,0.0,0.0,0.0,0.0,-0.0,-0.0
2022-02-15,0.0,0.0,0.0,0.0,0.0,0.0
2022-02-16,0.0,0.0,0.0,0.0,0.0,0.0
2022-02-17,0.0,0.0,0.0,0.0,-0.0,-0.0
2022-02-18,-0.5851488104601603,0.5851488104601603,0.00011702976209203207,0.0,0.004208367812485973,0.004091338050393941
2022-02-22,-0.5870960233668079,0.0019472129066475663,3.894425813295133e-07,0.0,0.005985288633174695,0.005984899190593366
2022-02-23,-0.5730116009264152,0.014084422440392652,2.8168844880785307e-06,0.0,0.010648696172606236,0.010645879288118157
2022-02-24,-0.5205526216739021,0.05245897925251308,1.0491795850502618e-05,0.0,-0.007728179010952271,-0.0077386708068027735
2022-02-25,0.0,0.5205526216739021,0.00010411052433478043,0.0,0.0,-0.00010411052433478043
2022-02-28,0.0,0.0,0.0,0.0,-0.0,-0.0
2022-03-01,0.0,0.0,0.0,0.0,-0.0,-0.0
2022-03-02,0.0,0.0,0.0,0.0,0.0,0.0
2022-03-03,0.0,0.0,0.0,0.0,-0.0,-0.0
2022-03-04,0.0,0.0,0.0,0.0,-0.0,-0.0
2022-03-07,0.0,0.0,0.0,0.0,-0.0,-0.0
2022-03-08,-0.4940765649152134,0.4940765649152134,9.881531298304269e-05,0.0,0.0035870175886463557,0.003488202275663313
2022-03-09,-0.5025383939435034,0.008461829028290013,1.6923658056580028e-06,0.0,-0.01275120724886828,-0.012752899614673938
2022-03-10,0.0,0.5025383939435034,0.00010050767878870068,0.0,-0.0,-0.00010050767878870068
2022-03-11,0.0,0.0,0.0,0.0,-0.0,-0.0
2022-03-14,0.0,0.0,0.0,0.0,-0.0,-0.0
2022-03-15,0.0,0.0,0.0,0.0,0.0,0.0
2022-03-16,0.5730823622055213,0.5730823622055213,0.00011461647244110428,0.0,0.01268627935021949,0.012571662877778386
2022-03-17,0.0,0.5730823622055213,0.00011461647244110428,0.0,0.0,-0.00011461647244110428
2022-03-18,0.0,0.0,0.0,0.0,0.0,0.0
2022-03-21,-0.6932539145042942,0.6932539145042942,0.00013865078290085884,0.0,0.0003013955045945362,0.00016274472169367738
2022-03-22,-0.7360696324210589,0.04281571791676475,8.56314358335295e-06,0.0,-0.008273937588922885,-0.008282500732506238
2022-03-23,-0.7817507950819109,0.04568116266085198,9.136232532170397e-06,0.0,0.009653551518060348,0.009644415285528177
2022-03-24,-0.7157013858859971,0.06604940919591384,1.320988183918277e-05,0.0,-0.010193027927759824,-0.010206237809599008
2022-03-25,-0.7593983382013996,0.04369695231540249,8.739390463080499e-06,0.0,-0.0038375289090960647,-0.003846268299559145
2022-03-28,-0.8087036978871375,0.049305359685737904,9.861071937147582e-06,0.0,-0.005757607237205077,-0.005767468309142225
2022-03-29,-0.8588752244601165,0.050171526572979075,1.0034305314595816e-05,0.0,-0.010462855861966092,-0.010472890167280688
2022-03-30,-0.9074483774019969,0.04857315294188036,9.714630588376072e-06,0.0,0.0057292560928072275,0.005719541462218852
2022-03-31,-0.8798596793427456,0.02758869805925135,5.51773961185027e-06,0.0,0.013880961253927704,0.013875443514315853
2022-04-01,0.0,0.8798596793427456,0.00017597193586854913,0.0,0.0,-0.00017597193586854913
2022-04-04,0.0,0.0,0.0,0.0,0.0,0.0
2022-04-05,0.0,0.0,0.0,0.0,-0.0,-0.0
2022-04-06,0.0,0.0,0.0,0.0,-0.0,-0.0
2022-04-07,0.0,0.0,0.0,0.0,0.0,0.0
2022-04-08,0.0,0.0,0.0,0.0,-0.0,-0.0
2022-04-11,0.0,0.0,0.0,0.0,-0.0,-0.0
2022-04-12,-0.6858569648533753,0.6858569648533753,0.00013717139297067508,0.0,0.0023478945115977872,0.002210723118627112
2022-04-13,-0.7054841059782729,0.019627141124897607,3.925428224979521e-06,0.0,-0.007839764982252632,-0.007843690410477612
2022-04-14,0.0,0.7054841059782729,0.0001410968211956546,0.0,-0.0,-0.0001410968211956546
2022-04-18,0.0,0.0,0.0,0.0,-0.0,-0.0
2022-04-19,0.0,0.0,0.0,0.0,0.0,0.0
2022-04-20,0.0,0.0,0.0,0.0,-0.0,-0.0
2022-04-21,0.0,0.0,0.0,0.0,-0.0,-0.0
2022-04-22,0.0,0.0,0.0,0.0,-0.0,-0.0
2022-04-25,-0.5627436441139525,0.5627436441139525,0.00011254872882279051,0.0,-0.0031973772221975047,-0.003309925951020295
2022-04-26,-0.6032497568567438,0.040506112742791256,8.101222548558252e-06,0.0,0.017222785944434243,0.017214684721885684
2022-04-27,-0.494333115709111,0.10891664114763278,2.1783328229526557e-05,0.0,-0.0010360475785667024,-0.0010578309067962289
2022-04-28,-0.5322182136881685,0.03788509797905748,7.577019595811496e-06,0.0,-0.013010423017934402,-0.013018000037530213
2022-04-29,0.5672140826682405,1.099432296356409,0.0002198864592712818,0.0,-0.020963755913464815,-0.021183642372736098
2022-05-02,-0.4390991560413173,1.0063132387095577,0.00020126264774191155,0.0,-0.0024849496337852784,-0.00268621228152719
2022-05-03,-0.4735337178141439,0.03443456177282661,6.886912354565322e-06,0.0,-0.002285020417317434,-0.0022919073296719995
2022-05-04,-0.5098360651308412,0.03630234731669735,7.26046946333947e-06,0.0,-0.015002039174390752,-0.015009299643854092
2022-05-05,0.0,0.5098360651308412,0.00010196721302616825,0.0,-0.0,-0.00010196721302616825
2022-05-06,-0.4290202778594693,0.4290202778594693,8.580405557189385e-05,0.0,0.0024412903024011376,0.0023554862468292436
2022-05-09,-0.44563958761762057,0.01661930975815129,3.3238619516302584e-06,0.0,0.014510702139832044,0.014507378277880413
2022-05-10,-0.3834079677543468,0.062231619863273746,1.244632397265475e-05,0.0,-0.0009412212268355514,-0.0009536675508082062
2022-05-11,-0.41509876271472734,0.03169079496038052,6.338158992076104e-06,0.0,0.00689073580370142,0.006884397644709344
2022-05-12,-0.4027137907214991,0.012384971993228244,2.476994398645649e-06,0.0,0.0005222412550054953,0.0005197642606068497
2022-05-13,0.0,0.4027137907214991,8.054275814429982e-05,0.0,0.0,-8.054275814429982e-05
2022-05-16,0.4629037195327079,0.4629037195327079,9.258074390654159e-05,0.0,-0.0018304178306616148,-0.0019229985745681563
2022-05-17,0.4845063191005712,0.021602599567863257,4.320519913572651e-06,0.0,0.009675067722829472,0.0096707472029159
2022-05-18,0.0,0.4845063191005712,9.690126382011425e-05,0.0,-0.0,-9.690126382011425e-05
2022-05-19,-0.3997377142917699,0.3997377142917699,7.994754285835398e-05,0.0,0.0023388113127276746,0.0022588637698693205
2022-05-20,-0.416491218268256,0.016753503976486117,3.3507007952972234e-06,0.0,-6.0862316530368784e-05,-6.421301732566601e-05
2022-05-23,-0.44991990396611875,0.033428685697862726,6.6857371395725455e-06,0.0,-0.00827177537021139,-0.008278461107350962
2022-05-24,-0.48280672330698454,0.03288681934086579,6.577363868173159e-06,0.0,0.003936782317752285,0.003930204953884112
2022-05-25,-0.4886242539704259,0.005817530663441373,1.1635061326882746e-06,0.0,-0.004596188170267372,-0.0045973516764000605
2022-05-26,0.0,0.4886242539704259,9.772485079408518e-05,0.0,0.0,-9.772485079408518e-05
2022-05-27,0.0,0.0,0.0,0.0,0.0,0.0
2022-05-31,-0.595989727288859,0.595989727288859,0.00011919794545777181,0.0,0.003751239917592507,0.0036320419721347355
2022-06-01,-0.6019794263089733,0.005989699020114259,1.1979398040228519e-06,0.0,0.004521410307735542,0.0045202123679315195
2022-06-02,-0.600668068123461,0.0013113581855123124,2.622716371024625e-07,0.0,-0.010970136328058707,-0.01097039859969581
2022-06-03,-0.6392084178415772,0.03854034971811626,7.708069943623253e-06,0.0,0.010535692412074646,0.010527984342131024
2022-06-06,-0.5801622447644191,0.05904617307715809,1.1809234615431619e-05,0.0,-0.0018173520860870602,-0.0018291613207024918
2022-06-07,0.0,0.5801622447644191,0.00011603244895288384,0.0,0.0,-0.00011603244895288384
2022-06-08,0.0,0.0,0.0,0.0,-0.0,-0.0
2022-06-09,0.0,0.0,0.0,0.0,-0.0,-0.0
2022-06-10,-0.5349568611342798,0.5349568611342798,0.00010699137222685595,0.0,0.015803917497838427,0.015696926125611573
2022-06-13,-0.44947344394075245,0.08548341719352731,1.7096683438705464e-05,0.0,0.0177721494047465,0.017755052721307795
2022-06-14,-0.36769279157732226,0.08178065236343018,1.6356130472686038e-05,0.0,0.0013901795393857193,0.0013738234089130334
2022-06-15,-0.3895112601234174,0.02181846854609515,4.36369370921903e-06,0.0,-0.005642872542900682,-0.005647236236609901
2022-06-16,-0.4200201914328267,0.030508931309409293,6.1017862618818585e-06,0.0,0.013882594359232638,0.013876492572970757
2022-06-17,-0.36554743977646714,0.054472751656359564,1.0894550331271913e-05,0.0,-0.000803636796990355,-0.0008145313473216269
2022-06-21,-0.3960431898552598,0.030495750078792683,6.099150015758537e-06,0.0,-0.009577304522019924,-0.009583403672035683
2022-06-22,-0.4256852108163245,0.029642020961064663,5.928404192212933e-06,0.0,0.000554420972864058,0.0005484925686718451
2022-06-23,-0.45521073045857435,0.029525519642249864,5.905103928449973e-06,0.0,-0.00431861719606389,-0.00432452229999234
2022-06-24,0.0,0.45521073045857435,9.104214609171487e-05,0.0,0.0,-9.104214609171487e-05
2022-06-27,0.0,0.0,0.0,0.0,-0.0,-0.0
2022-06-28,0.0,0.0,0.0,0.0,-0.0,-0.0
2022-06-29,-0.49374480152808664,0.49374480152808664,9.874896030561733e-05,0.0,0.0003515457161541548,0.00025279675584853747
2022-06-30,-0.5278310222118848,0.034086220683798185,6.8172441367596375e-06,0.0,0.0046437867341040185,0.004636969489967259
2022-07-01,-0.5272750441126189,0.0005559780992658858,1.1119561985317717e-07,0.0,-0.0055356030070530535,-0.005535714202672907
2022-07-05,-0.5650030921540815,0.03772804804146257,7.545609608292515e-06,0.0,-0.0008943293294926522,-0.0009018749391009447
2022-07-06,0.0,0.5650030921540815,0.0001130006184308163,0.0,0.0,-0.0001130006184308163
2022-07-07,0.0,0.0,0.0,0.0,0.0,0.0
2022-07-08,0.0,0.0,0.0,0.0,-0.0,-0.0
2022-07-11,0.0,0.0,0.0,0.0,-0.0,-0.0
2022-07-12,0.0,0.0,0.0,0.0,-0.0,-0.0
2022-07-13,0.0,0.0,0.0,0.0,-0.0,-0.0
2022-07-14,0.0,0.0,0.0,0.0,-0.0,-0.0
2022-07-15,0.0,0.0,0.0,0.0,0.0,0.0
2022-07-18,0.0,0.0,0.0,0.0,-0.0,-0.0
2022-07-19,0.0,0.0,0.0,0.0,0.0,0.0
2022-07-20,0.0,0.0,0.0,0.0,0.0,0.0
2022-07-21,0.0,0.0,0.0,0.0,0.0,0.0
2022-07-22,-0.8487570016358131,0.8487570016358131,0.00016975140032716264,0.0,0.007958189489972864,0.0077884380896457005
2022-07-25,-0.7962873891383143,0.05246961249749882,1.0493922499499764e-05,0.0,-0.001046562883150399,-0.0010570568056498988
2022-07-26,-0.8485735940874655,0.05228620494915115,1.045724098983023e-05,0.0,0.009852230148044004,0.009841772907054173
2022-07-27,0.0,0.8485735940874655,0.0001697147188174931,0.0,0.0,-0.0001697147188174931
2022-07-28,0.0,0.0,0.0,0.0,0.0,0.0
2022-07-29,0.0,0.0,0.0,0.0,0.0,0.0
2022-08-01,-0.9075120764039957,0.9075120764039957,0.00018150241528079914,0.0,0.002565606105429753,0.002384103690148954
2022-08-02,-0.9241811220992919,0.01666904569529626,3.333809139059252e-06,0.0,0.006177862806870021,0.006174528997730962
2022-08-03,-0.8894673136362404,0.0347138084630515,6.9427616926103e-06,0.0,-0.013802270143025678,-0.01380921290471829
2022-08-04,-0.9364923097116862,0.047024996075445746,9.40499921508915e-06,0.0,0.0007282561737411482,0.0007188511745260591
2022-08-05,-0.9802904641108443,0.04379815439915813,8.759630879831627e-06,0.0,0.0015950002436952082,0.0015862406128153766
2022-08-08,0.0,0.9802904641108443,0.00019605809282216888,0.0,-0.0,-0.00019605809282216888
2022-08-09,0.0,0.0,0.0,0.0,-0.0,-0.0
2022-08-10,0.0,0.0,0.0,0.0,0.0,0.0
2022-08-11,0.0,0.0,0.0,0.0,-0.0,-0.0
2022-08-12,0.0,0.0,0.0,0.0,0.0,0.0
2022-08-15,-1.1706293165770623,1.1706293165770623,0.00023412586331541247,2.03130138782217e-06,-0.004637663499243685,-0.004873820663946919
2022-08-16,-1.2344321655354773,0.06380284895841504,1.2760569791683008e-05,2.790859113517587e-06,-0.0023132306120801165,-0.0023287820409853173
2022-08-17,-1.302644330689692,0.06821216515421469,1.3642433030842938e-05,3.6029086986868093e-06,0.009462558049819197,0.009445312708089666
2022-08-18,-1.1809632241446835,0.12168110654500852,2.4336221309001705e-05,2.1543240969605176e-06,-0.0026772313546587984,-0.0027037219000647606
2022-08-19,-1.2464827683204764,0.06551954417579298,1.3103908835158596e-05,2.9343186704818624e-06,0.0161842434059047,0.016168205178399057
2022-08-22,-1.0199051307740707,0.2265776375464057,4.531552750928114e-05,2.3696584254846126e-07,0.022062961549963,0.022017409056611172
2022-08-23,-0.766587315350111,0.2533178154239597,5.066356308479194e-05,0.0,0.001717439556725052,0.00166677599364026
2022-08-24,0.7938283001032164,1.5604156154533273,0.0003120831230906655,0.0,0.0023115618829896074,0.001999478759898942
2022-08-25,0.8447266518186453,0.05089835171542889,1.0179670343085779e-05,0.0,0.01182046432430385,0.011810284653960765
2022-08-26,0.8919540706646925,0.0472274188460472,9.44548376920944e-06,0.0,-0.030565996141866877,-0.030575441625636086
2022-08-29,-0.5899347098039277,1.48188878046862,0.00029637775609372405,0.0,0.003945881661507242,0.003649503905413518
2022-08-30,-0.5941233550338432,0.004188645229915466,8.377290459830933e-07,0.0,0.006588481331663293,0.00658764360261731
2022-08-31,-0.5742933965423571,0.019829958491486055,3.965991698297211e-06,0.0,0.004506904230735992,0.004502938239037695
2022-09-01,-0.5736970889887182,0.0005963075536389306,1.1926151072778614e-07,0.0,-0.0017163595666656283,-0.001716478828176356
2022-09-02,-0.6149833708286799,0.04128628183996175,8.25725636799235e-06,0.0,0.006638470326531238,0.006630213070163246
2022-09-06,0.0,0.6149833708286799,0.00012299667416573599,0.0,-0.0,-0.00012299667416573599
2022-09-07,0.0,0.0,0.0,0.0,0.0,0.0
2022-09-08,0.6502918811011897,0.6502918811011897,0.00013005837622023797,0.0,0.004284751667195611,0.004154693290975373
2022-09-09,0.0,0.6502918811011897,0.00013005837622023797,0.0,0.0,-0.00013005837622023797
2022-09-12,0.0,0.0,0.0,0.0,0.0,0.0
2022-09-13,-0.7816454362964874,0.7816454362964874,0.0001563290872592975,0.0,0.03454807407206721,0.03439174498480791
2022-09-14,-0.48838081782517123,0.2932646184713162,5.865292369426324e-05,0.0,-0.0016513567256297875,-0.0017100096493240507
2022-09-15,-0.5253274364506787,0.036946618625507466,7.389323725101493e-06,0.0,0.0059794198590783585,0.005972030535353257
2022-09-16,-0.514059151503744,0.011268284946934659,2.253656989386932e-06,0.0,0.0037053639516740743,0.0037031102946846876
2022-09-19,-0.5211652315122547,0.007106080008510651,1.4212160017021303e-06,0.0,-0.0035614856567805974,-0.0035629068727822994
2022-09-20,-0.5588937444316665,0.037728512919411816,7.545702583882364e-06,0.0,0.006335683612444754,0.006328137909860872
2022-09-21,0.0,0.5588937444316665,0.0001117787488863333,0.0,-0.0,-0.0001117787488863333
2022-09-22,0.0,0.0,0.0,0.0,-0.0,-0.0
2022-09-23,0.0,0.0,0.0,0.0,-0.0,-0.0
2022-09-26,0.0,0.0,0.0,0.0,-0.0,-0.0
2022-09-27,0.0,0.0,0.0,0.0,-0.0,-0.0
2022-09-28,0.0,0.0,0.0,0.0,0.0,0.0
2022-09-29,0.5358047492473912,0.5358047492473912,0.00010716094984947824,0.0,-0.011440928875921123,-0.011548089825770602
2022-09-30,0.48202397929343804,0.053780769953953145,1.0756153990790629e-05,0.0,-0.007317775483356299,-0.007328531637347089
2022-10-03,0.0,0.48202397929343804,9.640479585868761e-05,0.0,0.0,-9.640479585868761e-05
2022-10-04,0.4947999383442861,0.4947999383442861,9.895998766885722e-05,0.0,0.014906017075633457,0.0148070570879646
2022-10-05,0.0,0.4947999383442861,9.895998766885722e-05,0.0,-0.0,-9.895998766885722e-05
2022-10-06,0.0,0.0,0.0,0.0,-0.0,-0.0
2022-10-07,0.0,0.0,0.0,0.0,-0.0,-0.0
2022-10-10,-0.46079817864292516,0.46079817864292516,9.215963572858503e-05,0.0,0.003465512482156175,0.00337335284642759
2022-10-11,-0.47001536663988996,0.009217187996964804,1.843437599392961e-06,0.0,0.003074144159583369,0.003072300721983976
2022-10-12,-0.4820840223870421,0.012068655747152157,2.4137311494304317e-06,0.0,0.0015890451859424972,0.0015866314547930667
2022-10-13,-0.5055547490118398,0.02347072662479771,4.694145324959543e-06,0.0,-0.012959521530374062,-0.012964215675699022
2022-10-14,-0.5387703764851831,0.03321562747334328,6.643125494668656e-06,0.0,0.012901999259265867,0.012895356133771197
2022-10-17,-0.47387405475614186,0.06489632172904125,1.297926434580825e-05,0.0,-0.01238494699527053,-0.012397926259616339
2022-10-18,-0.5059263871061688,0.03205233235002691,6.410466470005383e-06,0.0,-0.005748724266536516,-0.005755134733006521
2022-10-19,0.0,0.5059263871061688,0.00010118527742123376,0.0,-0.0,-0.00010118527742123376
2022-10-20,0.0,0.0,0.0,0.0,-0.0,-0.0
2022-10-21,0.0,0.0,0.0,0.0,0.0,0.0
2022-10-24,0.0,0.0,0.0,0.0,0.0,0.0
2022-10-25,0.0,0.0,0.0,0.0,0.0,0.0
2022-10-26,0.0,0.0,0.0,0.0,-0.0,-0.0
2022-10-27,0.0,0.0,0.0,0.0,-0.0,-0.0
2022-10-28,0.0,0.0,0.0,0.0,0.0,0.0
2022-10-31,0.0,0.0,0.0,0.0,-0.0,-0.0
2022-11-01,0.0,0.0,0.0,0.0,-0.0,-0.0
2022-11-02,0.0,0.0,0.0,0.0,-0.0,-0.0
2022-11-03,-0.5682055111640785,0.5682055111640785,0.0001136411022328157,0.0,0.006047083134794563,0.005933442032561747
2022-11-04,-0.5544047157216486,0.013800795442429847,2.7601590884859696e-06,0.0,-0.007499334618249477,-0.007502094777337963
2022-11-07,0.0,0.5544047157216486,0.00011088094314432973,0.0,0.0,-0.00011088094314432973
2022-11-08,0.0,0.0,0.0,0.0,0.0,0.0
2022-11-09,0.0,0.0,0.0,0.0,-0.0,-0.0
2022-11-10,0.0,0.0,0.0,0.0,0.0,0.0
2022-11-11,-0.6074088321832063,0.6074088321832063,0.00012148176643664127,0.0,-0.005587136135096762,-0.0057086179015334035
2022-11-14,-0.6482968024110777,0.040887970227871384,8.177594045574277e-06,0.0,0.005819073553902221,0.005810895959856647
2022-11-15,-0.632806058936278,0.015490743474799729,3.0981486949599457e-06,0.0,-0.00548983075875511,-0.00549292890745007
2022-11-16,-0.6748630711191846,0.042057012182906695,8.41140243658134e-06,0.0,0.005592106469041984,0.005583695066605403
2022-11-17,-0.6603777898134526,0.014485281305732012,2.8970562611464027e-06,0.0,0.0020432779864082125,0.002040380930147066
2022-11-18,0.0,0.6603777898134526,0.00013207555796269053,0.0,0.0,-0.00013207555796269053
2022-11-21,0.0,0.0,0.0,0.0,-0.0,-0.0
2022-11-22,0.0,0.0,0.0,0.0,0.0,0.0
2022-11-23,0.0,0.0,0.0,0.0,0.0,0.0
2022-11-25,0.0,0.0,0.0,0.0,-0.0,-0.0
2022-11-28,0.0,0.0,0.0,0.0,-0.0,-0.0
2022-11-29,0.0,0.0,0.0,0.0,-0.0,-0.0
2022-11-30,0.0,0.0,0.0,0.0,0.0,0.0
2022-12-01,0.0,0.0,0.0,0.0,-0.0,-0.0
2022-12-02,0.0,0.0,0.0,0.0,-0.0,-0.0
2022-12-05,0.0,0.0,0.0,0.0,-0.0,-0.0
2022-12-06,0.0,0.0,0.0,0.0,-0.0,-0.0
2022-12-07,0.0,0.0,0.0,0.0,-0.0,-0.0
2022-12-08,0.0,0.0,0.0,0.0,0.0,0.0
2022-12-09,0.0,0.0,0.0,0.0,-0.0,-0.0
2022-12-12,0.0,0.0,0.0,0.0,0.0,0.0
2022-12-13,0.0,0.0,0.0,0.0,0.0,0.0
2022-12-14,0.0,0.0,0.0,0.0,-0.0,-0.0
2022-12-15,0.0,0.0,0.0,0.0,-0.0,-0.0
2022-12-16,-0.6279686322739174,0.6279686322739174,0.0001255937264547835,0.0,0.00703339936003685,0.0069078056335820665
2022-12-19,-0.6020119698566134,0.02595666241730399,5.191332483460798e-06,0.0,0.005447202329744383,0.005442010997260922
2022-12-20,-0.5918708309437144,0.010141138912899028,2.0282277825798056e-06,0.0,-0.000613652090582763,-0.0006156803183653428
2022-12-21,-0.6338676840739935,0.04199685313027912,8.399370626055825e-06,0.0,-0.009354967065147528,-0.009363366435773584
2022-12-22,0.0,0.6338676840739935,0.00012677353681479872,0.0,-0.0,-0.00012677353681479872
2022-12-23,-0.61843406411864,0.61843406411864,0.000123686812823728,0.0,-0.003618428192484707,-0.003742115005308435
2022-12-27,0.0,0.61843406411864,0.000123686812823728,0.0,-0.0,-0.000123686812823728
2022-12-28,0.0,0.0,0.0,0.0,-0.0,-0.0
2022-12-29,0.0,0.0,0.0,0.0,0.0,0.0
2022-12-30,0.0,0.0,0.0,0.0,-0.0,-0.0
2023-01-03,0.0,0.0,0.0,0.0,-0.0,-0.0
2023-01-04,0.0,0.0,0.0,0.0,0.0,0.0
2023-01-05,0.0,0.0,0.0,0.0,-0.0,-0.0
2023-01-06,0.0,0.0,0.0,0.0,0.0,0.0
2023-01-09,0.0,0.0,0.0,0.0,-0.0,-0.0
2023-01-10,0.0,0.0,0.0,0.0,0.0,0.0
2023-01-11,0.0,0.0,0.0,0.0,0.0,0.0
2023-01-12,0.0,0.0,0.0,0.0,0.0,0.0
2023-01-13,-0.9344026719509176,0.9344026719509176,0.00018688053439018353,0.0,-0.0037272314780909662,-0.00391411201248115
2023-01-17,-0.9896317459538813,0.05522907400296362,1.1045814800592725e-05,0.0,0.0020114813799256047,0.002000435565125012
2023-01-18,-1.0135236580340956,0.02389191208021435,4.7783824160428705e-06,1.609959289773287e-07,0.015897085107427395,0.015892145729082374
2023-01-19,0.0,1.0135236580340956,0.00020270473160681913,0.0,-0.0,-0.00020270473160681913
2023-01-20,0.0,0.0,0.0,0.0,0.0,0.0
2023-01-23,0.0,0.0,0.0,0.0,0.0,0.0
2023-01-24,0.0,0.0,0.0,0.0,-0.0,-0.0
2023-01-25,0.0,0.0,0.0,0.0,-0.0,-0.0
2023-01-26,0.0,0.0,0.0,0.0,0.0,0.0
2023-01-27,-1.0448152703659621,1.0448152703659621,0.00020896305407319243,5.335151234043109e-07,-0.0026034017555674623,-0.0028128983247640593
2023-01-30,-1.1047359977509312,0.05992072738496912,1.1984145476993825e-05,1.2468571160825147e-06,0.014420747921740931,0.014407516919147854
2023-01-31,0.0,1.1047359977509312,0.00022094719955018625,0.0,0.0,-0.00022094719955018625
2023-02-01,0.0,0.0,0.0,0.0,0.0,0.0
2023-02-02,0.0,0.0,0.0,0.0,0.0,0.0
2023-02-03,0.0,0.0,0.0,0.0,-0.0,-0.0
2023-02-06,0.0,0.0,0.0,0.0,-0.0,-0.0
2023-02-07,0.0,0.0,0.0,0.0,0.0,0.0
2023-02-08,0.0,0.0,0.0,0.0,-0.0,-0.0
2023-02-09,0.0,0.0,0.0,0.0,-0.0,-0.0
2023-02-10,0.0,0.0,0.0,0.0,0.0,0.0
2023-02-13,0.0,0.0,0.0,0.0,0.0,0.0
2023-02-14,0.0,0.0,0.0,0.0,-0.0,-0.0
2023-02-15,0.0,0.0,0.0,0.0,0.0,0.0
2023-02-16,0.0,0.0,0.0,0.0,-0.0,-0.0
2023-02-17,0.0,0.0,0.0,0.0,-0.0,-0.0
2023-02-21,0.0,0.0,0.0,0.0,-0.0,-0.0
2023-02-22,0.0,0.0,0.0,0.0,-0.0,-0.0
2023-02-23,0.0,0.0,0.0,0.0,0.0,0.0
2023-02-24,0.0,0.0,0.0,0.0,-0.0,-0.0
2023-02-27,0.0,0.0,0.0,0.0,0.0,0.0
2023-02-28,0.0,0.0,0.0,0.0,-0.0,-0.0
2023-03-01,0.0,0.0,0.0,0.0,-0.0,-0.0
2023-03-02,0.0,0.0,0.0,0.0,0.0,0.0
2023-03-03,0.0,0.0,0.0,0.0,0.0,0.0
2023-03-06,0.0,0.0,0.0,0.0,0.0,0.0
2023-03-07,0.0,0.0,0.0,0.0,-0.0,-0.0
2023-03-08,-0.8104274117446093,0.8104274117446093,0.00016208548234892186,0.0,-0.0011457775220563653,-0.0013078630044052872
2023-03-09,-0.8617726563185099,0.05134524457390055,1.026904891478011e-05,0.0,0.01605642571382621,0.01604615666491143
2023-03-10,-0.7152165797009268,0.14655607661758308,2.9311215323516617e-05,0.0,0.010430696738526979,0.010401385523203462
2023-03-13,-0.6493723804214785,0.06584419927944829,1.316883985588966e-05,0.0,0.0009811379249036183,0.0009679690850477287
2023-03-14,-0.68217181641689,0.03279943599541146,6.559887199082293e-06,0.0,-0.011148316667108069,-0.011154876554307152
2023-03-15,0.7233148581983724,1.4054866746152623,0.00028109733492305246,0.0,-0.005067083817188392,-0.005348181152111444
2023-03-16,0.7123032866657162,0.011011571532656195,2.2023143065312392e-06,0.0,0.012400898381642385,0.012398696067335853
2023-03-17,0.0,0.7123032866657162,0.00014246065733314325,0.0,-0.0,-0.00014246065733314325
2023-03-20,0.0,0.0,0.0,0.0,0.0,0.0
2023-03-21,0.0,0.0,0.0,0.0,0.0,0.0
2023-03-22,0.0,0.0,0.0,0.0,-0.0,-0.0
2023-03-23,0.0,0.0,0.0,0.0,0.0,0.0
2023-03-24,0.0,0.0,0.0,0.0,0.0,0.0
2023-03-27,0.0,0.0,0.0,0.0,0.0,0.0
2023-03-28,0.0,0.0,0.0,0.0,-0.0,-0.0
2023-03-29,0.0,0.0,0.0,0.0,0.0,0.0
2023-03-30,0.0,0.0,0.0,0.0,0.0,0.0
2023-03-31,0.0,0.0,0.0,0.0,0.0,0.0
2023-04-03,-1.0143752001162194,1.0143752001162194,0.0002028750400232439,1.7113333471689763e-07,-0.003745096129019509,-0.003948142302377469
2023-04-04,-1.072102222927666,0.05772702281144659,1.154540456228932e-05,8.583597967579285e-07,0.006233030514533502,0.0062206267501744555
2023-04-05,-1.0275370304279041,0.044565192499761874,8.913038499952376e-06,3.2782179080838237e-07,0.002564199811445315,0.0025549589511545544
2023-04-06,-1.0422898176702649,0.014752787242360732,2.9505574484721467e-06,5.034502103602959e-07,-0.0037238650571657303,-0.0037273190648245626
2023-04-10,-1.1009910709696427,0.05870125329937781,1.1740250659875563e-05,1.202274654400508e-06,-0.0010963746341360442,-0.0011093171594503202
2023-04-11,0.0,1.1009910709696427,0.00022019821419392855,0.0,-0.0,-0.00022019821419392855
2023-04-12,0.0,0.0,0.0,0.0,-0.0,-0.0
2023-04-13,0.0,0.0,0.0,0.0,0.0,0.0
2023-04-14,0.0,0.0,0.0,0.0,-0.0,-0.0
2023-04-17,0.0,0.0,0.0,0.0,0.0,0.0
2023-04-18,0.0,0.0,0.0,0.0,0.0,0.0
2023-04-19,0.0,0.0,0.0,0.0,-0.0,-0.0
2023-04-20,0.0,0.0,0.0,0.0,-0.0,-0.0
2023-04-21,0.0,0.0,0.0,0.0,0.0,0.0
2023-04-24,0.0,0.0,0.0,0.0,0.0,0.0
2023-04-25,0.0,0.0,0.0,0.0,-0.0,-0.0
2023-04-26,0.0,0.0,0.0,0.0,-0.0,-0.0
2023-04-27,0.0,0.0,0.0,0.0,0.0,0.0
2023-04-28,0.0,0.0,0.0,0.0,0.0,0.0
2023-05-01,0.0,0.0,0.0,0.0,-0.0,-0.0
2023-05-02,0.0,0.0,0.0,0.0,-0.0,-0.0
2023-05-03,0.0,0.0,0.0,0.0,-0.0,-0.0
2023-05-04,0.0,0.0,0.0,0.0,-0.0,-0.0
2023-05-05,0.0,0.0,0.0,0.0,0.0,0.0
2023-05-08,0.0,0.0,0.0,0.0,0.0,0.0
2023-05-09,0.0,0.0,0.0,0.0,-0.0,-0.0
2023-05-10,0.0,0.0,0.0,0.0,0.0,0.0
2023-05-11,0.0,0.0,0.0,0.0,-0.0,-0.0
2023-05-12,0.0,0.0,0.0,0.0,-0.0,-0.0
2023-05-15,0.0,0.0,0.0,0.0,0.0,0.0
2023-05-16,0.0,0.0,0.0,0.0,-0.0,-0.0
2023-05-17,0.0,0.0,0.0,0.0,0.0,0.0
2023-05-18,0.0,0.0,0.0,0.0,0.0,0.0
2023-05-19,0.0,0.0,0.0,0.0,-0.0,-0.0
2023-05-22,0.0,0.0,0.0,0.0,0.0,0.0
2023-05-23,0.0,0.0,0.0,0.0,-0.0,-0.0
2023-05-24,0.0,0.0,0.0,0.0,-0.0,-0.0
2023-05-25,0.0,0.0,0.0,0.0,0.0,0.0
2023-05-26,0.0,0.0,0.0,0.0,0.0,0.0
2023-05-30,0.0,0.0,0.0,0.0,0.0,0.0
2023-05-31,0.0,0.0,0.0,0.0,-0.0,-0.0
2023-06-01,0.0,0.0,0.0,0.0,0.0,0.0
2023-06-02,0.0,0.0,0.0,0.0,0.0,0.0
2023-06-05,-1.2284407159483843,1.2284407159483843,0.0002456881431896769,2.719532332718861e-06,0.0024637502466836555,0.00221534257116126
2023-06-06,-1.2422172349175113,0.013776518969127016,2.7553037938254033e-06,2.883538510922754e-06,-0.0029206144980255997,-0.002926253340330348
2023-06-07,-1.3081581972772371,0.0659409623597258,1.318819247194516e-05,3.6685499675861567e-06,0.004996240657658665,0.0049793839152191335
2023-06-08,-1.2706660200996058,0.037492177177631314,7.498435435526263e-06,3.2222145249953078e-06,-0.007839465000251794,-0.007850185650212315
2023-06-09,-1.33367139054021,0.06300537044060417,1.2601074088120835e-05,3.972278458812024e-06,-0.0015302559179192865,-0.0015468292704662193
2023-06-12,0.0,1.33367139054021,0.000266734278108042,0.0,0.0,-0.000266734278108042
2023-06-13,0.0,0.0,0.0,0.0,0.0,0.0
2023-06-14,0.0,0.0,0.0,0.0,0.0,0.0
2023-06-15,-1.6078964968788148,1.6078964968788148,0.00032157929937576295,7.2368630580811285e-06,-0.019462912571830835,-0.01979172873426468
2023-06-16,-1.6662654415134714,0.058368944634656694,1.167378892693134e-05,7.931731446588947e-06,0.006129151589091383,0.0061095460687178626
2023-06-20,-1.5808954222959806,0.08537001921749088,1.7074003843498175e-05,6.915421693999769e-06,0.007503489050720931,0.007479499625183433
2023-06-21,-1.4708427368015444,0.11005268549443614,2.201053709888723e-05,5.6052706762088625e-06,0.007735288985003364,0.0077076731772282685
2023-06-22,0.0,1.4708427368015444,0.0002941685473603089,0.0,0.0,-0.0002941685473603089
2023-06-23,0.0,0.0,0.0,0.0,-0.0,-0.0
2023-06-26,0.0,0.0,0.0,0.0,-0.0,-0.0
2023-06-27,0.0,0.0,0.0,0.0,0.0,0.0
2023-06-28,0.0,0.0,0.0,0.0,-0.0,-0.0
2023-06-29,0.0,0.0,0.0,0.0,0.0,0.0
2023-06-30,0.0,0.0,0.0,0.0,0.0,0.0
2023-07-03,-1.4534419898585311,1.4534419898585311,0.00029068839797170625,5.398118926887276e-06,-0.0017005170887339285,-0.001996603605632522
2023-07-05,-1.526903379667215,0.07346138980868377,1.4692277961736755e-05,6.272659281752558e-06,0.0030083937480613766,0.002987428810817887
2023-07-06,-1.5225054226037025,0.0043979570635124254,8.795914127024852e-07,6.2203026500440775e-06,0.012110101272020652,0.012103001377957907
2023-07-07,-1.3220260458782793,0.20047937672542315,4.009587534508463e-05,3.833643403312849e-06,0.00379317404712679,0.003749244528378393
2023-07-10,0.0,1.3220260458782793,0.00026440520917565585,0.0,0.0,-0.00026440520917565585
2023-07-11,0.0,0.0,0.0,0.0,0.0,0.0
2023-07-12,0.0,0.0,0.0,0.0,0.0,0.0
2023-07-13,0.0,0.0,0.0,0.0,0.0,0.0
2023-07-14,-1.5689013286941655,1.5689013286941655,0.0003137802657388331,6.7726348654067324e-06,0.001608017485549293,0.0012874645849450532
2023-07-17,-1.596906529880318,0.028005201186152462,5.6010402372304925e-06,7.106030117622834e-06,-0.0061448477401738425,-0.006157554810528695
2023-07-18,-1.669932276611917,0.0730257467315989,1.4605149346319779e-05,7.975384245379964e-06,-0.011843271493383642,-0.011865852026975342
2023-07-19,-1.7383493627763595,0.06841708616444264,1.3683417232888529e-05,8.789873366385233e-06,-0.004094047126173592,-0.0041165204167728665
2023-07-20,-1.8172316543821503,0.07888229160579074,1.5776458321158148e-05,9.72894826645417e-06,0.012320516955727352,0.01229501154913974
2023-07-21,-1.5651096342921946,0.25212202008995566,5.042440401799113e-05,6.72749564633565e-06,-0.0005071612789864149,-0.0005643131786507417
2023-07-24,-1.642697489091858,0.07758785479966335,1.551757095993267e-05,7.651160584426882e-06,-0.006613563329803063,-0.006636732061347422
2023-07-25,-1.7163246464352526,0.07362715734339464,1.472543146867893e-05,8.527674362324437e-06,-0.004824107282230687,-0.00484736038806169
2023-07-26,0.0,1.7163246464352526,0.00034326492928705055,0.0,-0.0,-0.00034326492928705055
2023-07-27,0.0,0.0,0.0,0.0,-0.0,-0.0
2023-07-28,0.0,0.0,0.0,0.0,0.0,0.0
2023-07-31,0.0,0.0,0.0,0.0,0.0,0.0
2023-08-01,0.0,0.0,0.0,0.0,-0.0,-0.0
2023-08-02,0.0,0.0,0.0,0.0,-0.0,-0.0
2023-08-03,0.0,0.0,0.0,0.0,-0.0,-0.0
2023-08-04,0.0,0.0,0.0,0.0,-0.0,-0.0
2023-08-07,0.0,0.0,0.0,0.0,0.0,0.0
2023-08-08,0.0,0.0,0.0,0.0,-0.0,-0.0
2023-08-09,0.0,0.0,0.0,0.0,-0.0,-0.0
2023-08-10,0.0,0.0,0.0,0.0,0.0,0.0
2023-08-11,0.0,0.0,0.0,0.0,-0.0,-0.0
2023-08-14,0.0,0.0,0.0,0.0,0.0,0.0
2023-08-15,0.0,0.0,0.0,0.0,-0.0,-0.0
2023-08-16,0.0,0.0,0.0,0.0,-0.0,-0.0
2023-08-17,0.0,0.0,0.0,0.0,-0.0,-0.0
2023-08-18,0.0,0.0,0.0,0.0,-0.0,-0.0
2023-08-21,0.0,0.0,0.0,0.0,0.0,0.0
2023-08-22,0.0,0.0,0.0,0.0,-0.0,-0.0
2023-08-23,0.0,0.0,0.0,0.0,0.0,0.0
2023-08-24,0.0,0.0,0.0,0.0,-0.0,-0.0
2023-08-25,0.0,0.0,0.0,0.0,0.0,0.0
2023-08-28,0.0,0.0,0.0,0.0,0.0,0.0
2023-08-29,0.0,0.0,0.0,0.0,0.0,0.0
2023-08-30,0.0,0.0,0.0,0.0,0.0,0.0
2023-08-31,0.0,0.0,0.0,0.0,-0.0,-0.0
2023-09-01,-1.1668079576451984,1.1668079576451984,0.0002333615915290397,1.9858090195856952e-06,-0.002097352198776047,-0.0023326995993246725
2023-09-05,-1.230534819180056,0.06372686153485763,1.2745372306971527e-05,2.744462133095905e-06,0.005171935164148715,0.005156445329708648
2023-09-06,-1.194060394113735,0.036474425066320926,7.294885013264185e-06,2.310242787068275e-06,0.008353663820863621,0.008344058693063289
2023-09-07,-1.105073137076498,0.0889872570372372,1.779745140744744e-05,1.2508706794821178e-06,0.003554393833400464,0.0035353455113135345
2023-09-08,-1.1019157785484497,0.0031573585280482153,6.31471705609643e-07,1.2132830779577344e-06,-0.0015708978139958628,-0.00157274256877943
2023-09-11,-1.1638321296044103,0.061916351055960606,1.2383270211192122e-05,1.950382495290599e-06,-0.007798782652451135,-0.007813116305157618
2023-09-12,-1.2235570202058874,0.05972489060147712,1.1944978120295424e-05,2.661393097689136e-06,0.006989164508699639,0.006974558137481654
2023-09-13,-1.1553324346636882,0.06822458554219923,1.3644917108439847e-05,1.8491956507581926e-06,-0.0014336082513323803,-0.0014491023640915784
2023-09-14,0.0,1.1553324346636882,0.00023106648693273763,0.0,0.0,-0.00023106648693273763
2023-09-15,0.0,0.0,0.0,0.0,-0.0,-0.0
2023-09-18,0.0,0.0,0.0,0.0,0.0,0.0
2023-09-19,0.0,0.0,0.0,0.0,-0.0,-0.0
2023-09-20,0.0,0.0,0.0,0.0,-0.0,-0.0
2023-09-21,0.0,0.0,0.0,0.0,-0.0,-0.0
2023-09-22,-0.8300928318080596,0.8300928318080596,0.00016601856636161191,0.0,0.0019077503938244144,0.0017417318274628025
2023-09-25,-0.8547500799391515,0.024657248131091936,4.931449626218387e-06,0.0,-0.0034318166166592634,-0.0034367480662854818
2023-09-26,0.0,0.8547500799391515,0.00017095001598783032,0.0,-0.0,-0.00017095001598783032
2023-09-27,-0.782056593681089,0.782056593681089,0.0001564113187362178,0.0,-0.00017931601417297082,-0.0003357273329091886
2023-09-28,-0.8322634363582208,0.05020684267713171,1.0041368535426344e-05,0.0,-0.00489027770265307,-0.004900319071188496
2023-09-29,0.0,0.8322634363582208,0.00016645268727164415,0.0,-0.0,-0.00016645268727164415
2023-10-02,0.0,0.0,0.0,0.0,0.0,0.0
2023-10-03,0.0,0.0,0.0,0.0,-0.0,-0.0
2023-10-04,-0.8249967640945249,0.8249967640945249,0.000164999352818905,0.0,-0.0066635381398962665,-0.006828537492715172
2023-10-05,0.0,0.8249967640945249,0.000164999352818905,0.0,-0.0,-0.000164999352818905
2023-10-06,0.0,0.0,0.0,0.0,0.0,0.0
2023-10-09,0.0,0.0,0.0,0.0,0.0,0.0
2023-10-10,0.0,0.0,0.0,0.0,0.0,0.0
2023-10-11,0.0,0.0,0.0,0.0,0.0,0.0
2023-10-12,0.0,0.0,0.0,0.0,-0.0,-0.0
2023-10-13,0.0,0.0,0.0,0.0,-0.0,-0.0
2023-10-16,0.0,0.0,0.0,0.0,0.0,0.0
2023-10-17,0.0,0.0,0.0,0.0,-0.0,-0.0
2023-10-18,0.0,0.0,0.0,0.0,-0.0,-0.0
2023-10-19,0.0,0.0,0.0,0.0,-0.0,-0.0
2023-10-20,0.0,0.0,0.0,0.0,-0.0,-0.0
2023-10-23,-0.7946271387476146,0.7946271387476146,0.00015892542774952292,0.0,0.0013405296780468604,0.0011816042502973375
2023-10-24,-0.8260659765762901,0.031438837828675514,6.287767565735103e-06,0.0,-0.0059803240661898465,-0.005986611833755581
2023-10-25,0.0,0.8260659765762901,0.00016521319531525802,0.0,-0.0,-0.00016521319531525802
2023-10-26,-0.765481425099907,0.765481425099907,0.0001530962850199814,0.0,0.009111587564330819,0.008958491279310837
2023-10-27,-0.7083079432884591,0.05717348181144788,1.1434696362289576e-05,0.0,0.0034082634870595987,0.003396828790697309
2023-10-30,-0.7156953139955574,0.007387370707098273,1.4774741414196546e-06,0.0,-0.008544310112971654,-0.008545787587113074
2023-10-31,-0.7594667334707972,0.04377141947523977,8.754283895047954e-06,0.0,-0.004901662717070154,-0.004910417000965202
2023-11-01,0.0,0.7594667334707972,0.00015189334669415944,0.0,0.0,-0.00015189334669415944
2023-11-02,0.0,0.0,0.0,0.0,0.0,0.0
2023-11-03,-0.8989955023085225,0.8989955023085225,0.0001797991004617045,0.0,-0.008405503253660265,-0.008585302354121969
2023-11-06,-0.9496005150917379,0.050605012783215386,1.0121002556643077e-05,0.0,-0.0016631851569676177,-0.0016733061595242608
2023-11-07,-1.0058280218677946,0.0562275067760567,1.124550135521134e-05,6.938121271184084e-08,-0.0028526222160757827,-0.0028639370986437056
2023-11-08,-1.0634363218519725,0.057608299984177824,1.1521659996835565e-05,7.551943077615768e-07,-0.0010681271739447988,-0.001080404028249396
2023-11-09,-1.124242360951952,0.060806039099979614,1.2161207819995924e-05,1.479075725618477e-06,0.009125127514637859,0.009111487231092244
2023-11-10,-1.0303313233349574,0.09391103761699471,1.878220752339894e-05,3.6108718255901624e-07,-0.01596576615553445,-0.01598490945024041
2023-11-13,-1.0806146248834212,0.05028330154846383,1.0056660309692768e-05,9.596979152788238e-07,0.0009035974589034356,0.0008925811006784639
2023-11-14,-1.122267311629056,0.041652686745634826,8.330537349126966e-06,1.4555632336792383e-06,-0.021205656624739357,-0.021215442725322164
2023-11-15,-1.1709040181825587,0.04863670655350272,9.727341310700545e-06,2.0345716450304613e-06,-0.0018684562795352533,-0.0018802181924909844
2023-11-16,-1.2349908188179242,0.06408680063536543,1.2817360127073086e-05,2.7975097478324307e-06,-0.0014692925319100313,-0.0014849074017849369
2023-11-17,-1.3014909540276156,0.06650013520969145,1.330002704193829e-05,3.5891780241382813e-06,-0.0016675065702858006,-0.001684395775351877
2023-11-20,-1.3700483204368952,0.06855736640927956,1.3711473281855914e-05,4.405337148058276e-06,-0.010087807985890823,-0.010105924796320737
2023-11-21,-1.433372586925696,0.06332426648880074,1.266485329776015e-05,5.1591974634011416e-06,0.002899678244590808,0.0028818541938296464
2023-11-22,-1.4343369971227333,0.000964410197037413,1.9288203940748262e-07,5.170678537175397e-06,-0.005813231722601484,-0.005818595283178067
2023-11-24,-1.5033913567271333,0.06905435960439998,1.3810871920879998e-05,5.9927542467515874e-06,-0.0008970670221362681,-0.0009168706483038996
2023-11-27,-1.578893464312861,0.07550210758572762,1.5100421517145525e-05,6.891588860867392e-06,0.00308842506019428,0.003066433049816267
2023-11-28,-1.5713226355134189,0.007570828799442042,1.5141657598884084e-06,6.8014599465883205e-06,-0.0015393281937474265,-0.0015476438194539032
2023-11-29,0.0,1.5713226355134189,0.0003142645271026838,0.0,-0.0,-0.0003142645271026838
2023-11-30,0.0,0.0,0.0,0.0,0.0,0.0
2023-12-01,0.0,0.0,0.0,0.0,0.0,0.0
2023-12-04,0.0,0.0,0.0,0.0,-0.0,-0.0
2023-12-05,0.0,0.0,0.0,0.0,-0.0,-0.0
2023-12-06,0.0,0.0,0.0,0.0,-0.0,-0.0
2023-12-07,0.0,0.0,0.0,0.0,0.0,0.0
2023-12-08,0.0,0.0,0.0,0.0,0.0,0.0
2023-12-11,0.0,0.0,0.0,0.0,0.0,0.0
2023-12-12,0.0,0.0,0.0,0.0,0.0,0.0
2023-12-13,0.0,0.0,0.0,0.0,0.0,0.0
2023-12-14,-1.924496807198055,1.924496807198055,0.000384899361439611,1.1005914371405417e-05,-0.005087532758449963,-0.00548343803426098
2023-12-15,-2.0,0.07550319280194495,1.5100638560388991e-05,1.1904761904761905e-05,0.0001525048008979013,0.0001254994004327504
2023-12-18,-2.0,0.0,0.0,1.1904761904761905e-05,-0.0090362445268006,-0.009048149288705362
2023-12-19,-2.0,0.0,0.0,1.1904761904761905e-05,-0.0116985349016402,-0.011710439663544962
2023-12-20,-2.0,0.0,0.0,1.1904761904761905e-05,0.0295862959306134,0.02957439116870864
2023-12-21,0.0,2.0,0.0004,0.0,0.0,-0.0004
2023-12-22,0.0,0.0,0.0,0.0,0.0,0.0
2023-12-26,0.0,0.0,0.0,0.0,0.0,0.0
2023-12-27,0.0,0.0,0.0,0.0,0.0,0.0
2023-12-28,0.0,0.0,0.0,0.0,0.0,0.0
2023-12-29,0.0,0.0,0.0,0.0,-0.0,-0.0
2024-01-02,0.0,0.0,0.0,0.0,-0.0,-0.0
2024-01-03,0.0,0.0,0.0,0.0,-0.0,-0.0
2024-01-04,0.0,0.0,0.0,0.0,-0.0,-0.0
2024-01-05,0.0,0.0,0.0,0.0,0.0,0.0
2024-01-08,0.0,0.0,0.0,0.0,0.0,0.0
2024-01-09,0.0,0.0,0.0,0.0,-0.0,-0.0
2024-01-10,0.0,0.0,0.0,0.0,0.0,0.0
2024-01-11,0.0,0.0,0.0,0.0,-0.0,-0.0
2024-01-12,0.0,0.0,0.0,0.0,0.0,0.0
2024-01-16,0.0,0.0,0.0,0.0,-0.0,-0.0
2024-01-17,0.0,0.0,0.0,0.0,-0.0,-0.0
2024-01-18,0.0,0.0,0.0,0.0,0.0,0.0
2024-01-19,0.0,0.0,0.0,0.0,0.0,0.0
2024-01-22,0.0,0.0,0.0,0.0,0.0,0.0
2024-01-23,0.0,0.0,0.0,0.0,0.0,0.0
2024-01-24,-1.6767740026606877,1.6767740026606877,0.00033535480053213754,8.056833365008187e-06,-0.0013608680639061923,-0.001704279697803338
2024-01-25,-1.7559324127834255,0.07915841012273783,1.5831682024547567e-05,8.999195390278875e-06,-0.009212636603411317,-0.009237467480826144
2024-01-26,-1.8290713704063242,0.07313895762289868,1.4627791524579737e-05,9.869897266741954e-06,0.001192550428019247,0.0011680527392279251
2024-01-29,-1.8648707211134994,0.035799350707175215,7.159870141435044e-06,1.0296080013255945e-05,-0.014039428408574476,-0.014056884358729167
2024-01-30,-1.934198514233783,0.06932779312028359,1.3865558624056718e-05,1.1121410883735512e-05,0.00116212526114521,0.0011371382916374178
2024-01-31,-1.9699463118079579,0.0357477975741749,7.14955951483498e-06,1.154697990247569e-05,0.03198572620202821,0.031967029662610905
2024-02-01,-1.2603863728406135,0.7095599389673444,0.0001419119877934689,3.0998377719120654e-06,-0.015649317819438378,-0.015794329645003758
2024-02-02,0.0,1.2603863728406135,0.0002520772745681227,0.0,0.0,-0.0002520772745681227
2024-02-05,0.0,0.0,0.0,0.0,-0.0,-0.0
2024-02-06,0.0,0.0,0.0,0.0,0.0,0.0
2024-02-07,0.0,0.0,0.0,0.0,0.0,0.0
2024-02-08,-1.4763751717682605,1.4763751717682605,0.0002952750343536521,5.671132997241197e-06,-0.000842154722857437,-0.0011431008902083302
2024-02-09,-1.5510848498535885,0.07470967808532802,1.4941935617065605e-05,6.560533926828435e-06,-0.008881383309989842,-0.008902885779533737
2024-02-12,-1.619778473548119,0.06869362369453058,1.3738724738906117e-05,7.378315161287133e-06,0.0015378243929651172,0.0015167073530649238
2024-02-13,-1.6485812056990912,0.028802732150972066,5.760546430194414e-06,7.721204829751086e-06,0.022698670718167935,0.02268518896690799
2024-02-14,0.0,1.6485812056990912,0.00032971624113981826,0.0,0.0,-0.00032971624113981826
2024-02-15,0.0,0.0,0.0,0.0,0.0,0.0
2024-02-16,0.0,0.0,0.0,0.0,-0.0,-0.0
2024-02-20,0.0,0.0,0.0,0.0,-0.0,-0.0
2024-02-21,0.0,0.0,0.0,0.0,0.0,0.0
2024-02-22,0.0,0.0,0.0,0.0,0.0,0.0
2024-02-23,0.0,0.0,0.0,0.0,0.0,0.0
2024-02-26,0.0,0.0,0.0,0.0,-0.0,-0.0
2024-02-27,0.0,0.0,0.0,0.0,0.0,0.0
2024-02-28,0.0,0.0,0.0,0.0,-0.0,-0.0
2024-02-29,0.0,0.0,0.0,0.0,0.0,0.0
2024-03-01,0.0,0.0,0.0,0.0,0.0,0.0
2024-03-04,0.0,0.0,0.0,0.0,-0.0,-0.0
2024-03-05,0.0,0.0,0.0,0.0,-0.0,-0.0
2024-03-06,0.0,0.0,0.0,0.0,0.0,0.0
2024-03-07,0.0,0.0,0.0,0.0,0.0,0.0
2024-03-08,0.0,0.0,0.0,0.0,-0.0,-0.0
2024-03-11,0.0,0.0,0.0,0.0,-0.0,-0.0
2024-03-12,0.0,0.0,0.0,0.0,0.0,0.0
2024-03-13,0.0,0.0,0.0,0.0,-0.0,-0.0
2024-03-14,0.0,0.0,0.0,0.0,-0.0,-0.0
2024-03-15,0.0,0.0,0.0,0.0,-0.0,-0.0
2024-03-18,0.0,0.0,0.0,0.0,0.0,0.0
2024-03-19,0.0,0.0,0.0,0.0,0.0,0.0
2024-03-20,0.0,0.0,0.0,0.0,0.0,0.0
2024-03-21,0.0,0.0,0.0,0.0,0.0,0.0
2024-03-22,0.0,0.0,0.0,0.0,-0.0,-0.0
2024-03-25,-1.5135012372670795,1.5135012372670795,0.0003027002474534159,6.113109967465232e-06,0.004630769503798054,0.0043219561463771735
2024-03-26,-1.47255017547437,0.040951061792709575,8.190212358541916e-06,5.625597327075833e-06,0.004128621297762324,0.004114805488076706
2024-03-27,-1.4446660524011774,0.027884123073192546,5.57682461463851e-06,5.2936434809663974e-06,-0.012414875806400216,-0.012425746274495822
2024-03-28,-1.5077295094429126,0.06306345704173522,1.2612691408347044e-05,6.0443989219394365e-06,-0.001682419122424026,-0.0017010762127543126
2024-04-01,0.0,1.5077295094429126,0.00030154590188858255,0.0,-0.0,-0.00030154590188858255
2024-04-02,0.0,0.0,0.0,0.0,-0.0,-0.0
2024-04-03,0.0,0.0,0.0,0.0,0.0,0.0
2024-04-04,0.0,0.0,0.0,0.0,-0.0,-0.0
2024-04-05,0.0,0.0,0.0,0.0,0.0,0.0
2024-04-08,0.0,0.0,0.0,0.0,-0.0,-0.0
2024-04-09,0.0,0.0,0.0,0.0,0.0,0.0
2024-04-10,0.0,0.0,0.0,0.0,-0.0,-0.0
2024-04-11,0.0,0.0,0.0,0.0,0.0,0.0
2024-04-12,0.0,0.0,0.0,0.0,-0.0,-0.0
2024-04-15,0.0,0.0,0.0,0.0,-0.0,-0.0
2024-04-16,0.0,0.0,0.0,0.0,-0.0,-0.0
2024-04-17,0.0,0.0,0.0,0.0,-0.0,-0.0
2024-04-18,0.0,0.0,0.0,0.0,-0.0,-0.0
2024-04-19,0.0,0.0,0.0,0.0,-0.0,-0.0
2024-04-22,0.0,0.0,0.0,0.0,0.0,0.0
2024-04-23,0.0,0.0,0.0,0.0,0.0,0.0
2024-04-24,0.0,0.0,0.0,0.0,0.0,0.0
2024-04-25,0.0,0.0,0.0,0.0,-0.0,-0.0
2024-04-26,0.0,0.0,0.0,0.0,0.0,0.0
2024-04-29,0.0,0.0,0.0,0.0,0.0,0.0
2024-04-30,0.0,0.0,0.0,0.0,-0.0,-0.0
2024-05-01,0.0,0.0,0.0,0.0,-0.0,-0.0
2024-05-02,0.0,0.0,0.0,0.0,0.0,0.0
2024-05-03,0.0,0.0,0.0,0.0,0.0,0.0
2024-05-06,0.0,0.0,0.0,0.0,0.0,0.0
2024-05-07,0.0,0.0,0.0,0.0,0.0,0.0
2024-05-08,0.0,0.0,0.0,0.0,-0.0,-0.0
2024-05-09,-1.162058696474278,1.162058696474278,0.00023241173929485563,1.929270196122358e-06,-0.0059009719892561445,-0.006135312998747123
2024-05-10,-1.2229015833131656,0.0608428868388875,1.21685773677775e-05,2.653590277537685e-06,-0.00201539082339868,-0.0020302129910439956
2024-05-13,-1.2884259228288293,0.06552433951566372,1.3104867903132744e-05,3.433641938438444e-06,0.00031093991724776904,0.0002944014074061979
2024-05-14,-1.3437545848253922,0.055328661996562944,1.1065732399312589e-05,4.092316486016574e-06,-0.006485159210815569,-0.006500317259700898
2024-05-15,-1.4095536944238831,0.06579910959849089,1.3159821919698179e-05,4.875639219331942e-06,-0.01641823868960188,-0.01643627415074091
2024-05-16,-1.4681341144114444,0.05858041998756125,1.171608399751225e-05,5.573025171564814e-06,0.0030593528845990355,0.0030420637754299583
2024-05-17,-1.463981460879535,0.0041526535319094116,8.305307063818824e-07,5.523588819994464e-06,-0.001704214505766918,-0.0017105686252932943
2024-05-20,-1.5372071338069326,0.07322567292739768,1.4645134585479537e-05,6.395323021511103e-06,-0.0014080360925667796,-0.0014290765501737703
2024-05-21,-1.6128839099426966,0.07567677613576396,1.5135355227152792e-05,7.29623702312734e-06,-0.004030193293994945,-0.004052624886245225
2024-05-22,-1.68829305553517,0.07540914559247347,1.5081829118494694e-05,8.193964946847264e-06,0.004574921680698557,0.004551645886633215
2024-05-23,0.0,1.68829305553517,0.000337658611107034,0.0,-0.0,-0.000337658611107034
2024-05-24,0.0,0.0,0.0,0.0,0.0,0.0
2024-05-28,0.0,0.0,0.0,0.0,0.0,0.0
2024-05-29,0.0,0.0,0.0,0.0,-0.0,-0.0
2024-05-30,0.0,0.0,0.0,0.0,-0.0,-0.0
2024-05-31,0.0,0.0,0.0,0.0,0.0,0.0
2024-06-03,0.0,0.0,0.0,0.0,0.0,0.0
2024-06-04,0.0,0.0,0.0,0.0,0.0,0.0
2024-06-05,0.0,0.0,0.0,0.0,0.0,0.0
2024-06-06,0.0,0.0,0.0,0.0,-0.0,-0.0
2024-06-07,-1.5811483255168455,1.5811483255168455,0.0003162296651033691,6.918432446629113e-06,0.0017643117893396082,0.00144116369178961
2024-06-10,-1.60435133280646,0.023203007289614552,4.640601457922911e-06,7.1946587238864295e-06,-0.004135263655940035,-0.004147098916121844
2024-06-11,-1.6791361644961467,0.07478483168968664,1.4956966337937328e-05,8.084954339239842e-06,-0.004544942800361222,-0.0045679847210384
2024-06-12,-1.7554749121392965,0.07633874764314985,1.526774952862997e-05,8.993748954039244e-06,-0.014864870447646724,-0.014889131946129393
2024-06-13,-1.8223595605928924,0.06688464845359587,1.3376929690719175e-05,9.789994768963004e-06,-0.0042678046974923695,-0.004290971621952052
2024-06-14,-1.9024445622668422,0.08008500167394983,1.6017000334789968e-05,1.0743387646033837e-05,0.0007494457405543436,0.0007226853525735198
2024-06-17,-1.950290052284156,0.04784549001731375,9.569098003462751e-06,1.131297681290662e-05,-0.014890785122891463,-0.014911667197707831
2024-06-18,-2.0,0.04970994771584403,9.941989543168806e-06,1.1904761904761905e-05,-0.005036308363035,-0.005058155114482931
2024-06-20,-2.0,0.0,0.0,1.1904761904761905e-05,0.0050582547908248,0.005046350028920038
2024-06-21,-2.0,0.0,0.0,1.1904761904761905e-05,0.0031267034376476,0.0031147986757428378
2024-06-24,0.0,2.0,0.0004,0.0,-0.0,-0.0004
2024-06-25,0.0,0.0,0.0,0.0,0.0,0.0
2024-06-26,0.0,0.0,0.0,0.0,0.0,0.0
2024-06-27,0.0,0.0,0.0,0.0,0.0,0.0
2024-06-28,0.0,0.0,0.0,0.0,-0.0,-0.0
2024-07-01,0.0,0.0,0.0,0.0,0.0,0.0
2024-07-02,0.0,0.0,0.0,0.0,0.0,0.0
2024-07-03,0.0,0.0,0.0,0.0,0.0,0.0
2024-07-05,0.0,0.0,0.0,0.0,0.0,0.0
2024-07-08,-2.0,2.0,0.0004,1.1904761904761905e-05,-0.0020323649528108,-0.002444269714715562
2024-07-09,-2.0,0.0,0.0,1.1904761904761905e-05,-0.0014815949561288,-0.0014934997180335618
2024-07-10,-2.0,0.0,0.0,1.1904761904761905e-05,-0.020312629756212,-0.020324534518116763
2024-07-11,-2.0,0.0,0.0,1.1904761904761905e-05,0.017603299938532,0.01759139517662724
2024-07-12,-1.8303841109677672,0.1696158890322328,3.392317780644656e-05,9.885525130568657e-06,-0.01007052449199964,-0.010114333194936655
2024-07-15,-1.9035037426481065,0.0731196316803393,1.462392633606786e-05,1.0755996936286983e-05,-0.0053720995244172925,-0.005397479447689648
2024-07-16,-1.9841086978520135,0.08060495520390698,1.6120991040781396e-05,1.1715579736333494e-05,-0.01263688744541223,-0.012664724016189347
2024-07-17,-2.0,0.015891302147986508,3.178260429597302e-06,1.1904761904761905e-05,0.0280508830472888,0.02803580002495444
2024-07-18,-1.374286148280813,0.6257138517191869,0.0001251427703438374,4.455787479533489e-06,0.010784177525361602,0.010654578967538231
2024-07-19,-1.2212585961156095,0.15302755216520358,3.060551043304072e-05,2.6340309061382084e-06,0.008751391603974479,0.0087181520626353
2024-07-22,0.0,1.2212585961156095,0.0002442517192231219,0.0,0.0,-0.0002442517192231219
2024-07-23,0.0,0.0,0.0,0.0,-0.0,-0.0
2024-07-24,0.0,0.0,0.0,0.0,-0.0,-0.0
2024-07-25,0.8232497067358399,0.8232497067358399,0.00016464994134716797,0.0,-0.00424458412344431,-0.004409234064791478
2024-07-26,0.8188718351484155,0.004377871587424309,8.755743174848618e-07,0.0,0.009031681731408631,0.009030806157091146
2024-07-29,0.866346798788764,0.04747496364034842,9.494992728069685e-06,0.0,0.0007043222495337612,0.0006948272568056916
2024-07-30,0.9208657286820859,0.054518929893321966,1.0903785978664394e-05,0.0,-0.004579018060761715,-0.0045899218467403795
2024-07-31,0.9085404481144889,0.012325280567597074,2.465056113519415e-06,0.0,0.014236811288864972,0.014234346232751452
2024-08-01,0.9555846729436044,0.04704422482911552,9.408844965823105e-06,0.0,-0.0131757197642746,-0.013185128609240423
2024-08-02,0.8264207989942989,0.1291638739493055,2.5832774789861103e-05,0.0,-0.015332507903107142,-0.015358340677897002
2024-08-05,0.6939217845158618,0.13249901447843704,2.649980289568741e-05,0.0,-0.021113986860547343,-0.02114048666344303
2024-08-06,0.5352584755980706,0.15866330891779123,3.173266178355825e-05,0.0,0.005513616997309387,0.005481884335525829
2024-08-07,0.5731771972160672,0.03791872161799659,7.583744323599318e-06,0.0,-0.0044505578037158265,-0.004458141548039426
2024-08-08,0.5732728888115429,9.569159547573314e-05,1.913831909514663e-08,0.0,0.01305980970369368,0.013059790565374586
2024-08-09,0.6094200002648753,0.03614711145333238,7.229422290666477e-06,0.0,0.002840383783115061,0.0028331543608243943
2024-08-12,0.0,0.6094200002648753,0.00012188400005297507,0.0,0.0,-0.00012188400005297507
2024-08-13,0.0,0.0,0.0,0.0,0.0,0.0
2024-08-14,0.0,0.0,0.0,0.0,0.0,0.0
2024-08-15,-0.7854408958093966,0.7854408958093966,0.0001570881791618793,0.0,-0.01257058090861659,-0.012727669087778469
2024-08-16,-0.8300193203024281,0.04457842449303151,8.915684898606303e-06,0.0,-0.0016499143707111067,-0.001658830055609713
2024-08-19,-0.8824647084871721,0.05244538818474398,1.0489077636948796e-05,0.0,-0.00853813500548414,-0.00854862408312109
2024-08-20,-0.9327734298543867,0.05030872136721465,1.006174427344293e-05,0.0,0.0018529798249234276,0.0018429180806499846
2024-08-21,-0.9588094878564027,0.026036058002016027,5.207211600403206e-06,0.0,-0.004056449414913923,-0.004061656626514326
2024-08-22,-1.0147352808212444,0.05592579296484168,1.1185158592968336e-05,1.7542000977671934e-07,0.009105161080601245,0.0090938005019985
2024-08-23,0.0,1.0147352808212444,0.0002029470561642489,0.0,0.0,-0.0002029470561642489
2024-08-26,0.0,0.0,0.0,0.0,-0.0,-0.0
2024-08-27,0.0,0.0,0.0,0.0,0.0,0.0
2024-08-28,0.0,0.0,0.0,0.0,-0.0,-0.0
2024-08-29,0.0,0.0,0.0,0.0,-0.0,-0.0
2024-08-30,0.0,0.0,0.0,0.0,0.0,0.0
2024-09-03,0.0,0.0,0.0,0.0,-0.0,-0.0
2024-09-04,0.0,0.0,0.0,0.0,-0.0,-0.0
2024-09-05,0.0,0.0,0.0,0.0,-0.0,-0.0
2024-09-06,0.0,0.0,0.0,0.0,-0.0,-0.0
2024-09-09,0.0,0.0,0.0,0.0,0.0,0.0
2024-09-10,0.0,0.0,0.0,0.0,0.0,0.0
2024-09-11,0.0,0.0,0.0,0.0,0.0,0.0
2024-09-12,0.0,0.0,0.0,0.0,0.0,0.0
2024-09-13,0.0,0.0,0.0,0.0,0.0,0.0
2024-09-16,-0.9749263243106795,0.9749263243106795,0.00019498526486213592,0.0,-0.001224352320686064,-0.0014193375855481999
2024-09-17,-1.0330385511486582,0.058112226837978675,1.1622445367595735e-05,3.9331608510307344e-07,-0.00027325428935527516,-0.000285270050807974
2024-09-18,-1.0936836871043065,0.060645135955648355,1.2129027191129672e-05,1.1152819893369825e-06,0.0031724031111390865,0.0031591588019586198
2024-09-19,-1.0972445031847666,0.0035608160804601052,7.12163216092021e-07,1.1576726569615076e-06,-0.018471405565194412,-0.018473275401067468
2024-09-20,-1.1470327027074287,0.04978819952266211,9.957639904532423e-06,1.7503893179455803e-06,0.0022285854721640097,0.002216877442941532
2024-09-23,-1.1659055493831498,0.01887284667572109,3.774569335144218e-06,1.975066064085117e-06,-0.003270754974813679,-0.0032765046102129084
2024-09-24,-1.2292700219339103,0.0633644725507605,1.26728945101521e-05,2.729405023022742e-06,-0.003083047449421313,-0.003098449748954488
2024-09-25,-1.2948738921529928,0.06560387021908243,1.3120774043816486e-05,3.5104034780118187e-06,0.0024123283152439117,0.0023956971377220833
2024-09-26,-1.3083906939445582,0.013516801791565447,2.7033603583130894e-06,3.6713177850542643e-06,-0.005273523851339311,-0.005279898529482679
2024-09-27,-1.3746250314686708,0.06623433752411256,1.3246867504822514e-05,4.459821803198462e-06,0.0017237837759738273,0.0017060770866658063
2024-09-30,0.0,1.3746250314686708,0.00027492500629373417,0.0,0.0,-0.00027492500629373417
2024-10-01,0.0,0.0,0.0,0.0,-0.0,-0.0
2024-10-02,0.0,0.0,0.0,0.0,0.0,0.0
2024-10-03,0.0,0.0,0.0,0.0,-0.0,-0.0
2024-10-04,0.0,0.0,0.0,0.0,0.0,0.0
2024-10-07,0.0,0.0,0.0,0.0,-0.0,-0.0
2024-10-08,0.0,0.0,0.0,0.0,0.0,0.0
2024-10-09,0.0,0.0,0.0,0.0,0.0,0.0
2024-10-10,0.0,0.0,0.0,0.0,-0.0,-0.0
2024-10-11,0.0,0.0,0.0,0.0,0.0,0.0
2024-10-14,0.0,0.0,0.0,0.0,0.0,0.0
2024-10-15,-1.4377135488189359,1.4377135488189359,0.0002875427097637872,5.210875581177808e-06,0.010982069885681619,0.010689316300336654
2024-10-16,-1.2713030742974827,0.1664104745214532,3.328209490429064e-05,3.2297985035414605e-06,-0.00593473868828476,-0.0059712505816925925
2024-10-17,-1.3357313253503529,0.0644282510528702,1.288565021057404e-05,3.996801492266106e-06,0.00022864398130814474,0.00021176152960530458
2024-10-18,-1.3938213143963194,0.05808998904596652,1.1617997809193303e-05,4.688348980908565e-06,-0.005524671344431949,-0.005540977691222051
2024-10-21,-1.4620161191596546,0.06819480476333517,1.3638960952667034e-05,5.500191894757793e-06,0.002667350098206434,0.002648210945359009
2024-10-22,0.0,1.4620161191596546,0.0002924032238319309,0.0,-0.0,-0.0002924032238319309
2024-10-23,0.0,0.0,0.0,0.0,-0.0,-0.0
2024-10-24,0.0,0.0,0.0,0.0,0.0,0.0
2024-10-25,0.0,0.0,0.0,0.0,-0.0,-0.0
2024-10-28,0.0,0.0,0.0,0.0,0.0,0.0
2024-10-29,0.0,0.0,0.0,0.0,0.0,0.0
2024-10-30,0.0,0.0,0.0,0.0,-0.0,-0.0
2024-10-31,0.0,0.0,0.0,0.0,-0.0,-0.0
2024-11-01,0.0,0.0,0.0,0.0,0.0,0.0
2024-11-04,0.0,0.0,0.0,0.0,-0.0,-0.0
2024-11-05,0.0,0.0,0.0,0.0,0.0,0.0
2024-11-06,0.0,0.0,0.0,0.0,0.0,0.0
2024-11-07,0.0,0.0,0.0,0.0,0.0,0.0
2024-11-08,-1.2371433059415287,1.2371433059415287,0.00024742866118830577,2.823134594542008e-06,-0.004639032589947993,-0.00488928438573084
2024-11-11,-1.3019898312855627,0.06484652534403401,1.2969305068806804e-05,3.5951170391138414e-06,-0.001261099787267239,-0.0012776642093751595
2024-11-12,-1.3714315767499747,0.06944174546441206,1.3888349092882414e-05,4.421804485118747e-06,0.003972833588625792,0.003954523435047791
2024-11-13,-1.3507552919445212,0.020676284805453582,4.1352569610907165e-06,4.175658237434776e-06,-0.0003136464109579629,-0.00032195732615648837
2024-11-14,-1.4206782891868162,0.069922997242295,1.3984599448459e-05,5.008074871271621e-06,0.008620830119222812,0.00860183744490308
2024-11-15,-1.3022212193496525,0.11845706983716364,2.3691413967432728e-05,3.5978716589244346e-06,0.01730838331025744,0.017281094024631086
2024-11-18,-1.0480285466298758,0.25419267271977675,5.0838534543955354e-05,5.717684122604258e-07,-0.004097959035907651,-0.004149369338863867
2024-11-19,-1.1070844582652413,0.0590559116353655,1.1811182327073101e-05,1.2748149793481103e-06,-0.00437934992212669,-0.004392435919433111
2024-11-20,-1.1678299066860807,0.0607454484208394,1.214908968416788e-05,1.9979750795961986e-06,-2.563459206513235e-05,-3.9781656828896425e-05
2024-11-21,-1.227611094837923,0.05978118815184241,1.1956237630368483e-05,2.7096558909276556e-06,-0.006538565857948653,-0.006553231751469948
2024-11-22,0.0,1.227611094837923,0.00024552221896758465,0.0,0.0,-0.00024552221896758465
2024-11-25,0.0,0.0,0.0,0.0,0.0,0.0
2024-11-26,0.0,0.0,0.0,0.0,0.0,0.0
2024-11-27,0.0,0.0,0.0,0.0,-0.0,-0.0
2024-11-29,0.0,0.0,0.0,0.0,0.0,0.0
2024-12-02,0.0,0.0,0.0,0.0,0.0,0.0
2024-12-03,0.0,0.0,0.0,0.0,0.0,0.0
2024-12-04,0.0,0.0,0.0,0.0,0.0,0.0
2024-12-05,0.0,0.0,0.0,0.0,-0.0,-0.0
2024-12-06,0.0,0.0,0.0,0.0,0.0,0.0
2024-12-09,0.0,0.0,0.0,0.0,-0.0,-0.0
2024-12-10,0.0,0.0,0.0,0.0,-0.0,-0.0
2024-12-11,0.0,0.0,0.0,0.0,0.0,0.0
2024-12-12,0.0,0.0,0.0,0.0,-0.0,-0.0
2024-12-13,0.0,0.0,0.0,0.0,-0.0,-0.0
2024-12-16,0.0,0.0,0.0,0.0,0.0,0.0
2024-12-17,0.0,0.0,0.0,0.0,-0.0,-0.0
2024-12-18,0.0,0.0,0.0,0.0,-0.0,-0.0
2024-12-19,0.789767018084327,0.789767018084327,0.00015795340361686542,0.0,-0.0006835328901636531,-0.0008414862937805186
2024-12-20,0.8301925223712365,0.0404255042869095,8.085100857381899e-06,0.0,0.00897477916311901,0.008966694062261629
2024-12-23,0.8787388295049197,0.04854630713368313,9.709261426736627e-06,0.0,0.006380390466075925,0.006370681204649189
2024-12-24,0.9306443448955914,0.051905515390671786,1.0381103078134357e-05,0.0,0.01022055318944979,0.010210172086371655
2024-12-26,0.0,0.9306443448955914,0.0001861288689791183,0.0,-0.0,-0.0001861288689791183
2024-12-27,0.0,0.0,0.0,0.0,-0.0,-0.0
2024-12-30,0.0,0.0,0.0,0.0,-0.0,-0.0
2024-12-31,0.0,0.0,0.0,0.0,-0.0,-0.0
2025-01-02,0.0,0.0,0.0,0.0,-0.0,-0.0
2025-01-03,0.0,0.0,0.0,0.0,0.0,0.0
2025-01-06,0.0,0.0,0.0,0.0,0.0,0.0
2025-01-07,0.0,0.0,0.0,0.0,-0.0,-0.0
2025-01-08,0.0,0.0,0.0,0.0,0.0,0.0
2025-01-10,0.0,0.0,0.0,0.0,-0.0,-0.0
2025-01-13,0.0,0.0,0.0,0.0,0.0,0.0
2025-01-14,0.0,0.0,0.0,0.0,0.0,0.0
2025-01-15,0.0,0.0,0.0,0.0,0.0,0.0
2025-01-16,0.0,0.0,0.0,0.0,-0.0,-0.0
2025-01-17,0.0,0.0,0.0,0.0,0.0,0.0
2025-01-21,0.0,0.0,0.0,0.0,0.0,0.0
2025-01-22,-1.0608095716122719,1.0608095716122719,0.00021216191432245438,7.239234715746649e-07,-0.0064912858675122325,-0.006704171705306261
2025-01-23,-1.1185935513715857,0.05778397975931382,1.1556795951862765e-05,1.411827992518877e-06,-0.005927896433442457,-0.005940865057386838
2025-01-24,-1.178581913488202,0.0599883621166164,1.1997672423323281e-05,2.125975160573834e-06,0.0033698202460488167,0.0033556965984649196
2025-01-27,-1.1760861154396554,0.0024957980485467157,4.991596097093431e-07,2.0962632790435164e-06,0.017274422290425064,0.01727182686753631
2025-01-28,0.0,1.1760861154396554,0.00023521722308793107,0.0,0.0,-0.00023521722308793107
2025-01-29,0.0,0.0,0.0,0.0,-0.0,-0.0
2025-01-30,0.0,0.0,0.0,0.0,0.0,0.0
2025-01-31,0.0,0.0,0.0,0.0,-0.0,-0.0
2025-02-03,0.0,0.0,0.0,0.0,-0.0,-0.0
2025-02-04,0.0,0.0,0.0,0.0,0.0,0.0
2025-02-05,0.0,0.0,0.0,0.0,0.0,0.0
2025-02-06,0.0,0.0,0.0,0.0,0.0,0.0
2025-02-07,0.0,0.0,0.0,0.0,-0.0,-0.0
2025-02-10,0.0,0.0,0.0,0.0,0.0,0.0
2025-02-11,0.0,0.0,0.0,0.0,0.0,0.0
2025-02-12,0.0,0.0,0.0,0.0,-0.0,-0.0
2025-02-13,0.0,0.0,0.0,0.0,0.0,0.0
2025-02-14,0.0,0.0,0.0,0.0,-0.0,-0.0
2025-02-18,0.0,0.0,0.0,0.0,0.0,0.0
2025-02-19,0.0,0.0,0.0,0.0,0.0,0.0
2025-02-20,0.0,0.0,0.0,0.0,-0.0,-0.0
2025-02-21,0.0,0.0,0.0,0.0,-0.0,-0.0
2025-02-24,0.0,0.0,0.0,0.0,-0.0,-0.0
2025-02-25,0.0,0.0,0.0,0.0,-0.0,-0.0
2025-02-26,0.0,0.0,0.0,0.0,0.0,0.0
2025-02-27,0.0,0.0,0.0,0.0,-0.0,-0.0
2025-02-28,0.8257874665012799,0.8257874665012799,0.00016515749330025598,0.0,0.012989455522201147,0.012824298028900892
2025-03-03,0.8722858521839504,0.04649838568267051,9.299677136534102e-06,0.0,-0.015486041958245978,-0.015495341635382512
2025-03-04,0.7295796213739678,0.14270623080998257,2.8541246161996514e-05,0.0,-0.008981335426946194,-0.00900987667310819
2025-03-05,0.6766852684884423,0.052894352885525464,1.0578870577105093e-05,0.0,0.007509496177650562,0.007498917307073457
2025-03-06,0.7201349249265654,0.04344965643812304,8.689931287624609e-06,0.0,-0.012947793423980919,-0.012956483355268543
2025-03-07,0.6289190684413295,0.09121585648523589,1.824317129704718e-05,0.0,0.0034624730801518073,0.00344422990885476
2025-03-10,0.671857536991556,0.04293846855022654,8.587693710045309e-06,0.0,-0.018370964638599798,-0.018379552332309843
2025-03-11,-0.5410550032566307,1.2129125402481868,0.00024258250804963738,0.0,0.004110203823247969,0.0038676213151983313
2025-03-12,-0.5444505673729694,0.0033955641163386785,6.791128232677357e-07,0.0,-0.0026541790611255243,-0.002654858173948792
2025-03-13,0.0,0.5444505673729694,0.00010889011347459388,0.0,-0.0,-0.00010889011347459388
2025-03-14,0.0,0.0,0.0,0.0,0.0,0.0
2025-03-17,0.0,0.0,0.0,0.0,0.0,0.0
2025-03-18,0.0,0.0,0.0,0.0,-0.0,-0.0
2025-03-19,0.0,0.0,0.0,0.0,0.0,0.0
2025-03-20,0.0,0.0,0.0,0.0,-0.0,-0.0
2025-03-21,0.0,0.0,0.0,0.0,0.0,0.0
2025-03-24,0.0,0.0,0.0,0.0,0.0,0.0
2025-03-25,0.0,0.0,0.0,0.0,0.0,0.0
2025-03-26,0.0,0.0,0.0,0.0,-0.0,-0.0
2025-03-27,0.0,0.0,0.0,0.0,-0.0,-0.0
2025-03-28,0.0,0.0,0.0,0.0,-0.0,-0.0
2025-03-31,0.0,0.0,0.0,0.0,0.0,0.0
2025-04-01,0.0,0.0,0.0,0.0,0.0,0.0
2025-04-02,0.0,0.0,0.0,0.0,0.0,0.0
2025-04-03,0.0,0.0,0.0,0.0,-0.0,-0.0
2025-04-04,-0.46042968192132194,0.46042968192132194,9.20859363842644e-05,0.0,0.028366640773273624,0.02827455483688936
2025-04-07,-0.32069018967390006,0.13973949224742188,2.7947898449484378e-05,0.0,0.0007485533109219727,0.0007206054124724884
2025-04-08,-0.34397385664597324,0.02328366697207318,4.656733394414637e-06,0.0,0.00544341492655258,0.005438758193158166
2025-04-09,-0.34274830908601683,0.001225547559956408,2.4510951199128163e-07,0.0,-0.031154066367350155,-0.031154311476862147
2025-04-10,0.0,0.34274830908601683,6.854966181720337e-05,0.0,-0.0,-6.854966181720337e-05
2025-04-11,0.0,0.0,0.0,0.0,0.0,0.0
2025-04-14,0.0,0.0,0.0,0.0,0.0,0.0
2025-04-15,0.0,0.0,0.0,0.0,-0.0,-0.0
2025-04-16,0.0,0.0,0.0,0.0,-0.0,-0.0
2025-04-17,0.0,0.0,0.0,0.0,0.0,0.0
2025-04-21,0.0,0.0,0.0,0.0,-0.0,-0.0
2025-04-22,-0.38165893663026235,0.38165893663026235,7.633178732605247e-05,0.0,-0.009467794969237187,-0.00954412675656324
2025-04-23,0.0,0.38165893663026235,7.633178732605247e-05,0.0,0.0,-7.633178732605247e-05
2025-04-24,0.0,0.0,0.0,0.0,0.0,0.0
2025-04-25,0.0,0.0,0.0,0.0,0.0,0.0
2025-04-28,0.0,0.0,0.0,0.0,0.0,0.0
2025-04-29,-0.54908431460453,0.54908431460453,0.000109816862920906,0.0,-0.0031768050225898783,-0.0032866218855107845
2025-04-30,-0.5887495949025857,0.039665280298055716,7.933056059611143e-06,0.0,-0.0008707001579774535,-0.0008786332140370646
2025-05-01,-0.6311429949175211,0.04239340001493541,8.478680002987083e-06,0.0,-0.0039631650616040225,-0.00397164374160701
2025-05-02,-0.6746490493805175,0.04350605446299638,8.701210892599276e-06,0.0,-0.009862823384475873,-0.009871524595368473
2025-05-05,-0.7173327294449995,0.04268368006448198,8.536736012896396e-06,0.0,0.004592397869576362,0.004583861133563466
2025-05-06,-0.7117486581316566,0.005584071313342931,1.1168142626685863e-06,0.0,0.005496824408665688,0.00549570759440302
2025-05-07,-0.6964705286553485,0.015278129476308022,3.0556258952616045e-06,0.0,-0.003020549575925144,-0.0030236052018204054
2025-05-08,-0.7432827807237509,0.04681225206840234,9.362450413680468e-06,0.0,-0.004298420039473454,-0.004307782489887134
2025-05-09,-0.7916952688418376,0.04841248811808674,9.682497623617348e-06,0.0,0.0005634765472548051,0.0005537940496311878
2025-05-12,0.0,0.7916952688418376,0.00015833905376836754,0.0,0.0,-0.00015833905376836754
2025-05-13,0.0,0.0,0.0,0.0,0.0,0.0
2025-05-14,-0.9243080740688566,0.9243080740688566,0.00018486161481377132,0.0,-0.0009463909422044683,-0.0011312525570182396
2025-05-15,-0.9817408779500861,0.05743280388122951,1.1486560776245902e-05,0.0,-0.004048520152830682,-0.004060006713606928
2025-05-16,-1.039866413493209,0.05812553554312283,1.1625107108624566e-05,4.7460016063344006e-07,-0.0072591507955422725,-0.00727125050281153
2025-05-19,-1.0976615332357764,0.05779511974256746,1.1559023948513492e-05,1.1626373004259099e-06,-0.0009612546581692465,-0.0009739763194181859
2025-05-20,-1.162049186561981,0.06438765332620466,1.2877530665240934e-05,1.929156982880727e-06,0.004517788181230349,0.004502981493582228
2025-05-21,-1.1402234550794825,0.021825731482498556,4.3651462964997115e-06,1.6693268461843159e-06,0.018547694846293185,0.0185416603731505
2025-05-22,-0.9000272953682561,0.24019615971122643,4.803923194224529e-05,0.0,0.0004004851657997949,0.0003524459338575496
2025-05-23,-0.9464490628796263,0.04642176751137017,9.284353502274034e-06,0.0,0.006370453610686007,0.0063611692571837325
2025-05-27,-0.9068302698996934,0.03961879297993287,7.923758595986575e-06,0.0,-0.01836565331501005,-0.018373577073606037
2025-05-28,-0.9545865374730883,0.047756267573394906,9.551253514678982e-06,0.0,0.0053330865269946475,0.005323535273479969
2025-05-29,0.0,0.9545865374730883,0.00019091730749461766,0.0,0.0,-0.00019091730749461766
2025-05-30,0.0,0.0,0.0,0.0,-0.0,-0.0
2025-06-02,0.0,0.0,0.0,0.0,0.0,0.0
2025-06-03,0.0,0.0,0.0,0.0,0.0,0.0
2025-06-04,0.0,0.0,0.0,0.0,0.0,0.0
2025-06-05,0.0,0.0,0.0,0.0,-0.0,-0.0
2025-06-06,0.0,0.0,0.0,0.0,0.0,0.0
2025-06-09,0.0,0.0,0.0,0.0,0.0,0.0
2025-06-10,0.0,0.0,0.0,0.0,0.0,0.0
2025-06-11,0.0,0.0,0.0,0.0,-0.0,-0.0
2025-06-12,0.0,0.0,0.0,0.0,0.0,0.0
2025-06-13,0.0,0.0,0.0,0.0,-0.0,-0.0
2025-06-16,0.0,0.0,0.0,0.0,0.0,0.0
2025-06-17,0.0,0.0,0.0,0.0,-0.0,-0.0
2025-06-18,0.0,0.0,0.0,0.0,-0.0,-0.0
2025-06-20,0.0,0.0,0.0,0.0,-0.0,-0.0
2025-06-23,0.0,0.0,0.0,0.0,0.0,0.0
2025-06-24,0.0,0.0,0.0,0.0,0.0,0.0
2025-06-25,0.0,0.0,0.0,0.0,-0.0,-0.0
2025-06-26,0.0,0.0,0.0,0.0,0.0,0.0
2025-06-27,-1.3921301924860474,1.3921301924860474,0.0002784260384972095,4.668216577214851e-06,-0.007246593468430827,-0.0075296877235052516
2025-06-30,-1.4599585558820072,0.06782836339595977,1.3565672679191954e-05,5.475697093833419e-06,-0.007520447274597448,-0.007539488644370473
2025-07-01,-1.5294152015012108,0.06945664561920362,1.3891329123840724e-05,6.302561922633462e-06,0.0017116558967183273,0.001691462005671853
2025-07-02,-1.5538550720711766,0.02443987056996577,4.887974113993155e-06,6.5935127627521026e-06,-0.007355754601687065,-0.00736723608856381
2025-07-03,-1.625772283998769,0.07191721192759237,1.4383442385518476e-05,7.449670047604392e-06,-0.013501027930742936,-0.013522861043176059
2025-07-07,-1.6938774385942432,0.06810515459547428,1.3621030919094857e-05,8.260445697550515e-06,0.013370398146300018,0.01334851666968337
2025-07-08,-1.4338929459405585,0.25998449265368473,5.199689853073695e-05,5.165392213578077e-06,0.0010268727551315888,0.0009697104643872739
2025-07-09,0.0,1.4338929459405585,0.0002867785891881117,0.0,0.0,-0.0002867785891881117
2025-07-10,0.0,0.0,0.0,0.0,0.0,0.0
2025-07-11,0.0,0.0,0.0,0.0,-0.0,-0.0
2025-07-14,0.0,0.0,0.0,0.0,0.0,0.0
2025-07-15,0.0,0.0,0.0,0.0,-0.0,-0.0
2025-07-16,0.0,0.0,0.0,0.0,0.0,0.0
2025-07-17,0.0,0.0,0.0,0.0,0.0,0.0
2025-07-18,0.0,0.0,0.0,0.0,-0.0,-0.0
2025-07-21,0.0,0.0,0.0,0.0,0.0,0.0
2025-07-22,0.0,0.0,0.0,0.0,0.0,0.0
2025-07-23,0.0,0.0,0.0,0.0,0.0,0.0
2025-07-24,0.0,0.0,0.0,0.0,0.0,0.0
2025-07-25,0.0,0.0,0.0,0.0,0.0,0.0
2025-07-28,0.0,0.0,0.0,0.0,0.0,0.0
2025-07-29,0.0,0.0,0.0,0.0,-0.0,-0.0
2025-07-30,0.0,0.0,0.0,0.0,-0.0,-0.0
2025-07-31,0.0,0.0,0.0,0.0,-0.0,-0.0
2025-08-01,0.0,0.0,0.0,0.0,-0.0,-0.0
2025-08-04,1.2270321228772372,1.2270321228772372,0.00024540642457544743,2.702763367586157e-06,0.017950945574670026,0.017702836386726994
2025-08-05,1.2839474275986504,0.05691530472141326,1.1383060944282653e-05,3.380326519031553e-06,-0.00625244364209225,-0.006267207029555564
2025-08-06,1.2220247331172016,0.061922694481448826,1.2384538896289765e-05,2.6431515847285907e-06,0.008866427604342766,0.008851399913861748
2025-08-07,0.0,1.2220247331172016,0.0002444049466234403,0.0,-0.0,-0.0002444049466234403
2025-08-08,0.0,0.0,0.0,0.0,0.0,0.0
2025-08-11,-1.389958068568251,1.389958068568251,0.0002779916137136502,4.642357959145847e-06,0.0034849979341457817,0.0032023639624729856
2025-08-12,-1.3775215413449124,0.012436527223338656,2.4873054446677315e-06,4.49430406362991e-06,-0.015540590646002413,-0.01554757225551071
2025-08-13,-1.4401271996218197,0.06260565827690723,1.2521131655381446e-05,5.239609519307377e-06,-0.004644227875700243,-0.004661988616874932
2025-08-14,-1.5113295145947818,0.07120231497296214,1.4240462994592429e-05,6.087256126128356e-06,-0.00045800066920666054,-0.0004783283883273813
2025-08-15,-1.5869181550313216,0.07558864043653979,1.511772808730796e-05,6.987120893230019e-06,0.004604188987196358,0.00458208413821582
2025-08-18,-1.5398729571170289,0.047045197914292736,9.409039582858547e-06,6.427059013297963e-06,0.0001551703150239272,0.0001393342164277707
2025-08-19,-1.6015928794144547,0.061719922297425844,1.2343984459485169e-05,7.161819993029223e-06,0.009409885270327661,0.009390379465875147
2025-08-20,-1.442793120393566,0.15879975902088872,3.175995180417774e-05,5.271346671351976e-06,0.003512668326929504,0.003475637028453974
2025-08-21,-1.4276806399508974,0.015112480442668552,3.0224960885337104e-06,5.091436189891637e-06,0.005728168430252237,0.005720054497973811
2025-08-22,-1.3657546239949785,0.061926015955918956,1.2385203191183792e-05,4.3542217142259346e-06,-0.02058504314977235,-0.02060178257467776
2025-08-25,0.0,1.3657546239949785,0.00027315092479899574,0.0,-0.0,-0.00027315092479899574
2025-08-26,0.0,0.0,0.0,0.0,0.0,0.0
2025-08-27,0.0,0.0,0.0,0.0,0.0,0.0
2025-08-28,0.0,0.0,0.0,0.0,0.0,0.0
2025-08-29,0.0,0.0,0.0,0.0,-0.0,-0.0
2025-09-02,0.0,0.0,0.0,0.0,-0.0,-0.0
2025-09-03,0.0,0.0,0.0,0.0,0.0,0.0
2025-09-04,0.0,0.0,0.0,0.0,0.0,0.0
2025-09-05,0.0,0.0,0.0,0.0,-0.0,-0.0
2025-09-08,0.0,0.0,0.0,0.0,0.0,0.0
2025-09-09,0.0,0.0,0.0,0.0,0.0,0.0
2025-09-10,0.0,0.0,0.0,0.0,0.0,0.0
2025-09-11,0.0,0.0,0.0,0.0,0.0,0.0
2025-09-12,0.0,0.0,0.0,0.0,-0.0,-0.0
2025-09-15,0.0,0.0,0.0,0.0,0.0,0.0
2025-09-16,0.0,0.0,0.0,0.0,-0.0,-0.0
2025-09-17,0.0,0.0,0.0,0.0,-0.0,-0.0
2025-09-18,0.0,0.0,0.0,0.0,0.0,0.0
2025-09-19,0.0,0.0,0.0,0.0,0.0,0.0
2025-09-22,0.0,0.0,0.0,0.0,0.0,0.0
2025-09-23,0.0,0.0,0.0,0.0,-0.0,-0.0
2025-09-24,0.0,0.0,0.0,0.0,-0.0,-0.0
2025-09-25,0.0,0.0,0.0,0.0,-0.0,-0.0
2025-09-26,0.0,0.0,0.0,0.0,0.0,0.0
2025-09-29,0.0,0.0,0.0,0.0,0.0,0.0
2025-09-30,0.0,0.0,0.0,0.0,0.0,0.0
2025-10-01,0.0,0.0,0.0,0.0,0.0,0.0
2025-10-02,0.0,0.0,0.0,0.0,0.0,0.0
2025-10-03,0.0,0.0,0.0,0.0,0.0,0.0
2025-10-06,0.0,0.0,0.0,0.0,0.0,0.0
2025-10-07,0.0,0.0,0.0,0.0,-0.0,-0.0
2025-10-08,0.0,0.0,0.0,0.0,0.0,0.0
2025-10-09,0.0,0.0,0.0,0.0,-0.0,-0.0
2025-10-10,0.0,0.0,0.0,0.0,-0.0,-0.0
2025-10-13,0.8790139146340581,0.8790139146340581,0.00017580278292681162,0.0,0.013605608583831263,0.013429805800904452
2025-10-14,0.9276810561845882,0.04866714155053009,9.733428310106018e-06,0.0,-0.0014523324661958163,-0.0014620658945059223
2025-10-15,0.9597289241978775,0.03204786801328929,6.409573602657859e-06,0.0,0.0038561126028106604,0.0038497030292080027
2025-10-16,1.0170884211407654,0.05735949694288789,1.1471899388577577e-05,2.0343358500911148e-07,-0.006422181355685675,-0.0064338566886592615
2025-10-17,0.971481334437074,0.0456070867036914,9.12141734073828e-06,0.0,0.005106954914596186,0.005097833497255447
2025-10-20,1.0284074518233302,0.05692611738625619,1.138522347725124e-05,3.3818395027773994e-07,0.010917289808111685,0.010905566400684156
2025-10-21,1.0843973613371203,0.055989909513790126,1.1197981902758025e-05,1.0047304921085748e-06,3.5455365489060585e-05,2.3252653094193987e-05
2025-10-22,1.1422419926676453,0.057844631330524976,1.1568926266104995e-05,1.6933570555672056e-06,-0.006113090417530101,-0.006126352700851772
2025-10-23,0.0,1.1422419926676453,0.00022844839853352906,0.0,0.0,-0.00022844839853352906
2025-10-24,0.0,0.0,0.0,0.0,0.0,0.0
2025-10-27,0.0,0.0,0.0,0.0,0.0,0.0
2025-10-28,0.0,0.0,0.0,0.0,0.0,0.0
2025-10-29,0.0,0.0,0.0,0.0,-0.0,-0.0
2025-10-30,-1.401881326760729,1.401881326760729,0.00028037626535214584,4.784301509056298e-06,0.013954595081057819,0.013669434514196617
2025-10-31,-1.1818426430436306,0.22003868371709845,4.400773674341969e-05,2.1647933695670314e-06,-0.0030899286750323794,-0.003136101205145366
2025-11-03,-1.2462015272380114,0.06435888419438074,1.2871776838876149e-05,2.930970562357278e-06,-0.0021425120326379744,-0.002158314780039208
2025-11-04,0.0,1.2462015272380114,0.0002492403054476023,0.0,-0.0,-0.0002492403054476023
2025-11-05,0.0,0.0,0.0,0.0,0.0,0.0
2025-11-06,0.0,0.0,0.0,0.0,-0.0,-0.0
2025-11-07,0.0,0.0,0.0,0.0,0.0,0.0
2025-11-10,0.0,0.0,0.0,0.0,0.0,0.0
2025-11-11,0.0,0.0,0.0,0.0,0.0,0.0
2025-11-12,0.0,0.0,0.0,0.0,0.0,0.0
2025-11-13,0.0,0.0,0.0,0.0,-0.0,-0.0
2025-11-14,0.0,0.0,0.0,0.0,-0.0,-0.0
2025-11-17,0.0,0.0,0.0,0.0,-0.0,-0.0
2025-11-18,0.0,0.0,0.0,0.0,-0.0,-0.0
2025-11-19,0.0,0.0,0.0,0.0,0.0,0.0
2025-11-20,0.0,0.0,0.0,0.0,-0.0,-0.0
2025-11-21,0.0,0.0,0.0,0.0,0.0,0.0
2025-11-24,0.0,0.0,0.0,0.0,0.0,0.0
2025-11-25,0.0,0.0,0.0,0.0,0.0,0.0
2025-11-26,0.0,0.0,0.0,0.0,0.0,0.0
2025-11-28,0.0,0.0,0.0,0.0,0.0,0.0
2025-12-01,-1.0279628349921501,1.0279628349921501,0.00020559256699843002,3.3289089276369207e-07,0.005486801740904111,0.005280876283012917
2025-12-02,-0.995645692762394,0.032317142229756124,6.463428445951225e-06,0.0,-0.0024435347628202478,-0.002449998191266199
2025-12-03,-1.0538527059167329,0.05820701315433885,1.164140263086777e-05,6.411036418658673e-07,-0.0031355917362243016,-0.003147874242497035
2025-12-04,-1.1138289720695151,0.05997626615278229,1.1995253230556458e-05,1.3551068103513707e-06,-0.0012026442596616627,-0.0012159946197025705
2025-12-05,-1.1765074012322267,0.0626784291627116,1.2535685832542321e-05,2.1012785860979375e-06,-0.0022762699124985464,-0.0022909068769171865
2025-12-08,0.0,1.1765074012322267,0.00023530148024644536,0.0,-0.0,-0.00023530148024644536
2025-12-09,0.0,0.0,0.0,0.0,-0.0,-0.0
2025-12-10,0.0,0.0,0.0,0.0,0.0,0.0
2025-12-11,0.0,0.0,0.0,0.0,0.0,0.0
2025-12-12,0.0,0.0,0.0,0.0,-0.0,-0.0
2025-12-15,0.0,0.0,0.0,0.0,-0.0,-0.0
2025-12-16,0.0,0.0,0.0,0.0,-0.0,-0.0
2025-12-17,0.0,0.0,0.0,0.0,-0.0,-0.0
2025-12-18,0.0,0.0,0.0,0.0,0.0,0.0
2025-12-19,0.0,0.0,0.0,0.0,0.0,0.0
2025-12-22,0.0,0.0,0.0,0.0,0.0,0.0
2025-12-23,0.0,0.0,0.0,0.0,0.0,0.0
2025-12-24,0.0,0.0,0.0,0.0,0.0,0.0
2025-12-26,-1.3109845890500627,1.3109845890500627,0.00026219691781001253,3.702197488691222e-06,0.00039907665764557125,0.0001331775423468675
2025-12-29,-1.364115958690842,0.05313136964077936,1.0626273928155872e-05,4.334713793938595e-06,0.004771899870641852,0.004756938882919757
2025-12-30,-1.3256313545145295,0.0384846041763125,7.6969208352625e-06,3.8765637442205895e-06,0.0018248830137388638,0.0018133095291593805
2025-12-31,0.0,1.3256313545145295,0.0002651262709029059,0.0,-0.0,-0.0002651262709029059
2026-01-02,0.0,0.0,0.0,0.0,0.0,0.0
2026-01-05,0.0,0.0,0.0,0.0,0.0,0.0
2026-01-06,0.0,0.0,0.0,0.0,0.0,0.0
2026-01-07,0.0,0.0,0.0,0.0,-0.0,-0.0
2026-01-08,0.0,0.0,0.0,0.0,0.0,0.0
2026-01-09,0.0,0.0,0.0,0.0,0.0,0.0
2026-01-12,0.0,0.0,0.0,0.0,0.0,0.0
2026-01-13,0.0,0.0,0.0,0.0,-0.0,-0.0
2026-01-14,0.0,0.0,0.0,0.0,-0.0,-0.0
2026-01-15,0.0,0.0,0.0,0.0,0.0,0.0
2026-01-16,0.0,0.0,0.0,0.0,-0.0,-0.0
2026-01-20,0.0,0.0,0.0,0.0,-0.0,-0.0
2026-01-21,0.9804185977345895,0.9804185977345895,0.0001960837195469179,0.0,0.011295517994629951,0.011099434275083033
2026-01-22,1.0350953552675228,0.05467675753293333,1.0935351506586666e-05,4.1780184842289086e-07,0.005664560064448419,0.005653206911093409
2026-01-23,0.0,1.0350953552675228,0.00020701907105350457,0.0,0.0,-0.00020701907105350457
2026-01-26,0.0,0.0,0.0,0.0,0.0,0.0
2026-01-27,0.0,0.0,0.0,0.0,0.0,0.0
2026-01-28,-1.2834717797783841,1.2834717797783841,0.00025669435595567685,3.3746640449807634e-06,0.0001048935174105046,-0.000155175502590153
2026-01-29,-1.3422660315491386,0.05879425177075448,1.1758850354150896e-05,4.074595613680222e-06,0.0017361774109314824,0.0017203439649636511
2026-01-30,-1.3673023341102564,0.025036302561117774,5.007260512223555e-06,4.372646834645909e-06,0.005894685676156376,0.005885305768809507
2026-02-02,0.0,1.3673023341102564,0.0002734604668220513,0.0,0.0,-0.0002734604668220513
2026-02-03,0.0,0.0,0.0,0.0,-0.0,-0.0
2026-02-04,0.0,0.0,0.0,0.0,-0.0,-0.0
2026-02-05,0.0,0.0,0.0,0.0,-0.0,-0.0
2026-02-06,0.0,0.0,0.0,0.0,0.0,0.0
2026-02-09,0.0,0.0,0.0,0.0,0.0,0.0
2026-02-10,0.0,0.0,0.0,0.0,-0.0,-0.0
2026-02-11,0.0,0.0,0.0,0.0,-0.0,-0.0
2026-02-12,0.0,0.0,0.0,0.0,-0.0,-0.0
2026-02-13,0.0,0.0,0.0,0.0,0.0,0.0
2026-02-17,0.0,0.0,0.0,0.0,0.0,0.0
2026-02-18,0.0,0.0,0.0,0.0,0.0,0.0
2026-02-19,0.0,0.0,0.0,0.0,-0.0,-0.0
2026-02-20,0.0,0.0,0.0,0.0,0.0,0.0
2026-02-23,0.0,0.0,0.0,0.0,-0.0,-0.0
2026-02-24,0.0,0.0,0.0,0.0,0.0,0.0
2026-02-25,0.0,0.0,0.0,0.0,0.0,0.0
2026-02-26,0.0,0.0,0.0,0.0,-0.0,-0.0
2026-02-27,0.0,0.0,0.0,0.0,-0.0,-0.0
2026-03-02,0.0,0.0,0.0,0.0,0.0,0.0
2026-03-03,0.0,0.0,0.0,0.0,-0.0,-0.0
2026-03-04,0.0,0.0,0.0,0.0,0.0,0.0
2026-03-05,0.0,0.0,0.0,0.0,-0.0,-0.0
2026-03-06,0.0,0.0,0.0,0.0,-0.0,-0.0
2026-03-09,-0.8627117604303768,0.8627117604303768,0.00017254235208607536,0.0,-0.007134515542981037,-0.007307057895067112
2026-03-10,0.0,0.8627117604303768,0.00017254235208607536,0.0,-0.0,-0.00017254235208607536
2026-03-11,0.0,0.0,0.0,0.0,-0.0,-0.0
2026-03-12,0.0,0.0,0.0,0.0,-0.0,-0.0
2026-03-13,-0.8202026067488397,0.8202026067488397,0.00016404052134976794,0.0,0.0049848193986889375,0.00482077887733917
2026-03-16,0.0,0.8202026067488397,0.00016404052134976794,0.0,0.0,-0.00016404052134976794
2026-03-17,0.0,0.0,0.0,0.0,0.0,0.0
2026-03-18,0.0,0.0,0.0,0.0,-0.0,-0.0
2026-03-19,-0.7930013745197084,0.7930013745197084,0.00015860027490394168,0.0,0.002182801804230576,0.0020242015293266344
2026-03-20,-0.8136089836678932,0.020607609148184824,4.121521829636965e-06,0.0,0.01241073798908172,0.012406616467252083
2026-03-23,-0.7128558510027688,0.10075313266512442,2.0150626533024885e-05,0.0,-0.00811808020028042,-0.008138230826813446
2026-03-24,0.0,0.7128558510027688,0.00014257117020055377,0.0,-0.0,-0.00014257117020055377
2026-03-25,0.0,0.0,0.0,0.0,0.0,0.0
2026-03-26,0.0,0.0,0.0,0.0,-0.0,-0.0
2026-03-27,-0.6972251833518188,0.6972251833518188,0.00013944503667036377,0.0,0.011757469985489377,0.011618024948819014
2026-03-30,-0.6194504878265914,0.07777469552522742,1.5554939105045485e-05,0.0,0.002449030850721684,0.0024334759116166386
2026-03-31,-0.6369258194794921,0.017475331652900716,3.4950663305801433e-06,0.0,-0.018289256952610678,-0.018292752018941257
2026-04-01,0.0,0.6369258194794921,0.00012738516389589844,0.0,0.0,-0.00012738516389589844
2026-04-02,0.0,0.0,0.0,0.0,0.0,0.0
2026-04-06,0.0,0.0,0.0,0.0,0.0,0.0
2026-04-07,0.0,0.0,0.0,0.0,0.0,0.0
2026-04-08,-0.8719369227242922,0.8719369227242922,0.00017438738454485846,0.0,-0.021599654894771586,-0.021774042279316445
2026-04-09,-0.9203144524717679,0.04837752974747567,9.675505949495134e-06,0.0,-0.005660915738133548,-0.005670591244083043
2026-04-10,-0.9748890111633414,0.05457455869157346,1.0914911738314693e-05,0.0,0.0011105640215420306,0.0010996491098037159
2026-04-13,-1.011362652185559,0.03647364102221762,7.294728204443524e-06,1.352696688757022e-07,-0.010236886844442216,-0.010244316842315537
2026-04-14,-1.0676763518910646,0.05631369970550559,1.126273994110112e-05,8.056708558460069e-07,-0.012506748952080884,-0.012518817362877832
2026-04-15,-1.1247490273933494,0.057072675502284786,1.1414535100456959e-05,1.485107468968445e-06,-0.008935169262755121,-0.008948068905324546
2026-04-16,-1.1849396281361444,0.06019060074279503,1.2038120148559007e-05,2.201662239716005e-06,-0.0030886112784803865,-0.0031028510608686615
2026-04-17,-1.249629751073833,0.06469012293768861,1.2938024587537722e-05,2.9717827508789644e-06,-0.014956261066681364,-0.01497217087401978
2026-04-20,-1.309862040886068,0.06023228981223494,1.2046457962446988e-05,3.6888338200722375e-06,0.0031137986865869957,0.0030980633948044763
2026-04-21,-1.3078292595135008,0.0020327813725671273,4.0655627451342547e-07,3.664634041827391e-06,0.008328849930893082,0.00832477874057674
2026-04-22,0.0,1.3078292595135008,0.0002615658519027002,0.0,0.0,-0.0002615658519027002
2026-04-23,0.0,0.0,0.0,0.0,-0.0,-0.0
2026-04-24,0.0,0.0,0.0,0.0,0.0,0.0
2026-04-27,0.0,0.0,0.0,0.0,0.0,0.0
2026-04-28,0.0,0.0,0.0,0.0,-0.0,-0.0
2026-04-29,0.0,0.0,0.0,0.0,-0.0,-0.0
2026-04-30,0.0,0.0,0.0,0.0,0.0,0.0
2026-05-01,0.0,0.0,0.0,0.0,0.0,0.0
2026-05-04,0.0,0.0,0.0,0.0,-0.0,-0.0
2026-05-05,0.0,0.0,0.0,0.0,0.0,0.0
2026-05-06,0.0,0.0,0.0,0.0,0.0,0.0
2026-05-07,-1.523268225163199,1.523268225163199,0.0003046536450326398,6.2293836328952265e-06,0.005804178200658292,0.005493295171992757
2026-05-08,-1.452967304492332,0.07030092067086713,1.4060184134173427e-05,5.392467910622999e-06,-0.01219098475981976,-0.012210437411864556
2026-05-11,-1.519834238984252,0.06686693449192016,1.3373386898384033e-05,6.18850284505062e-06,-0.0028545401148543847,-0.0028741020045978194
2026-05-12,-1.594230600995061,0.07439636201080901,1.4879272402161804e-05,7.074173821369775e-06,0.0025569775514319147,0.002535024105208383
2026-05-13,-1.596281270080896,0.002050669085834844,4.1013381716696884e-07,7.098586548582095e-06,-0.009309841301612437,-0.009317350021978187
2026-05-14,-1.668509117593136,0.07222784751223998,1.4445569502447997e-05,7.958441876108761e-06,-0.01272479993118922,-0.012747203942567778
2026-05-15,-1.7394888886329203,0.07097977103978437,1.4195954207956873e-05,8.803439150391909e-06,0.021639905890107853,0.021616906496749504
2026-05-18,0.0,1.7394888886329203,0.0003478977777265841,0.0,-0.0,-0.0003478977777265841
2026-05-19,0.0,0.0,0.0,0.0,-0.0,-0.0
2026-05-20,0.0,0.0,0.0,0.0,0.0,0.0
2026-05-21,0.0,0.0,0.0,0.0,0.0,0.0
2026-05-22,0.0,0.0,0.0,0.0,0.0,0.0
2026-05-26,0.0,0.0,0.0,0.0,0.0,0.0
2026-05-27,0.0,0.0,0.0,0.0,0.0,0.0
2026-05-28,-1.5538737406470553,1.5538737406470553,0.00031077474812941106,6.59373500770304e-06,-0.008914926709189553,-0.009232295192326666
2026-05-29,-1.6251093020875287,0.07123556144047338,1.4247112288094678e-05,7.441777405803913e-06,-0.0035263323637822895,-0.003548021253476188
2026-06-01,-1.7012046199918645,0.07609531790433577,1.5219063580867155e-05,8.347674047522196e-06,-0.004460313643061469,-0.004483880380689859
2026-06-02,-1.7786353267717896,0.07743070677992514,1.548614135598503e-05,9.269468175854639e-06,-0.002296671603398237,-0.0023214272129300764
2026-06-03,-1.8591832361160916,0.080547909344302,1.61095818688604e-05,1.02283718585249e-05,0.01375674541830793,0.013730407464580546
2026-06-04,-1.56079286269846,0.29839037341763164,5.967807468352633e-05,6.676105508315e-06,-0.006316157822863936,-0.006382512003055778
2026-06-05,0.0,1.56079286269846,0.000312158572539692,0.0,-0.0,-0.000312158572539692
2026-06-08,0.8701694755999906,0.8701694755999906,0.00017403389511999812,0.0,0.0025876275011385503,0.002413593606018552
2026-06-09,0.9240575657278313,0.05388809012784068,1.0777618025568138e-05,0.0,-0.0023838084829600034,-0.0023945861009855717
2026-06-10,0.9416515106924733,0.01759394496464206,3.5187889929284125e-06,0.0,-0.015379142747070484,-0.015382661536063413
2026-06-11,0.7856212947398604,0.1560302159526129,3.120604319052258e-05,0.0,0.013644041296399971,0.013612835253209448
2026-06-12,0.831889588775081,0.04626829403522059,9.25365880704412e-06,0.0,0.004170202718263417,0.004160949059456373
2026-06-15,0.8835704021585502,0.05168081338346919,1.033616267669384e-05,0.0,0.014484620659026103,0.01447428449634941
2026-06-16,0.9332575225947622,0.04968712043621204,9.937424087242408e-06,0.0,-0.005319937485421288,-0.00532987490950853
2026-06-17,0.9087577737546843,0.024499748840077995,4.899949768015599e-06,0.0,-0.01110745147063458,-0.011112351420402596
2026-06-18,0.8101675836202046,0.09859019013447967,1.9718038026895936e-05,0.0,0.00873993717088806,0.008720219132861164
2026-06-22,0.8594628772288846,0.04929529360868001,9.859058721736004e-06,0.0,-0.003190268345510443,-0.003200127404232179
2026-06-23,0.0,0.8594628772288846,0.00017189257544577693,0.0,-0.0,-0.00017189257544577693
2026-06-24,0.0,0.0,0.0,0.0,-0.0,-0.0
2026-06-25,0.0,0.0,0.0,0.0,-0.0,-0.0
2026-06-26,0.0,0.0,0.0,0.0,-0.0,-0.0
2026-06-29,0.0,0.0,0.0,0.0,0.0,0.0
2026-06-30,0.0,0.0,0.0,0.0,0.0,0.0
2026-07-01,0.0,0.0,0.0,0.0,-0.0,-0.0
2026-07-02,0.0,0.0,0.0,0.0,0.0,0.0
2026-07-06,0.0,0.0,0.0,0.0,0.0,0.0
2026-07-07,0.0,0.0,0.0,0.0,-0.0,-0.0
2026-07-08,0.0,0.0,0.0,0.0,-0.0,-0.0
2026-07-09,0.0,0.0,0.0,0.0,0.0,0.0
2026-07-10,0.0,0.0,0.0,0.0,0.0,0.0
2026-07-13,0.0,0.0,0.0,0.0,-0.0,-0.0
2026-07-14,0.0,0.0,0.0,0.0,0.0,0.0
2026-07-15,0.0,0.0,0.0,0.0,0.0,0.0
2026-07-16,0.0,0.0,0.0,0.0,-0.0,-0.0
2026-07-17,0.0,0.0,0.0,0.0,-0.0,-0.0
2026-07-20,0.0,0.0,0.0,0.0,-0.0,-0.0
2026-07-21,0.0,0.0,0.0,0.0,0.0,0.0
2026-07-22,0.0,0.0,0.0,0.0,-0.0,-0.0
2026-07-23,0.0,0.0,0.0,0.0,-0.0,-0.0
2026-07-24,0.0,0.0,0.0,0.0,0.0,0.0
2026-07-27,0.0,0.0,0.0,0.0,0.0,0.0
2026-07-28,0.0,0.0,0.0,0.0,0.0,0.0
2026-07-29,0.0,0.0,0.0,0.0,-0.0,-0.0
2026-07-30,0.0,0.0,0.0,0.0,0.0,0.0
2026-07-31,0.0,0.0,0.0,0.0,0.0,0.0
2026-08-03,0.0,0.0,0.0,0.0,0.0,0.0
2026-08-04,0.0,0.0,0.0,0.0,0.0,0.0
2026-08-05,-1.1342524391512596,1.1342524391512596,0.00022685048783025193,1.5982433232292812e-06,0.0019031610389348382,0.0016747123077813571
2026-08-06,-1.1577948188993796,0.023542379748120013,4.708475949624003e-06,1.8785097488021386e-06,0.002038972986557245,0.0020323860008588193
2026-08-07,-1.1786267941586404,0.020831975259260727,4.166395051852145e-06,2.126509454269528e-06,-0.007266455089774879,-0.007272747994281001
2026-08-10,-1.2407882175423262,0.0621614233836858,1.243228467673716e-05,2.8665263993134066e-06,0.000724801839153082,0.0007095030280770315
2026-08-11,-1.286304910267352,0.0455166927250259,9.10333854500518e-06,3.4083917888970482e-06,0.004139372669512221,0.004126860939178319
2026-08-12,0.0,1.286304910267352,0.00025726098205347043,0.0,0.0,-0.00025726098205347043
2026-08-13,0.0,0.0,0.0,0.0,0.0,0.0
2026-08-14,0.0,0.0,0.0,0.0,-0.0,-0.0
2026-08-17,0.0,0.0,0.0,0.0,-0.0,-0.0
2026-08-18,0.0,0.0,0.0,0.0,-0.0,-0.0
2026-08-19,0.0,0.0,0.0,0.0,0.0,0.0
2026-08-20,0.0,0.0,0.0,0.0,-0.0,-0.0
2026-08-21,0.0,0.0,0.0,0.0,0.0,0.0
2026-08-24,0.0,0.0,0.0,0.0,-0.0,-0.0
